2026-09-13 11:34:11.271 INFO   Freerouting v2.4.1 (build-date: 2026-09-03)
2026-09-13 11:34:11.273 DEBUG  [startup] user-data path : hardware\verification\routing-v08\runtime  (source: CLI argument --user_data_path)
2026-09-13 11:34:11.273 DEBUG  [startup] log file       : C:\Users\mmsyl\Documents\haptic-bracelet\hardware\verification\routing-v08\runtime\freerouting.log
2026-09-13 11:34:11.274 DEBUG  No freerouting.json found at 'hardware\verification\routing-v08\runtime\freerouting.json' — will create one with default settings.
2026-09-13 11:34:11.298 DEBUG  Default settings saved to 'hardware\verification\routing-v08\runtime\freerouting.json'.
2026-09-13 11:34:11.314 DEBUG  Version: 2.4.1,2026-09-03
2026-09-13 11:34:11.314 DEBUG  Command line arguments: '-de hardware/verification/routing-v08/prepared.dsn -do hardware/verification/routing-v08/prepared.ses -mp 50 -mt 2 -da --gui.enabled=false --api_server.enabled=false --user_data_path=hardware/verification/routing-v08/runtime --router.layers.routable=true,false,false,true'
2026-09-13 11:34:11.314 DEBUG  Architecture: Windows 11,amd64,10.0
2026-09-13 11:34:11.314 DEBUG  Java: 25.0.4.1,Eclipse Adoptium
2026-09-13 11:34:11.315 DEBUG  System Language: en,en_US
2026-09-13 11:34:11.316 DEBUG  Hardware: 28 CPU cores, 363100 CPU score, 30688 MB RAM
2026-09-13 11:34:11.316 DEBUG  UTC Time: 2026-09-13T18:34:11.299406900Z
2026-09-13 11:34:11.317 DEBUG  GUI Language: en_US
2026-09-13 11:34:11.317 DEBUG  Host: N/A
2026-09-13 11:34:11.319 DEBUG  Analytics are disabled
2026-09-13 11:34:12.491 DEBUG  Loaded router settings from: hardware\verification\routing-v08\runtime\freerouting.json
2026-09-13 11:34:12.492 DEBUG  Applied CLI router setting: router.max_passes = 50
2026-09-13 11:34:12.492 DEBUG  Applied CLI router setting: router.max_threads = 2
2026-09-13 11:34:12.492 DEBUG  Applied CLI router setting: router.layers.routable = true,false,false,true
2026-09-13 11:34:12.492 DEBUG  Applied CLI router setting: router.enabled = true (implicit from -de/-do batch mode)
2026-09-13 11:34:12.493 DEBUG  No router settings found in environment variables
2026-09-13 11:34:12.536 DEBUG  Version check skipped or timed out: java.net.ConnectException: Permission denied: getsockopt
2026-09-13 11:34:12.538 DEBUG  Set DEFAULT clearance (all layers): 2000 (0.05 mm) from DSN value 200.0
2026-09-13 11:34:12.541 DEBUG  Set clearance (all layers): smd_smd = 500 (0.0125 mm), classes [2,2]
2026-09-13 11:34:12.542 DEBUG  Set default trace width (all layers): DSN=200.0 → board=2000 (0.05 mm)
2026-09-13 11:34:12.582 DEBUG  Loaded router settings from DSN file: prepared.dsn (4 layers)
2026-09-13 11:34:12.593 DEBUG  Set DEFAULT clearance (all layers): 2000 (0.05 mm) from DSN value 200.0
2026-09-13 11:34:12.594 DEBUG  Set clearance (all layers): smd_smd = 500 (0.0125 mm), classes [2,2]
2026-09-13 11:34:12.594 DEBUG  Set default trace width (all layers): DSN=200.0 → board=2000 (0.05 mm)
2026-09-13 11:34:12.604 DEBUG  Loaded router settings from DSN file: prepared.dsn (4 layers)
2026-09-13 11:34:12.605 DEBUG  Merging settings from 5 sources:
2026-09-13 11:34:12.605 DEBUG    - Default Settings (priority 0): base settings
2026-09-13 11:34:12.607 DEBUG    - freerouting.json (priority 10): 0 fields changed
2026-09-13 11:34:12.607 DEBUG    - DSN file: prepared.dsn (priority 20): 6 fields changed
2026-09-13 11:34:12.607 DEBUG    - Environment Variables (priority 55): 0 fields changed
2026-09-13 11:34:12.607 DEBUG    - CLI Arguments (priority 60): 6 fields changed
2026-09-13 11:34:12.607 DEBUG  Settings merged successfully from 5 source(s)
2026-09-13 11:34:12.837 INFO   [2BA1AD\1B1928] Loading board file 'prepared.dsn'...
2026-09-13 11:34:12.843 DEBUG  Set DEFAULT clearance (all layers): 2000 (0.05 mm) from DSN value 200.0
2026-09-13 11:34:12.843 DEBUG  Set clearance (all layers): smd_smd = 500 (0.0125 mm), classes [2,2]
2026-09-13 11:34:12.843 DEBUG  Set default trace width (all layers): DSN=200.0 → board=2000 (0.05 mm)
2026-09-13 11:34:12.880 INFO   Layer 'In1.Cu' has been automatically configured as a dedicated power plane because it contains a large conduction area covering >50% of the board.
2026-09-13 11:34:12.880 INFO   Layer 'In2.Cu' has been automatically configured as a dedicated power plane because it contains a large conduction area covering >50% of the board.
2026-09-13 11:34:12.880 DEBUG  applyBoardSpecificOptimizations changed parameters:
  Layer 0: bendCost: null -> 0.0; preferredDirectionHorizontal: null -> false; preferredDirectionTraceCost: 1.0 -> 1.8; undesiredDirectionTraceCost: 1.0 -> 3.9000000000000004;
  Layer 1: bendCost: null -> 0.0; preferredDirectionHorizontal: null -> true; undesiredDirectionTraceCost: 1.0 -> 1.5;
  Layer 2: bendCost: null -> 0.0; preferredDirectionHorizontal: null -> false; undesiredDirectionTraceCost: 1.0 -> 3.1;
  Layer 3: bendCost: null -> 0.0; preferredDirectionHorizontal: null -> true; preferredDirectionTraceCost: 1.0 -> 1.8; undesiredDirectionTraceCost: 1.0 -> 2.3;
2026-09-13 11:34:12.882 DEBUG  Applied copper-to-edge clearance override: 500.0 um (5000 board units).
2026-09-13 11:34:12.893 DEBUG  Set DEFAULT clearance (all layers): 2000 (0.05 mm) from DSN value 200.0
2026-09-13 11:34:12.893 DEBUG  Set clearance (all layers): smd_smd = 500 (0.0125 mm), classes [2,2]
2026-09-13 11:34:12.893 DEBUG  Set default trace width (all layers): DSN=200.0 → board=2000 (0.05 mm)
2026-09-13 11:34:12.904 DEBUG  Loaded router settings from DSN file: prepared.dsn (4 layers)
2026-09-13 11:34:12.905 DEBUG  Merging settings from 6 sources:
2026-09-13 11:34:12.905 DEBUG    - Default Settings (priority 0): base settings
2026-09-13 11:34:12.905 DEBUG    - freerouting.json (priority 10): 0 fields changed
2026-09-13 11:34:12.905 DEBUG    - DSN file: prepared.dsn (priority 20): 6 fields changed
2026-09-13 11:34:12.905 DEBUG    - Environment Variables (priority 55): 0 fields changed
2026-09-13 11:34:12.905 DEBUG    - CLI Arguments (priority 60): 6 fields changed
2026-09-13 11:34:12.906 DEBUG    - API Settings (priority 70): 26 fields changed
2026-09-13 11:34:12.906 DEBUG  Settings merged successfully from 6 source(s)
2026-09-13 11:34:12.906 DEBUG  applyBoardSpecificOptimizations changed parameters:
  Layer 0: preferredDirectionTraceCost: 1.0 -> 1.8; undesiredDirectionTraceCost: 1.0 -> 3.9000000000000004;
  Layer 1: undesiredDirectionTraceCost: 1.0 -> 1.5;
  Layer 2: undesiredDirectionTraceCost: 1.0 -> 3.1;
  Layer 3: preferredDirectionTraceCost: 1.0 -> 1.8; undesiredDirectionTraceCost: 1.0 -> 2.3;
2026-09-13 11:34:12.906 INFO   [2BA1AD\1B1928] Job '2BA1AD\1B1928' started at 2026-09-13T18:34:12.906323700Z.
2026-09-13 11:34:12.990 DEBUG  [2BA1AD\1B1928] Checking fanout pre-pass. settings.fanout.enabled=true, smdPins=82
2026-09-13 11:34:13.123 INFO   [2BA1AD\1B1928] Fanout stage started on board '41cdd64b5b29299c0b67af0250a2377a' with 58 of 82 SMD pins needing fanout (24 already connected, 0 netless).
2026-09-13 11:34:13.859 INFO   [2BA1AD\1B1928] Fanout pass #1 on board '55b6e742ccd415bc85fc1e253c4f37ed' completed in 0.66 seconds with 19 SMD pins fanouted, 20 not routed, 0 insert errors, +0 extra vias (0 SMD pins still to check in pass, ripup costs=100).
2026-09-13 11:34:14.440 INFO   [2BA1AD\1B1928] Fanout pass #2 on board '55b6e742ccd415bc85fc1e253c4f37ed' completed in 0.57 seconds with 15 SMD pins fanouted, 21 not routed, 0 insert errors, +0 extra vias (0 SMD pins still to check in pass, ripup costs=200).
2026-09-13 11:34:14.510 INFO   [2BA1AD\1B1928] Fanout stage completed: started with 82 total SMD pins, completed in 1.31 seconds, escaped pins: 39/82 (47.6%), using 1.45 total CPU seconds, 5.08 GB total allocated, and 1277.8 MB peak heap usage.
2026-09-13 11:34:14.525 INFO   [2BA1AD\1B1928] Auto-routing stage started on board '55b6e742ccd415bc85fc1e253c4f37ed' for 27 unrouted items.
2026-09-13 11:34:14.782 DEBUG  Queuing item for routing: Via on net '/Eight ring pods/Pod 6 {slash} U24/LOCAL_SDA' (connected: 4/12)
2026-09-13 11:34:14.784 DEBUG  Queuing item for routing: Via on net '/Eight ring pods/Pod 6 {slash} U24/LOCAL_SCL' (connected: 4/8)
2026-09-13 11:34:14.788 DEBUG  Queuing item for routing: PolylineTrace on net '/Eight ring pods/Pod 6 {slash} U24/LOCAL_SDA' (connected: 6/12)
2026-09-13 11:34:14.788 DEBUG  Queuing item for routing: PolylineTrace on net 'RING_nRESET' (connected: 5/7)
2026-09-13 11:34:14.788 DEBUG  Queuing item for routing: PolylineTrace on net '/Eight ring pods/Pod 6 {slash} U24/CELL_TEMP' (connected: 4/6)
2026-09-13 11:34:14.788 DEBUG  Queuing item for routing: PolylineTrace on net '/Eight ring pods/Pod 6 {slash} U24/UART_TX_LOCAL' (connected: 4/6)
2026-09-13 11:34:14.788 DEBUG  Queuing item for routing: PolylineTrace on net '/Eight ring pods/Pod 6 {slash} U24/LOCAL_SCL' (connected: 2/8)
2026-09-13 11:34:14.789 DEBUG  Queuing item for routing: PolylineTrace on net '/Eight ring pods/Pod 6 {slash} U24/UART_RX_LOCAL' (connected: 3/6)
2026-09-13 11:34:14.789 DEBUG  Queuing item for routing: Pin on net '/Eight ring pods/Pod 6 {slash} U24/LRA_P' (connected: 1/2)
2026-09-13 11:34:14.789 DEBUG  Queuing item for routing: Pin on net '/Eight ring pods/Pod 6 {slash} U24/LRA_P' (connected: 1/2)
2026-09-13 11:34:14.789 DEBUG  Queuing item for routing: Pin on net 'RING_RETURN' (connected: 1/2)
2026-09-13 11:34:14.789 DEBUG  Queuing item for routing: Pin on net 'RING_nRESET' (connected: 1/7)
2026-09-13 11:34:14.789 DEBUG  Queuing item for routing: Pin on net 'RING_RETURN' (connected: 1/2)
2026-09-13 11:34:14.789 DEBUG  Queuing item for routing: Pin on net 'RING_nRESET' (connected: 1/7)
2026-09-13 11:34:14.789 DEBUG  Queuing item for routing: Pin on net '/Eight ring pods/Pod 6 {slash} U24/UART_RX_LOCAL' (connected: 1/6)
2026-09-13 11:34:14.789 DEBUG  Queuing item for routing: Pin on net '/Eight ring pods/Pod 6 {slash} U24/UART_TX_LOCAL' (connected: 1/6)
2026-09-13 11:34:14.789 DEBUG  Queuing item for routing: Pin on net 'GND' (connected: 1/41)
2026-09-13 11:34:14.789 DEBUG  Queuing item for routing: Pin on net 'POD_3V3' (connected: 1/46)
2026-09-13 11:34:14.790 DEBUG  Queuing item for routing: Pin on net 'GND' (connected: 1/41)
2026-09-13 11:34:14.790 DEBUG  Queuing item for routing: Pin on net 'GND' (connected: 1/41)
2026-09-13 11:34:14.790 DEBUG  Queuing item for routing: Pin on net '/Eight ring pods/Pod 6 {slash} U24/UART_RX_LOCAL' (connected: 1/6)
2026-09-13 11:34:14.790 DEBUG  Queuing item for routing: Pin on net 'POD_3V3' (connected: 1/46)
2026-09-13 11:34:14.790 DEBUG  Queuing item for routing: Pin on net '/Eight ring pods/Pod 6 {slash} U24/UART_TX_LOCAL' (connected: 1/6)
2026-09-13 11:34:14.790 DEBUG  Queuing item for routing: Pin on net 'GND' (connected: 1/41)
2026-09-13 11:34:14.790 DEBUG  Queuing item for routing: Pin on net '/Eight ring pods/Pod 6 {slash} U24/LOCAL_SCL' (connected: 1/8)
2026-09-13 11:34:14.790 DEBUG  Queuing item for routing: Pin on net '/Eight ring pods/Pod 6 {slash} U24/LOCAL_SDA' (connected: 1/12)
2026-09-13 11:34:14.790 DEBUG  Queuing item for routing: Pin on net '/Eight ring pods/Pod 6 {slash} U24/CELL_TEMP' (connected: 1/6)
2026-09-13 11:34:14.790 DEBUG  Queuing item for routing: Pin on net 'GND' (connected: 1/41)
2026-09-13 11:34:14.790 DEBUG  Queuing item for routing: Pin on net 'POD_3V3' (connected: 1/46)
2026-09-13 11:34:14.790 DEBUG  Queuing item for routing: Pin on net 'GND' (connected: 1/41)
2026-09-13 11:34:14.790 DEBUG  Queuing item for routing: Pin on net '/Eight ring pods/Pod 6 {slash} U24/CELL_TEMP' (connected: 1/6)
2026-09-13 11:34:14.791 DEBUG  Queuing item for routing: Pin on net 'POD_3V3' (connected: 1/46)
2026-09-13 11:34:14.791 DEBUG  Queuing item for routing: Pin on net '/Eight ring pods/Pod 6 {slash} U24/LOCAL_SDA' (connected: 1/12)
2026-09-13 11:34:14.791 DEBUG  Queuing item for routing: Pin on net 'POD_3V3' (connected: 1/46)
2026-09-13 11:34:14.791 DEBUG  Queuing item for routing: Pin on net '/Eight ring pods/Pod 6 {slash} U24/LOCAL_SCL' (connected: 1/8)
2026-09-13 11:34:14.791 DEBUG  Queuing item for routing: Pin on net '/Eight ring pods/Pod 6 {slash} U24/UART_RX_LOCAL' (connected: 1/6)
2026-09-13 11:34:14.791 DEBUG  Queuing item for routing: Pin on net 'POD_3V3' (connected: 1/46)
2026-09-13 11:34:14.855 DEBUG  [2BA1AD\1B1928] Pass #1: 27 incompletes across 37 items to route
2026-09-13 11:34:14.856 DEBUG  [2BA1AD\1B1928]   Net 'GND' has 6 incomplete(s)
2026-09-13 11:34:14.856 DEBUG  [2BA1AD\1B1928]   Net 'POD_3V3' has 6 incomplete(s)
2026-09-13 11:34:14.856 DEBUG  [2BA1AD\1B1928]   Net '/Eight ring pods/Pod 6 {slash} U24/UART_RX_LOCAL' has 3 incomplete(s)
2026-09-13 11:34:14.856 DEBUG  [2BA1AD\1B1928]   Net '/Eight ring pods/Pod 6 {slash} U24/LOCAL_SCL' has 2 incomplete(s)
2026-09-13 11:34:14.856 DEBUG  [2BA1AD\1B1928]   Net '/Eight ring pods/Pod 6 {slash} U24/UART_TX_LOCAL' has 2 incomplete(s)
2026-09-13 11:34:14.856 DEBUG  [2BA1AD\1B1928]   Net '/Eight ring pods/Pod 6 {slash} U24/CELL_TEMP' has 2 incomplete(s)
2026-09-13 11:34:14.856 DEBUG  [2BA1AD\1B1928]   Net 'RING_nRESET' has 2 incomplete(s)
2026-09-13 11:34:14.856 DEBUG  [2BA1AD\1B1928]   Net '/Eight ring pods/Pod 6 {slash} U24/LOCAL_SDA' has 2 incomplete(s)
2026-09-13 11:34:14.856 DEBUG  [2BA1AD\1B1928]   Net 'RING_RETURN' has 1 incomplete(s)
2026-09-13 11:34:14.856 DEBUG  [2BA1AD\1B1928]   Net '/Eight ring pods/Pod 6 {slash} U24/LRA_P' has 1 incomplete(s)
2026-09-13 11:34:15.079 DEBUG  FoundConnectionInserter: insert trace failed for net #12 at corner 30/30 on layer 0, trace width: 1000, from corner: 24, okPoint: (1067559,-1057112), target: (1062150,-1101797)
2026-09-13 11:34:15.090 DEBUG  [2BA1AD\1B1928] Autorouter Failed to route connection between pin #3 of component #21, pin #3 of component #20 and polylinetrace, polylinetrace, polylinetrace, pin #4 of component #18, pin #3 of component #13, because the new connection could not be inserted.
2026-09-13 11:34:15.186 DEBUG  FloatLine: one or both endpoints are null (degenerate line segment)
2026-09-13 11:34:15.254 DEBUG  FoundConnectionInserter: insert trace failed for net #28 at corner 3/3 on layer 0, trace width: 1000, from corner: 2, okPoint: (1169893,-1178107), target: (1165000,-1183000)
2026-09-13 11:34:15.265 DEBUG  [2BA1AD\1B1928] Autorouter Failed to route connection between pin #2 of component #22 and pin of component #23, because the new connection could not be inserted.
2026-09-13 11:34:15.266 DEBUG  FoundConnectionInserter: insert trace failed for net #28 at corner 6/6 on layer 0, trace width: 1000, from corner: 0, okPoint: (1165000,-1183000), target: (1172828,-1176456)
2026-09-13 11:34:15.276 DEBUG  [2BA1AD\1B1928] Autorouter Failed to route connection between via, polylinetrace, via, polylinetrace, pin of component #23 and pin #2 of component #22, because the new connection could not be inserted.
2026-09-13 11:34:15.361 DEBUG  FoundConnectionInserter: insert trace failed for net #26 at corner 14/14 on layer 3, trace width: 1000, from corner: 6, okPoint: (1145198,-1209229), target: (1044865,-1197426)
2026-09-13 11:34:15.375 DEBUG  [2BA1AD\1B1928] Autorouter Failed to route connection between pin #5 of component #20 and pin #5 of component #21, because the new connection could not be inserted.
2026-09-13 11:34:15.534 DEBUG  [2BA1AD\1B1928] Autorouter Failed to route connection between polylinetrace, polylinetrace, polylinetrace, pin #3 of component #20, pin #4 of component #18, pin #3 of component #13 and pin #3 of component #21, because no connection was found between their nets.
2026-09-13 11:34:15.574 DEBUG  FoundConnectionInserter: insert trace failed for net #26 at corner 17/17 on layer 3, trace width: 1000, from corner: 2, okPoint: (1054343,-1212200), target: (1172828,-1176456)
2026-09-13 11:34:15.591 DEBUG  [2BA1AD\1B1928] Autorouter Failed to route connection between via, polylinetrace, pin #5 of component #21 and pin #5 of component #20, because the new connection could not be inserted.
2026-09-13 11:34:15.616 DEBUG  FoundConnectionInserter: insert trace failed for net #12 at corner 60/60 on layer 0, trace width: 1000, from corner: 31, okPoint: (1058519,-998738), target: (1103750,-1005250)
2026-09-13 11:34:15.627 DEBUG  [2BA1AD\1B1928] Autorouter Failed to route connection between polylinetrace, polylinetrace, polylinetrace, pin #3 of component #21, pin #4 of component #18, pin #3 of component #13 and pin #3 of component #20, because the new connection could not be inserted.
2026-09-13 11:34:16.188 DEBUG  FoundConnectionInserter: insert trace failed for net #9 at corner 18/18 on layer 0, trace width: 1000, from corner: 13, okPoint: (1058519,-998738), target: (1089875,-992250)
2026-09-13 11:34:16.198 DEBUG  [2BA1AD\1B1928] Autorouter Failed to route connection between polylinetrace, polylinetrace, pin of component #14, pin #1 of component #13, pin #1 of component #7 and pin of component #8, because the new connection could not be inserted.
2026-09-13 11:34:16.555 INFO   [2BA1AD\1B1928] Auto-routing pass #1 on board '55b6e742ccd415bc85fc1e253c4f37ed' was completed in 1.77 seconds with score 499.99 (19 unrouted and 45 violations), using 2.92 CPU seconds and the job allocated 10.96 GB of memory so far.
2026-09-13 11:34:16.736 DEBUG  Queuing item for routing: Via on net '/Eight ring pods/Pod 6 {slash} U24/LOCAL_SCL' (connected: 8/11)
2026-09-13 11:34:16.739 DEBUG  Queuing item for routing: PolylineTrace on net 'RING_nRESET' (connected: 5/7)
2026-09-13 11:34:16.739 DEBUG  Queuing item for routing: PolylineTrace on net '/Eight ring pods/Pod 6 {slash} U24/CELL_TEMP' (connected: 4/6)
2026-09-13 11:34:16.739 DEBUG  Queuing item for routing: PolylineTrace on net '/Eight ring pods/Pod 6 {slash} U24/LOCAL_SCL' (connected: 2/11)
2026-09-13 11:34:16.739 DEBUG  Queuing item for routing: PolylineTrace on net '/Eight ring pods/Pod 6 {slash} U24/UART_RX_LOCAL' (connected: 13/14)
2026-09-13 11:34:16.739 DEBUG  Queuing item for routing: Pin on net '/Eight ring pods/Pod 6 {slash} U24/LRA_P' (connected: 3/4)
2026-09-13 11:34:16.739 DEBUG  Queuing item for routing: Pin on net '/Eight ring pods/Pod 6 {slash} U24/LRA_P' (connected: 1/4)
2026-09-13 11:34:16.739 DEBUG  Queuing item for routing: Pin on net 'RING_RETURN' (connected: 3/6)
2026-09-13 11:34:16.739 DEBUG  Queuing item for routing: Pin on net 'RING_nRESET' (connected: 1/7)
2026-09-13 11:34:16.739 DEBUG  Queuing item for routing: Pin on net 'RING_RETURN' (connected: 3/6)
2026-09-13 11:34:16.739 DEBUG  Queuing item for routing: Pin on net 'RING_nRESET' (connected: 1/7)
2026-09-13 11:34:16.739 DEBUG  Queuing item for routing: Pin on net 'GND' (connected: 1/41)
2026-09-13 11:34:16.739 DEBUG  Queuing item for routing: Pin on net 'POD_3V3' (connected: 1/47)
2026-09-13 11:34:16.739 DEBUG  Queuing item for routing: Pin on net 'GND' (connected: 1/41)
2026-09-13 11:34:16.739 DEBUG  Queuing item for routing: Pin on net 'GND' (connected: 1/41)
2026-09-13 11:34:16.740 DEBUG  Queuing item for routing: Pin on net '/Eight ring pods/Pod 6 {slash} U24/UART_RX_LOCAL' (connected: 1/14)
2026-09-13 11:34:16.740 DEBUG  Queuing item for routing: Pin on net 'POD_3V3' (connected: 1/47)
2026-09-13 11:34:16.740 DEBUG  Queuing item for routing: Pin on net 'GND' (connected: 1/41)
2026-09-13 11:34:16.740 DEBUG  Queuing item for routing: Pin on net '/Eight ring pods/Pod 6 {slash} U24/CELL_TEMP' (connected: 1/6)
2026-09-13 11:34:16.740 DEBUG  Queuing item for routing: Pin on net 'GND' (connected: 1/41)
2026-09-13 11:34:16.740 DEBUG  Queuing item for routing: Pin on net 'POD_3V3' (connected: 1/47)
2026-09-13 11:34:16.740 DEBUG  Queuing item for routing: Pin on net 'GND' (connected: 1/41)
2026-09-13 11:34:16.740 DEBUG  Queuing item for routing: Pin on net '/Eight ring pods/Pod 6 {slash} U24/CELL_TEMP' (connected: 1/6)
2026-09-13 11:34:16.740 DEBUG  Queuing item for routing: Pin on net 'POD_3V3' (connected: 3/47)
2026-09-13 11:34:16.740 DEBUG  Queuing item for routing: Pin on net 'POD_3V3' (connected: 1/47)
2026-09-13 11:34:16.740 DEBUG  Queuing item for routing: Pin on net '/Eight ring pods/Pod 6 {slash} U24/LOCAL_SCL' (connected: 1/11)
2026-09-13 11:34:16.799 DEBUG  [2BA1AD\1B1928] Pass #2: 19 incompletes across 26 items to route
2026-09-13 11:34:16.799 DEBUG  [2BA1AD\1B1928]   Net 'GND' has 6 incomplete(s)
2026-09-13 11:34:16.799 DEBUG  [2BA1AD\1B1928]   Net 'POD_3V3' has 5 incomplete(s)
2026-09-13 11:34:16.800 DEBUG  [2BA1AD\1B1928]   Net '/Eight ring pods/Pod 6 {slash} U24/UART_RX_LOCAL' has 1 incomplete(s)
2026-09-13 11:34:16.800 DEBUG  [2BA1AD\1B1928]   Net '/Eight ring pods/Pod 6 {slash} U24/LOCAL_SCL' has 1 incomplete(s)
2026-09-13 11:34:16.800 DEBUG  [2BA1AD\1B1928]   Net '/Eight ring pods/Pod 6 {slash} U24/CELL_TEMP' has 2 incomplete(s)
2026-09-13 11:34:16.800 DEBUG  [2BA1AD\1B1928]   Net 'RING_nRESET' has 2 incomplete(s)
2026-09-13 11:34:16.800 DEBUG  [2BA1AD\1B1928]   Net 'RING_RETURN' has 1 incomplete(s)
2026-09-13 11:34:16.800 DEBUG  [2BA1AD\1B1928]   Net '/Eight ring pods/Pod 6 {slash} U24/LRA_P' has 1 incomplete(s)
2026-09-13 11:34:16.978 DEBUG  FloatLine: one or both endpoints are null (degenerate line segment)
2026-09-13 11:34:17.014 DEBUG  FoundConnectionInserter: insert trace failed for net #28 at corner 4/4 on layer 0, trace width: 1000, from corner: 3, okPoint: (1169108,-1178892), target: (1165000,-1183000)
2026-09-13 11:34:17.022 DEBUG  [2BA1AD\1B1928] Autorouter Failed to route connection between pin #2 of component #22 and polylinetrace, via, pin of component #23, because the new connection could not be inserted.
2026-09-13 11:34:17.025 DEBUG  FoundConnectionInserter: insert trace failed for net #28 at corner 6/6 on layer 0, trace width: 1000, from corner: 0, okPoint: (1165000,-1183000), target: (1175265,-1178892)
2026-09-13 11:34:17.035 DEBUG  [2BA1AD\1B1928] Autorouter Failed to route connection between via, polylinetrace, polylinetrace, via, pin of component #23 and pin #2 of component #22, because the new connection could not be inserted.
2026-09-13 11:34:17.063 DEBUG  FoundConnectionInserter: insert trace failed for net #26 at corner 24/24 on layer 3, trace width: 1000, from corner: 12, okPoint: (1155227,-1206447), target: (1044865,-1193125)
2026-09-13 11:34:17.074 DEBUG  [2BA1AD\1B1928] Autorouter Failed to route connection between polylinetrace, via, pin #5 of component #20 and pin #5 of component #21, because the new connection could not be inserted.
2026-09-13 11:34:17.116 DEBUG  FoundConnectionInserter: insert trace failed for net #26 at corner 15/15 on layer 3, trace width: 1000, from corner: 2, okPoint: (1054343,-1212200), target: (1175265,-1178892)
2026-09-13 11:34:17.125 DEBUG  [2BA1AD\1B1928] Autorouter Failed to route connection between via, polylinetrace, pin #5 of component #21 and polylinetrace, via, pin #5 of component #20, because the new connection could not be inserted.
2026-09-13 11:34:17.295 DEBUG  FoundConnectionInserter: insert trace failed for net #12 at corner 30/30 on layer 3, trace width: 1000, from corner: 2, okPoint: (1054343,-1212200), target: (1166000,-1135572)
2026-09-13 11:34:17.305 DEBUG  [2BA1AD\1B1928] Autorouter Failed to route connection between polylinetrace, polylinetrace, via, polylinetrace, polylinetrace, via, via, polylinetrace, polylinetrace, polylinetrace, pin #3 of component #21, pin #4 of component #18, pin #3 of component #13 and pin #3 of component #20, because the new connection could not be inserted.
2026-09-13 11:34:17.890 INFO   [2BA1AD\1B1928] Auto-routing pass #2 on board '2b1b125f54f90e23af7e558072579d19' was completed in 1.16 seconds with score 535.71 (17 unrouted and 45 violations), using 3.86 CPU seconds and the job allocated 17.05 GB of memory so far.
2026-09-13 11:34:18.071 DEBUG  Queuing item for routing: Via on net '/Eight ring pods/Pod 6 {slash} U24/LOCAL_SCL' (connected: 4/10)
2026-09-13 11:34:18.073 DEBUG  Queuing item for routing: PolylineTrace on net 'RING_nRESET' (connected: 11/14)
2026-09-13 11:34:18.073 DEBUG  Queuing item for routing: PolylineTrace on net '/Eight ring pods/Pod 6 {slash} U24/LOCAL_SCL' (connected: 2/10)
2026-09-13 11:34:18.073 DEBUG  Queuing item for routing: PolylineTrace on net '/Eight ring pods/Pod 6 {slash} U24/UART_RX_LOCAL' (connected: 13/14)
2026-09-13 11:34:18.073 DEBUG  Queuing item for routing: Pin on net '/Eight ring pods/Pod 6 {slash} U24/LRA_P' (connected: 3/4)
2026-09-13 11:34:18.074 DEBUG  Queuing item for routing: Pin on net '/Eight ring pods/Pod 6 {slash} U24/LRA_P' (connected: 1/4)
2026-09-13 11:34:18.074 DEBUG  Queuing item for routing: Pin on net 'RING_RETURN' (connected: 3/6)
2026-09-13 11:34:18.074 DEBUG  Queuing item for routing: Pin on net 'RING_RETURN' (connected: 3/6)
2026-09-13 11:34:18.074 DEBUG  Queuing item for routing: Pin on net 'RING_nRESET' (connected: 3/14)
2026-09-13 11:34:18.074 DEBUG  Queuing item for routing: Pin on net 'GND' (connected: 1/41)
2026-09-13 11:34:18.074 DEBUG  Queuing item for routing: Pin on net 'POD_3V3' (connected: 1/47)
2026-09-13 11:34:18.074 DEBUG  Queuing item for routing: Pin on net 'GND' (connected: 1/41)
2026-09-13 11:34:18.074 DEBUG  Queuing item for routing: Pin on net 'GND' (connected: 1/41)
2026-09-13 11:34:18.074 DEBUG  Queuing item for routing: Pin on net '/Eight ring pods/Pod 6 {slash} U24/UART_RX_LOCAL' (connected: 1/14)
2026-09-13 11:34:18.074 DEBUG  Queuing item for routing: Pin on net 'POD_3V3' (connected: 1/47)
2026-09-13 11:34:18.074 DEBUG  Queuing item for routing: Pin on net 'GND' (connected: 1/41)
2026-09-13 11:34:18.074 DEBUG  Queuing item for routing: Pin on net '/Eight ring pods/Pod 6 {slash} U24/LOCAL_SCL' (connected: 3/10)
2026-09-13 11:34:18.074 DEBUG  Queuing item for routing: Pin on net 'GND' (connected: 1/41)
2026-09-13 11:34:18.074 DEBUG  Queuing item for routing: Pin on net 'POD_3V3' (connected: 1/47)
2026-09-13 11:34:18.074 DEBUG  Queuing item for routing: Pin on net 'GND' (connected: 1/41)
2026-09-13 11:34:18.074 DEBUG  Queuing item for routing: Pin on net 'POD_3V3' (connected: 3/47)
2026-09-13 11:34:18.074 DEBUG  Queuing item for routing: Pin on net 'POD_3V3' (connected: 1/47)
2026-09-13 11:34:18.074 DEBUG  Queuing item for routing: Pin on net '/Eight ring pods/Pod 6 {slash} U24/LOCAL_SCL' (connected: 1/10)
2026-09-13 11:34:18.134 DEBUG  [2BA1AD\1B1928] Pass #3: 17 incompletes across 23 items to route
2026-09-13 11:34:18.134 DEBUG  [2BA1AD\1B1928]   Net 'GND' has 6 incomplete(s)
2026-09-13 11:34:18.134 DEBUG  [2BA1AD\1B1928]   Net 'POD_3V3' has 5 incomplete(s)
2026-09-13 11:34:18.134 DEBUG  [2BA1AD\1B1928]   Net '/Eight ring pods/Pod 6 {slash} U24/UART_RX_LOCAL' has 1 incomplete(s)
2026-09-13 11:34:18.134 DEBUG  [2BA1AD\1B1928]   Net '/Eight ring pods/Pod 6 {slash} U24/LOCAL_SCL' has 2 incomplete(s)
2026-09-13 11:34:18.134 DEBUG  [2BA1AD\1B1928]   Net 'RING_nRESET' has 1 incomplete(s)
2026-09-13 11:34:18.134 DEBUG  [2BA1AD\1B1928]   Net 'RING_RETURN' has 1 incomplete(s)
2026-09-13 11:34:18.134 DEBUG  [2BA1AD\1B1928]   Net '/Eight ring pods/Pod 6 {slash} U24/LRA_P' has 1 incomplete(s)
2026-09-13 11:34:18.259 DEBUG  FoundConnectionInserter: insert trace failed for net #12 at corner 39/39 on layer 3, trace width: 1000, from corner: 19, okPoint: (1155227,-1206447), target: (1060801,-1165551)
2026-09-13 11:34:18.269 DEBUG  [2BA1AD\1B1928] Autorouter Failed to route connection between polylinetrace, via, pin #3 of component #20 and polylinetrace, polylinetrace, via, polylinetrace, via, polylinetrace, polylinetrace, polylinetrace, pin #3 of component #21, pin #4 of component #18, pin #3 of component #13, because the new connection could not be inserted.
2026-09-13 11:34:18.301 DEBUG  FoundConnectionInserter: insert trace failed for net #28 at corner 4/4 on layer 0, trace width: 1000, from corner: 3, okPoint: (1169108,-1178892), target: (1165000,-1183000)
2026-09-13 11:34:18.310 DEBUG  [2BA1AD\1B1928] Autorouter Failed to route connection between pin #2 of component #22 and polylinetrace, via, pin of component #23, because the new connection could not be inserted.
2026-09-13 11:34:18.311 DEBUG  [2BA1AD\1B1928] Pass #3: Failed to route Pin on net '/Eight ring pods/Pod 6 {slash} U24/LRA_P' (19 items remaining, 3 failures). State: FAILED
2026-09-13 11:34:18.312 DEBUG  FoundConnectionInserter: insert trace failed for net #28 at corner 6/6 on layer 0, trace width: 1000, from corner: 0, okPoint: (1165000,-1183000), target: (1175265,-1178892)
2026-09-13 11:34:18.321 DEBUG  [2BA1AD\1B1928] Autorouter Failed to route connection between via, polylinetrace, polylinetrace, via, pin of component #23 and pin #2 of component #22, because the new connection could not be inserted.
2026-09-13 11:34:18.321 DEBUG  [2BA1AD\1B1928] Pass #3: Failed to route Pin on net '/Eight ring pods/Pod 6 {slash} U24/LRA_P' (18 items remaining, 3 failures). State: FAILED
2026-09-13 11:34:18.349 DEBUG  FoundConnectionInserter: insert trace failed for net #26 at corner 17/17 on layer 3, trace width: 1000, from corner: 9, okPoint: (1157841,-1201559), target: (1044865,-1197426)
2026-09-13 11:34:18.358 DEBUG  [2BA1AD\1B1928] Autorouter Failed to route connection between pin #5 of component #20 and pin #5 of component #21, because the new connection could not be inserted.
2026-09-13 11:34:18.358 DEBUG  [2BA1AD\1B1928] Pass #3: Failed to route Pin on net 'RING_RETURN' (17 items remaining, 3 failures). State: FAILED
2026-09-13 11:34:18.386 DEBUG  FoundConnectionInserter: insert trace failed for net #26 at corner 23/23 on layer 3, trace width: 1000, from corner: 2, okPoint: (1054343,-1212200), target: (1175265,-1178892)
2026-09-13 11:34:18.397 DEBUG  [2BA1AD\1B1928] Autorouter Failed to route connection between via, polylinetrace, pin #5 of component #21 and pin #5 of component #20, because the new connection could not be inserted.
2026-09-13 11:34:18.397 DEBUG  [2BA1AD\1B1928] Pass #3: Failed to route Pin on net 'RING_RETURN' (16 items remaining, 3 failures). State: FAILED
2026-09-13 11:34:18.418 DEBUG  FoundConnectionInserter: insert trace failed for net #12 at corner 28/28 on layer 3, trace width: 1000, from corner: 10, okPoint: (1057161,-1212200), target: (1167498,-1182746)
2026-09-13 11:34:18.428 DEBUG  [2BA1AD\1B1928] Autorouter Failed to route connection between polylinetrace, polylinetrace, polylinetrace, via, polylinetrace, via, polylinetrace, polylinetrace, polylinetrace, pin #3 of component #21, pin #4 of component #18, pin #3 of component #13 and polylinetrace, via, pin #3 of component #20, because the new connection could not be inserted.
2026-09-13 11:34:18.428 DEBUG  [2BA1AD\1B1928] Pass #3: Failed to route Pin on net 'RING_nRESET' (15 items remaining, 3 failures). State: FAILED
2026-09-13 11:34:18.552 DEBUG  FoundConnectionInserter: insert trace failed for net #2 at corner 16/16 on layer 3, trace width: 1000, from corner: 11, okPoint: (1098868,-967732), target: (1083127,-970775)
2026-09-13 11:34:18.561 DEBUG  [2BA1AD\1B1928] Autorouter Failed to route connection between pin of component #18 and polylinetrace, polylinetrace, via, via, via, via, via, via, via, via, polylinetrace, polylinetrace, polylinetrace, polylinetrace, polylinetrace, polylinetrace, polylinetrace, polylinetrace, polylinetrace, polylinetrace, polylinetrace, polylinetrace, polylinetrace, polylinetrace, polylinetrace, polylinetrace, polylinetrace, polylinetrace, polylinetrace, polylinetrace, pin #7 of component #22, pin #4 of component #22, pin of component #21, pin of component #20, pin of component #17, pin of component #16, pin #8 of component #13, pin of component #12, pin of component #11, pin of component #10, pin of component #7, pin of component #6, pin of component #4, pin of component #3, pin of component #1, conductionarea, because the new connection could not be inserted.
2026-09-13 11:34:19.027 INFO   [2BA1AD\1B1928] Auto-routing pass #3 on board '80466c7dfebe4a1e45035fcd3e8f5010' was completed in 0.96 seconds with score 571.42 (15 unrouted and 45 violations), using 5.84 CPU seconds and the job allocated 29.45 GB of memory so far.
2026-09-13 11:34:19.219 DEBUG  Queuing item for routing: Via on net '/Eight ring pods/Pod 6 {slash} U24/LOCAL_SCL' (connected: 4/9)
2026-09-13 11:34:19.222 DEBUG  Queuing item for routing: PolylineTrace on net 'RING_nRESET' (connected: 11/14)
2026-09-13 11:34:19.222 DEBUG  Queuing item for routing: PolylineTrace on net '/Eight ring pods/Pod 6 {slash} U24/LOCAL_SCL' (connected: 4/9)
2026-09-13 11:34:19.222 DEBUG  Queuing item for routing: PolylineTrace on net '/Eight ring pods/Pod 6 {slash} U24/UART_RX_LOCAL' (connected: 13/14)
2026-09-13 11:34:19.222 DEBUG  Queuing item for routing: Pin on net '/Eight ring pods/Pod 6 {slash} U24/LRA_P' (connected: 3/4)
2026-09-13 11:34:19.222 DEBUG  Queuing item for routing: Pin on net '/Eight ring pods/Pod 6 {slash} U24/LRA_P' (connected: 1/4)
2026-09-13 11:34:19.222 DEBUG  Queuing item for routing: Pin on net 'RING_RETURN' (connected: 3/6)
2026-09-13 11:34:19.223 DEBUG  Queuing item for routing: Pin on net 'RING_RETURN' (connected: 3/6)
2026-09-13 11:34:19.223 DEBUG  Queuing item for routing: Pin on net 'RING_nRESET' (connected: 3/14)
2026-09-13 11:34:19.223 DEBUG  Queuing item for routing: Pin on net 'GND' (connected: 3/42)
2026-09-13 11:34:19.223 DEBUG  Queuing item for routing: Pin on net 'POD_3V3' (connected: 1/49)
2026-09-13 11:34:19.223 DEBUG  Queuing item for routing: Pin on net 'GND' (connected: 1/42)
2026-09-13 11:34:19.223 DEBUG  Queuing item for routing: Pin on net 'GND' (connected: 1/42)
2026-09-13 11:34:19.223 DEBUG  Queuing item for routing: Pin on net '/Eight ring pods/Pod 6 {slash} U24/UART_RX_LOCAL' (connected: 1/14)
2026-09-13 11:34:19.223 DEBUG  Queuing item for routing: Pin on net 'POD_3V3' (connected: 1/49)
2026-09-13 11:34:19.223 DEBUG  Queuing item for routing: Pin on net 'GND' (connected: 1/42)
2026-09-13 11:34:19.223 DEBUG  Queuing item for routing: Pin on net 'GND' (connected: 1/42)
2026-09-13 11:34:19.223 DEBUG  Queuing item for routing: Pin on net 'POD_3V3' (connected: 1/49)
2026-09-13 11:34:19.223 DEBUG  Queuing item for routing: Pin on net 'POD_3V3' (connected: 1/49)
2026-09-13 11:34:19.223 DEBUG  Queuing item for routing: Pin on net '/Eight ring pods/Pod 6 {slash} U24/LOCAL_SCL' (connected: 1/9)
2026-09-13 11:34:19.290 DEBUG  [2BA1AD\1B1928] Pass #4: 15 incompletes across 20 items to route
2026-09-13 11:34:19.290 DEBUG  [2BA1AD\1B1928]   Net 'GND' has 5 incomplete(s)
2026-09-13 11:34:19.290 DEBUG  [2BA1AD\1B1928]   Net 'POD_3V3' has 4 incomplete(s)
2026-09-13 11:34:19.290 DEBUG  [2BA1AD\1B1928]   Net '/Eight ring pods/Pod 6 {slash} U24/UART_RX_LOCAL' has 1 incomplete(s)
2026-09-13 11:34:19.290 DEBUG  [2BA1AD\1B1928]   Net '/Eight ring pods/Pod 6 {slash} U24/LOCAL_SCL' has 2 incomplete(s)
2026-09-13 11:34:19.290 DEBUG  [2BA1AD\1B1928]   Net 'RING_nRESET' has 1 incomplete(s)
2026-09-13 11:34:19.290 DEBUG  [2BA1AD\1B1928]   Net 'RING_RETURN' has 1 incomplete(s)
2026-09-13 11:34:19.290 DEBUG  [2BA1AD\1B1928]   Net '/Eight ring pods/Pod 6 {slash} U24/LRA_P' has 1 incomplete(s)
2026-09-13 11:34:19.451 DEBUG  FoundConnectionInserter: insert trace failed for net #12 at corner 41/41 on layer 3, trace width: 1000, from corner: 21, okPoint: (1152410,-1206447), target: (1060801,-1165551)
2026-09-13 11:34:19.461 DEBUG  [2BA1AD\1B1928] Autorouter Failed to route connection between polylinetrace, via, pin #3 of component #20 and polylinetrace, polylinetrace, via, polylinetrace, via, polylinetrace, polylinetrace, polylinetrace, pin #3 of component #21, pin #4 of component #18, pin #3 of component #13, because the new connection could not be inserted.
2026-09-13 11:34:19.461 DEBUG  [2BA1AD\1B1928] Pass #4: Failed to route PolylineTrace on net 'RING_nRESET' (19 items remaining, 3 failures). State: FAILED
2026-09-13 11:34:19.491 DEBUG  FoundConnectionInserter: insert trace failed for net #28 at corner 4/4 on layer 0, trace width: 1000, from corner: 3, okPoint: (1169108,-1178892), target: (1165000,-1183000)
2026-09-13 11:34:19.501 DEBUG  [2BA1AD\1B1928] Autorouter Failed to route connection between pin #2 of component #22 and polylinetrace, via, pin of component #23, because the new connection could not be inserted.
2026-09-13 11:34:19.501 DEBUG  [2BA1AD\1B1928] Pass #4: Failed to route Pin on net '/Eight ring pods/Pod 6 {slash} U24/LRA_P' (16 items remaining, 4 failures). State: FAILED
2026-09-13 11:34:19.502 DEBUG  FoundConnectionInserter: insert trace failed for net #28 at corner 6/6 on layer 0, trace width: 1000, from corner: 0, okPoint: (1165000,-1183000), target: (1175265,-1178892)
2026-09-13 11:34:19.510 DEBUG  [2BA1AD\1B1928] Autorouter Failed to route connection between via, polylinetrace, polylinetrace, via, pin of component #23 and pin #2 of component #22, because the new connection could not be inserted.
2026-09-13 11:34:19.510 DEBUG  [2BA1AD\1B1928] Pass #4: Failed to route Pin on net '/Eight ring pods/Pod 6 {slash} U24/LRA_P' (15 items remaining, 4 failures). State: FAILED
2026-09-13 11:34:19.532 DEBUG  FoundConnectionInserter: insert trace failed for net #26 at corner 15/15 on layer 3, trace width: 1000, from corner: 7, okPoint: (1145198,-1206447), target: (1044865,-1197426)
2026-09-13 11:34:19.542 DEBUG  [2BA1AD\1B1928] Autorouter Failed to route connection between pin #5 of component #20 and pin #5 of component #21, because the new connection could not be inserted.
2026-09-13 11:34:19.542 DEBUG  [2BA1AD\1B1928] Pass #4: Failed to route Pin on net 'RING_RETURN' (14 items remaining, 4 failures). State: FAILED
2026-09-13 11:34:19.566 DEBUG  FoundConnectionInserter: insert trace failed for net #26 at corner 15/15 on layer 3, trace width: 1000, from corner: 2, okPoint: (1054343,-1212200), target: (1175265,-1178892)
2026-09-13 11:34:19.576 DEBUG  [2BA1AD\1B1928] Autorouter Failed to route connection between via, polylinetrace, pin #5 of component #21 and pin #5 of component #20, because the new connection could not be inserted.
2026-09-13 11:34:19.576 DEBUG  [2BA1AD\1B1928] Pass #4: Failed to route Pin on net 'RING_RETURN' (13 items remaining, 4 failures). State: FAILED
2026-09-13 11:34:19.614 DEBUG  FoundConnectionInserter: insert trace failed for net #12 at corner 29/29 on layer 3, trace width: 1000, from corner: 10, okPoint: (1057161,-1212200), target: (1166000,-1135572)
2026-09-13 11:34:19.624 DEBUG  [2BA1AD\1B1928] Autorouter Failed to route connection between polylinetrace, polylinetrace, via, polylinetrace, via, polylinetrace, polylinetrace, polylinetrace, pin #3 of component #21, pin #4 of component #18, pin #3 of component #13 and polylinetrace, via, pin #3 of component #20, because the new connection could not be inserted.
2026-09-13 11:34:19.624 DEBUG  [2BA1AD\1B1928] Pass #4: Failed to route Pin on net 'RING_nRESET' (12 items remaining, 4 failures). State: FAILED
2026-09-13 11:34:19.768 DEBUG  FoundConnectionInserter: insert trace failed for net #2 at corner 13/13 on layer 3, trace width: 1000, from corner: 8, okPoint: (1098868,-967748), target: (1083127,-970775)
2026-09-13 11:34:19.778 DEBUG  [2BA1AD\1B1928] Autorouter Failed to route connection between pin of component #18 and via, polylinetrace, polylinetrace, polylinetrace, via, via, via, via, via, via, via, via, polylinetrace, polylinetrace, polylinetrace, polylinetrace, polylinetrace, polylinetrace, polylinetrace, polylinetrace, polylinetrace, polylinetrace, polylinetrace, polylinetrace, polylinetrace, polylinetrace, polylinetrace, polylinetrace, polylinetrace, polylinetrace, polylinetrace, polylinetrace, pin #7 of component #22, pin #4 of component #22, pin of component #21, pin of component #20, pin of component #17, pin of component #16, pin #8 of component #13, pin of component #12, pin of component #11, pin of component #10, pin of component #7, pin of component #6, pin of component #4, pin of component #3, pin of component #1, conductionarea, because the new connection could not be inserted.
2026-09-13 11:34:20.146 INFO   [2BA1AD\1B1928] Auto-routing pass #4 on board '1e9a4907f0c046697f2e1e714cea7867' was completed in 0.93 seconds with score 571.42 (15 unrouted and 45 violations), using 6.84 CPU seconds and the job allocated 35.72 GB of memory so far.
2026-09-13 11:34:20.336 DEBUG  Queuing item for routing: Via on net '/Eight ring pods/Pod 6 {slash} U24/LOCAL_SCL' (connected: 4/9)
2026-09-13 11:34:20.339 DEBUG  Queuing item for routing: PolylineTrace on net 'RING_nRESET' (connected: 11/14)
2026-09-13 11:34:20.339 DEBUG  Queuing item for routing: PolylineTrace on net '/Eight ring pods/Pod 6 {slash} U24/LOCAL_SCL' (connected: 4/9)
2026-09-13 11:34:20.339 DEBUG  Queuing item for routing: PolylineTrace on net '/Eight ring pods/Pod 6 {slash} U24/UART_RX_LOCAL' (connected: 13/14)
2026-09-13 11:34:20.339 DEBUG  Queuing item for routing: Pin on net '/Eight ring pods/Pod 6 {slash} U24/LRA_P' (connected: 3/4)
2026-09-13 11:34:20.339 DEBUG  Queuing item for routing: Pin on net '/Eight ring pods/Pod 6 {slash} U24/LRA_P' (connected: 1/4)
2026-09-13 11:34:20.339 DEBUG  Queuing item for routing: Pin on net 'RING_RETURN' (connected: 3/6)
2026-09-13 11:34:20.339 DEBUG  Queuing item for routing: Pin on net 'RING_RETURN' (connected: 3/6)
2026-09-13 11:34:20.339 DEBUG  Queuing item for routing: Pin on net 'RING_nRESET' (connected: 3/14)
2026-09-13 11:34:20.339 DEBUG  Queuing item for routing: Pin on net 'GND' (connected: 3/42)
2026-09-13 11:34:20.339 DEBUG  Queuing item for routing: Pin on net 'POD_3V3' (connected: 1/49)
2026-09-13 11:34:20.339 DEBUG  Queuing item for routing: Pin on net 'GND' (connected: 1/42)
2026-09-13 11:34:20.339 DEBUG  Queuing item for routing: Pin on net 'GND' (connected: 1/42)
2026-09-13 11:34:20.339 DEBUG  Queuing item for routing: Pin on net '/Eight ring pods/Pod 6 {slash} U24/UART_RX_LOCAL' (connected: 1/14)
2026-09-13 11:34:20.340 DEBUG  Queuing item for routing: Pin on net 'POD_3V3' (connected: 1/49)
2026-09-13 11:34:20.340 DEBUG  Queuing item for routing: Pin on net 'GND' (connected: 1/42)
2026-09-13 11:34:20.340 DEBUG  Queuing item for routing: Pin on net 'GND' (connected: 1/42)
2026-09-13 11:34:20.340 DEBUG  Queuing item for routing: Pin on net 'POD_3V3' (connected: 1/49)
2026-09-13 11:34:20.340 DEBUG  Queuing item for routing: Pin on net 'POD_3V3' (connected: 1/49)
2026-09-13 11:34:20.340 DEBUG  Queuing item for routing: Pin on net '/Eight ring pods/Pod 6 {slash} U24/LOCAL_SCL' (connected: 1/9)
2026-09-13 11:34:20.405 DEBUG  [2BA1AD\1B1928] Pass #5: 15 incompletes across 20 items to route
2026-09-13 11:34:20.405 DEBUG  [2BA1AD\1B1928]   Net 'GND' has 5 incomplete(s)
2026-09-13 11:34:20.405 DEBUG  [2BA1AD\1B1928]   Net 'POD_3V3' has 4 incomplete(s)
2026-09-13 11:34:20.405 DEBUG  [2BA1AD\1B1928]   Net '/Eight ring pods/Pod 6 {slash} U24/UART_RX_LOCAL' has 1 incomplete(s)
2026-09-13 11:34:20.405 DEBUG  [2BA1AD\1B1928]   Net '/Eight ring pods/Pod 6 {slash} U24/LOCAL_SCL' has 2 incomplete(s)
2026-09-13 11:34:20.405 DEBUG  [2BA1AD\1B1928]   Net 'RING_nRESET' has 1 incomplete(s)
2026-09-13 11:34:20.405 DEBUG  [2BA1AD\1B1928]   Net 'RING_RETURN' has 1 incomplete(s)
2026-09-13 11:34:20.405 DEBUG  [2BA1AD\1B1928]   Net '/Eight ring pods/Pod 6 {slash} U24/LRA_P' has 1 incomplete(s)
2026-09-13 11:34:20.557 DEBUG  FoundConnectionInserter: insert trace failed for net #12 at corner 45/45 on layer 3, trace width: 1000, from corner: 25, okPoint: (1155227,-1206447), target: (1060801,-1165551)
2026-09-13 11:34:20.568 DEBUG  [2BA1AD\1B1928] Autorouter Failed to route connection between polylinetrace, via, pin #3 of component #20 and polylinetrace, polylinetrace, via, polylinetrace, via, polylinetrace, polylinetrace, polylinetrace, pin #3 of component #21, pin #4 of component #18, pin #3 of component #13, because the new connection could not be inserted.
2026-09-13 11:34:20.568 DEBUG  [2BA1AD\1B1928] Pass #5: Failed to route PolylineTrace on net 'RING_nRESET' (19 items remaining, 4 failures). State: FAILED
2026-09-13 11:34:20.598 DEBUG  FoundConnectionInserter: insert trace failed for net #28 at corner 4/4 on layer 0, trace width: 1000, from corner: 3, okPoint: (1169108,-1178892), target: (1165000,-1183000)
2026-09-13 11:34:20.607 DEBUG  [2BA1AD\1B1928] Autorouter Failed to route connection between pin #2 of component #22 and polylinetrace, via, pin of component #23, because the new connection could not be inserted.
2026-09-13 11:34:20.607 DEBUG  [2BA1AD\1B1928] Pass #5: Failed to route Pin on net '/Eight ring pods/Pod 6 {slash} U24/LRA_P' (16 items remaining, 5 failures). State: FAILED
2026-09-13 11:34:20.609 DEBUG  FoundConnectionInserter: insert trace failed for net #28 at corner 6/6 on layer 0, trace width: 1000, from corner: 0, okPoint: (1165000,-1183000), target: (1175265,-1178892)
2026-09-13 11:34:20.618 DEBUG  [2BA1AD\1B1928] Autorouter Failed to route connection between via, polylinetrace, polylinetrace, via, pin of component #23 and pin #2 of component #22, because the new connection could not be inserted.
2026-09-13 11:34:20.618 DEBUG  [2BA1AD\1B1928] Pass #5: Failed to route Pin on net '/Eight ring pods/Pod 6 {slash} U24/LRA_P' (15 items remaining, 5 failures). State: FAILED
2026-09-13 11:34:20.644 DEBUG  FoundConnectionInserter: insert trace failed for net #26 at corner 17/17 on layer 3, trace width: 1000, from corner: 9, okPoint: (1157841,-1201559), target: (1044865,-1197426)
2026-09-13 11:34:20.655 DEBUG  [2BA1AD\1B1928] Autorouter Failed to route connection between pin #5 of component #20 and pin #5 of component #21, because the new connection could not be inserted.
2026-09-13 11:34:20.655 DEBUG  [2BA1AD\1B1928] Pass #5: Failed to route Pin on net 'RING_RETURN' (14 items remaining, 5 failures). State: FAILED
2026-09-13 11:34:20.684 DEBUG  FoundConnectionInserter: insert trace failed for net #26 at corner 11/11 on layer 0, trace width: 1000, from corner: 4, okPoint: (1054343,-1212200), target: (1137158,-1223542)
2026-09-13 11:34:20.693 DEBUG  [2BA1AD\1B1928] Autorouter Failed to route connection between via, polylinetrace, pin #5 of component #21 and pin #5 of component #20, because the new connection could not be inserted.
2026-09-13 11:34:20.693 DEBUG  [2BA1AD\1B1928] Pass #5: Failed to route Pin on net 'RING_RETURN' (13 items remaining, 5 failures). State: FAILED
2026-09-13 11:34:20.733 DEBUG  FoundConnectionInserter: insert trace failed for net #12 at corner 28/28 on layer 3, trace width: 1000, from corner: 9, okPoint: (1055080,-1212200), target: (1166000,-1135572)
2026-09-13 11:34:20.742 DEBUG  [2BA1AD\1B1928] Autorouter Failed to route connection between polylinetrace, polylinetrace, via, polylinetrace, via, polylinetrace, polylinetrace, polylinetrace, pin #3 of component #21, pin #4 of component #18, pin #3 of component #13 and polylinetrace, via, pin #3 of component #20, because the new connection could not be inserted.
2026-09-13 11:34:20.742 DEBUG  [2BA1AD\1B1928] Pass #5: Failed to route Pin on net 'RING_nRESET' (12 items remaining, 5 failures). State: FAILED
2026-09-13 11:34:20.883 DEBUG  FoundConnectionInserter: insert trace failed for net #2 at corner 13/13 on layer 3, trace width: 1000, from corner: 8, okPoint: (1098869,-967763), target: (1083127,-970775)
2026-09-13 11:34:20.892 DEBUG  [2BA1AD\1B1928] Autorouter Failed to route connection between pin of component #18 and polylinetrace, via, polylinetrace, polylinetrace, via, via, via, via, via, via, via, via, polylinetrace, polylinetrace, polylinetrace, polylinetrace, polylinetrace, polylinetrace, polylinetrace, polylinetrace, polylinetrace, polylinetrace, polylinetrace, polylinetrace, polylinetrace, polylinetrace, polylinetrace, polylinetrace, polylinetrace, polylinetrace, polylinetrace, polylinetrace, pin #7 of component #22, pin #4 of component #22, pin of component #21, pin of component #20, pin of component #17, pin of component #16, pin #8 of component #13, pin of component #12, pin of component #11, pin of component #10, pin of component #7, pin of component #6, pin of component #4, pin of component #3, pin of component #1, conductionarea, because the new connection could not be inserted.
2026-09-13 11:34:20.892 DEBUG  [2BA1AD\1B1928] Pass #5: Failed to route Pin on net 'POD_3V3' (10 items remaining, 3 failures). State: FAILED
2026-09-13 11:34:21.271 INFO   [2BA1AD\1B1928] Auto-routing pass #5 on board '27b4b0c1d09ffb7e95f696d22dce1fff' was completed in 0.94 seconds with score 571.42 (15 unrouted and 45 violations), using 7.84 CPU seconds and the job allocated 41.91 GB of memory so far.
2026-09-13 11:34:21.461 DEBUG  Queuing item for routing: Via on net '/Eight ring pods/Pod 6 {slash} U24/LOCAL_SCL' (connected: 4/9)
2026-09-13 11:34:21.464 DEBUG  Queuing item for routing: PolylineTrace on net 'RING_nRESET' (connected: 11/14)
2026-09-13 11:34:21.464 DEBUG  Queuing item for routing: PolylineTrace on net '/Eight ring pods/Pod 6 {slash} U24/LOCAL_SCL' (connected: 4/9)
2026-09-13 11:34:21.464 DEBUG  Queuing item for routing: PolylineTrace on net '/Eight ring pods/Pod 6 {slash} U24/UART_RX_LOCAL' (connected: 13/14)
2026-09-13 11:34:21.464 DEBUG  Queuing item for routing: Pin on net '/Eight ring pods/Pod 6 {slash} U24/LRA_P' (connected: 3/4)
2026-09-13 11:34:21.464 DEBUG  Queuing item for routing: Pin on net '/Eight ring pods/Pod 6 {slash} U24/LRA_P' (connected: 1/4)
2026-09-13 11:34:21.464 DEBUG  Queuing item for routing: Pin on net 'RING_RETURN' (connected: 3/4)
2026-09-13 11:34:21.464 DEBUG  Queuing item for routing: Pin on net 'RING_RETURN' (connected: 1/4)
2026-09-13 11:34:21.464 DEBUG  Queuing item for routing: Pin on net 'RING_nRESET' (connected: 3/14)
2026-09-13 11:34:21.464 DEBUG  Queuing item for routing: Pin on net 'GND' (connected: 3/42)
2026-09-13 11:34:21.464 DEBUG  Queuing item for routing: Pin on net 'POD_3V3' (connected: 1/49)
2026-09-13 11:34:21.464 DEBUG  Queuing item for routing: Pin on net 'GND' (connected: 1/42)
2026-09-13 11:34:21.464 DEBUG  Queuing item for routing: Pin on net 'GND' (connected: 1/42)
2026-09-13 11:34:21.464 DEBUG  Queuing item for routing: Pin on net '/Eight ring pods/Pod 6 {slash} U24/UART_RX_LOCAL' (connected: 1/14)
2026-09-13 11:34:21.464 DEBUG  Queuing item for routing: Pin on net 'POD_3V3' (connected: 1/49)
2026-09-13 11:34:21.464 DEBUG  Queuing item for routing: Pin on net 'GND' (connected: 1/42)
2026-09-13 11:34:21.464 DEBUG  Queuing item for routing: Pin on net 'GND' (connected: 1/42)
2026-09-13 11:34:21.464 DEBUG  Queuing item for routing: Pin on net 'POD_3V3' (connected: 1/49)
2026-09-13 11:34:21.464 DEBUG  Queuing item for routing: Pin on net 'POD_3V3' (connected: 1/49)
2026-09-13 11:34:21.464 DEBUG  Queuing item for routing: Pin on net '/Eight ring pods/Pod 6 {slash} U24/LOCAL_SCL' (connected: 1/9)
2026-09-13 11:34:21.530 DEBUG  [2BA1AD\1B1928] Pass #6: 15 incompletes across 20 items to route
2026-09-13 11:34:21.530 DEBUG  [2BA1AD\1B1928]   Net 'GND' has 5 incomplete(s)
2026-09-13 11:34:21.530 DEBUG  [2BA1AD\1B1928]   Net 'POD_3V3' has 4 incomplete(s)
2026-09-13 11:34:21.530 DEBUG  [2BA1AD\1B1928]   Net '/Eight ring pods/Pod 6 {slash} U24/UART_RX_LOCAL' has 1 incomplete(s)
2026-09-13 11:34:21.530 DEBUG  [2BA1AD\1B1928]   Net '/Eight ring pods/Pod 6 {slash} U24/LOCAL_SCL' has 2 incomplete(s)
2026-09-13 11:34:21.530 DEBUG  [2BA1AD\1B1928]   Net 'RING_nRESET' has 1 incomplete(s)
2026-09-13 11:34:21.530 DEBUG  [2BA1AD\1B1928]   Net 'RING_RETURN' has 1 incomplete(s)
2026-09-13 11:34:21.530 DEBUG  [2BA1AD\1B1928]   Net '/Eight ring pods/Pod 6 {slash} U24/LRA_P' has 1 incomplete(s)
2026-09-13 11:34:21.682 DEBUG  FoundConnectionInserter: insert trace failed for net #12 at corner 37/37 on layer 3, trace width: 1000, from corner: 25, okPoint: (1155227,-1206447), target: (1060801,-1165551)
2026-09-13 11:34:21.691 DEBUG  [2BA1AD\1B1928] Autorouter Failed to route connection between polylinetrace, via, pin #3 of component #20 and polylinetrace, polylinetrace, via, polylinetrace, via, polylinetrace, polylinetrace, polylinetrace, pin #3 of component #21, pin #4 of component #18, pin #3 of component #13, because the new connection could not be inserted.
2026-09-13 11:34:21.691 DEBUG  [2BA1AD\1B1928] Pass #6: Failed to route PolylineTrace on net 'RING_nRESET' (19 items remaining, 5 failures). State: FAILED
2026-09-13 11:34:21.723 DEBUG  FoundConnectionInserter: insert trace failed for net #28 at corner 4/4 on layer 0, trace width: 1000, from corner: 3, okPoint: (1169108,-1178892), target: (1165000,-1183000)
2026-09-13 11:34:21.732 DEBUG  [2BA1AD\1B1928] Autorouter Failed to route connection between pin #2 of component #22 and polylinetrace, via, pin of component #23, because the new connection could not be inserted.
2026-09-13 11:34:21.732 DEBUG  [2BA1AD\1B1928] Pass #6: Failed to route Pin on net '/Eight ring pods/Pod 6 {slash} U24/LRA_P' (16 items remaining, 6 failures). State: FAILED
2026-09-13 11:34:21.734 DEBUG  FoundConnectionInserter: insert trace failed for net #28 at corner 6/6 on layer 0, trace width: 1000, from corner: 0, okPoint: (1165000,-1183000), target: (1175265,-1178892)
2026-09-13 11:34:21.742 DEBUG  [2BA1AD\1B1928] Autorouter Failed to route connection between via, polylinetrace, polylinetrace, via, pin of component #23 and pin #2 of component #22, because the new connection could not be inserted.
2026-09-13 11:34:21.742 DEBUG  [2BA1AD\1B1928] Pass #6: Failed to route Pin on net '/Eight ring pods/Pod 6 {slash} U24/LRA_P' (15 items remaining, 6 failures). State: FAILED
2026-09-13 11:34:21.772 DEBUG  FoundConnectionInserter: insert trace failed for net #26 at corner 17/17 on layer 3, trace width: 1000, from corner: 9, okPoint: (1157841,-1201559), target: (1044865,-1197426)
2026-09-13 11:34:21.782 DEBUG  [2BA1AD\1B1928] Autorouter Failed to route connection between pin #5 of component #20 and pin #5 of component #21, because the new connection could not be inserted.
2026-09-13 11:34:21.782 DEBUG  [2BA1AD\1B1928] Pass #6: Failed to route Pin on net 'RING_RETURN' (14 items remaining, 6 failures). State: FAILED
2026-09-13 11:34:21.810 DEBUG  FoundConnectionInserter: insert trace failed for net #26 at corner 11/11 on layer 0, trace width: 1000, from corner: 4, okPoint: (1054343,-1212200), target: (1137158,-1223542)
2026-09-13 11:34:21.819 DEBUG  [2BA1AD\1B1928] Autorouter Failed to route connection between via, polylinetrace, pin #5 of component #21 and pin #5 of component #20, because the new connection could not be inserted.
2026-09-13 11:34:21.820 DEBUG  [2BA1AD\1B1928] Pass #6: Failed to route Pin on net 'RING_RETURN' (13 items remaining, 6 failures). State: FAILED
2026-09-13 11:34:21.856 DEBUG  FoundConnectionInserter: insert trace failed for net #12 at corner 28/28 on layer 3, trace width: 1000, from corner: 9, okPoint: (1055080,-1212200), target: (1166000,-1135572)
2026-09-13 11:34:21.865 DEBUG  [2BA1AD\1B1928] Autorouter Failed to route connection between polylinetrace, polylinetrace, via, polylinetrace, via, polylinetrace, polylinetrace, polylinetrace, pin #3 of component #21, pin #4 of component #18, pin #3 of component #13 and polylinetrace, via, pin #3 of component #20, because the new connection could not be inserted.
2026-09-13 11:34:21.865 DEBUG  [2BA1AD\1B1928] Pass #6: Failed to route Pin on net 'RING_nRESET' (12 items remaining, 6 failures). State: FAILED
2026-09-13 11:34:22.007 DEBUG  FoundConnectionInserter: insert trace failed for net #2 at corner 13/13 on layer 3, trace width: 1000, from corner: 8, okPoint: (1098868,-967778), target: (1083127,-970775)
2026-09-13 11:34:22.017 DEBUG  [2BA1AD\1B1928] Autorouter Failed to route connection between pin of component #18 and polylinetrace, via, polylinetrace, polylinetrace, via, via, via, via, via, via, via, via, polylinetrace, polylinetrace, polylinetrace, polylinetrace, polylinetrace, polylinetrace, polylinetrace, polylinetrace, polylinetrace, polylinetrace, polylinetrace, polylinetrace, polylinetrace, polylinetrace, polylinetrace, polylinetrace, polylinetrace, polylinetrace, polylinetrace, polylinetrace, pin #7 of component #22, pin #4 of component #22, pin of component #21, pin of component #20, pin of component #17, pin of component #16, pin #8 of component #13, pin of component #12, pin of component #11, pin of component #10, pin of component #7, pin of component #6, pin of component #4, pin of component #3, pin of component #1, conductionarea, because the new connection could not be inserted.
2026-09-13 11:34:22.017 DEBUG  [2BA1AD\1B1928] Pass #6: Failed to route Pin on net 'POD_3V3' (10 items remaining, 4 failures). State: FAILED
2026-09-13 11:34:22.395 INFO   [2BA1AD\1B1928] Auto-routing pass #6 on board 'b02f308c1de73c560412518d1e670099' was completed in 0.94 seconds with score 571.42 (15 unrouted and 45 violations), using 8.80 CPU seconds and the job allocated 48.11 GB of memory so far.
2026-09-13 11:34:22.582 DEBUG  Queuing item for routing: Via on net '/Eight ring pods/Pod 6 {slash} U24/LOCAL_SCL' (connected: 4/9)
2026-09-13 11:34:22.584 DEBUG  Queuing item for routing: PolylineTrace on net 'RING_nRESET' (connected: 11/14)
2026-09-13 11:34:22.584 DEBUG  Queuing item for routing: PolylineTrace on net '/Eight ring pods/Pod 6 {slash} U24/LOCAL_SCL' (connected: 4/9)
2026-09-13 11:34:22.584 DEBUG  Queuing item for routing: PolylineTrace on net '/Eight ring pods/Pod 6 {slash} U24/UART_RX_LOCAL' (connected: 13/14)
2026-09-13 11:34:22.584 DEBUG  Queuing item for routing: Pin on net '/Eight ring pods/Pod 6 {slash} U24/LRA_P' (connected: 3/4)
2026-09-13 11:34:22.584 DEBUG  Queuing item for routing: Pin on net '/Eight ring pods/Pod 6 {slash} U24/LRA_P' (connected: 1/4)
2026-09-13 11:34:22.584 DEBUG  Queuing item for routing: Pin on net 'RING_RETURN' (connected: 3/4)
2026-09-13 11:34:22.584 DEBUG  Queuing item for routing: Pin on net 'RING_RETURN' (connected: 1/4)
2026-09-13 11:34:22.584 DEBUG  Queuing item for routing: Pin on net 'RING_nRESET' (connected: 3/14)
2026-09-13 11:34:22.584 DEBUG  Queuing item for routing: Pin on net 'GND' (connected: 3/42)
2026-09-13 11:34:22.584 DEBUG  Queuing item for routing: Pin on net 'POD_3V3' (connected: 1/49)
2026-09-13 11:34:22.584 DEBUG  Queuing item for routing: Pin on net 'GND' (connected: 1/42)
2026-09-13 11:34:22.584 DEBUG  Queuing item for routing: Pin on net 'GND' (connected: 1/42)
2026-09-13 11:34:22.584 DEBUG  Queuing item for routing: Pin on net '/Eight ring pods/Pod 6 {slash} U24/UART_RX_LOCAL' (connected: 1/14)
2026-09-13 11:34:22.584 DEBUG  Queuing item for routing: Pin on net 'POD_3V3' (connected: 1/49)
2026-09-13 11:34:22.584 DEBUG  Queuing item for routing: Pin on net 'GND' (connected: 1/42)
2026-09-13 11:34:22.584 DEBUG  Queuing item for routing: Pin on net 'GND' (connected: 1/42)
2026-09-13 11:34:22.584 DEBUG  Queuing item for routing: Pin on net 'POD_3V3' (connected: 1/49)
2026-09-13 11:34:22.584 DEBUG  Queuing item for routing: Pin on net 'POD_3V3' (connected: 1/49)
2026-09-13 11:34:22.584 DEBUG  Queuing item for routing: Pin on net '/Eight ring pods/Pod 6 {slash} U24/LOCAL_SCL' (connected: 1/9)
2026-09-13 11:34:22.649 DEBUG  [2BA1AD\1B1928] Pass #7: 15 incompletes across 20 items to route
2026-09-13 11:34:22.649 DEBUG  [2BA1AD\1B1928]   Net 'GND' has 5 incomplete(s)
2026-09-13 11:34:22.649 DEBUG  [2BA1AD\1B1928]   Net 'POD_3V3' has 4 incomplete(s)
2026-09-13 11:34:22.649 DEBUG  [2BA1AD\1B1928]   Net '/Eight ring pods/Pod 6 {slash} U24/UART_RX_LOCAL' has 1 incomplete(s)
2026-09-13 11:34:22.649 DEBUG  [2BA1AD\1B1928]   Net '/Eight ring pods/Pod 6 {slash} U24/LOCAL_SCL' has 2 incomplete(s)
2026-09-13 11:34:22.649 DEBUG  [2BA1AD\1B1928]   Net 'RING_nRESET' has 1 incomplete(s)
2026-09-13 11:34:22.649 DEBUG  [2BA1AD\1B1928]   Net 'RING_RETURN' has 1 incomplete(s)
2026-09-13 11:34:22.649 DEBUG  [2BA1AD\1B1928]   Net '/Eight ring pods/Pod 6 {slash} U24/LRA_P' has 1 incomplete(s)
2026-09-13 11:34:22.859 DEBUG  [2BA1AD\1B1928] Autorouter Failed to route connection between pin #2 of component #22 and polylinetrace, via, pin of component #23, because no connection was found between their nets.
2026-09-13 11:34:22.859 DEBUG  [2BA1AD\1B1928] Pass #7: Failed to route Pin on net '/Eight ring pods/Pod 6 {slash} U24/LRA_P' (16 items remaining, 7 failures). State: FAILED
2026-09-13 11:34:23.021 DEBUG  [2BA1AD\1B1928] Autorouter Failed to route connection between polylinetrace, via, pin of component #23 and pin #2 of component #22, because no connection was found between their nets.
2026-09-13 11:34:23.021 DEBUG  [2BA1AD\1B1928] Pass #7: Failed to route Pin on net '/Eight ring pods/Pod 6 {slash} U24/LRA_P' (15 items remaining, 7 failures). State: FAILED
2026-09-13 11:34:23.042 DEBUG  FoundConnectionInserter: insert trace failed for net #26 at corner 30/30 on layer 3, trace width: 1000, from corner: 18, okPoint: (1155227,-1206447), target: (1053637,-1174720)
2026-09-13 11:34:23.052 DEBUG  [2BA1AD\1B1928] Autorouter Failed to route connection between pin #5 of component #20 and via, polylinetrace, pin #5 of component #21, because the new connection could not be inserted.
2026-09-13 11:34:23.052 DEBUG  [2BA1AD\1B1928] Pass #7: Failed to route Pin on net 'RING_RETURN' (14 items remaining, 7 failures). State: FAILED
2026-09-13 11:34:23.631 INFO   [2BA1AD\1B1928] Auto-routing pass #7 on board 'b5749cf61a821de3518c72d2f83d76c7' was completed in 1.05 seconds with score 571.42 (15 unrouted and 45 violations), using 9.73 CPU seconds and the job allocated 54.46 GB of memory so far.
2026-09-13 11:34:23.819 DEBUG  Queuing item for routing: Via on net '/Eight ring pods/Pod 6 {slash} U24/LOCAL_SCL' (connected: 11/12)
2026-09-13 11:34:23.822 DEBUG  Queuing item for routing: PolylineTrace on net 'RING_nRESET' (connected: 11/14)
2026-09-13 11:34:23.822 DEBUG  Queuing item for routing: PolylineTrace on net '/Eight ring pods/Pod 6 {slash} U24/CELL_TEMP' (connected: 10/11)
2026-09-13 11:34:23.822 DEBUG  Queuing item for routing: PolylineTrace on net '/Eight ring pods/Pod 6 {slash} U24/UART_RX_LOCAL' (connected: 13/14)
2026-09-13 11:34:23.822 DEBUG  Queuing item for routing: Pin on net '/Eight ring pods/Pod 6 {slash} U24/LRA_P' (connected: 3/4)
2026-09-13 11:34:23.822 DEBUG  Queuing item for routing: Pin on net '/Eight ring pods/Pod 6 {slash} U24/LRA_P' (connected: 1/4)
2026-09-13 11:34:23.822 DEBUG  Queuing item for routing: Pin on net 'RING_RETURN' (connected: 3/6)
2026-09-13 11:34:23.822 DEBUG  Queuing item for routing: Pin on net 'RING_RETURN' (connected: 3/6)
2026-09-13 11:34:23.822 DEBUG  Queuing item for routing: Pin on net 'RING_nRESET' (connected: 3/14)
2026-09-13 11:34:23.822 DEBUG  Queuing item for routing: Pin on net 'GND' (connected: 3/42)
2026-09-13 11:34:23.822 DEBUG  Queuing item for routing: Pin on net 'POD_3V3' (connected: 1/49)
2026-09-13 11:34:23.822 DEBUG  Queuing item for routing: Pin on net 'GND' (connected: 1/42)
2026-09-13 11:34:23.822 DEBUG  Queuing item for routing: Pin on net 'GND' (connected: 1/42)
2026-09-13 11:34:23.822 DEBUG  Queuing item for routing: Pin on net '/Eight ring pods/Pod 6 {slash} U24/UART_RX_LOCAL' (connected: 1/14)
2026-09-13 11:34:23.822 DEBUG  Queuing item for routing: Pin on net 'POD_3V3' (connected: 1/49)
2026-09-13 11:34:23.822 DEBUG  Queuing item for routing: Pin on net 'GND' (connected: 1/42)
2026-09-13 11:34:23.822 DEBUG  Queuing item for routing: Pin on net 'GND' (connected: 1/42)
2026-09-13 11:34:23.822 DEBUG  Queuing item for routing: Pin on net 'POD_3V3' (connected: 1/49)
2026-09-13 11:34:23.822 DEBUG  Queuing item for routing: Pin on net '/Eight ring pods/Pod 6 {slash} U24/CELL_TEMP' (connected: 1/11)
2026-09-13 11:34:23.822 DEBUG  Queuing item for routing: Pin on net 'POD_3V3' (connected: 1/49)
2026-09-13 11:34:23.822 DEBUG  Queuing item for routing: Pin on net '/Eight ring pods/Pod 6 {slash} U24/LOCAL_SCL' (connected: 1/12)
2026-09-13 11:34:23.888 DEBUG  [2BA1AD\1B1928] Pass #8: 15 incompletes across 21 items to route
2026-09-13 11:34:23.888 DEBUG  [2BA1AD\1B1928]   Net 'GND' has 5 incomplete(s)
2026-09-13 11:34:23.888 DEBUG  [2BA1AD\1B1928]   Net 'POD_3V3' has 4 incomplete(s)
2026-09-13 11:34:23.888 DEBUG  [2BA1AD\1B1928]   Net '/Eight ring pods/Pod 6 {slash} U24/UART_RX_LOCAL' has 1 incomplete(s)
2026-09-13 11:34:23.888 DEBUG  [2BA1AD\1B1928]   Net '/Eight ring pods/Pod 6 {slash} U24/LOCAL_SCL' has 1 incomplete(s)
2026-09-13 11:34:23.888 DEBUG  [2BA1AD\1B1928]   Net '/Eight ring pods/Pod 6 {slash} U24/CELL_TEMP' has 1 incomplete(s)
2026-09-13 11:34:23.888 DEBUG  [2BA1AD\1B1928]   Net 'RING_nRESET' has 1 incomplete(s)
2026-09-13 11:34:23.888 DEBUG  [2BA1AD\1B1928]   Net 'RING_RETURN' has 1 incomplete(s)
2026-09-13 11:34:23.888 DEBUG  [2BA1AD\1B1928]   Net '/Eight ring pods/Pod 6 {slash} U24/LRA_P' has 1 incomplete(s)
2026-09-13 11:34:24.050 DEBUG  FoundConnectionInserter: insert trace failed for net #28 at corner 4/4 on layer 0, trace width: 1000, from corner: 3, okPoint: (1169108,-1178892), target: (1165000,-1183000)
2026-09-13 11:34:24.060 DEBUG  [2BA1AD\1B1928] Autorouter Failed to route connection between pin #2 of component #22 and polylinetrace, via, pin of component #23, because the new connection could not be inserted.
2026-09-13 11:34:24.060 DEBUG  [2BA1AD\1B1928] Pass #8: Failed to route Pin on net '/Eight ring pods/Pod 6 {slash} U24/LRA_P' (17 items remaining, 8 failures). State: FAILED
2026-09-13 11:34:24.061 DEBUG  FoundConnectionInserter: insert trace failed for net #28 at corner 6/6 on layer 0, trace width: 1000, from corner: 0, okPoint: (1165000,-1183000), target: (1176373,-1178892)
2026-09-13 11:34:24.071 DEBUG  [2BA1AD\1B1928] Autorouter Failed to route connection between via, polylinetrace, polylinetrace, via, pin of component #23 and pin #2 of component #22, because the new connection could not be inserted.
2026-09-13 11:34:24.071 DEBUG  [2BA1AD\1B1928] Pass #8: Failed to route Pin on net '/Eight ring pods/Pod 6 {slash} U24/LRA_P' (16 items remaining, 8 failures). State: FAILED
2026-09-13 11:34:24.099 DEBUG  FoundConnectionInserter: insert trace failed for net #26 at corner 20/20 on layer 3, trace width: 1000, from corner: 8, okPoint: (1168103,-1206447), target: (1044865,-1193125)
2026-09-13 11:34:24.108 DEBUG  [2BA1AD\1B1928] Autorouter Failed to route connection between polylinetrace, via, pin #5 of component #20 and pin #5 of component #21, because the new connection could not be inserted.
2026-09-13 11:34:24.108 DEBUG  [2BA1AD\1B1928] Pass #8: Failed to route Pin on net 'RING_RETURN' (15 items remaining, 8 failures). State: FAILED
2026-09-13 11:34:24.385 DEBUG  FoundConnectionInserter: insert trace failed for net #2 at corner 13/13 on layer 3, trace width: 1000, from corner: 8, okPoint: (1098869,-967823), target: (1083127,-970775)
2026-09-13 11:34:24.395 DEBUG  [2BA1AD\1B1928] Autorouter Failed to route connection between pin of component #18 and polylinetrace, via, polylinetrace, polylinetrace, via, via, via, via, via, via, via, via, polylinetrace, polylinetrace, polylinetrace, polylinetrace, polylinetrace, polylinetrace, polylinetrace, polylinetrace, polylinetrace, polylinetrace, polylinetrace, polylinetrace, polylinetrace, polylinetrace, polylinetrace, polylinetrace, polylinetrace, polylinetrace, polylinetrace, polylinetrace, pin #7 of component #22, pin #4 of component #22, pin of component #21, pin of component #20, pin of component #17, pin of component #16, pin #8 of component #13, pin of component #12, pin of component #11, pin of component #10, pin of component #7, pin of component #6, pin of component #4, pin of component #3, pin of component #1, conductionarea, because the new connection could not be inserted.
2026-09-13 11:34:24.395 DEBUG  [2BA1AD\1B1928] Pass #8: Failed to route Pin on net 'POD_3V3' (11 items remaining, 5 failures). State: FAILED
2026-09-13 11:34:24.788 INFO   [2BA1AD\1B1928] Auto-routing pass #8 on board '3a9460f0b91bc12c13b820549d9948ba' was completed in 0.97 seconds with score 589.28 (14 unrouted and 45 violations), using 10.72 CPU seconds and the job allocated 60.80 GB of memory so far.
2026-09-13 11:34:24.980 DEBUG  Queuing item for routing: Via on net '/Eight ring pods/Pod 6 {slash} U24/LOCAL_SCL' (connected: 11/12)
2026-09-13 11:34:24.983 DEBUG  Queuing item for routing: PolylineTrace on net 'RING_nRESET' (connected: 11/14)
2026-09-13 11:34:24.983 DEBUG  Queuing item for routing: PolylineTrace on net '/Eight ring pods/Pod 6 {slash} U24/UART_RX_LOCAL' (connected: 13/14)
2026-09-13 11:34:24.983 DEBUG  Queuing item for routing: Pin on net '/Eight ring pods/Pod 6 {slash} U24/LRA_P' (connected: 3/4)
2026-09-13 11:34:24.983 DEBUG  Queuing item for routing: Pin on net '/Eight ring pods/Pod 6 {slash} U24/LRA_P' (connected: 1/4)
2026-09-13 11:34:24.983 DEBUG  Queuing item for routing: Pin on net 'RING_RETURN' (connected: 3/6)
2026-09-13 11:34:24.983 DEBUG  Queuing item for routing: Pin on net 'RING_RETURN' (connected: 3/6)
2026-09-13 11:34:24.983 DEBUG  Queuing item for routing: Pin on net 'RING_nRESET' (connected: 3/14)
2026-09-13 11:34:24.983 DEBUG  Queuing item for routing: Pin on net 'GND' (connected: 3/42)
2026-09-13 11:34:24.983 DEBUG  Queuing item for routing: Pin on net 'POD_3V3' (connected: 1/49)
2026-09-13 11:34:24.983 DEBUG  Queuing item for routing: Pin on net 'GND' (connected: 1/42)
2026-09-13 11:34:24.983 DEBUG  Queuing item for routing: Pin on net 'GND' (connected: 1/42)
2026-09-13 11:34:24.983 DEBUG  Queuing item for routing: Pin on net '/Eight ring pods/Pod 6 {slash} U24/UART_RX_LOCAL' (connected: 1/14)
2026-09-13 11:34:24.983 DEBUG  Queuing item for routing: Pin on net 'POD_3V3' (connected: 1/49)
2026-09-13 11:34:24.983 DEBUG  Queuing item for routing: Pin on net 'GND' (connected: 1/42)
2026-09-13 11:34:24.983 DEBUG  Queuing item for routing: Pin on net 'GND' (connected: 1/42)
2026-09-13 11:34:24.984 DEBUG  Queuing item for routing: Pin on net 'POD_3V3' (connected: 1/49)
2026-09-13 11:34:24.984 DEBUG  Queuing item for routing: Pin on net 'POD_3V3' (connected: 1/49)
2026-09-13 11:34:24.984 DEBUG  Queuing item for routing: Pin on net '/Eight ring pods/Pod 6 {slash} U24/LOCAL_SCL' (connected: 1/12)
2026-09-13 11:34:25.048 DEBUG  [2BA1AD\1B1928] Pass #9: 14 incompletes across 19 items to route
2026-09-13 11:34:25.048 DEBUG  [2BA1AD\1B1928]   Net 'GND' has 5 incomplete(s)
2026-09-13 11:34:25.048 DEBUG  [2BA1AD\1B1928]   Net 'POD_3V3' has 4 incomplete(s)
2026-09-13 11:34:25.048 DEBUG  [2BA1AD\1B1928]   Net '/Eight ring pods/Pod 6 {slash} U24/UART_RX_LOCAL' has 1 incomplete(s)
2026-09-13 11:34:25.048 DEBUG  [2BA1AD\1B1928]   Net '/Eight ring pods/Pod 6 {slash} U24/LOCAL_SCL' has 1 incomplete(s)
2026-09-13 11:34:25.048 DEBUG  [2BA1AD\1B1928]   Net 'RING_nRESET' has 1 incomplete(s)
2026-09-13 11:34:25.048 DEBUG  [2BA1AD\1B1928]   Net 'RING_RETURN' has 1 incomplete(s)
2026-09-13 11:34:25.048 DEBUG  [2BA1AD\1B1928]   Net '/Eight ring pods/Pod 6 {slash} U24/LRA_P' has 1 incomplete(s)
2026-09-13 11:34:25.186 DEBUG  FoundConnectionInserter: insert trace failed for net #28 at corner 4/4 on layer 0, trace width: 1000, from corner: 3, okPoint: (1169108,-1178892), target: (1165000,-1183000)
2026-09-13 11:34:25.195 DEBUG  [2BA1AD\1B1928] Autorouter Failed to route connection between pin #2 of component #22 and polylinetrace, via, pin of component #23, because the new connection could not be inserted.
2026-09-13 11:34:25.195 DEBUG  [2BA1AD\1B1928] Pass #9: Failed to route Pin on net '/Eight ring pods/Pod 6 {slash} U24/LRA_P' (16 items remaining, 9 failures). State: FAILED
2026-09-13 11:34:25.196 DEBUG  FoundConnectionInserter: insert trace failed for net #28 at corner 6/6 on layer 0, trace width: 1000, from corner: 0, okPoint: (1165000,-1183000), target: (1176733,-1178892)
2026-09-13 11:34:25.205 DEBUG  [2BA1AD\1B1928] Autorouter Failed to route connection between via, polylinetrace, polylinetrace, via, pin of component #23 and pin #2 of component #22, because the new connection could not be inserted.
2026-09-13 11:34:25.205 DEBUG  [2BA1AD\1B1928] Pass #9: Failed to route Pin on net '/Eight ring pods/Pod 6 {slash} U24/LRA_P' (15 items remaining, 9 failures). State: FAILED
2026-09-13 11:34:25.233 DEBUG  FoundConnectionInserter: insert trace failed for net #26 at corner 22/22 on layer 3, trace width: 1000, from corner: 10, okPoint: (1168115,-1206447), target: (1044865,-1193125)
2026-09-13 11:34:25.243 DEBUG  [2BA1AD\1B1928] Autorouter Failed to route connection between polylinetrace, via, pin #5 of component #20 and pin #5 of component #21, because the new connection could not be inserted.
2026-09-13 11:34:25.243 DEBUG  [2BA1AD\1B1928] Pass #9: Failed to route Pin on net 'RING_RETURN' (14 items remaining, 9 failures). State: FAILED
2026-09-13 11:34:25.796 INFO   [2BA1AD\1B1928] Auto-routing pass #9 on board 'ac8263d4d5cad0839dd850396fd1ac86' was completed in 0.82 seconds with score 571.42 (15 unrouted and 45 violations), using 11.70 CPU seconds and the job allocated 67.01 GB of memory so far.
2026-09-13 11:34:25.985 DEBUG  Queuing item for routing: Via on net '/Eight ring pods/Pod 6 {slash} U24/LOCAL_SCL' (connected: 11/12)
2026-09-13 11:34:25.988 DEBUG  Queuing item for routing: PolylineTrace on net 'RING_nRESET' (connected: 11/14)
2026-09-13 11:34:25.988 DEBUG  Queuing item for routing: PolylineTrace on net '/Eight ring pods/Pod 6 {slash} U24/CELL_TEMP' (connected: 10/11)
2026-09-13 11:34:25.988 DEBUG  Queuing item for routing: PolylineTrace on net '/Eight ring pods/Pod 6 {slash} U24/UART_RX_LOCAL' (connected: 13/14)
2026-09-13 11:34:25.988 DEBUG  Queuing item for routing: Pin on net '/Eight ring pods/Pod 6 {slash} U24/LRA_P' (connected: 3/4)
2026-09-13 11:34:25.988 DEBUG  Queuing item for routing: Pin on net '/Eight ring pods/Pod 6 {slash} U24/LRA_P' (connected: 1/4)
2026-09-13 11:34:25.988 DEBUG  Queuing item for routing: Pin on net 'RING_RETURN' (connected: 3/6)
2026-09-13 11:34:25.988 DEBUG  Queuing item for routing: Pin on net 'RING_RETURN' (connected: 3/6)
2026-09-13 11:34:25.988 DEBUG  Queuing item for routing: Pin on net 'RING_nRESET' (connected: 3/14)
2026-09-13 11:34:25.988 DEBUG  Queuing item for routing: Pin on net 'GND' (connected: 3/42)
2026-09-13 11:34:25.988 DEBUG  Queuing item for routing: Pin on net 'POD_3V3' (connected: 1/49)
2026-09-13 11:34:25.988 DEBUG  Queuing item for routing: Pin on net 'GND' (connected: 1/42)
2026-09-13 11:34:25.988 DEBUG  Queuing item for routing: Pin on net 'GND' (connected: 1/42)
2026-09-13 11:34:25.988 DEBUG  Queuing item for routing: Pin on net '/Eight ring pods/Pod 6 {slash} U24/UART_RX_LOCAL' (connected: 1/14)
2026-09-13 11:34:25.988 DEBUG  Queuing item for routing: Pin on net 'POD_3V3' (connected: 1/49)
2026-09-13 11:34:25.988 DEBUG  Queuing item for routing: Pin on net 'GND' (connected: 1/42)
2026-09-13 11:34:25.988 DEBUG  Queuing item for routing: Pin on net 'GND' (connected: 1/42)
2026-09-13 11:34:25.989 DEBUG  Queuing item for routing: Pin on net 'POD_3V3' (connected: 1/49)
2026-09-13 11:34:25.989 DEBUG  Queuing item for routing: Pin on net '/Eight ring pods/Pod 6 {slash} U24/CELL_TEMP' (connected: 1/11)
2026-09-13 11:34:25.989 DEBUG  Queuing item for routing: Pin on net 'POD_3V3' (connected: 1/49)
2026-09-13 11:34:25.989 DEBUG  Queuing item for routing: Pin on net '/Eight ring pods/Pod 6 {slash} U24/LOCAL_SCL' (connected: 1/12)
2026-09-13 11:34:26.054 DEBUG  [2BA1AD\1B1928] Pass #10: 15 incompletes across 21 items to route
2026-09-13 11:34:26.054 DEBUG  [2BA1AD\1B1928]   Net 'GND' has 5 incomplete(s)
2026-09-13 11:34:26.054 DEBUG  [2BA1AD\1B1928]   Net 'POD_3V3' has 4 incomplete(s)
2026-09-13 11:34:26.054 DEBUG  [2BA1AD\1B1928]   Net '/Eight ring pods/Pod 6 {slash} U24/UART_RX_LOCAL' has 1 incomplete(s)
2026-09-13 11:34:26.054 DEBUG  [2BA1AD\1B1928]   Net '/Eight ring pods/Pod 6 {slash} U24/LOCAL_SCL' has 1 incomplete(s)
2026-09-13 11:34:26.054 DEBUG  [2BA1AD\1B1928]   Net '/Eight ring pods/Pod 6 {slash} U24/CELL_TEMP' has 1 incomplete(s)
2026-09-13 11:34:26.054 DEBUG  [2BA1AD\1B1928]   Net 'RING_nRESET' has 1 incomplete(s)
2026-09-13 11:34:26.054 DEBUG  [2BA1AD\1B1928]   Net 'RING_RETURN' has 1 incomplete(s)
2026-09-13 11:34:26.054 DEBUG  [2BA1AD\1B1928]   Net '/Eight ring pods/Pod 6 {slash} U24/LRA_P' has 1 incomplete(s)
2026-09-13 11:34:26.227 DEBUG  FoundConnectionInserter: insert trace failed for net #28 at corner 4/4 on layer 0, trace width: 1000, from corner: 3, okPoint: (1169108,-1178892), target: (1165000,-1183000)
2026-09-13 11:34:26.236 DEBUG  [2BA1AD\1B1928] Autorouter Failed to route connection between pin #2 of component #22 and polylinetrace, via, pin of component #23, because the new connection could not be inserted.
2026-09-13 11:34:26.236 DEBUG  [2BA1AD\1B1928] Pass #10: Failed to route Pin on net '/Eight ring pods/Pod 6 {slash} U24/LRA_P' (17 items remaining, 10 failures). State: FAILED
2026-09-13 11:34:26.237 DEBUG  FoundConnectionInserter: insert trace failed for net #28 at corner 6/6 on layer 0, trace width: 1000, from corner: 0, okPoint: (1165000,-1183000), target: (1176733,-1178892)
2026-09-13 11:34:26.247 DEBUG  [2BA1AD\1B1928] Autorouter Failed to route connection between via, polylinetrace, polylinetrace, via, pin of component #23 and pin #2 of component #22, because the new connection could not be inserted.
2026-09-13 11:34:26.247 DEBUG  [2BA1AD\1B1928] Pass #10: Failed to route Pin on net '/Eight ring pods/Pod 6 {slash} U24/LRA_P' (16 items remaining, 10 failures). State: FAILED
2026-09-13 11:34:26.276 DEBUG  FoundConnectionInserter: insert trace failed for net #26 at corner 22/22 on layer 3, trace width: 1000, from corner: 10, okPoint: (1168114,-1206447), target: (1044865,-1193125)
2026-09-13 11:34:26.286 DEBUG  [2BA1AD\1B1928] Autorouter Failed to route connection between polylinetrace, via, pin #5 of component #20 and pin #5 of component #21, because the new connection could not be inserted.
2026-09-13 11:34:26.286 DEBUG  [2BA1AD\1B1928] Pass #10: Failed to route Pin on net 'RING_RETURN' (15 items remaining, 10 failures). State: FAILED
2026-09-13 11:34:26.374 DEBUG  FoundConnectionInserter: insert trace failed for net #12 at corner 45/45 on layer 3, trace width: 1000, from corner: 20, okPoint: (1040735,-1060278), target: (1130149,-979681)
2026-09-13 11:34:26.383 DEBUG  [2BA1AD\1B1928] Autorouter Failed to route connection between polylinetrace, polylinetrace, via, polylinetrace, via, polylinetrace, polylinetrace, polylinetrace, pin #3 of component #21, pin #4 of component #18, pin #3 of component #13 and polylinetrace, via, pin #3 of component #20, because the new connection could not be inserted.
2026-09-13 11:34:26.383 DEBUG  [2BA1AD\1B1928] Pass #10: Failed to route Pin on net 'RING_nRESET' (13 items remaining, 7 failures). State: FAILED
2026-09-13 11:34:26.684 DEBUG  FoundConnectionInserter: insert trace failed for net #2 at corner 13/13 on layer 3, trace width: 1000, from corner: 8, okPoint: (1098869,-967551), target: (1083127,-970775)
2026-09-13 11:34:26.693 DEBUG  [2BA1AD\1B1928] Autorouter Failed to route connection between pin of component #18 and polylinetrace, via, polylinetrace, polylinetrace, via, via, via, via, via, via, via, via, polylinetrace, polylinetrace, polylinetrace, polylinetrace, polylinetrace, polylinetrace, polylinetrace, polylinetrace, polylinetrace, polylinetrace, polylinetrace, polylinetrace, polylinetrace, polylinetrace, polylinetrace, polylinetrace, polylinetrace, polylinetrace, polylinetrace, polylinetrace, pin #7 of component #22, pin #4 of component #22, pin of component #21, pin of component #20, pin of component #17, pin of component #16, pin #8 of component #13, pin of component #12, pin of component #11, pin of component #10, pin of component #7, pin of component #6, pin of component #4, pin of component #3, pin of component #1, conductionarea, because the new connection could not be inserted.
2026-09-13 11:34:26.693 DEBUG  [2BA1AD\1B1928] Pass #10: Failed to route Pin on net 'POD_3V3' (11 items remaining, 6 failures). State: FAILED
2026-09-13 11:34:27.072 INFO   [2BA1AD\1B1928] Auto-routing pass #10 on board '324067aa36f098fee338616a0bb92091' was completed in 1.09 seconds with score 589.28 (14 unrouted and 45 violations), using 13.59 CPU seconds and the job allocated 80.05 GB of memory so far.
2026-09-13 11:34:27.265 DEBUG  Queuing item for routing: Via on net '/Eight ring pods/Pod 6 {slash} U24/LOCAL_SCL' (connected: 11/12)
2026-09-13 11:34:27.267 DEBUG  Queuing item for routing: PolylineTrace on net 'RING_nRESET' (connected: 11/14)
2026-09-13 11:34:27.267 DEBUG  Queuing item for routing: PolylineTrace on net '/Eight ring pods/Pod 6 {slash} U24/UART_RX_LOCAL' (connected: 13/14)
2026-09-13 11:34:27.267 DEBUG  Queuing item for routing: Pin on net '/Eight ring pods/Pod 6 {slash} U24/LRA_P' (connected: 3/4)
2026-09-13 11:34:27.267 DEBUG  Queuing item for routing: Pin on net '/Eight ring pods/Pod 6 {slash} U24/LRA_P' (connected: 1/4)
2026-09-13 11:34:27.267 DEBUG  Queuing item for routing: Pin on net 'RING_RETURN' (connected: 3/6)
2026-09-13 11:34:27.268 DEBUG  Queuing item for routing: Pin on net 'RING_RETURN' (connected: 3/6)
2026-09-13 11:34:27.268 DEBUG  Queuing item for routing: Pin on net 'RING_nRESET' (connected: 3/14)
2026-09-13 11:34:27.268 DEBUG  Queuing item for routing: Pin on net 'GND' (connected: 3/42)
2026-09-13 11:34:27.268 DEBUG  Queuing item for routing: Pin on net 'POD_3V3' (connected: 1/49)
2026-09-13 11:34:27.268 DEBUG  Queuing item for routing: Pin on net 'GND' (connected: 1/42)
2026-09-13 11:34:27.268 DEBUG  Queuing item for routing: Pin on net 'GND' (connected: 1/42)
2026-09-13 11:34:27.268 DEBUG  Queuing item for routing: Pin on net '/Eight ring pods/Pod 6 {slash} U24/UART_RX_LOCAL' (connected: 1/14)
2026-09-13 11:34:27.268 DEBUG  Queuing item for routing: Pin on net 'POD_3V3' (connected: 1/49)
2026-09-13 11:34:27.268 DEBUG  Queuing item for routing: Pin on net 'GND' (connected: 1/42)
2026-09-13 11:34:27.268 DEBUG  Queuing item for routing: Pin on net 'GND' (connected: 1/42)
2026-09-13 11:34:27.268 DEBUG  Queuing item for routing: Pin on net 'POD_3V3' (connected: 1/49)
2026-09-13 11:34:27.268 DEBUG  Queuing item for routing: Pin on net 'POD_3V3' (connected: 1/49)
2026-09-13 11:34:27.268 DEBUG  Queuing item for routing: Pin on net '/Eight ring pods/Pod 6 {slash} U24/LOCAL_SCL' (connected: 1/12)
2026-09-13 11:34:27.334 DEBUG  [2BA1AD\1B1928] Pass #11: 14 incompletes across 19 items to route
2026-09-13 11:34:27.334 DEBUG  [2BA1AD\1B1928]   Net 'GND' has 5 incomplete(s)
2026-09-13 11:34:27.334 DEBUG  [2BA1AD\1B1928]   Net 'POD_3V3' has 4 incomplete(s)
2026-09-13 11:34:27.334 DEBUG  [2BA1AD\1B1928]   Net '/Eight ring pods/Pod 6 {slash} U24/UART_RX_LOCAL' has 1 incomplete(s)
2026-09-13 11:34:27.334 DEBUG  [2BA1AD\1B1928]   Net '/Eight ring pods/Pod 6 {slash} U24/LOCAL_SCL' has 1 incomplete(s)
2026-09-13 11:34:27.334 DEBUG  [2BA1AD\1B1928]   Net 'RING_nRESET' has 1 incomplete(s)
2026-09-13 11:34:27.334 DEBUG  [2BA1AD\1B1928]   Net 'RING_RETURN' has 1 incomplete(s)
2026-09-13 11:34:27.334 DEBUG  [2BA1AD\1B1928]   Net '/Eight ring pods/Pod 6 {slash} U24/LRA_P' has 1 incomplete(s)
2026-09-13 11:34:27.442 DEBUG  FoundConnectionInserter: insert trace failed for net #12 at corner 40/40 on layer 3, trace width: 1000, from corner: 4, okPoint: (1118267,-967566), target: (1060801,-1165551)
2026-09-13 11:34:27.453 DEBUG  [2BA1AD\1B1928] Autorouter Failed to route connection between polylinetrace, via, pin #3 of component #20 and polylinetrace, polylinetrace, via, polylinetrace, via, polylinetrace, polylinetrace, polylinetrace, pin #3 of component #21, pin #4 of component #18, pin #3 of component #13, because the new connection could not be inserted.
2026-09-13 11:34:27.453 DEBUG  [2BA1AD\1B1928] Pass #11: Failed to route PolylineTrace on net 'RING_nRESET' (18 items remaining, 6 failures). State: FAILED
2026-09-13 11:34:27.474 DEBUG  FoundConnectionInserter: insert trace failed for net #28 at corner 4/4 on layer 0, trace width: 1000, from corner: 3, okPoint: (1169108,-1178892), target: (1165000,-1183000)
2026-09-13 11:34:27.484 DEBUG  [2BA1AD\1B1928] Autorouter Failed to route connection between pin #2 of component #22 and polylinetrace, via, pin of component #23, because the new connection could not be inserted.
2026-09-13 11:34:27.484 DEBUG  [2BA1AD\1B1928] Pass #11: Failed to route Pin on net '/Eight ring pods/Pod 6 {slash} U24/LRA_P' (16 items remaining, 11 failures). State: FAILED
2026-09-13 11:34:27.485 DEBUG  FoundConnectionInserter: insert trace failed for net #28 at corner 6/6 on layer 0, trace width: 1000, from corner: 0, okPoint: (1165000,-1183000), target: (1176733,-1178892)
2026-09-13 11:34:27.494 DEBUG  [2BA1AD\1B1928] Autorouter Failed to route connection between via, polylinetrace, polylinetrace, via, pin of component #23 and pin #2 of component #22, because the new connection could not be inserted.
2026-09-13 11:34:27.494 DEBUG  [2BA1AD\1B1928] Pass #11: Failed to route Pin on net '/Eight ring pods/Pod 6 {slash} U24/LRA_P' (15 items remaining, 11 failures). State: FAILED
2026-09-13 11:34:27.523 DEBUG  FoundConnectionInserter: insert trace failed for net #26 at corner 22/22 on layer 3, trace width: 1000, from corner: 10, okPoint: (1168114,-1206447), target: (1044865,-1193125)
2026-09-13 11:34:27.532 DEBUG  [2BA1AD\1B1928] Autorouter Failed to route connection between polylinetrace, via, pin #5 of component #20 and pin #5 of component #21, because the new connection could not be inserted.
2026-09-13 11:34:27.532 DEBUG  [2BA1AD\1B1928] Pass #11: Failed to route Pin on net 'RING_RETURN' (14 items remaining, 11 failures). State: FAILED
2026-09-13 11:34:27.611 DEBUG  FoundConnectionInserter: insert trace failed for net #12 at corner 43/43 on layer 3, trace width: 1000, from corner: 20, okPoint: (1040735,-1060278), target: (1163460,-974023)
2026-09-13 11:34:27.621 DEBUG  [2BA1AD\1B1928] Autorouter Failed to route connection between via, polylinetrace, polylinetrace, via, polylinetrace, via, polylinetrace, polylinetrace, polylinetrace, pin #3 of component #21, pin #4 of component #18, pin #3 of component #13 and polylinetrace, via, pin #3 of component #20, because the new connection could not be inserted.
2026-09-13 11:34:27.621 DEBUG  [2BA1AD\1B1928] Pass #11: Failed to route Pin on net 'RING_nRESET' (12 items remaining, 8 failures). State: FAILED
2026-09-13 11:34:27.852 DEBUG  FoundConnectionInserter: insert trace failed for net #2 at corner 18/18 on layer 3, trace width: 1000, from corner: 13, okPoint: (1098869,-967581), target: (1083127,-970775)
2026-09-13 11:34:27.862 DEBUG  [2BA1AD\1B1928] Autorouter Failed to route connection between pin of component #18 and polylinetrace, via, polylinetrace, polylinetrace, via, via, via, via, via, via, via, via, polylinetrace, polylinetrace, polylinetrace, polylinetrace, polylinetrace, polylinetrace, polylinetrace, polylinetrace, polylinetrace, polylinetrace, polylinetrace, polylinetrace, polylinetrace, polylinetrace, polylinetrace, polylinetrace, polylinetrace, polylinetrace, polylinetrace, polylinetrace, pin #7 of component #22, pin #4 of component #22, pin of component #21, pin of component #20, pin of component #17, pin of component #16, pin #8 of component #13, pin of component #12, pin of component #11, pin of component #10, pin of component #7, pin of component #6, pin of component #4, pin of component #3, pin of component #1, conductionarea, because the new connection could not be inserted.
2026-09-13 11:34:27.862 DEBUG  [2BA1AD\1B1928] Pass #11: Failed to route Pin on net 'POD_3V3' (10 items remaining, 7 failures). State: FAILED
2026-09-13 11:34:28.247 INFO   [2BA1AD\1B1928] Auto-routing pass #11 on board '9c5aba6a0c9f6ed39d6d34862a84e8d4' was completed in 0.98 seconds with score 589.28 (14 unrouted and 45 violations), using 14.59 CPU seconds and the job allocated 86.48 GB of memory so far.
2026-09-13 11:34:28.346 DEBUG  [2BA1AD\1B1928] Applied one-time fanout recovery cleanup (removed fanout tails/vias). Incompletes: 14 -> 14.
2026-09-13 11:34:28.526 DEBUG  Queuing item for routing: Via on net '/Eight ring pods/Pod 6 {slash} U24/LOCAL_SCL' (connected: 11/12)
2026-09-13 11:34:28.528 DEBUG  Queuing item for routing: PolylineTrace on net 'RING_nRESET' (connected: 11/12)
2026-09-13 11:34:28.528 DEBUG  Queuing item for routing: PolylineTrace on net '/Eight ring pods/Pod 6 {slash} U24/UART_RX_LOCAL' (connected: 13/14)
2026-09-13 11:34:28.528 DEBUG  Queuing item for routing: Pin on net '/Eight ring pods/Pod 6 {slash} U24/LRA_P' (connected: 1/2)
2026-09-13 11:34:28.528 DEBUG  Queuing item for routing: Pin on net '/Eight ring pods/Pod 6 {slash} U24/LRA_P' (connected: 1/2)
2026-09-13 11:34:28.528 DEBUG  Queuing item for routing: Pin on net 'RING_RETURN' (connected: 1/2)
2026-09-13 11:34:28.529 DEBUG  Queuing item for routing: Pin on net 'RING_RETURN' (connected: 1/2)
2026-09-13 11:34:28.529 DEBUG  Queuing item for routing: Pin on net 'RING_nRESET' (connected: 1/12)
2026-09-13 11:34:28.529 DEBUG  Queuing item for routing: Pin on net 'GND' (connected: 3/42)
2026-09-13 11:34:28.529 DEBUG  Queuing item for routing: Pin on net 'POD_3V3' (connected: 1/49)
2026-09-13 11:34:28.529 DEBUG  Queuing item for routing: Pin on net 'GND' (connected: 1/42)
2026-09-13 11:34:28.529 DEBUG  Queuing item for routing: Pin on net 'GND' (connected: 1/42)
2026-09-13 11:34:28.529 DEBUG  Queuing item for routing: Pin on net '/Eight ring pods/Pod 6 {slash} U24/UART_RX_LOCAL' (connected: 1/14)
2026-09-13 11:34:28.529 DEBUG  Queuing item for routing: Pin on net 'POD_3V3' (connected: 1/49)
2026-09-13 11:34:28.529 DEBUG  Queuing item for routing: Pin on net 'GND' (connected: 1/42)
2026-09-13 11:34:28.529 DEBUG  Queuing item for routing: Pin on net 'GND' (connected: 1/42)
2026-09-13 11:34:28.529 DEBUG  Queuing item for routing: Pin on net 'POD_3V3' (connected: 1/49)
2026-09-13 11:34:28.529 DEBUG  Queuing item for routing: Pin on net 'POD_3V3' (connected: 1/49)
2026-09-13 11:34:28.529 DEBUG  Queuing item for routing: Pin on net '/Eight ring pods/Pod 6 {slash} U24/LOCAL_SCL' (connected: 1/12)
2026-09-13 11:34:28.595 DEBUG  [2BA1AD\1B1928] Pass #12: 14 incompletes across 19 items to route
2026-09-13 11:34:28.595 DEBUG  [2BA1AD\1B1928]   Net 'GND' has 5 incomplete(s)
2026-09-13 11:34:28.595 DEBUG  [2BA1AD\1B1928]   Net 'POD_3V3' has 4 incomplete(s)
2026-09-13 11:34:28.595 DEBUG  [2BA1AD\1B1928]   Net '/Eight ring pods/Pod 6 {slash} U24/UART_RX_LOCAL' has 1 incomplete(s)
2026-09-13 11:34:28.595 DEBUG  [2BA1AD\1B1928]   Net '/Eight ring pods/Pod 6 {slash} U24/LOCAL_SCL' has 1 incomplete(s)
2026-09-13 11:34:28.595 DEBUG  [2BA1AD\1B1928]   Net 'RING_nRESET' has 1 incomplete(s)
2026-09-13 11:34:28.595 DEBUG  [2BA1AD\1B1928]   Net 'RING_RETURN' has 1 incomplete(s)
2026-09-13 11:34:28.595 DEBUG  [2BA1AD\1B1928]   Net '/Eight ring pods/Pod 6 {slash} U24/LRA_P' has 1 incomplete(s)
2026-09-13 11:34:28.727 DEBUG  [2BA1AD\1B1928] Autorouter Failed to route connection between pin #2 of component #22 and pin of component #23, because no connection was found between their nets.
2026-09-13 11:34:28.727 DEBUG  [2BA1AD\1B1928] Pass #12: Failed to route Pin on net '/Eight ring pods/Pod 6 {slash} U24/LRA_P' (16 items remaining, 12 failures). State: FAILED
2026-09-13 11:34:28.856 DEBUG  [2BA1AD\1B1928] Autorouter Failed to route connection between pin of component #23 and pin #2 of component #22, because no connection was found between their nets.
2026-09-13 11:34:28.856 DEBUG  [2BA1AD\1B1928] Pass #12: Failed to route Pin on net '/Eight ring pods/Pod 6 {slash} U24/LRA_P' (15 items remaining, 12 failures). State: FAILED
2026-09-13 11:34:28.983 DEBUG  [2BA1AD\1B1928] Autorouter Failed to route connection between pin #5 of component #20 and pin #5 of component #21, because no connection was found between their nets.
2026-09-13 11:34:28.983 DEBUG  [2BA1AD\1B1928] Pass #12: Failed to route Pin on net 'RING_RETURN' (14 items remaining, 12 failures). State: FAILED
2026-09-13 11:34:29.009 DEBUG  [2BA1AD\1B1928] Autorouter Failed to route connection between pin #5 of component #21 and pin #5 of component #20, because no connection was found between their nets.
2026-09-13 11:34:29.009 DEBUG  [2BA1AD\1B1928] Pass #12: Failed to route Pin on net 'RING_RETURN' (13 items remaining, 7 failures). State: FAILED
2026-09-13 11:34:29.735 DEBUG  [2BA1AD\1B1928] Restoring an earlier board that has the score of 589.28 (14 unrouted and 45 violations).
2026-09-13 11:34:29.735 INFO   [2BA1AD\1B1928] Auto-routing pass #12 on board 'b5fa4822e7579d717ddaffddcadcb379' was completed in 1.21 seconds with score 589.28 (14 unrouted and 45 violations), using 15.58 CPU seconds and the job allocated 92.57 GB of memory so far.
2026-09-13 11:34:29.836 DEBUG  Queuing item for routing: Via on net '/Eight ring pods/Pod 6 {slash} U24/LOCAL_SCL' (connected: 11/12)
2026-09-13 11:34:29.839 DEBUG  Queuing item for routing: PolylineTrace on net 'RING_nRESET' (connected: 11/12)
2026-09-13 11:34:29.839 DEBUG  Queuing item for routing: PolylineTrace on net '/Eight ring pods/Pod 6 {slash} U24/UART_RX_LOCAL' (connected: 13/14)
2026-09-13 11:34:29.839 DEBUG  Queuing item for routing: Pin on net '/Eight ring pods/Pod 6 {slash} U24/LRA_P' (connected: 1/2)
2026-09-13 11:34:29.839 DEBUG  Queuing item for routing: Pin on net '/Eight ring pods/Pod 6 {slash} U24/LRA_P' (connected: 1/2)
2026-09-13 11:34:29.839 DEBUG  Queuing item for routing: Pin on net 'RING_RETURN' (connected: 1/2)
2026-09-13 11:34:29.839 DEBUG  Queuing item for routing: Pin on net 'RING_RETURN' (connected: 1/2)
2026-09-13 11:34:29.839 DEBUG  Queuing item for routing: Pin on net 'RING_nRESET' (connected: 1/12)
2026-09-13 11:34:29.839 DEBUG  Queuing item for routing: Pin on net 'GND' (connected: 3/42)
2026-09-13 11:34:29.839 DEBUG  Queuing item for routing: Pin on net 'POD_3V3' (connected: 1/49)
2026-09-13 11:34:29.839 DEBUG  Queuing item for routing: Pin on net 'GND' (connected: 1/42)
2026-09-13 11:34:29.839 DEBUG  Queuing item for routing: Pin on net 'GND' (connected: 1/42)
2026-09-13 11:34:29.839 DEBUG  Queuing item for routing: Pin on net '/Eight ring pods/Pod 6 {slash} U24/UART_RX_LOCAL' (connected: 1/14)
2026-09-13 11:34:29.839 DEBUG  Queuing item for routing: Pin on net 'POD_3V3' (connected: 1/49)
2026-09-13 11:34:29.839 DEBUG  Queuing item for routing: Pin on net 'GND' (connected: 1/42)
2026-09-13 11:34:29.839 DEBUG  Queuing item for routing: Pin on net 'GND' (connected: 1/42)
2026-09-13 11:34:29.839 DEBUG  Queuing item for routing: Pin on net 'POD_3V3' (connected: 1/49)
2026-09-13 11:34:29.839 DEBUG  Queuing item for routing: Pin on net 'POD_3V3' (connected: 1/49)
2026-09-13 11:34:29.839 DEBUG  Queuing item for routing: Pin on net '/Eight ring pods/Pod 6 {slash} U24/LOCAL_SCL' (connected: 1/12)
2026-09-13 11:34:29.904 DEBUG  [2BA1AD\1B1928] Pass #13: 14 incompletes across 19 items to route
2026-09-13 11:34:29.904 DEBUG  [2BA1AD\1B1928]   Net 'GND' has 5 incomplete(s)
2026-09-13 11:34:29.904 DEBUG  [2BA1AD\1B1928]   Net 'POD_3V3' has 4 incomplete(s)
2026-09-13 11:34:29.904 DEBUG  [2BA1AD\1B1928]   Net '/Eight ring pods/Pod 6 {slash} U24/UART_RX_LOCAL' has 1 incomplete(s)
2026-09-13 11:34:29.904 DEBUG  [2BA1AD\1B1928]   Net '/Eight ring pods/Pod 6 {slash} U24/LOCAL_SCL' has 1 incomplete(s)
2026-09-13 11:34:29.904 DEBUG  [2BA1AD\1B1928]   Net 'RING_nRESET' has 1 incomplete(s)
2026-09-13 11:34:29.904 DEBUG  [2BA1AD\1B1928]   Net 'RING_RETURN' has 1 incomplete(s)
2026-09-13 11:34:29.904 DEBUG  [2BA1AD\1B1928]   Net '/Eight ring pods/Pod 6 {slash} U24/LRA_P' has 1 incomplete(s)
2026-09-13 11:34:30.039 DEBUG  [2BA1AD\1B1928] Autorouter Failed to route connection between pin #2 of component #22 and pin of component #23, because no connection was found between their nets.
2026-09-13 11:34:30.039 DEBUG  [2BA1AD\1B1928] Pass #13: Failed to route Pin on net '/Eight ring pods/Pod 6 {slash} U24/LRA_P' (16 items remaining, 12 failures). State: FAILED
2026-09-13 11:34:30.172 DEBUG  [2BA1AD\1B1928] Autorouter Failed to route connection between pin of component #23 and pin #2 of component #22, because no connection was found between their nets.
2026-09-13 11:34:30.172 DEBUG  [2BA1AD\1B1928] Pass #13: Failed to route Pin on net '/Eight ring pods/Pod 6 {slash} U24/LRA_P' (15 items remaining, 12 failures). State: FAILED
2026-09-13 11:34:30.316 DEBUG  [2BA1AD\1B1928] Autorouter Failed to route connection between pin #5 of component #20 and pin #5 of component #21, because no connection was found between their nets.
2026-09-13 11:34:30.316 DEBUG  [2BA1AD\1B1928] Pass #13: Failed to route Pin on net 'RING_RETURN' (14 items remaining, 12 failures). State: FAILED
2026-09-13 11:34:30.330 DEBUG  [2BA1AD\1B1928] Autorouter Failed to route connection between pin #5 of component #21 and pin #5 of component #20, because no connection was found between their nets.
2026-09-13 11:34:30.330 DEBUG  [2BA1AD\1B1928] Pass #13: Failed to route Pin on net 'RING_RETURN' (13 items remaining, 7 failures). State: FAILED
2026-09-13 11:34:30.945 INFO   [2BA1AD\1B1928] Auto-routing pass #13 on board 'b5fa4822e7579d717ddaffddcadcb379' was completed in 1.11 seconds with score 571.42 (15 unrouted and 45 violations), using 17.50 CPU seconds and the job allocated 105.44 GB of memory so far.
2026-09-13 11:34:31.125 DEBUG  Queuing item for routing: Via on net '/Eight ring pods/Pod 6 {slash} U24/LOCAL_SCL' (connected: 11/12)
2026-09-13 11:34:31.127 DEBUG  Queuing item for routing: PolylineTrace on net 'RING_nRESET' (connected: 11/14)
2026-09-13 11:34:31.127 DEBUG  Queuing item for routing: PolylineTrace on net '/Eight ring pods/Pod 6 {slash} U24/UART_RX_LOCAL' (connected: 13/14)
2026-09-13 11:34:31.127 DEBUG  Queuing item for routing: Pin on net '/Eight ring pods/Pod 6 {slash} U24/LRA_P' (connected: 1/2)
2026-09-13 11:34:31.127 DEBUG  Queuing item for routing: Pin on net '/Eight ring pods/Pod 6 {slash} U24/LRA_P' (connected: 1/2)
2026-09-13 11:34:31.127 DEBUG  Queuing item for routing: Pin on net 'RING_RETURN' (connected: 1/2)
2026-09-13 11:34:31.127 DEBUG  Queuing item for routing: Pin on net 'RING_RETURN' (connected: 1/2)
2026-09-13 11:34:31.127 DEBUG  Queuing item for routing: Pin on net 'RING_nRESET' (connected: 3/14)
2026-09-13 11:34:31.127 DEBUG  Queuing item for routing: Pin on net 'GND' (connected: 3/42)
2026-09-13 11:34:31.127 DEBUG  Queuing item for routing: Pin on net 'POD_3V3' (connected: 1/47)
2026-09-13 11:34:31.127 DEBUG  Queuing item for routing: Pin on net 'GND' (connected: 1/42)
2026-09-13 11:34:31.127 DEBUG  Queuing item for routing: Pin on net 'GND' (connected: 1/42)
2026-09-13 11:34:31.127 DEBUG  Queuing item for routing: Pin on net '/Eight ring pods/Pod 6 {slash} U24/UART_RX_LOCAL' (connected: 1/14)
2026-09-13 11:34:31.128 DEBUG  Queuing item for routing: Pin on net 'POD_3V3' (connected: 1/47)
2026-09-13 11:34:31.128 DEBUG  Queuing item for routing: Pin on net 'GND' (connected: 1/42)
2026-09-13 11:34:31.128 DEBUG  Queuing item for routing: Pin on net 'GND' (connected: 1/42)
2026-09-13 11:34:31.128 DEBUG  Queuing item for routing: Pin on net 'POD_3V3' (connected: 1/47)
2026-09-13 11:34:31.128 DEBUG  Queuing item for routing: Pin on net 'POD_3V3' (connected: 3/47)
2026-09-13 11:34:31.128 DEBUG  Queuing item for routing: Pin on net 'POD_3V3' (connected: 1/47)
2026-09-13 11:34:31.128 DEBUG  Queuing item for routing: Pin on net '/Eight ring pods/Pod 6 {slash} U24/LOCAL_SCL' (connected: 1/12)
2026-09-13 11:34:31.189 DEBUG  [2BA1AD\1B1928] Pass #14: 15 incompletes across 20 items to route
2026-09-13 11:34:31.189 DEBUG  [2BA1AD\1B1928]   Net 'GND' has 5 incomplete(s)
2026-09-13 11:34:31.189 DEBUG  [2BA1AD\1B1928]   Net 'POD_3V3' has 5 incomplete(s)
2026-09-13 11:34:31.189 DEBUG  [2BA1AD\1B1928]   Net '/Eight ring pods/Pod 6 {slash} U24/UART_RX_LOCAL' has 1 incomplete(s)
2026-09-13 11:34:31.189 DEBUG  [2BA1AD\1B1928]   Net '/Eight ring pods/Pod 6 {slash} U24/LOCAL_SCL' has 1 incomplete(s)
2026-09-13 11:34:31.189 DEBUG  [2BA1AD\1B1928]   Net 'RING_nRESET' has 1 incomplete(s)
2026-09-13 11:34:31.189 DEBUG  [2BA1AD\1B1928]   Net 'RING_RETURN' has 1 incomplete(s)
2026-09-13 11:34:31.189 DEBUG  [2BA1AD\1B1928]   Net '/Eight ring pods/Pod 6 {slash} U24/LRA_P' has 1 incomplete(s)
2026-09-13 11:34:31.311 DEBUG  [2BA1AD\1B1928] Autorouter Failed to route connection between pin #2 of component #22 and pin of component #23, because no connection was found between their nets.
2026-09-13 11:34:31.311 DEBUG  [2BA1AD\1B1928] Pass #14: Failed to route Pin on net '/Eight ring pods/Pod 6 {slash} U24/LRA_P' (17 items remaining, 13 failures). State: FAILED
2026-09-13 11:34:31.441 DEBUG  [2BA1AD\1B1928] Autorouter Failed to route connection between pin of component #23 and pin #2 of component #22, because no connection was found between their nets.
2026-09-13 11:34:31.441 DEBUG  [2BA1AD\1B1928] Pass #14: Failed to route Pin on net '/Eight ring pods/Pod 6 {slash} U24/LRA_P' (16 items remaining, 13 failures). State: FAILED
2026-09-13 11:34:31.568 DEBUG  [2BA1AD\1B1928] Autorouter Failed to route connection between pin #5 of component #20 and pin #5 of component #21, because no connection was found between their nets.
2026-09-13 11:34:31.568 DEBUG  [2BA1AD\1B1928] Pass #14: Failed to route Pin on net 'RING_RETURN' (15 items remaining, 13 failures). State: FAILED
2026-09-13 11:34:31.595 DEBUG  [2BA1AD\1B1928] Autorouter Failed to route connection between pin #5 of component #21 and pin #5 of component #20, because no connection was found between their nets.
2026-09-13 11:34:31.595 DEBUG  [2BA1AD\1B1928] Pass #14: Failed to route Pin on net 'RING_RETURN' (14 items remaining, 8 failures). State: FAILED
2026-09-13 11:34:32.322 INFO   [2BA1AD\1B1928] Auto-routing pass #14 on board '22df3b7c90767f41ff706ff2eaa9df3c' was completed in 1.20 seconds with score 571.42 (15 unrouted and 45 violations), using 18.48 CPU seconds and the job allocated 111.91 GB of memory so far.
2026-09-13 11:34:32.499 DEBUG  Queuing item for routing: Via on net '/Eight ring pods/Pod 6 {slash} U24/LOCAL_SCL' (connected: 11/12)
2026-09-13 11:34:32.502 DEBUG  Queuing item for routing: PolylineTrace on net 'RING_nRESET' (connected: 11/14)
2026-09-13 11:34:32.502 DEBUG  Queuing item for routing: PolylineTrace on net '/Eight ring pods/Pod 6 {slash} U24/UART_RX_LOCAL' (connected: 13/14)
2026-09-13 11:34:32.502 DEBUG  Queuing item for routing: Pin on net '/Eight ring pods/Pod 6 {slash} U24/LRA_P' (connected: 1/2)
2026-09-13 11:34:32.502 DEBUG  Queuing item for routing: Pin on net '/Eight ring pods/Pod 6 {slash} U24/LRA_P' (connected: 1/2)
2026-09-13 11:34:32.502 DEBUG  Queuing item for routing: Pin on net 'RING_RETURN' (connected: 1/2)
2026-09-13 11:34:32.502 DEBUG  Queuing item for routing: Pin on net 'RING_RETURN' (connected: 1/2)
2026-09-13 11:34:32.502 DEBUG  Queuing item for routing: Pin on net 'RING_nRESET' (connected: 3/14)
2026-09-13 11:34:32.502 DEBUG  Queuing item for routing: Pin on net 'GND' (connected: 3/42)
2026-09-13 11:34:32.502 DEBUG  Queuing item for routing: Pin on net 'POD_3V3' (connected: 1/47)
2026-09-13 11:34:32.502 DEBUG  Queuing item for routing: Pin on net 'GND' (connected: 1/42)
2026-09-13 11:34:32.502 DEBUG  Queuing item for routing: Pin on net 'GND' (connected: 1/42)
2026-09-13 11:34:32.502 DEBUG  Queuing item for routing: Pin on net '/Eight ring pods/Pod 6 {slash} U24/UART_RX_LOCAL' (connected: 1/14)
2026-09-13 11:34:32.502 DEBUG  Queuing item for routing: Pin on net 'POD_3V3' (connected: 1/47)
2026-09-13 11:34:32.502 DEBUG  Queuing item for routing: Pin on net 'GND' (connected: 1/42)
2026-09-13 11:34:32.502 DEBUG  Queuing item for routing: Pin on net 'GND' (connected: 1/42)
2026-09-13 11:34:32.502 DEBUG  Queuing item for routing: Pin on net 'POD_3V3' (connected: 1/47)
2026-09-13 11:34:32.502 DEBUG  Queuing item for routing: Pin on net 'POD_3V3' (connected: 3/47)
2026-09-13 11:34:32.502 DEBUG  Queuing item for routing: Pin on net 'POD_3V3' (connected: 1/47)
2026-09-13 11:34:32.502 DEBUG  Queuing item for routing: Pin on net '/Eight ring pods/Pod 6 {slash} U24/LOCAL_SCL' (connected: 1/12)
2026-09-13 11:34:32.562 DEBUG  [2BA1AD\1B1928] Pass #15: 15 incompletes across 20 items to route
2026-09-13 11:34:32.562 DEBUG  [2BA1AD\1B1928]   Net 'GND' has 5 incomplete(s)
2026-09-13 11:34:32.562 DEBUG  [2BA1AD\1B1928]   Net 'POD_3V3' has 5 incomplete(s)
2026-09-13 11:34:32.562 DEBUG  [2BA1AD\1B1928]   Net '/Eight ring pods/Pod 6 {slash} U24/UART_RX_LOCAL' has 1 incomplete(s)
2026-09-13 11:34:32.562 DEBUG  [2BA1AD\1B1928]   Net '/Eight ring pods/Pod 6 {slash} U24/LOCAL_SCL' has 1 incomplete(s)
2026-09-13 11:34:32.562 DEBUG  [2BA1AD\1B1928]   Net 'RING_nRESET' has 1 incomplete(s)
2026-09-13 11:34:32.562 DEBUG  [2BA1AD\1B1928]   Net 'RING_RETURN' has 1 incomplete(s)
2026-09-13 11:34:32.562 DEBUG  [2BA1AD\1B1928]   Net '/Eight ring pods/Pod 6 {slash} U24/LRA_P' has 1 incomplete(s)
2026-09-13 11:34:32.682 DEBUG  [2BA1AD\1B1928] Autorouter Failed to route connection between pin #2 of component #22 and pin of component #23, because no connection was found between their nets.
2026-09-13 11:34:32.682 DEBUG  [2BA1AD\1B1928] Pass #15: Failed to route Pin on net '/Eight ring pods/Pod 6 {slash} U24/LRA_P' (17 items remaining, 14 failures). State: FAILED
2026-09-13 11:34:32.814 DEBUG  [2BA1AD\1B1928] Autorouter Failed to route connection between pin of component #23 and pin #2 of component #22, because no connection was found between their nets.
2026-09-13 11:34:32.814 DEBUG  [2BA1AD\1B1928] Pass #15: Failed to route Pin on net '/Eight ring pods/Pod 6 {slash} U24/LRA_P' (16 items remaining, 14 failures). State: FAILED
2026-09-13 11:34:32.946 DEBUG  [2BA1AD\1B1928] Autorouter Failed to route connection between pin #5 of component #20 and pin #5 of component #21, because no connection was found between their nets.
2026-09-13 11:34:32.946 DEBUG  [2BA1AD\1B1928] Pass #15: Failed to route Pin on net 'RING_RETURN' (15 items remaining, 14 failures). State: FAILED
2026-09-13 11:34:32.971 DEBUG  [2BA1AD\1B1928] Autorouter Failed to route connection between pin #5 of component #21 and pin #5 of component #20, because no connection was found between their nets.
2026-09-13 11:34:32.971 DEBUG  [2BA1AD\1B1928] Pass #15: Failed to route Pin on net 'RING_RETURN' (14 items remaining, 9 failures). State: FAILED
2026-09-13 11:34:33.385 DEBUG  FoundConnectionInserter: insert trace failed for net #2 at corner 5/5 on layer 3, trace width: 1000, from corner: 0, okPoint: (1189828,-1066796), target: (1178669,-1040901)
2026-09-13 11:34:33.394 DEBUG  [2BA1AD\1B1928] Autorouter Failed to route connection between polylinetrace, pin of component #7, pin of component #1 and polylinetrace, polylinetrace, via, via, via, via, via, via, via, via, polylinetrace, polylinetrace, polylinetrace, polylinetrace, polylinetrace, polylinetrace, polylinetrace, polylinetrace, polylinetrace, polylinetrace, polylinetrace, polylinetrace, polylinetrace, polylinetrace, polylinetrace, polylinetrace, polylinetrace, polylinetrace, polylinetrace, polylinetrace, pin #7 of component #22, pin #4 of component #22, pin of component #21, pin of component #20, pin of component #18, pin of component #17, pin of component #16, pin #8 of component #13, pin of component #12, pin of component #11, pin of component #10, pin of component #6, pin of component #4, pin of component #3, conductionarea, because the new connection could not be inserted.
2026-09-13 11:34:33.394 DEBUG  [2BA1AD\1B1928] Pass #15: Failed to route Pin on net 'POD_3V3' (3 items remaining, 1 failures). State: FAILED
2026-09-13 11:34:33.669 INFO   [2BA1AD\1B1928] Auto-routing pass #15 on board 'e63624614de00308381cd9b21b75934b' was completed in 1.17 seconds with score 571.42 (15 unrouted and 45 violations), using 19.48 CPU seconds and the job allocated 118.11 GB of memory so far.
2026-09-13 11:34:33.846 DEBUG  Queuing item for routing: Via on net '/Eight ring pods/Pod 6 {slash} U24/LOCAL_SCL' (connected: 11/12)
2026-09-13 11:34:33.849 DEBUG  Queuing item for routing: PolylineTrace on net 'RING_nRESET' (connected: 11/14)
2026-09-13 11:34:33.849 DEBUG  Queuing item for routing: PolylineTrace on net '/Eight ring pods/Pod 6 {slash} U24/UART_RX_LOCAL' (connected: 13/14)
2026-09-13 11:34:33.849 DEBUG  Queuing item for routing: Pin on net '/Eight ring pods/Pod 6 {slash} U24/LRA_P' (connected: 1/2)
2026-09-13 11:34:33.849 DEBUG  Queuing item for routing: Pin on net '/Eight ring pods/Pod 6 {slash} U24/LRA_P' (connected: 1/2)
2026-09-13 11:34:33.849 DEBUG  Queuing item for routing: Pin on net 'RING_RETURN' (connected: 1/2)
2026-09-13 11:34:33.849 DEBUG  Queuing item for routing: Pin on net 'RING_RETURN' (connected: 1/2)
2026-09-13 11:34:33.849 DEBUG  Queuing item for routing: Pin on net 'RING_nRESET' (connected: 3/14)
2026-09-13 11:34:33.849 DEBUG  Queuing item for routing: Pin on net 'GND' (connected: 3/42)
2026-09-13 11:34:33.849 DEBUG  Queuing item for routing: Pin on net 'POD_3V3' (connected: 1/47)
2026-09-13 11:34:33.849 DEBUG  Queuing item for routing: Pin on net 'GND' (connected: 1/42)
2026-09-13 11:34:33.849 DEBUG  Queuing item for routing: Pin on net 'GND' (connected: 1/42)
2026-09-13 11:34:33.849 DEBUG  Queuing item for routing: Pin on net '/Eight ring pods/Pod 6 {slash} U24/UART_RX_LOCAL' (connected: 1/14)
2026-09-13 11:34:33.849 DEBUG  Queuing item for routing: Pin on net 'POD_3V3' (connected: 1/47)
2026-09-13 11:34:33.849 DEBUG  Queuing item for routing: Pin on net 'GND' (connected: 1/42)
2026-09-13 11:34:33.849 DEBUG  Queuing item for routing: Pin on net 'GND' (connected: 1/42)
2026-09-13 11:34:33.849 DEBUG  Queuing item for routing: Pin on net 'POD_3V3' (connected: 1/47)
2026-09-13 11:34:33.849 DEBUG  Queuing item for routing: Pin on net 'POD_3V3' (connected: 3/47)
2026-09-13 11:34:33.849 DEBUG  Queuing item for routing: Pin on net 'POD_3V3' (connected: 1/47)
2026-09-13 11:34:33.849 DEBUG  Queuing item for routing: Pin on net '/Eight ring pods/Pod 6 {slash} U24/LOCAL_SCL' (connected: 1/12)
2026-09-13 11:34:33.909 DEBUG  [2BA1AD\1B1928] Pass #16: 15 incompletes across 20 items to route
2026-09-13 11:34:33.909 DEBUG  [2BA1AD\1B1928]   Net 'GND' has 5 incomplete(s)
2026-09-13 11:34:33.909 DEBUG  [2BA1AD\1B1928]   Net 'POD_3V3' has 5 incomplete(s)
2026-09-13 11:34:33.909 DEBUG  [2BA1AD\1B1928]   Net '/Eight ring pods/Pod 6 {slash} U24/UART_RX_LOCAL' has 1 incomplete(s)
2026-09-13 11:34:33.909 DEBUG  [2BA1AD\1B1928]   Net '/Eight ring pods/Pod 6 {slash} U24/LOCAL_SCL' has 1 incomplete(s)
2026-09-13 11:34:33.909 DEBUG  [2BA1AD\1B1928]   Net 'RING_nRESET' has 1 incomplete(s)
2026-09-13 11:34:33.909 DEBUG  [2BA1AD\1B1928]   Net 'RING_RETURN' has 1 incomplete(s)
2026-09-13 11:34:33.909 DEBUG  [2BA1AD\1B1928]   Net '/Eight ring pods/Pod 6 {slash} U24/LRA_P' has 1 incomplete(s)
2026-09-13 11:34:34.031 DEBUG  [2BA1AD\1B1928] Autorouter Failed to route connection between pin #2 of component #22 and pin of component #23, because no connection was found between their nets.
2026-09-13 11:34:34.031 DEBUG  [2BA1AD\1B1928] Pass #16: Failed to route Pin on net '/Eight ring pods/Pod 6 {slash} U24/LRA_P' (17 items remaining, 15 failures). State: FAILED
2026-09-13 11:34:34.161 DEBUG  [2BA1AD\1B1928] Autorouter Failed to route connection between pin of component #23 and pin #2 of component #22, because no connection was found between their nets.
2026-09-13 11:34:34.161 DEBUG  [2BA1AD\1B1928] Pass #16: Failed to route Pin on net '/Eight ring pods/Pod 6 {slash} U24/LRA_P' (16 items remaining, 15 failures). State: FAILED
2026-09-13 11:34:34.291 DEBUG  [2BA1AD\1B1928] Autorouter Failed to route connection between pin #5 of component #20 and pin #5 of component #21, because no connection was found between their nets.
2026-09-13 11:34:34.291 DEBUG  [2BA1AD\1B1928] Pass #16: Failed to route Pin on net 'RING_RETURN' (15 items remaining, 15 failures). State: FAILED
2026-09-13 11:34:34.318 DEBUG  [2BA1AD\1B1928] Autorouter Failed to route connection between pin #5 of component #21 and pin #5 of component #20, because no connection was found between their nets.
2026-09-13 11:34:34.318 DEBUG  [2BA1AD\1B1928] Pass #16: Failed to route Pin on net 'RING_RETURN' (14 items remaining, 10 failures). State: FAILED
2026-09-13 11:34:34.723 DEBUG  FoundConnectionInserter: insert trace failed for net #2 at corner 5/5 on layer 3, trace width: 1000, from corner: 0, okPoint: (1189828,-1066796), target: (1178669,-1040901)
2026-09-13 11:34:34.732 DEBUG  [2BA1AD\1B1928] Autorouter Failed to route connection between polylinetrace, pin of component #7, pin of component #1 and polylinetrace, polylinetrace, via, via, via, via, via, via, via, via, polylinetrace, polylinetrace, polylinetrace, polylinetrace, polylinetrace, polylinetrace, polylinetrace, polylinetrace, polylinetrace, polylinetrace, polylinetrace, polylinetrace, polylinetrace, polylinetrace, polylinetrace, polylinetrace, polylinetrace, polylinetrace, polylinetrace, polylinetrace, pin #7 of component #22, pin #4 of component #22, pin of component #21, pin of component #20, pin of component #18, pin of component #17, pin of component #16, pin #8 of component #13, pin of component #12, pin of component #11, pin of component #10, pin of component #6, pin of component #4, pin of component #3, conductionarea, because the new connection could not be inserted.
2026-09-13 11:34:34.732 DEBUG  [2BA1AD\1B1928] Pass #16: Failed to route Pin on net 'POD_3V3' (3 items remaining, 2 failures). State: FAILED
2026-09-13 11:34:35.099 DEBUG  [2BA1AD\1B1928] Restoring an earlier board that has the score of 589.28 (14 unrouted and 45 violations).
2026-09-13 11:34:35.100 INFO   [2BA1AD\1B1928] Auto-routing pass #16 on board 'b5fa4822e7579d717ddaffddcadcb379' was completed in 0.00 seconds with score 589.28 (14 unrouted and 45 violations), using 21.42 CPU seconds and the job allocated 131.45 GB of memory so far.
2026-09-13 11:34:35.201 DEBUG  Queuing item for routing: Via on net '/Eight ring pods/Pod 6 {slash} U24/LOCAL_SCL' (connected: 11/12)
2026-09-13 11:34:35.203 DEBUG  Queuing item for routing: PolylineTrace on net 'RING_nRESET' (connected: 11/12)
2026-09-13 11:34:35.203 DEBUG  Queuing item for routing: PolylineTrace on net '/Eight ring pods/Pod 6 {slash} U24/UART_RX_LOCAL' (connected: 13/14)
2026-09-13 11:34:35.203 DEBUG  Queuing item for routing: Pin on net '/Eight ring pods/Pod 6 {slash} U24/LRA_P' (connected: 1/2)
2026-09-13 11:34:35.203 DEBUG  Queuing item for routing: Pin on net '/Eight ring pods/Pod 6 {slash} U24/LRA_P' (connected: 1/2)
2026-09-13 11:34:35.203 DEBUG  Queuing item for routing: Pin on net 'RING_RETURN' (connected: 1/2)
2026-09-13 11:34:35.203 DEBUG  Queuing item for routing: Pin on net 'RING_RETURN' (connected: 1/2)
2026-09-13 11:34:35.203 DEBUG  Queuing item for routing: Pin on net 'RING_nRESET' (connected: 1/12)
2026-09-13 11:34:35.203 DEBUG  Queuing item for routing: Pin on net 'GND' (connected: 3/42)
2026-09-13 11:34:35.203 DEBUG  Queuing item for routing: Pin on net 'POD_3V3' (connected: 1/49)
2026-09-13 11:34:35.203 DEBUG  Queuing item for routing: Pin on net 'GND' (connected: 1/42)
2026-09-13 11:34:35.203 DEBUG  Queuing item for routing: Pin on net 'GND' (connected: 1/42)
2026-09-13 11:34:35.203 DEBUG  Queuing item for routing: Pin on net '/Eight ring pods/Pod 6 {slash} U24/UART_RX_LOCAL' (connected: 1/14)
2026-09-13 11:34:35.203 DEBUG  Queuing item for routing: Pin on net 'POD_3V3' (connected: 1/49)
2026-09-13 11:34:35.203 DEBUG  Queuing item for routing: Pin on net 'GND' (connected: 1/42)
2026-09-13 11:34:35.203 DEBUG  Queuing item for routing: Pin on net 'GND' (connected: 1/42)
2026-09-13 11:34:35.203 DEBUG  Queuing item for routing: Pin on net 'POD_3V3' (connected: 1/49)
2026-09-13 11:34:35.203 DEBUG  Queuing item for routing: Pin on net 'POD_3V3' (connected: 1/49)
2026-09-13 11:34:35.203 DEBUG  Queuing item for routing: Pin on net '/Eight ring pods/Pod 6 {slash} U24/LOCAL_SCL' (connected: 1/12)
2026-09-13 11:34:35.269 DEBUG  [2BA1AD\1B1928] Pass #17: 14 incompletes across 19 items to route
2026-09-13 11:34:35.269 DEBUG  [2BA1AD\1B1928]   Net 'GND' has 5 incomplete(s)
2026-09-13 11:34:35.269 DEBUG  [2BA1AD\1B1928]   Net 'POD_3V3' has 4 incomplete(s)
2026-09-13 11:34:35.269 DEBUG  [2BA1AD\1B1928]   Net '/Eight ring pods/Pod 6 {slash} U24/UART_RX_LOCAL' has 1 incomplete(s)
2026-09-13 11:34:35.269 DEBUG  [2BA1AD\1B1928]   Net '/Eight ring pods/Pod 6 {slash} U24/LOCAL_SCL' has 1 incomplete(s)
2026-09-13 11:34:35.269 DEBUG  [2BA1AD\1B1928]   Net 'RING_nRESET' has 1 incomplete(s)
2026-09-13 11:34:35.269 DEBUG  [2BA1AD\1B1928]   Net 'RING_RETURN' has 1 incomplete(s)
2026-09-13 11:34:35.269 DEBUG  [2BA1AD\1B1928]   Net '/Eight ring pods/Pod 6 {slash} U24/LRA_P' has 1 incomplete(s)
2026-09-13 11:34:35.402 DEBUG  [2BA1AD\1B1928] Autorouter Failed to route connection between pin #2 of component #22 and pin of component #23, because no connection was found between their nets.
2026-09-13 11:34:35.404 DEBUG  [2BA1AD\1B1928] Pass #17: Failed to route Pin on net '/Eight ring pods/Pod 6 {slash} U24/LRA_P' (16 items remaining, 12 failures). State: FAILED
2026-09-13 11:34:35.534 DEBUG  [2BA1AD\1B1928] Autorouter Failed to route connection between pin of component #23 and pin #2 of component #22, because no connection was found between their nets.
2026-09-13 11:34:35.534 DEBUG  [2BA1AD\1B1928] Pass #17: Failed to route Pin on net '/Eight ring pods/Pod 6 {slash} U24/LRA_P' (15 items remaining, 12 failures). State: FAILED
2026-09-13 11:34:35.672 DEBUG  [2BA1AD\1B1928] Autorouter Failed to route connection between pin #5 of component #20 and pin #5 of component #21, because no connection was found between their nets.
2026-09-13 11:34:35.672 DEBUG  [2BA1AD\1B1928] Pass #17: Failed to route Pin on net 'RING_RETURN' (14 items remaining, 12 failures). State: FAILED
2026-09-13 11:34:35.686 DEBUG  [2BA1AD\1B1928] Autorouter Failed to route connection between pin #5 of component #21 and pin #5 of component #20, because no connection was found between their nets.
2026-09-13 11:34:35.686 DEBUG  [2BA1AD\1B1928] Pass #17: Failed to route Pin on net 'RING_RETURN' (13 items remaining, 7 failures). State: FAILED
2026-09-13 11:34:36.302 INFO   [2BA1AD\1B1928] Auto-routing pass #17 on board 'b5fa4822e7579d717ddaffddcadcb379' was completed in 1.10 seconds with score 571.42 (15 unrouted and 45 violations), using 22.42 CPU seconds and the job allocated 137.68 GB of memory so far.
2026-09-13 11:34:36.478 DEBUG  Queuing item for routing: Via on net '/Eight ring pods/Pod 6 {slash} U24/LOCAL_SCL' (connected: 11/12)
2026-09-13 11:34:36.480 DEBUG  Queuing item for routing: PolylineTrace on net 'RING_nRESET' (connected: 11/14)
2026-09-13 11:34:36.482 DEBUG  Queuing item for routing: PolylineTrace on net '/Eight ring pods/Pod 6 {slash} U24/UART_RX_LOCAL' (connected: 13/14)
2026-09-13 11:34:36.482 DEBUG  Queuing item for routing: Pin on net '/Eight ring pods/Pod 6 {slash} U24/LRA_P' (connected: 1/2)
2026-09-13 11:34:36.482 DEBUG  Queuing item for routing: Pin on net '/Eight ring pods/Pod 6 {slash} U24/LRA_P' (connected: 1/2)
2026-09-13 11:34:36.482 DEBUG  Queuing item for routing: Pin on net 'RING_RETURN' (connected: 1/2)
2026-09-13 11:34:36.482 DEBUG  Queuing item for routing: Pin on net 'RING_RETURN' (connected: 1/2)
2026-09-13 11:34:36.482 DEBUG  Queuing item for routing: Pin on net 'RING_nRESET' (connected: 3/14)
2026-09-13 11:34:36.482 DEBUG  Queuing item for routing: Pin on net 'GND' (connected: 3/42)
2026-09-13 11:34:36.482 DEBUG  Queuing item for routing: Pin on net 'POD_3V3' (connected: 1/47)
2026-09-13 11:34:36.482 DEBUG  Queuing item for routing: Pin on net 'GND' (connected: 1/42)
2026-09-13 11:34:36.482 DEBUG  Queuing item for routing: Pin on net 'GND' (connected: 1/42)
2026-09-13 11:34:36.482 DEBUG  Queuing item for routing: Pin on net '/Eight ring pods/Pod 6 {slash} U24/UART_RX_LOCAL' (connected: 1/14)
2026-09-13 11:34:36.482 DEBUG  Queuing item for routing: Pin on net 'POD_3V3' (connected: 1/47)
2026-09-13 11:34:36.482 DEBUG  Queuing item for routing: Pin on net 'GND' (connected: 1/42)
2026-09-13 11:34:36.482 DEBUG  Queuing item for routing: Pin on net 'GND' (connected: 1/42)
2026-09-13 11:34:36.482 DEBUG  Queuing item for routing: Pin on net 'POD_3V3' (connected: 1/47)
2026-09-13 11:34:36.482 DEBUG  Queuing item for routing: Pin on net 'POD_3V3' (connected: 3/47)
2026-09-13 11:34:36.482 DEBUG  Queuing item for routing: Pin on net 'POD_3V3' (connected: 1/47)
2026-09-13 11:34:36.482 DEBUG  Queuing item for routing: Pin on net '/Eight ring pods/Pod 6 {slash} U24/LOCAL_SCL' (connected: 1/12)
2026-09-13 11:34:36.542 DEBUG  [2BA1AD\1B1928] Pass #18: 15 incompletes across 20 items to route
2026-09-13 11:34:36.542 DEBUG  [2BA1AD\1B1928]   Net 'GND' has 5 incomplete(s)
2026-09-13 11:34:36.542 DEBUG  [2BA1AD\1B1928]   Net 'POD_3V3' has 5 incomplete(s)
2026-09-13 11:34:36.542 DEBUG  [2BA1AD\1B1928]   Net '/Eight ring pods/Pod 6 {slash} U24/UART_RX_LOCAL' has 1 incomplete(s)
2026-09-13 11:34:36.542 DEBUG  [2BA1AD\1B1928]   Net '/Eight ring pods/Pod 6 {slash} U24/LOCAL_SCL' has 1 incomplete(s)
2026-09-13 11:34:36.542 DEBUG  [2BA1AD\1B1928]   Net 'RING_nRESET' has 1 incomplete(s)
2026-09-13 11:34:36.542 DEBUG  [2BA1AD\1B1928]   Net 'RING_RETURN' has 1 incomplete(s)
2026-09-13 11:34:36.542 DEBUG  [2BA1AD\1B1928]   Net '/Eight ring pods/Pod 6 {slash} U24/LRA_P' has 1 incomplete(s)
2026-09-13 11:34:36.661 DEBUG  [2BA1AD\1B1928] Autorouter Failed to route connection between pin #2 of component #22 and pin of component #23, because no connection was found between their nets.
2026-09-13 11:34:36.661 DEBUG  [2BA1AD\1B1928] Pass #18: Failed to route Pin on net '/Eight ring pods/Pod 6 {slash} U24/LRA_P' (17 items remaining, 13 failures). State: FAILED
2026-09-13 11:34:36.791 DEBUG  [2BA1AD\1B1928] Autorouter Failed to route connection between pin of component #23 and pin #2 of component #22, because no connection was found between their nets.
2026-09-13 11:34:36.791 DEBUG  [2BA1AD\1B1928] Pass #18: Failed to route Pin on net '/Eight ring pods/Pod 6 {slash} U24/LRA_P' (16 items remaining, 13 failures). State: FAILED
2026-09-13 11:34:36.913 DEBUG  [2BA1AD\1B1928] Autorouter Failed to route connection between pin #5 of component #20 and pin #5 of component #21, because no connection was found between their nets.
2026-09-13 11:34:36.913 DEBUG  [2BA1AD\1B1928] Pass #18: Failed to route Pin on net 'RING_RETURN' (15 items remaining, 13 failures). State: FAILED
2026-09-13 11:34:36.938 DEBUG  [2BA1AD\1B1928] Autorouter Failed to route connection between pin #5 of component #21 and pin #5 of component #20, because no connection was found between their nets.
2026-09-13 11:34:36.938 DEBUG  [2BA1AD\1B1928] Pass #18: Failed to route Pin on net 'RING_RETURN' (14 items remaining, 8 failures). State: FAILED
2026-09-13 11:34:37.675 INFO   [2BA1AD\1B1928] Auto-routing pass #18 on board 'fc7712cb5bce6305116df0c706e5eb96' was completed in 1.20 seconds with score 571.42 (15 unrouted and 45 violations), using 23.41 CPU seconds and the job allocated 143.91 GB of memory so far.
2026-09-13 11:34:37.694 INFO   [2BA1AD\1B1928] The router's best score (589.28) has not improved by more than 0.5 points since pass #8. Stopping the auto-router after 18 passes (14 items still unconnected).
The following connections could not be routed -- please review your design (e.g. check pad clearances, trace width rules, and available routing space):
  Net 'GND' (5 unrouted connections):
    - conductionarea  ->  C163-2
    - C24-2  ->  via
    - C160-2  ->  conductionarea
    - conductionarea  ->  J206-2
    - U24-7  ->  via
  Net 'POD_3V3' (5 unrouted connections):
    - C160-1  ->  conductionarea
    - R20-1  ->  via
    - conductionarea  ->  U24-9
    - via  ->  R165-1
    - J126-1  ->  conductionarea
  Net '/Eight ring pods/Pod 6 {slash} U24/UART_RX_LOCAL' (1 unrouted connection):
    - R162-2  ->  U24-18
  Net '/Eight ring pods/Pod 6 {slash} U24/LOCAL_SCL' (1 unrouted connection):
    - R21-2  ->  U24-6
  Net 'RING_nRESET' (1 unrouted connection):
    - J124-4  ->  via
  Net 'RING_RETURN' (1 unrouted connection):
    - J125-6  ->  J124-6
  Net '/Eight ring pods/Pod 6 {slash} U24/LRA_P' (1 unrouted connection):
    - M7-1  ->  U9-A3
2026-09-13 11:34:37.962 DEBUG  [2BA1AD\1B1928] The final board state (score 571.42 (15 unrouted and 45 violations)) is worse than the best board seen during routing (score 589.28 (14 unrouted and 45 violations)). Restoring the best board as the final result.
2026-09-13 11:34:37.962 DEBUG  === Performance Profile ===
2026-09-13 11:34:37.962 DEBUG  === Routing Parameters ===
2026-09-13 11:34:37.962 DEBUG    Via Costs: 50, Plane Via Costs: 5
2026-09-13 11:34:37.962 DEBUG    Layer Costs (Preferred / Against):
2026-09-13 11:34:37.962 DEBUG      Layer 1: 1.8 / 3.9
2026-09-13 11:34:37.962 DEBUG      Layer 2: 1.0 / 1.5
2026-09-13 11:34:37.962 DEBUG      Layer 3: 1.0 / 3.1
2026-09-13 11:34:37.962 DEBUG      Layer 4: 1.8 / 2.3
2026-09-13 11:34:37.962 DEBUG  
2026-09-13 11:34:37.963 DEBUG    autoroute_item                          :     8831 ms total,      383 calls,     23 ms avg
2026-09-13 11:34:37.963 DEBUG  
2026-09-13 11:34:37.963 DEBUG  === Pass History ===
2026-09-13 11:34:37.963 DEBUG    Pass 1  :   19 unrouted items,     1.69 s,   100 ripup cost
2026-09-13 11:34:37.963 DEBUG    Pass 2  :   17 unrouted items,     1.07 s,   200 ripup cost
2026-09-13 11:34:37.963 DEBUG    Pass 3  :   15 unrouted items,     0.87 s,   300 ripup cost
2026-09-13 11:34:37.963 DEBUG    Pass 4  :   15 unrouted items,     0.84 s,   400 ripup cost
2026-09-13 11:34:37.963 DEBUG    Pass 5  :   15 unrouted items,     0.85 s,   500 ripup cost
2026-09-13 11:34:37.963 DEBUG    Pass 6  :   15 unrouted items,     0.85 s,   600 ripup cost
2026-09-13 11:34:37.963 DEBUG    Pass 7  :   15 unrouted items,     0.97 s,   700 ripup cost
2026-09-13 11:34:37.963 DEBUG    Pass 8  :   14 unrouted items,     0.88 s,   800 ripup cost
2026-09-13 11:34:37.963 DEBUG    Pass 9  :   15 unrouted items,     0.73 s,   900 ripup cost
2026-09-13 11:34:37.963 DEBUG    Pass 10 :   14 unrouted items,     1.00 s,  1000 ripup cost
2026-09-13 11:34:37.963 DEBUG    Pass 11 :   14 unrouted items,     0.90 s,  1100 ripup cost
2026-09-13 11:34:37.963 DEBUG    Pass 12 :   15 unrouted items,     1.02 s,  1200 ripup cost
2026-09-13 11:34:37.963 DEBUG    Pass 13 :   15 unrouted items,     1.03 s,  1300 ripup cost
2026-09-13 11:34:37.963 DEBUG    Pass 14 :   15 unrouted items,     1.12 s,  1400 ripup cost
2026-09-13 11:34:37.963 DEBUG    Pass 15 :   15 unrouted items,     1.09 s,  1500 ripup cost
2026-09-13 11:34:37.963 DEBUG    Pass 16 :   15 unrouted items,     1.08 s,  1600 ripup cost
2026-09-13 11:34:37.963 DEBUG    Pass 17 :   15 unrouted items,     1.02 s,  1700 ripup cost
2026-09-13 11:34:37.963 DEBUG    Pass 18 :   15 unrouted items,     1.12 s,  1800 ripup cost
2026-09-13 11:34:37.963 DEBUG  ===========================
2026-09-13 11:34:38.049 INFO   [2BA1AD\1B1928] Auto-routing stage completed: started with 31 unrouted nets, completed in 25.02 seconds, final score: 589.28 (14 unrouted and 45 violations), using 24.38 total CPU seconds, 150.41 GB total allocated, and 1278.8 MB peak heap usage.
2026-09-13 11:34:38.051 DEBUG  [2BA1AD\1B1928] Before optimization: Via count: 35, trace length: 2220513
2026-09-13 11:34:38.134 INFO   [2BA1AD\1B1928] Optimization stage started on board '88dba22594baa418fc8a1d04b17b9fd8' with score 571.42 (15 unrouted and 45 violations).
2026-09-13 11:34:41.417 INFO   [2BA1AD\1B1928] Optimizer pass #1 on board 'ff2463533ccfe828a4ebd080f32ae2d1' was completed in 3.03 seconds with the score of 571.42 (15 unrouted and 45 violations).
2026-09-13 11:34:41.500 INFO   [2BA1AD\1B1928] Stopping optimizer because the improvement in this pass (0.0000%) is below the threshold (1.00%).
2026-09-13 11:34:41.584 INFO   [2BA1AD\1B1928] Optimization stage completed: started with score 571.42 (15 unrouted and 45 violations), completed in 3.37 seconds, final score: 571.42 (15 unrouted and 45 violations), using 3.31 total CPU seconds, 24.53 GB total allocated, and 1075.7 MB peak heap usage.
2026-09-13 11:34:41.585 INFO   [2BA1AD\1B1928] Job '2BA1AD\1B1928' finished with state: COMPLETED (elapsed: 28.68 seconds, finished at UTC: 2026-09-13T18:34:41.585756400Z).
2026-09-13 11:34:41.641 INFO   Saving output file 'C:\Users\mmsyl\Documents\haptic-bracelet\hardware\verification\routing-v08\prepared.ses' (SES)...
2026-09-13 11:34:41.643 INFO   Successfully saved output file 'C:\Users\mmsyl\Documents\haptic-bracelet\hardware\verification\routing-v08\prepared.ses' (8926 bytes).
2026-09-13 11:38:58.609 INFO   Freerouting v2.4.1 (build-date: 2026-09-03)
2026-09-13 11:38:58.612 DEBUG  [startup] user-data path : hardware\verification\routing-v08\runtime  (source: CLI argument --user_data_path)
2026-09-13 11:38:58.612 DEBUG  [startup] log file       : C:\Users\mmsyl\Documents\haptic-bracelet\hardware\verification\routing-v08\runtime\freerouting.log
2026-09-13 11:38:58.664 DEBUG  Settings loaded from 'hardware\verification\routing-v08\runtime\freerouting.json'.
2026-09-13 11:38:58.679 DEBUG  Version: 2.4.1,2026-09-03
2026-09-13 11:38:58.679 DEBUG  Command line arguments: '-de hardware/verification/routing-v08/complete-input.dsn -do hardware/verification/routing-v08/complete-input.ses -mp 40 -mt 2 -da --gui.enabled=false --api_server.enabled=false --user_data_path=hardware/verification/routing-v08/runtime --router.layers.routable=true,false,false,true'
2026-09-13 11:38:58.679 DEBUG  Architecture: Windows 11,amd64,10.0
2026-09-13 11:38:58.679 DEBUG  Java: 25.0.4.1,Eclipse Adoptium
2026-09-13 11:38:58.679 DEBUG  System Language: en,en_US
2026-09-13 11:38:58.681 DEBUG  Hardware: 28 CPU cores, 113700 CPU score, 30688 MB RAM
2026-09-13 11:38:58.681 DEBUG  UTC Time: 2026-09-13T18:38:58.664188Z
2026-09-13 11:38:58.682 DEBUG  GUI Language: en_US
2026-09-13 11:38:58.682 DEBUG  Host: N/A
2026-09-13 11:38:58.686 DEBUG  Analytics are disabled
2026-09-13 11:38:59.850 DEBUG  Loaded router settings from: hardware\verification\routing-v08\runtime\freerouting.json
2026-09-13 11:38:59.851 DEBUG  Applied CLI router setting: router.max_passes = 40
2026-09-13 11:38:59.851 DEBUG  Applied CLI router setting: router.max_threads = 2
2026-09-13 11:38:59.852 DEBUG  Applied CLI router setting: router.layers.routable = true,false,false,true
2026-09-13 11:38:59.852 DEBUG  Applied CLI router setting: router.enabled = true (implicit from -de/-do batch mode)
2026-09-13 11:38:59.852 DEBUG  No router settings found in environment variables
2026-09-13 11:38:59.911 DEBUG  Set DEFAULT clearance (all layers): 2000 (0.05 mm) from DSN value 200.0
2026-09-13 11:38:59.915 DEBUG  Version check skipped or timed out: java.net.ConnectException: Permission denied: getsockopt
2026-09-13 11:38:59.915 DEBUG  Set clearance (all layers): smd_smd = 500 (0.0125 mm), classes [2,2]
2026-09-13 11:38:59.917 DEBUG  Set default trace width (all layers): DSN=200.0 → board=2000 (0.05 mm)
2026-09-13 11:38:59.977 DEBUG  Loaded router settings from DSN file: complete-input.dsn (4 layers)
2026-09-13 11:38:59.993 DEBUG  Set DEFAULT clearance (all layers): 2000 (0.05 mm) from DSN value 200.0
2026-09-13 11:38:59.993 DEBUG  Set clearance (all layers): smd_smd = 500 (0.0125 mm), classes [2,2]
2026-09-13 11:38:59.993 DEBUG  Set default trace width (all layers): DSN=200.0 → board=2000 (0.05 mm)
2026-09-13 11:39:00.015 DEBUG  Loaded router settings from DSN file: complete-input.dsn (4 layers)
2026-09-13 11:39:00.021 DEBUG  Merging settings from 5 sources:
2026-09-13 11:39:00.021 DEBUG    - Default Settings (priority 0): base settings
2026-09-13 11:39:00.023 DEBUG    - freerouting.json (priority 10): 0 fields changed
2026-09-13 11:39:00.023 DEBUG    - DSN file: complete-input.dsn (priority 20): 6 fields changed
2026-09-13 11:39:00.023 DEBUG    - Environment Variables (priority 55): 0 fields changed
2026-09-13 11:39:00.023 DEBUG    - CLI Arguments (priority 60): 6 fields changed
2026-09-13 11:39:00.025 DEBUG  Settings merged successfully from 5 source(s)
2026-09-13 11:39:00.241 INFO   [B3D55E\14E7AD] Loading board file 'complete-input.dsn'...
2026-09-13 11:39:00.250 DEBUG  Set DEFAULT clearance (all layers): 2000 (0.05 mm) from DSN value 200.0
2026-09-13 11:39:00.250 DEBUG  Set clearance (all layers): smd_smd = 500 (0.0125 mm), classes [2,2]
2026-09-13 11:39:00.250 DEBUG  Set default trace width (all layers): DSN=200.0 → board=2000 (0.05 mm)
2026-09-13 11:39:00.319 INFO   Layer 'In1.Cu' has been automatically configured as a dedicated power plane because it contains a large conduction area covering >50% of the board.
2026-09-13 11:39:00.319 INFO   Layer 'In2.Cu' has been automatically configured as a dedicated power plane because it contains a large conduction area covering >50% of the board.
2026-09-13 11:39:00.319 DEBUG  applyBoardSpecificOptimizations changed parameters:
  Layer 0: bendCost: null -> 0.0; preferredDirectionHorizontal: null -> false; preferredDirectionTraceCost: 1.0 -> 1.8; undesiredDirectionTraceCost: 1.0 -> 3.9000000000000004;
  Layer 1: bendCost: null -> 0.0; preferredDirectionHorizontal: null -> true; undesiredDirectionTraceCost: 1.0 -> 1.5;
  Layer 2: bendCost: null -> 0.0; preferredDirectionHorizontal: null -> false; undesiredDirectionTraceCost: 1.0 -> 3.1;
  Layer 3: bendCost: null -> 0.0; preferredDirectionHorizontal: null -> true; preferredDirectionTraceCost: 1.0 -> 1.8; undesiredDirectionTraceCost: 1.0 -> 2.3;
2026-09-13 11:39:00.320 DEBUG  Applied copper-to-edge clearance override: 500.0 um (5000 board units).
2026-09-13 11:39:00.333 DEBUG  Set DEFAULT clearance (all layers): 2000 (0.05 mm) from DSN value 200.0
2026-09-13 11:39:00.334 DEBUG  Set clearance (all layers): smd_smd = 500 (0.0125 mm), classes [2,2]
2026-09-13 11:39:00.334 DEBUG  Set default trace width (all layers): DSN=200.0 → board=2000 (0.05 mm)
2026-09-13 11:39:00.373 DEBUG  Loaded router settings from DSN file: complete-input.dsn (4 layers)
2026-09-13 11:39:00.374 DEBUG  Merging settings from 6 sources:
2026-09-13 11:39:00.374 DEBUG    - Default Settings (priority 0): base settings
2026-09-13 11:39:00.374 DEBUG    - freerouting.json (priority 10): 0 fields changed
2026-09-13 11:39:00.374 DEBUG    - DSN file: complete-input.dsn (priority 20): 6 fields changed
2026-09-13 11:39:00.374 DEBUG    - Environment Variables (priority 55): 0 fields changed
2026-09-13 11:39:00.374 DEBUG    - CLI Arguments (priority 60): 6 fields changed
2026-09-13 11:39:00.375 DEBUG    - API Settings (priority 70): 26 fields changed
2026-09-13 11:39:00.375 DEBUG  Settings merged successfully from 6 source(s)
2026-09-13 11:39:00.375 DEBUG  applyBoardSpecificOptimizations changed parameters:
  Layer 0: preferredDirectionTraceCost: 1.0 -> 1.8; undesiredDirectionTraceCost: 1.0 -> 3.9000000000000004;
  Layer 1: undesiredDirectionTraceCost: 1.0 -> 1.5;
  Layer 2: undesiredDirectionTraceCost: 1.0 -> 3.1;
  Layer 3: preferredDirectionTraceCost: 1.0 -> 1.8; undesiredDirectionTraceCost: 1.0 -> 2.3;
2026-09-13 11:39:00.377 INFO   [B3D55E\14E7AD] Job 'B3D55E\14E7AD' started at 2026-09-13T18:39:00.377364400Z.
2026-09-13 11:39:00.505 DEBUG  [B3D55E\14E7AD] Checking fanout pre-pass. settings.fanout.enabled=true, smdPins=82
2026-09-13 11:39:00.715 INFO   [B3D55E\14E7AD] Fanout stage started on board '2f7af750f2264add153b5e19e73385f8' with 58 of 82 SMD pins needing fanout (24 already connected, 0 netless).
2026-09-13 11:39:02.015 INFO   [B3D55E\14E7AD] Fanout pass #1 on board '8b79859254dfd87101a442abf34da382' completed in 1.15 seconds with 16 SMD pins fanouted, 12 not routed, 0 insert errors, +0 extra vias (0 SMD pins still to check in pass, ripup costs=100).
2026-09-13 11:39:02.865 INFO   [B3D55E\14E7AD] Fanout pass #2 on board '8b79859254dfd87101a442abf34da382' completed in 0.84 seconds with 13 SMD pins fanouted, 13 not routed, 0 insert errors, +0 extra vias (0 SMD pins still to check in pass, ripup costs=200).
2026-09-13 11:39:03.021 INFO   [B3D55E\14E7AD] Fanout stage completed: started with 82 total SMD pins, completed in 2.17 seconds, escaped pins: 49/82 (59.8%), using 2.23 total CPU seconds, 7.53 GB total allocated, and 1181.9 MB peak heap usage.
2026-09-13 11:39:03.055 INFO   [B3D55E\14E7AD] Auto-routing stage started on board '8b79859254dfd87101a442abf34da382' for 22 unrouted items.
2026-09-13 11:39:03.642 DEBUG  Queuing item for routing: Via on net '/Eight ring pods/Pod 6 {slash} U24/LRA_P' (connected: 3/7)
2026-09-13 11:39:03.642 DEBUG  Queuing item for routing: Via on net '/Eight ring pods/Pod 6 {slash} U24/LRA_P' (connected: 4/7)
2026-09-13 11:39:03.642 DEBUG  Queuing item for routing: Via on net 'RING_RETURN' (connected: 3/6)
2026-09-13 11:39:03.642 DEBUG  Queuing item for routing: Via on net 'RING_RETURN' (connected: 3/6)
2026-09-13 11:39:03.643 DEBUG  Queuing item for routing: Via on net '/Eight ring pods/Pod 6 {slash} U24/LOCAL_SDA' (connected: 4/12)
2026-09-13 11:39:03.643 DEBUG  Queuing item for routing: Via on net 'RING_nRESET' (connected: 3/9)
2026-09-13 11:39:03.650 DEBUG  Queuing item for routing: Via on net '/Eight ring pods/Pod 6 {slash} U24/LOCAL_SCL' (connected: 4/8)
2026-09-13 11:39:03.656 DEBUG  Queuing item for routing: PolylineTrace on net '/Eight ring pods/Pod 6 {slash} U24/LOCAL_SDA' (connected: 6/12)
2026-09-13 11:39:03.656 DEBUG  Queuing item for routing: PolylineTrace on net 'RING_nRESET' (connected: 5/9)
2026-09-13 11:39:03.657 DEBUG  Queuing item for routing: PolylineTrace on net '/Eight ring pods/Pod 6 {slash} U24/CELL_TEMP' (connected: 4/6)
2026-09-13 11:39:03.657 DEBUG  Queuing item for routing: PolylineTrace on net '/Eight ring pods/Pod 6 {slash} U24/UART_TX_LOCAL' (connected: 4/6)
2026-09-13 11:39:03.657 DEBUG  Queuing item for routing: PolylineTrace on net '/Eight ring pods/Pod 6 {slash} U24/LOCAL_SCL' (connected: 2/8)
2026-09-13 11:39:03.658 DEBUG  Queuing item for routing: PolylineTrace on net '/Eight ring pods/Pod 6 {slash} U24/UART_RX_LOCAL' (connected: 3/6)
2026-09-13 11:39:03.658 DEBUG  Queuing item for routing: Pin on net 'RING_nRESET' (connected: 1/9)
2026-09-13 11:39:03.658 DEBUG  Queuing item for routing: Pin on net '/Eight ring pods/Pod 6 {slash} U24/UART_RX_LOCAL' (connected: 1/6)
2026-09-13 11:39:03.658 DEBUG  Queuing item for routing: Pin on net '/Eight ring pods/Pod 6 {slash} U24/UART_TX_LOCAL' (connected: 1/6)
2026-09-13 11:39:03.658 DEBUG  Queuing item for routing: Pin on net 'GND' (connected: 1/46)
2026-09-13 11:39:03.658 DEBUG  Queuing item for routing: Pin on net 'GND' (connected: 1/46)
2026-09-13 11:39:03.658 DEBUG  Queuing item for routing: Pin on net '/Eight ring pods/Pod 6 {slash} U24/UART_RX_LOCAL' (connected: 1/6)
2026-09-13 11:39:03.658 DEBUG  Queuing item for routing: Pin on net 'POD_3V3' (connected: 1/52)
2026-09-13 11:39:03.658 DEBUG  Queuing item for routing: Pin on net '/Eight ring pods/Pod 6 {slash} U24/UART_TX_LOCAL' (connected: 1/6)
2026-09-13 11:39:03.658 DEBUG  Queuing item for routing: Pin on net 'GND' (connected: 1/46)
2026-09-13 11:39:03.658 DEBUG  Queuing item for routing: Pin on net '/Eight ring pods/Pod 6 {slash} U24/LOCAL_SCL' (connected: 1/8)
2026-09-13 11:39:03.658 DEBUG  Queuing item for routing: Pin on net '/Eight ring pods/Pod 6 {slash} U24/LOCAL_SDA' (connected: 1/12)
2026-09-13 11:39:03.658 DEBUG  Queuing item for routing: Pin on net '/Eight ring pods/Pod 6 {slash} U24/CELL_TEMP' (connected: 1/6)
2026-09-13 11:39:03.658 DEBUG  Queuing item for routing: Pin on net 'GND' (connected: 1/46)
2026-09-13 11:39:03.658 DEBUG  Queuing item for routing: Pin on net 'POD_3V3' (connected: 1/52)
2026-09-13 11:39:03.658 DEBUG  Queuing item for routing: Pin on net '/Eight ring pods/Pod 6 {slash} U24/CELL_TEMP' (connected: 1/6)
2026-09-13 11:39:03.658 DEBUG  Queuing item for routing: Pin on net '/Eight ring pods/Pod 6 {slash} U24/LOCAL_SDA' (connected: 1/12)
2026-09-13 11:39:03.658 DEBUG  Queuing item for routing: Pin on net 'POD_3V3' (connected: 1/52)
2026-09-13 11:39:03.658 DEBUG  Queuing item for routing: Pin on net '/Eight ring pods/Pod 6 {slash} U24/LOCAL_SCL' (connected: 1/8)
2026-09-13 11:39:03.658 DEBUG  Queuing item for routing: Pin on net '/Eight ring pods/Pod 6 {slash} U24/UART_RX_LOCAL' (connected: 1/6)
2026-09-13 11:39:03.843 DEBUG  [B3D55E\14E7AD] Pass #1: 22 incompletes across 32 items to route
2026-09-13 11:39:03.843 DEBUG  [B3D55E\14E7AD]   Net 'GND' has 4 incomplete(s)
2026-09-13 11:39:03.843 DEBUG  [B3D55E\14E7AD]   Net 'POD_3V3' has 3 incomplete(s)
2026-09-13 11:39:03.843 DEBUG  [B3D55E\14E7AD]   Net '/Eight ring pods/Pod 6 {slash} U24/UART_RX_LOCAL' has 3 incomplete(s)
2026-09-13 11:39:03.843 DEBUG  [B3D55E\14E7AD]   Net '/Eight ring pods/Pod 6 {slash} U24/LOCAL_SCL' has 2 incomplete(s)
2026-09-13 11:39:03.843 DEBUG  [B3D55E\14E7AD]   Net '/Eight ring pods/Pod 6 {slash} U24/UART_TX_LOCAL' has 2 incomplete(s)
2026-09-13 11:39:03.843 DEBUG  [B3D55E\14E7AD]   Net '/Eight ring pods/Pod 6 {slash} U24/CELL_TEMP' has 2 incomplete(s)
2026-09-13 11:39:03.843 DEBUG  [B3D55E\14E7AD]   Net 'RING_nRESET' has 2 incomplete(s)
2026-09-13 11:39:03.843 DEBUG  [B3D55E\14E7AD]   Net '/Eight ring pods/Pod 6 {slash} U24/LOCAL_SDA' has 2 incomplete(s)
2026-09-13 11:39:03.843 DEBUG  [B3D55E\14E7AD]   Net 'RING_RETURN' has 1 incomplete(s)
2026-09-13 11:39:03.843 DEBUG  [B3D55E\14E7AD]   Net '/Eight ring pods/Pod 6 {slash} U24/LRA_P' has 1 incomplete(s)
2026-09-13 11:39:03.965 DEBUG  FoundConnectionInserter: insert trace failed for net #26 at corner 27/27 on layer 3, trace width: 1000, from corner: 2, okPoint: (1054343,-1212200), target: (1179000,-1180000)
2026-09-13 11:39:04.001 DEBUG  [B3D55E\14E7AD] Autorouter Failed to route connection between via, polylinetrace, pin #5 of component #21 and via, polylinetrace, pin #5 of component #20, because the new connection could not be inserted.
2026-09-13 11:39:04.025 DEBUG  FoundConnectionInserter: insert trace failed for net #26 at corner 33/33 on layer 3, trace width: 1000, from corner: 21, okPoint: (1153284,-1206447), target: (1041000,-1196000)
2026-09-13 11:39:04.055 DEBUG  [B3D55E\14E7AD] Autorouter Failed to route connection between via, polylinetrace, pin #5 of component #20 and via, polylinetrace, pin #5 of component #21, because the new connection could not be inserted.
2026-09-13 11:39:04.232 DEBUG  FoundConnectionInserter: insert trace failed for net #12 at corner 25/25 on layer 3, trace width: 1000, from corner: 15, okPoint: (1059087,-1057800), target: (1115811,-997207)
2026-09-13 11:39:04.258 DEBUG  [B3D55E\14E7AD] Autorouter Failed to route connection between polylinetrace, polylinetrace, polylinetrace, pin #3 of component #21, pin #4 of component #18, pin #3 of component #13 and via, polylinetrace, pin #3 of component #20, because the new connection could not be inserted.
2026-09-13 11:39:04.498 DEBUG  PolylineTrace.normalize: max normalization depth (16) reached for trace #544 on net 12 — stopping recursion, trace kept as-is.
2026-09-13 11:39:04.504 DEBUG  PolylineTrace.normalize: max normalization depth (16) reached for trace #578 on net 12 — stopping recursion, trace kept as-is.
2026-09-13 11:39:04.511 DEBUG  PolylineTrace.normalize: max normalization depth (16) reached for trace #613 on net 12 — stopping recursion, trace kept as-is.
2026-09-13 11:39:04.521 DEBUG  FoundConnectionInserter: insert trace failed for net #12 at corner 28/28 on layer 0, trace width: 1000, from corner: 22, okPoint: (1067559,-1057112), target: (1062150,-1101797)
2026-09-13 11:39:04.547 DEBUG  [B3D55E\14E7AD] Autorouter Failed to route connection between via, polylinetrace, pin #3 of component #21, pin #3 of component #20 and polylinetrace, polylinetrace, polylinetrace, pin #4 of component #18, pin #3 of component #13, because the new connection could not be inserted.
2026-09-13 11:39:04.855 DEBUG  FloatLine: one or both endpoints are null (degenerate line segment)
2026-09-13 11:39:05.181 DEBUG  [B3D55E\14E7AD] Autorouter Failed to route connection between polylinetrace, via, polylinetrace, polylinetrace, polylinetrace, pin #3 of component #20, pin #4 of component #18, pin #3 of component #13 and pin #3 of component #21, because no connection was found between their nets.
2026-09-13 11:39:06.625 DEBUG  FoundConnectionInserter: insert trace failed for net #4 at corner 13/13 on layer 0, trace width: 1000, from corner: 0, okPoint: (1059500,-1110900), target: (1062724,-1060342)
2026-09-13 11:39:06.648 DEBUG  [B3D55E\14E7AD] Autorouter Failed to route connection between polylinetrace, polylinetrace, polylinetrace, polylinetrace, via, via, polylinetrace, polylinetrace, pin #3 of component #18, pin #17 of component #13, pin #1 of component #1 and pin #1 of component #2, because the new connection could not be inserted.
2026-09-13 11:39:06.650 DEBUG  [B3D55E\14E7AD] Pass #1: Failed to route Pin on net '/Eight ring pods/Pod 6 {slash} U24/UART_RX_LOCAL' (1 items remaining, 1 failures). State: FAILED
2026-09-13 11:39:07.197 INFO   [B3D55E\14E7AD] Auto-routing pass #1 on board '8b79859254dfd87101a442abf34da382' was completed in 3.56 seconds with score 574.99 (14 unrouted and 49 violations), using 5.22 CPU seconds and the job allocated 17.24 GB of memory so far.
2026-09-13 11:39:07.725 DEBUG  Queuing item for routing: Via on net 'RING_RETURN' (connected: 3/6)
2026-09-13 11:39:07.725 DEBUG  Queuing item for routing: Via on net 'RING_RETURN' (connected: 3/6)
2026-09-13 11:39:07.725 DEBUG  Queuing item for routing: Via on net '/Eight ring pods/Pod 6 {slash} U24/LOCAL_SDA' (connected: 4/14)
2026-09-13 11:39:07.725 DEBUG  Queuing item for routing: Via on net 'RING_nRESET' (connected: 3/9)
2026-09-13 11:39:07.725 DEBUG  Queuing item for routing: Via on net '/Eight ring pods/Pod 6 {slash} U24/LOCAL_SCL' (connected: 8/11)
2026-09-13 11:39:07.740 DEBUG  Queuing item for routing: PolylineTrace on net '/Eight ring pods/Pod 6 {slash} U24/LOCAL_SDA' (connected: 10/14)
2026-09-13 11:39:07.740 DEBUG  Queuing item for routing: PolylineTrace on net 'RING_nRESET' (connected: 5/9)
2026-09-13 11:39:07.740 DEBUG  Queuing item for routing: PolylineTrace on net '/Eight ring pods/Pod 6 {slash} U24/CELL_TEMP' (connected: 4/11)
2026-09-13 11:39:07.740 DEBUG  Queuing item for routing: PolylineTrace on net '/Eight ring pods/Pod 6 {slash} U24/LOCAL_SCL' (connected: 2/11)
2026-09-13 11:39:07.741 DEBUG  Queuing item for routing: PolylineTrace on net '/Eight ring pods/Pod 6 {slash} U24/UART_RX_LOCAL' (connected: 11/12)
2026-09-13 11:39:07.741 DEBUG  Queuing item for routing: Pin on net 'RING_nRESET' (connected: 1/9)
2026-09-13 11:39:07.741 DEBUG  Queuing item for routing: Pin on net 'GND' (connected: 1/46)
2026-09-13 11:39:07.741 DEBUG  Queuing item for routing: Pin on net 'GND' (connected: 1/46)
2026-09-13 11:39:07.741 DEBUG  Queuing item for routing: Pin on net 'POD_3V3' (connected: 1/52)
2026-09-13 11:39:07.741 DEBUG  Queuing item for routing: Pin on net 'GND' (connected: 1/46)
2026-09-13 11:39:07.741 DEBUG  Queuing item for routing: Pin on net '/Eight ring pods/Pod 6 {slash} U24/CELL_TEMP' (connected: 7/11)
2026-09-13 11:39:07.741 DEBUG  Queuing item for routing: Pin on net 'GND' (connected: 1/46)
2026-09-13 11:39:07.742 DEBUG  Queuing item for routing: Pin on net 'POD_3V3' (connected: 1/52)
2026-09-13 11:39:07.743 DEBUG  Queuing item for routing: Pin on net 'POD_3V3' (connected: 1/52)
2026-09-13 11:39:07.743 DEBUG  Queuing item for routing: Pin on net '/Eight ring pods/Pod 6 {slash} U24/LOCAL_SCL' (connected: 1/11)
2026-09-13 11:39:07.743 DEBUG  Queuing item for routing: Pin on net '/Eight ring pods/Pod 6 {slash} U24/UART_RX_LOCAL' (connected: 1/12)
2026-09-13 11:39:07.925 DEBUG  [B3D55E\14E7AD] Pass #2: 14 incompletes across 21 items to route
2026-09-13 11:39:07.925 DEBUG  [B3D55E\14E7AD]   Net 'GND' has 4 incomplete(s)
2026-09-13 11:39:07.925 DEBUG  [B3D55E\14E7AD]   Net 'POD_3V3' has 3 incomplete(s)
2026-09-13 11:39:07.925 DEBUG  [B3D55E\14E7AD]   Net '/Eight ring pods/Pod 6 {slash} U24/UART_RX_LOCAL' has 1 incomplete(s)
2026-09-13 11:39:07.925 DEBUG  [B3D55E\14E7AD]   Net '/Eight ring pods/Pod 6 {slash} U24/LOCAL_SCL' has 1 incomplete(s)
2026-09-13 11:39:07.925 DEBUG  [B3D55E\14E7AD]   Net '/Eight ring pods/Pod 6 {slash} U24/CELL_TEMP' has 1 incomplete(s)
2026-09-13 11:39:07.925 DEBUG  [B3D55E\14E7AD]   Net 'RING_nRESET' has 2 incomplete(s)
2026-09-13 11:39:07.925 DEBUG  [B3D55E\14E7AD]   Net '/Eight ring pods/Pod 6 {slash} U24/LOCAL_SDA' has 1 incomplete(s)
2026-09-13 11:39:07.925 DEBUG  [B3D55E\14E7AD]   Net 'RING_RETURN' has 1 incomplete(s)
2026-09-13 11:39:07.965 DEBUG  FoundConnectionInserter: insert trace failed for net #26 at corner 33/33 on layer 3, trace width: 1000, from corner: 2, okPoint: (1054343,-1212200), target: (1179000,-1180000)
2026-09-13 11:39:07.992 DEBUG  [B3D55E\14E7AD] Autorouter Failed to route connection between via, polylinetrace, pin #5 of component #21 and via, polylinetrace, pin #5 of component #20, because the new connection could not be inserted.
2026-09-13 11:39:08.075 DEBUG  FoundConnectionInserter: insert trace failed for net #26 at corner 25/25 on layer 3, trace width: 1000, from corner: 13, okPoint: (1155679,-1206447), target: (1041000,-1196000)
2026-09-13 11:39:08.095 DEBUG  [B3D55E\14E7AD] Autorouter Failed to route connection between via, polylinetrace, pin #5 of component #20 and via, polylinetrace, pin #5 of component #21, because the new connection could not be inserted.
2026-09-13 11:39:08.250 DEBUG  FoundConnectionInserter: insert trace failed for net #13 at corner 50/50 on layer 3, trace width: 1000, from corner: 19, okPoint: (1172059,-1126141), target: (1068241,-987707)
2026-09-13 11:39:08.272 DEBUG  [B3D55E\14E7AD] Autorouter Failed to route connection between polylinetrace, polylinetrace, polylinetrace, polylinetrace, polylinetrace, polylinetrace, polylinetrace, polylinetrace, pin #4 of component #13, pin #1 of component #4 and via, polylinetrace, polylinetrace, pin #3 of component #22, because the new connection could not be inserted.
2026-09-13 11:39:08.681 DEBUG  FloatLine: one or both endpoints are null (degenerate line segment)
2026-09-13 11:39:09.213 DEBUG  FoundConnectionInserter: insert trace failed for net #12 at corner 32/32 on layer 3, trace width: 1000, from corner: 16, okPoint: (1150350,-1071536), target: (1103625,-1006377)
2026-09-13 11:39:09.239 DEBUG  [B3D55E\14E7AD] Autorouter Failed to route connection between polylinetrace, via, polylinetrace, polylinetrace, polylinetrace, pin #3 of component #20, pin #4 of component #18, pin #3 of component #13 and pin #3 of component #21, because the new connection could not be inserted.
2026-09-13 11:39:10.404 INFO   [B3D55E\14E7AD] Auto-routing pass #2 on board '3718c1ed6aaffe5a2aaa8ce898036b7c' was completed in 2.68 seconds with score 574.99 (14 unrouted and 49 violations), using 7.78 CPU seconds and the job allocated 26.46 GB of memory so far.
2026-09-13 11:39:10.930 DEBUG  Queuing item for routing: Via on net '/Eight ring pods/Pod 6 {slash} U24/LRA_P' (connected: 3/7)
2026-09-13 11:39:10.930 DEBUG  Queuing item for routing: Via on net '/Eight ring pods/Pod 6 {slash} U24/LRA_P' (connected: 4/7)
2026-09-13 11:39:10.930 DEBUG  Queuing item for routing: Via on net 'RING_RETURN' (connected: 3/6)
2026-09-13 11:39:10.930 DEBUG  Queuing item for routing: Via on net 'RING_RETURN' (connected: 3/6)
2026-09-13 11:39:10.936 DEBUG  Queuing item for routing: Via on net 'RING_nRESET' (connected: 3/11)
2026-09-13 11:39:10.941 DEBUG  Queuing item for routing: Via on net '/Eight ring pods/Pod 6 {slash} U24/LOCAL_SCL' (connected: 4/10)
2026-09-13 11:39:10.951 DEBUG  Queuing item for routing: PolylineTrace on net 'RING_nRESET' (connected: 5/11)
2026-09-13 11:39:10.951 DEBUG  Queuing item for routing: PolylineTrace on net '/Eight ring pods/Pod 6 {slash} U24/UART_TX_LOCAL' (connected: 6/9)
2026-09-13 11:39:10.951 DEBUG  Queuing item for routing: PolylineTrace on net '/Eight ring pods/Pod 6 {slash} U24/LOCAL_SCL' (connected: 2/10)
2026-09-13 11:39:10.952 DEBUG  Queuing item for routing: Pin on net 'RING_nRESET' (connected: 3/11)
2026-09-13 11:39:10.952 DEBUG  Queuing item for routing: Pin on net '/Eight ring pods/Pod 6 {slash} U24/UART_TX_LOCAL' (connected: 3/9)
2026-09-13 11:39:10.952 DEBUG  Queuing item for routing: Pin on net 'GND' (connected: 1/46)
2026-09-13 11:39:10.952 DEBUG  Queuing item for routing: Pin on net 'GND' (connected: 1/46)
2026-09-13 11:39:10.952 DEBUG  Queuing item for routing: Pin on net 'POD_3V3' (connected: 1/52)
2026-09-13 11:39:10.953 DEBUG  Queuing item for routing: Pin on net 'GND' (connected: 1/46)
2026-09-13 11:39:10.953 DEBUG  Queuing item for routing: Pin on net '/Eight ring pods/Pod 6 {slash} U24/LOCAL_SCL' (connected: 3/10)
2026-09-13 11:39:10.953 DEBUG  Queuing item for routing: Pin on net 'GND' (connected: 1/46)
2026-09-13 11:39:10.953 DEBUG  Queuing item for routing: Pin on net 'POD_3V3' (connected: 1/52)
2026-09-13 11:39:10.953 DEBUG  Queuing item for routing: Pin on net 'POD_3V3' (connected: 1/52)
2026-09-13 11:39:10.953 DEBUG  Queuing item for routing: Pin on net '/Eight ring pods/Pod 6 {slash} U24/LOCAL_SCL' (connected: 1/10)
2026-09-13 11:39:11.163 DEBUG  [B3D55E\14E7AD] Pass #3: 14 incompletes across 20 items to route
2026-09-13 11:39:11.163 DEBUG  [B3D55E\14E7AD]   Net 'GND' has 4 incomplete(s)
2026-09-13 11:39:11.163 DEBUG  [B3D55E\14E7AD]   Net 'POD_3V3' has 3 incomplete(s)
2026-09-13 11:39:11.163 DEBUG  [B3D55E\14E7AD]   Net '/Eight ring pods/Pod 6 {slash} U24/LOCAL_SCL' has 2 incomplete(s)
2026-09-13 11:39:11.163 DEBUG  [B3D55E\14E7AD]   Net '/Eight ring pods/Pod 6 {slash} U24/UART_TX_LOCAL' has 1 incomplete(s)
2026-09-13 11:39:11.163 DEBUG  [B3D55E\14E7AD]   Net 'RING_nRESET' has 2 incomplete(s)
2026-09-13 11:39:11.163 DEBUG  [B3D55E\14E7AD]   Net 'RING_RETURN' has 1 incomplete(s)
2026-09-13 11:39:11.163 DEBUG  [B3D55E\14E7AD]   Net '/Eight ring pods/Pod 6 {slash} U24/LRA_P' has 1 incomplete(s)
2026-09-13 11:39:11.273 DEBUG  FoundConnectionInserter: insert trace failed for net #26 at corner 25/25 on layer 3, trace width: 1000, from corner: 2, okPoint: (1054343,-1212200), target: (1179000,-1180000)
2026-09-13 11:39:11.295 DEBUG  [B3D55E\14E7AD] Autorouter Failed to route connection between via, polylinetrace, pin #5 of component #21 and via, polylinetrace, pin #5 of component #20, because the new connection could not be inserted.
2026-09-13 11:39:11.295 DEBUG  [B3D55E\14E7AD] Pass #3: Failed to route Via on net 'RING_RETURN' (18 items remaining, 3 failures). State: FAILED
2026-09-13 11:39:11.380 DEBUG  FoundConnectionInserter: insert trace failed for net #26 at corner 24/24 on layer 3, trace width: 1000, from corner: 12, okPoint: (1155679,-1206447), target: (1041000,-1196000)
2026-09-13 11:39:11.406 DEBUG  [B3D55E\14E7AD] Autorouter Failed to route connection between via, polylinetrace, pin #5 of component #20 and via, polylinetrace, pin #5 of component #21, because the new connection could not be inserted.
2026-09-13 11:39:11.406 DEBUG  [B3D55E\14E7AD] Pass #3: Failed to route Via on net 'RING_RETURN' (17 items remaining, 3 failures). State: FAILED
2026-09-13 11:39:11.492 DEBUG  FoundConnectionInserter: insert trace failed for net #12 at corner 47/47 on layer 3, trace width: 1000, from corner: 13, okPoint: (1057816,-1212200), target: (1161900,-1138001)
2026-09-13 11:39:11.515 DEBUG  [B3D55E\14E7AD] Autorouter Failed to route connection between polylinetrace, via, polylinetrace, polylinetrace, polylinetrace, pin #3 of component #21, pin #4 of component #18, pin #3 of component #13 and via, polylinetrace, pin #3 of component #20, because the new connection could not be inserted.
2026-09-13 11:39:11.581 DEBUG  FoundConnectionInserter: insert trace failed for net #6 at corner 44/44 on layer 3, trace width: 1000, from corner: 7, okPoint: (1144498,-1186849), target: (1102474,-1019333)
2026-09-13 11:39:11.607 DEBUG  [B3D55E\14E7AD] Autorouter Failed to route connection between polylinetrace, via, polylinetrace, polylinetrace, pin #5 of component #13, pin #1 of component #3 and via, polylinetrace, polylinetrace, pin #6 of component #22, because the new connection could not be inserted.
2026-09-13 11:39:11.823 DEBUG  FoundConnectionInserter: insert trace failed for net #7 at corner 34/34 on layer 0, trace width: 1000, from corner: 0, okPoint: (1144582,-1063574), target: (1161802,-1007240)
2026-09-13 11:39:11.846 DEBUG  [B3D55E\14E7AD] Autorouter Failed to route connection between polylinetrace, via, pin #2 of component #18 and polylinetrace, polylinetrace, polylinetrace, pin #7 of component #13, pin #1 of component #6, pin of component #5, because the new connection could not be inserted.
2026-09-13 11:39:11.871 DEBUG  FloatLine: one or both endpoints are null (degenerate line segment)
2026-09-13 11:39:12.330 DEBUG  FoundConnectionInserter: insert trace failed for net #7 at corner 13/13 on layer 0, trace width: 1000, from corner: 9, okPoint: (1140084,-1057161), target: (1141460,-1059789)
2026-09-13 11:39:12.359 DEBUG  [B3D55E\14E7AD] Autorouter Failed to route connection between polylinetrace, polylinetrace, polylinetrace, pin #7 of component #13, pin #1 of component #6, pin of component #5 and polylinetrace, via, pin #2 of component #18, because the new connection could not be inserted.
2026-09-13 11:39:13.445 INFO   [B3D55E\14E7AD] Auto-routing pass #3 on board 'bda5ef7e9e5599becf98451549112af8' was completed in 2.51 seconds with score 574.99 (14 unrouted and 49 violations), using 10.30 CPU seconds and the job allocated 35.77 GB of memory so far.
2026-09-13 11:39:13.968 DEBUG  Queuing item for routing: Via on net '/Eight ring pods/Pod 6 {slash} U24/LRA_P' (connected: 3/7)
2026-09-13 11:39:13.968 DEBUG  Queuing item for routing: Via on net '/Eight ring pods/Pod 6 {slash} U24/LRA_P' (connected: 4/7)
2026-09-13 11:39:13.968 DEBUG  Queuing item for routing: Via on net 'RING_RETURN' (connected: 3/6)
2026-09-13 11:39:13.968 DEBUG  Queuing item for routing: Via on net 'RING_RETURN' (connected: 3/6)
2026-09-13 11:39:13.969 DEBUG  Queuing item for routing: Via on net 'RING_nRESET' (connected: 3/14)
2026-09-13 11:39:13.970 DEBUG  Queuing item for routing: Via on net '/Eight ring pods/Pod 6 {slash} U24/LOCAL_SCL' (connected: 4/10)
2026-09-13 11:39:13.974 DEBUG  Queuing item for routing: PolylineTrace on net 'RING_nRESET' (connected: 11/14)
2026-09-13 11:39:13.974 DEBUG  Queuing item for routing: PolylineTrace on net '/Eight ring pods/Pod 6 {slash} U24/UART_TX_LOCAL' (connected: 6/9)
2026-09-13 11:39:13.974 DEBUG  Queuing item for routing: PolylineTrace on net '/Eight ring pods/Pod 6 {slash} U24/LOCAL_SCL' (connected: 2/10)
2026-09-13 11:39:13.974 DEBUG  Queuing item for routing: PolylineTrace on net '/Eight ring pods/Pod 6 {slash} U24/UART_RX_LOCAL' (connected: 11/12)
2026-09-13 11:39:13.974 DEBUG  Queuing item for routing: Pin on net '/Eight ring pods/Pod 6 {slash} U24/UART_RX_LOCAL' (connected: 1/12)
2026-09-13 11:39:13.974 DEBUG  Queuing item for routing: Pin on net '/Eight ring pods/Pod 6 {slash} U24/UART_TX_LOCAL' (connected: 3/9)
2026-09-13 11:39:13.974 DEBUG  Queuing item for routing: Pin on net 'GND' (connected: 1/46)
2026-09-13 11:39:13.974 DEBUG  Queuing item for routing: Pin on net 'GND' (connected: 1/46)
2026-09-13 11:39:13.974 DEBUG  Queuing item for routing: Pin on net 'POD_3V3' (connected: 1/52)
2026-09-13 11:39:13.974 DEBUG  Queuing item for routing: Pin on net 'GND' (connected: 1/46)
2026-09-13 11:39:13.974 DEBUG  Queuing item for routing: Pin on net '/Eight ring pods/Pod 6 {slash} U24/LOCAL_SCL' (connected: 3/10)
2026-09-13 11:39:13.974 DEBUG  Queuing item for routing: Pin on net 'GND' (connected: 1/46)
2026-09-13 11:39:13.974 DEBUG  Queuing item for routing: Pin on net 'POD_3V3' (connected: 1/52)
2026-09-13 11:39:13.974 DEBUG  Queuing item for routing: Pin on net 'POD_3V3' (connected: 1/52)
2026-09-13 11:39:13.974 DEBUG  Queuing item for routing: Pin on net '/Eight ring pods/Pod 6 {slash} U24/LOCAL_SCL' (connected: 1/10)
2026-09-13 11:39:14.171 DEBUG  [B3D55E\14E7AD] Pass #4: 14 incompletes across 21 items to route
2026-09-13 11:39:14.171 DEBUG  [B3D55E\14E7AD]   Net 'GND' has 4 incomplete(s)
2026-09-13 11:39:14.171 DEBUG  [B3D55E\14E7AD]   Net 'POD_3V3' has 3 incomplete(s)
2026-09-13 11:39:14.171 DEBUG  [B3D55E\14E7AD]   Net '/Eight ring pods/Pod 6 {slash} U24/UART_RX_LOCAL' has 1 incomplete(s)
2026-09-13 11:39:14.171 DEBUG  [B3D55E\14E7AD]   Net '/Eight ring pods/Pod 6 {slash} U24/LOCAL_SCL' has 2 incomplete(s)
2026-09-13 11:39:14.171 DEBUG  [B3D55E\14E7AD]   Net '/Eight ring pods/Pod 6 {slash} U24/UART_TX_LOCAL' has 1 incomplete(s)
2026-09-13 11:39:14.171 DEBUG  [B3D55E\14E7AD]   Net 'RING_nRESET' has 1 incomplete(s)
2026-09-13 11:39:14.171 DEBUG  [B3D55E\14E7AD]   Net 'RING_RETURN' has 1 incomplete(s)
2026-09-13 11:39:14.172 DEBUG  [B3D55E\14E7AD]   Net '/Eight ring pods/Pod 6 {slash} U24/LRA_P' has 1 incomplete(s)
2026-09-13 11:39:14.275 DEBUG  FoundConnectionInserter: insert trace failed for net #26 at corner 25/25 on layer 3, trace width: 1000, from corner: 2, okPoint: (1054343,-1212200), target: (1179000,-1180000)
2026-09-13 11:39:14.299 DEBUG  [B3D55E\14E7AD] Autorouter Failed to route connection between via, polylinetrace, pin #5 of component #21 and via, polylinetrace, pin #5 of component #20, because the new connection could not be inserted.
2026-09-13 11:39:14.300 DEBUG  [B3D55E\14E7AD] Pass #4: Failed to route Via on net 'RING_RETURN' (19 items remaining, 4 failures). State: FAILED
2026-09-13 11:39:14.388 DEBUG  FoundConnectionInserter: insert trace failed for net #26 at corner 24/24 on layer 3, trace width: 1000, from corner: 12, okPoint: (1155679,-1206447), target: (1041000,-1196000)
2026-09-13 11:39:14.412 DEBUG  [B3D55E\14E7AD] Autorouter Failed to route connection between via, polylinetrace, pin #5 of component #20 and via, polylinetrace, pin #5 of component #21, because the new connection could not be inserted.
2026-09-13 11:39:14.412 DEBUG  [B3D55E\14E7AD] Pass #4: Failed to route Via on net 'RING_RETURN' (18 items remaining, 4 failures). State: FAILED
2026-09-13 11:39:14.700 DEBUG  FoundConnectionInserter: insert trace failed for net #12 at corner 39/39 on layer 3, trace width: 1000, from corner: 22, okPoint: (1144350,-1205599), target: (1055000,-1140000)
2026-09-13 11:39:14.723 DEBUG  [B3D55E\14E7AD] Autorouter Failed to route connection between via, polylinetrace, pin #3 of component #20 and polylinetrace, polylinetrace, polylinetrace, via, polylinetrace, via, polylinetrace, polylinetrace, polylinetrace, pin #3 of component #21, pin #4 of component #18, pin #3 of component #13, because the new connection could not be inserted.
2026-09-13 11:39:14.795 DEBUG  FoundConnectionInserter: insert trace failed for net #7 at corner 19/19 on layer 0, trace width: 1000, from corner: 12, okPoint: (1123500,-993147), target: (1113849,-973151)
2026-09-13 11:39:14.820 DEBUG  [B3D55E\14E7AD] Autorouter Failed to route connection between polylinetrace, via, pin #2 of component #18 and polylinetrace, polylinetrace, polylinetrace, pin #7 of component #13, pin #1 of component #6, pin of component #5, because the new connection could not be inserted.
2026-09-13 11:39:14.849 DEBUG  FloatLine: one or both endpoints are null (degenerate line segment)
2026-09-13 11:39:16.466 INFO   [B3D55E\14E7AD] Auto-routing pass #4 on board '0711c6b08a2a032b37ef63c75f43dcaf' was completed in 2.50 seconds with score 592.85 (13 unrouted and 49 violations), using 13.67 CPU seconds and the job allocated 48.47 GB of memory so far.
2026-09-13 11:39:16.991 DEBUG  Queuing item for routing: Via on net '/Eight ring pods/Pod 6 {slash} U24/LRA_P' (connected: 3/7)
2026-09-13 11:39:16.992 DEBUG  Queuing item for routing: Via on net '/Eight ring pods/Pod 6 {slash} U24/LRA_P' (connected: 4/7)
2026-09-13 11:39:16.992 DEBUG  Queuing item for routing: Via on net 'RING_RETURN' (connected: 3/6)
2026-09-13 11:39:16.992 DEBUG  Queuing item for routing: Via on net 'RING_RETURN' (connected: 3/6)
2026-09-13 11:39:16.994 DEBUG  Queuing item for routing: Via on net 'RING_nRESET' (connected: 3/11)
2026-09-13 11:39:16.999 DEBUG  Queuing item for routing: Via on net '/Eight ring pods/Pod 6 {slash} U24/LOCAL_SCL' (connected: 8/11)
2026-09-13 11:39:17.005 DEBUG  Queuing item for routing: PolylineTrace on net 'RING_nRESET' (connected: 5/11)
2026-09-13 11:39:17.005 DEBUG  Queuing item for routing: PolylineTrace on net '/Eight ring pods/Pod 6 {slash} U24/LOCAL_SCL' (connected: 2/11)
2026-09-13 11:39:17.005 DEBUG  Queuing item for routing: PolylineTrace on net '/Eight ring pods/Pod 6 {slash} U24/UART_RX_LOCAL' (connected: 11/12)
2026-09-13 11:39:17.005 DEBUG  Queuing item for routing: Pin on net 'RING_nRESET' (connected: 3/11)
2026-09-13 11:39:17.005 DEBUG  Queuing item for routing: Pin on net '/Eight ring pods/Pod 6 {slash} U24/UART_RX_LOCAL' (connected: 1/12)
2026-09-13 11:39:17.005 DEBUG  Queuing item for routing: Pin on net 'GND' (connected: 1/46)
2026-09-13 11:39:17.005 DEBUG  Queuing item for routing: Pin on net 'GND' (connected: 1/46)
2026-09-13 11:39:17.005 DEBUG  Queuing item for routing: Pin on net 'POD_3V3' (connected: 1/52)
2026-09-13 11:39:17.005 DEBUG  Queuing item for routing: Pin on net 'GND' (connected: 1/46)
2026-09-13 11:39:17.005 DEBUG  Queuing item for routing: Pin on net 'GND' (connected: 1/46)
2026-09-13 11:39:17.005 DEBUG  Queuing item for routing: Pin on net 'POD_3V3' (connected: 1/52)
2026-09-13 11:39:17.005 DEBUG  Queuing item for routing: Pin on net 'POD_3V3' (connected: 1/52)
2026-09-13 11:39:17.005 DEBUG  Queuing item for routing: Pin on net '/Eight ring pods/Pod 6 {slash} U24/LOCAL_SCL' (connected: 1/11)
2026-09-13 11:39:17.204 DEBUG  [B3D55E\14E7AD] Pass #5: 13 incompletes across 19 items to route
2026-09-13 11:39:17.204 DEBUG  [B3D55E\14E7AD]   Net 'GND' has 4 incomplete(s)
2026-09-13 11:39:17.204 DEBUG  [B3D55E\14E7AD]   Net 'POD_3V3' has 3 incomplete(s)
2026-09-13 11:39:17.204 DEBUG  [B3D55E\14E7AD]   Net '/Eight ring pods/Pod 6 {slash} U24/UART_RX_LOCAL' has 1 incomplete(s)
2026-09-13 11:39:17.204 DEBUG  [B3D55E\14E7AD]   Net '/Eight ring pods/Pod 6 {slash} U24/LOCAL_SCL' has 1 incomplete(s)
2026-09-13 11:39:17.204 DEBUG  [B3D55E\14E7AD]   Net 'RING_nRESET' has 2 incomplete(s)
2026-09-13 11:39:17.205 DEBUG  [B3D55E\14E7AD]   Net 'RING_RETURN' has 1 incomplete(s)
2026-09-13 11:39:17.205 DEBUG  [B3D55E\14E7AD]   Net '/Eight ring pods/Pod 6 {slash} U24/LRA_P' has 1 incomplete(s)
2026-09-13 11:39:17.335 DEBUG  FoundConnectionInserter: insert trace failed for net #26 at corner 25/25 on layer 3, trace width: 1000, from corner: 2, okPoint: (1054343,-1212200), target: (1179000,-1180000)
2026-09-13 11:39:17.362 DEBUG  [B3D55E\14E7AD] Autorouter Failed to route connection between via, polylinetrace, pin #5 of component #21 and via, polylinetrace, pin #5 of component #20, because the new connection could not be inserted.
2026-09-13 11:39:17.362 DEBUG  [B3D55E\14E7AD] Pass #5: Failed to route Via on net 'RING_RETURN' (17 items remaining, 5 failures). State: FAILED
2026-09-13 11:39:17.456 DEBUG  FoundConnectionInserter: insert trace failed for net #26 at corner 24/24 on layer 3, trace width: 1000, from corner: 12, okPoint: (1155680,-1206447), target: (1041000,-1196000)
2026-09-13 11:39:17.480 DEBUG  [B3D55E\14E7AD] Autorouter Failed to route connection between via, polylinetrace, pin #5 of component #20 and via, polylinetrace, pin #5 of component #21, because the new connection could not be inserted.
2026-09-13 11:39:17.480 DEBUG  [B3D55E\14E7AD] Pass #5: Failed to route Via on net 'RING_RETURN' (16 items remaining, 5 failures). State: FAILED
2026-09-13 11:39:17.563 DEBUG  FoundConnectionInserter: insert trace failed for net #12 at corner 47/47 on layer 3, trace width: 1000, from corner: 13, okPoint: (1057816,-1212200), target: (1161900,-1138001)
2026-09-13 11:39:17.588 DEBUG  [B3D55E\14E7AD] Autorouter Failed to route connection between polylinetrace, via, polylinetrace, polylinetrace, polylinetrace, pin #3 of component #21, pin #4 of component #18, pin #3 of component #13 and via, polylinetrace, pin #3 of component #20, because the new connection could not be inserted.
2026-09-13 11:39:17.588 DEBUG  [B3D55E\14E7AD] Pass #5: Failed to route Via on net 'RING_nRESET' (15 items remaining, 3 failures). State: FAILED
2026-09-13 11:39:17.645 DEBUG  FoundConnectionInserter: insert trace failed for net #6 at corner 44/44 on layer 3, trace width: 1000, from corner: 7, okPoint: (1144498,-1186849), target: (1102474,-1019333)
2026-09-13 11:39:17.670 DEBUG  [B3D55E\14E7AD] Autorouter Failed to route connection between polylinetrace, via, polylinetrace, polylinetrace, pin #5 of component #13, pin #1 of component #3 and via, polylinetrace, polylinetrace, pin #6 of component #22, because the new connection could not be inserted.
2026-09-13 11:39:17.763 DEBUG  PolylineTrace.normalize: max normalization depth (16) reached for trace #5072 on net 12 — stopping recursion, trace kept as-is.
2026-09-13 11:39:17.769 DEBUG  PolylineTrace.normalize: max normalization depth (16) reached for trace #5106 on net 12 — stopping recursion, trace kept as-is.
2026-09-13 11:39:17.769 DEBUG  PolylineTrace.normalize: max normalization depth (16) reached for trace #5145 on net 12 — stopping recursion, trace kept as-is.
2026-09-13 11:39:17.780 DEBUG  FoundConnectionInserter: insert trace failed for net #12 at corner 23/23 on layer 3, trace width: 1000, from corner: 7, okPoint: (1128761,-1049219), target: (1161900,-1138001)
2026-09-13 11:39:17.805 DEBUG  [B3D55E\14E7AD] Autorouter Failed to route connection between polylinetrace, via, via, polylinetrace, pin #3 of component #21, pin #3 of component #20 and polylinetrace, polylinetrace, polylinetrace, pin #4 of component #18, pin #3 of component #13, because the new connection could not be inserted.
2026-09-13 11:39:17.805 DEBUG  [B3D55E\14E7AD] Pass #5: Failed to route PolylineTrace on net 'RING_nRESET' (13 items remaining, 3 failures). State: FAILED
2026-09-13 11:39:17.805 DEBUG  FloatLine: one or both endpoints are null (degenerate line segment)
2026-09-13 11:39:17.905 DEBUG  [B3D55E\14E7AD] Autorouter Failed to route connection between pin #3 of component #18 and polylinetrace, polylinetrace, polylinetrace, via, polylinetrace, via, polylinetrace, polylinetrace, pin #17 of component #13, pin #1 of component #2, pin #1 of component #1, because no connection was found between their nets.
2026-09-13 11:39:18.718 DEBUG  [B3D55E\14E7AD] Autorouter Failed to route connection between polylinetrace, polylinetrace, polylinetrace, via, polylinetrace, via, polylinetrace, polylinetrace, pin #17 of component #13, pin #1 of component #2, pin #1 of component #1 and pin #3 of component #18, because no connection was found between their nets.
2026-09-13 11:39:19.545 INFO   [B3D55E\14E7AD] Auto-routing pass #5 on board '7843184724de65760433b3db4ce43cc2' was completed in 2.55 seconds with score 557.13 (15 unrouted and 49 violations), using 16.30 CPU seconds and the job allocated 57.62 GB of memory so far.
2026-09-13 11:39:20.059 DEBUG  Queuing item for routing: Via on net '/Eight ring pods/Pod 6 {slash} U24/LRA_P' (connected: 3/7)
2026-09-13 11:39:20.059 DEBUG  Queuing item for routing: Via on net '/Eight ring pods/Pod 6 {slash} U24/LRA_P' (connected: 4/7)
2026-09-13 11:39:20.061 DEBUG  Queuing item for routing: Via on net 'RING_RETURN' (connected: 3/6)
2026-09-13 11:39:20.061 DEBUG  Queuing item for routing: Via on net 'RING_RETURN' (connected: 3/6)
2026-09-13 11:39:20.062 DEBUG  Queuing item for routing: Via on net '/Eight ring pods/Pod 6 {slash} U24/LOCAL_SDA' (connected: 4/14)
2026-09-13 11:39:20.062 DEBUG  Queuing item for routing: Via on net 'RING_nRESET' (connected: 3/11)
2026-09-13 11:39:20.067 DEBUG  Queuing item for routing: Via on net '/Eight ring pods/Pod 6 {slash} U24/LOCAL_SCL' (connected: 4/10)
2026-09-13 11:39:20.071 DEBUG  Queuing item for routing: PolylineTrace on net '/Eight ring pods/Pod 6 {slash} U24/LOCAL_SDA' (connected: 10/14)
2026-09-13 11:39:20.071 DEBUG  Queuing item for routing: PolylineTrace on net 'RING_nRESET' (connected: 5/11)
2026-09-13 11:39:20.075 DEBUG  Queuing item for routing: PolylineTrace on net '/Eight ring pods/Pod 6 {slash} U24/LOCAL_SCL' (connected: 2/10)
2026-09-13 11:39:20.075 DEBUG  Queuing item for routing: PolylineTrace on net '/Eight ring pods/Pod 6 {slash} U24/UART_RX_LOCAL' (connected: 11/12)
2026-09-13 11:39:20.075 DEBUG  Queuing item for routing: Pin on net 'RING_nRESET' (connected: 3/11)
2026-09-13 11:39:20.075 DEBUG  Queuing item for routing: Pin on net '/Eight ring pods/Pod 6 {slash} U24/UART_RX_LOCAL' (connected: 1/12)
2026-09-13 11:39:20.075 DEBUG  Queuing item for routing: Pin on net 'GND' (connected: 1/46)
2026-09-13 11:39:20.075 DEBUG  Queuing item for routing: Pin on net 'GND' (connected: 1/46)
2026-09-13 11:39:20.075 DEBUG  Queuing item for routing: Pin on net 'POD_3V3' (connected: 1/52)
2026-09-13 11:39:20.075 DEBUG  Queuing item for routing: Pin on net 'GND' (connected: 1/46)
2026-09-13 11:39:20.075 DEBUG  Queuing item for routing: Pin on net '/Eight ring pods/Pod 6 {slash} U24/LOCAL_SCL' (connected: 3/10)
2026-09-13 11:39:20.075 DEBUG  Queuing item for routing: Pin on net 'GND' (connected: 1/46)
2026-09-13 11:39:20.075 DEBUG  Queuing item for routing: Pin on net 'POD_3V3' (connected: 1/52)
2026-09-13 11:39:20.075 DEBUG  Queuing item for routing: Pin on net 'POD_3V3' (connected: 1/52)
2026-09-13 11:39:20.075 DEBUG  Queuing item for routing: Pin on net '/Eight ring pods/Pod 6 {slash} U24/LOCAL_SCL' (connected: 1/10)
2026-09-13 11:39:20.275 DEBUG  [B3D55E\14E7AD] Pass #6: 15 incompletes across 22 items to route
2026-09-13 11:39:20.275 DEBUG  [B3D55E\14E7AD]   Net 'GND' has 4 incomplete(s)
2026-09-13 11:39:20.275 DEBUG  [B3D55E\14E7AD]   Net 'POD_3V3' has 3 incomplete(s)
2026-09-13 11:39:20.275 DEBUG  [B3D55E\14E7AD]   Net '/Eight ring pods/Pod 6 {slash} U24/UART_RX_LOCAL' has 1 incomplete(s)
2026-09-13 11:39:20.275 DEBUG  [B3D55E\14E7AD]   Net '/Eight ring pods/Pod 6 {slash} U24/LOCAL_SCL' has 2 incomplete(s)
2026-09-13 11:39:20.275 DEBUG  [B3D55E\14E7AD]   Net 'RING_nRESET' has 2 incomplete(s)
2026-09-13 11:39:20.275 DEBUG  [B3D55E\14E7AD]   Net '/Eight ring pods/Pod 6 {slash} U24/LOCAL_SDA' has 1 incomplete(s)
2026-09-13 11:39:20.275 DEBUG  [B3D55E\14E7AD]   Net 'RING_RETURN' has 1 incomplete(s)
2026-09-13 11:39:20.275 DEBUG  [B3D55E\14E7AD]   Net '/Eight ring pods/Pod 6 {slash} U24/LRA_P' has 1 incomplete(s)
2026-09-13 11:39:20.374 DEBUG  FoundConnectionInserter: insert trace failed for net #26 at corner 27/27 on layer 3, trace width: 1000, from corner: 2, okPoint: (1054343,-1212200), target: (1179000,-1180000)
2026-09-13 11:39:20.400 DEBUG  [B3D55E\14E7AD] Autorouter Failed to route connection between via, polylinetrace, pin #5 of component #21 and via, polylinetrace, pin #5 of component #20, because the new connection could not be inserted.
2026-09-13 11:39:20.400 DEBUG  [B3D55E\14E7AD] Pass #6: Failed to route Via on net 'RING_RETURN' (20 items remaining, 6 failures). State: FAILED
2026-09-13 11:39:20.415 DEBUG  FoundConnectionInserter: insert trace failed for net #26 at corner 33/33 on layer 3, trace width: 1000, from corner: 21, okPoint: (1153284,-1206447), target: (1041000,-1196000)
2026-09-13 11:39:20.435 DEBUG  [B3D55E\14E7AD] Autorouter Failed to route connection between via, polylinetrace, pin #5 of component #20 and via, polylinetrace, pin #5 of component #21, because the new connection could not be inserted.
2026-09-13 11:39:20.435 DEBUG  [B3D55E\14E7AD] Pass #6: Failed to route Via on net 'RING_RETURN' (19 items remaining, 6 failures). State: FAILED
2026-09-13 11:39:20.675 DEBUG  FoundConnectionInserter: insert trace failed for net #12 at corner 47/47 on layer 3, trace width: 1000, from corner: 16, okPoint: (1060357,-1212200), target: (1163469,-1138001)
2026-09-13 11:39:20.701 DEBUG  [B3D55E\14E7AD] Autorouter Failed to route connection between polylinetrace, via, polylinetrace, polylinetrace, polylinetrace, pin #3 of component #21, pin #4 of component #18, pin #3 of component #13 and via, polylinetrace, pin #3 of component #20, because the new connection could not be inserted.
2026-09-13 11:39:20.701 DEBUG  [B3D55E\14E7AD] Pass #6: Failed to route Via on net 'RING_nRESET' (17 items remaining, 4 failures). State: FAILED
2026-09-13 11:39:20.859 DEBUG  FoundConnectionInserter: insert trace failed for net #6 at corner 52/52 on layer 3, trace width: 1000, from corner: 1, okPoint: (1150000,-1201645), target: (1102474,-1019333)
2026-09-13 11:39:20.885 DEBUG  [B3D55E\14E7AD] Autorouter Failed to route connection between polylinetrace, via, polylinetrace, polylinetrace, pin #5 of component #13, pin #1 of component #3 and via, polylinetrace, polylinetrace, pin #6 of component #22, because the new connection could not be inserted.
2026-09-13 11:39:20.885 DEBUG  [B3D55E\14E7AD] Pass #6: Failed to route Via on net '/Eight ring pods/Pod 6 {slash} U24/LOCAL_SCL' (16 items remaining, 3 failures). State: FAILED
2026-09-13 11:39:21.110 DEBUG  FloatLine: one or both endpoints are null (degenerate line segment)
2026-09-13 11:39:22.020 DEBUG  [B3D55E\14E7AD] Autorouter Failed to route connection between polylinetrace, via, polylinetrace, via, polylinetrace, polylinetrace, polylinetrace, polylinetrace, pin #17 of component #13, pin #1 of component #2, pin #1 of component #1 and pin #3 of component #18, because no connection was found between their nets.
2026-09-13 11:39:23.063 INFO   [B3D55E\14E7AD] Auto-routing pass #6 on board '335053264890ba73e63a9a147f423d23' was completed in 3.00 seconds with score 592.85 (13 unrouted and 49 violations), using 18.91 CPU seconds and the job allocated 67.00 GB of memory so far.
2026-09-13 11:39:23.588 DEBUG  Queuing item for routing: Via on net 'RING_RETURN' (connected: 3/6)
2026-09-13 11:39:23.588 DEBUG  Queuing item for routing: Via on net 'RING_RETURN' (connected: 3/6)
2026-09-13 11:39:23.589 DEBUG  Queuing item for routing: Via on net 'RING_nRESET' (connected: 3/11)
2026-09-13 11:39:23.595 DEBUG  Queuing item for routing: Via on net '/Eight ring pods/Pod 6 {slash} U24/LOCAL_SCL' (connected: 4/8)
2026-09-13 11:39:23.603 DEBUG  Queuing item for routing: PolylineTrace on net 'RING_nRESET' (connected: 5/11)
2026-09-13 11:39:23.603 DEBUG  Queuing item for routing: PolylineTrace on net '/Eight ring pods/Pod 6 {slash} U24/LOCAL_SCL' (connected: 2/8)
2026-09-13 11:39:23.605 DEBUG  Queuing item for routing: PolylineTrace on net '/Eight ring pods/Pod 6 {slash} U24/UART_RX_LOCAL' (connected: 11/12)
2026-09-13 11:39:23.605 DEBUG  Queuing item for routing: Pin on net 'RING_nRESET' (connected: 3/11)
2026-09-13 11:39:23.605 DEBUG  Queuing item for routing: Pin on net '/Eight ring pods/Pod 6 {slash} U24/UART_RX_LOCAL' (connected: 1/12)
2026-09-13 11:39:23.605 DEBUG  Queuing item for routing: Pin on net 'GND' (connected: 1/46)
2026-09-13 11:39:23.605 DEBUG  Queuing item for routing: Pin on net 'GND' (connected: 1/46)
2026-09-13 11:39:23.605 DEBUG  Queuing item for routing: Pin on net 'POD_3V3' (connected: 1/52)
2026-09-13 11:39:23.605 DEBUG  Queuing item for routing: Pin on net 'GND' (connected: 1/46)
2026-09-13 11:39:23.605 DEBUG  Queuing item for routing: Pin on net '/Eight ring pods/Pod 6 {slash} U24/LOCAL_SCL' (connected: 1/8)
2026-09-13 11:39:23.605 DEBUG  Queuing item for routing: Pin on net 'GND' (connected: 1/46)
2026-09-13 11:39:23.605 DEBUG  Queuing item for routing: Pin on net 'POD_3V3' (connected: 1/52)
2026-09-13 11:39:23.605 DEBUG  Queuing item for routing: Pin on net 'POD_3V3' (connected: 1/52)
2026-09-13 11:39:23.605 DEBUG  Queuing item for routing: Pin on net '/Eight ring pods/Pod 6 {slash} U24/LOCAL_SCL' (connected: 1/8)
2026-09-13 11:39:23.800 DEBUG  [B3D55E\14E7AD] Pass #7: 13 incompletes across 18 items to route
2026-09-13 11:39:23.800 DEBUG  [B3D55E\14E7AD]   Net 'GND' has 4 incomplete(s)
2026-09-13 11:39:23.800 DEBUG  [B3D55E\14E7AD]   Net 'POD_3V3' has 3 incomplete(s)
2026-09-13 11:39:23.800 DEBUG  [B3D55E\14E7AD]   Net '/Eight ring pods/Pod 6 {slash} U24/UART_RX_LOCAL' has 1 incomplete(s)
2026-09-13 11:39:23.800 DEBUG  [B3D55E\14E7AD]   Net '/Eight ring pods/Pod 6 {slash} U24/LOCAL_SCL' has 2 incomplete(s)
2026-09-13 11:39:23.800 DEBUG  [B3D55E\14E7AD]   Net 'RING_nRESET' has 2 incomplete(s)
2026-09-13 11:39:23.800 DEBUG  [B3D55E\14E7AD]   Net 'RING_RETURN' has 1 incomplete(s)
2026-09-13 11:39:24.256 DEBUG  FoundConnectionInserter: insert trace failed for net #6 at corner 29/29 on layer 3, trace width: 1000, from corner: 6, okPoint: (1145198,-1206447), target: (1103588,-1025699)
2026-09-13 11:39:24.282 DEBUG  [B3D55E\14E7AD] Autorouter Failed to route connection between polylinetrace, polylinetrace, pin #5 of component #13, pin #1 of component #3 and via, polylinetrace, polylinetrace, pin #6 of component #22, because the new connection could not be inserted.
2026-09-13 11:39:24.282 DEBUG  [B3D55E\14E7AD] Pass #7: Failed to route Via on net '/Eight ring pods/Pod 6 {slash} U24/LOCAL_SCL' (15 items remaining, 4 failures). State: FAILED
2026-09-13 11:39:24.455 DEBUG  FloatLine: one or both endpoints are null (degenerate line segment)
2026-09-13 11:39:24.495 DEBUG  [B3D55E\14E7AD] Autorouter Failed to route connection between pin #3 of component #18 and polylinetrace, polylinetrace, polylinetrace, via, via, polylinetrace, polylinetrace, polylinetrace, pin #17 of component #13, pin #1 of component #2, pin #1 of component #1, because no connection was found between their nets.
2026-09-13 11:39:24.760 DEBUG  [B3D55E\14E7AD] Autorouter Failed to route connection between polylinetrace, polylinetrace, polylinetrace, via, via, polylinetrace, polylinetrace, polylinetrace, pin #17 of component #13, pin #1 of component #2, pin #1 of component #1 and pin #3 of component #18, because no connection was found between their nets.
2026-09-13 11:39:24.760 DEBUG  [B3D55E\14E7AD] Pass #7: Failed to route Pin on net '/Eight ring pods/Pod 6 {slash} U24/UART_RX_LOCAL' (10 items remaining, 3 failures). State: FAILED
2026-09-13 11:39:25.767 INFO   [B3D55E\14E7AD] Auto-routing pass #7 on board '9b09a988c26829a411996c06ac5bfea3' was completed in 2.18 seconds with score 592.85 (13 unrouted and 49 violations), using 21.58 CPU seconds and the job allocated 76.54 GB of memory so far.
2026-09-13 11:39:26.310 DEBUG  Queuing item for routing: Via on net '/Eight ring pods/Pod 6 {slash} U24/LOCAL_SDA' (connected: 4/14)
2026-09-13 11:39:26.310 DEBUG  Queuing item for routing: Via on net 'RING_nRESET' (connected: 3/11)
2026-09-13 11:39:26.317 DEBUG  Queuing item for routing: Via on net '/Eight ring pods/Pod 6 {slash} U24/LOCAL_SCL' (connected: 4/8)
2026-09-13 11:39:26.322 DEBUG  Queuing item for routing: PolylineTrace on net '/Eight ring pods/Pod 6 {slash} U24/LOCAL_SDA' (connected: 10/14)
2026-09-13 11:39:26.324 DEBUG  Queuing item for routing: PolylineTrace on net 'RING_nRESET' (connected: 5/11)
2026-09-13 11:39:26.324 DEBUG  Queuing item for routing: PolylineTrace on net '/Eight ring pods/Pod 6 {slash} U24/LOCAL_SCL' (connected: 2/8)
2026-09-13 11:39:26.324 DEBUG  Queuing item for routing: PolylineTrace on net '/Eight ring pods/Pod 6 {slash} U24/UART_RX_LOCAL' (connected: 11/12)
2026-09-13 11:39:26.325 DEBUG  Queuing item for routing: Pin on net 'RING_nRESET' (connected: 3/11)
2026-09-13 11:39:26.325 DEBUG  Queuing item for routing: Pin on net '/Eight ring pods/Pod 6 {slash} U24/UART_RX_LOCAL' (connected: 1/12)
2026-09-13 11:39:26.325 DEBUG  Queuing item for routing: Pin on net 'GND' (connected: 1/46)
2026-09-13 11:39:26.325 DEBUG  Queuing item for routing: Pin on net 'GND' (connected: 1/46)
2026-09-13 11:39:26.325 DEBUG  Queuing item for routing: Pin on net 'POD_3V3' (connected: 1/52)
2026-09-13 11:39:26.325 DEBUG  Queuing item for routing: Pin on net 'GND' (connected: 1/46)
2026-09-13 11:39:26.325 DEBUG  Queuing item for routing: Pin on net '/Eight ring pods/Pod 6 {slash} U24/LOCAL_SCL' (connected: 1/8)
2026-09-13 11:39:26.325 DEBUG  Queuing item for routing: Pin on net 'GND' (connected: 1/46)
2026-09-13 11:39:26.325 DEBUG  Queuing item for routing: Pin on net 'POD_3V3' (connected: 1/52)
2026-09-13 11:39:26.325 DEBUG  Queuing item for routing: Pin on net 'POD_3V3' (connected: 1/52)
2026-09-13 11:39:26.325 DEBUG  Queuing item for routing: Pin on net '/Eight ring pods/Pod 6 {slash} U24/LOCAL_SCL' (connected: 1/8)
2026-09-13 11:39:26.522 DEBUG  [B3D55E\14E7AD] Pass #8: 13 incompletes across 18 items to route
2026-09-13 11:39:26.522 DEBUG  [B3D55E\14E7AD]   Net 'GND' has 4 incomplete(s)
2026-09-13 11:39:26.522 DEBUG  [B3D55E\14E7AD]   Net 'POD_3V3' has 3 incomplete(s)
2026-09-13 11:39:26.522 DEBUG  [B3D55E\14E7AD]   Net '/Eight ring pods/Pod 6 {slash} U24/UART_RX_LOCAL' has 1 incomplete(s)
2026-09-13 11:39:26.522 DEBUG  [B3D55E\14E7AD]   Net '/Eight ring pods/Pod 6 {slash} U24/LOCAL_SCL' has 2 incomplete(s)
2026-09-13 11:39:26.522 DEBUG  [B3D55E\14E7AD]   Net 'RING_nRESET' has 2 incomplete(s)
2026-09-13 11:39:26.522 DEBUG  [B3D55E\14E7AD]   Net '/Eight ring pods/Pod 6 {slash} U24/LOCAL_SDA' has 1 incomplete(s)
2026-09-13 11:39:26.567 DEBUG  FoundConnectionInserter: insert trace failed for net #13 at corner 29/29 on layer 3, trace width: 1000, from corner: 20, okPoint: (1158522,-1079443), target: (1109739,-1020702)
2026-09-13 11:39:26.595 DEBUG  [B3D55E\14E7AD] Autorouter Failed to route connection between polylinetrace, polylinetrace, polylinetrace, polylinetrace, polylinetrace, polylinetrace, polylinetrace, polylinetrace, pin #4 of component #13, pin #1 of component #4 and via, polylinetrace, polylinetrace, pin #3 of component #22, because the new connection could not be inserted.
2026-09-13 11:39:26.751 DEBUG  OptViaAlgo.opt_via_location: probably endless loop
2026-09-13 11:39:27.100 DEBUG  FoundConnectionInserter: insert trace failed for net #13 at corner 52/52 on layer 3, trace width: 1000, from corner: 42, okPoint: (1047002,-1168075), target: (1137158,-1222663)
2026-09-13 11:39:27.125 DEBUG  [B3D55E\14E7AD] Autorouter Failed to route connection between via, polylinetrace, polylinetrace, pin #3 of component #22 and polylinetrace, polylinetrace, polylinetrace, polylinetrace, polylinetrace, polylinetrace, polylinetrace, polylinetrace, pin #4 of component #13, pin #1 of component #4, because the new connection could not be inserted.
2026-09-13 11:39:27.223 DEBUG  PolylineTrace.normalize: max normalization depth (16) reached for trace #9765 on net 12 — stopping recursion, trace kept as-is.
2026-09-13 11:39:27.227 DEBUG  PolylineTrace.normalize: max normalization depth (16) reached for trace #9799 on net 12 — stopping recursion, trace kept as-is.
2026-09-13 11:39:27.227 DEBUG  PolylineTrace.normalize: max normalization depth (16) reached for trace #9836 on net 12 — stopping recursion, trace kept as-is.
2026-09-13 11:39:27.366 DEBUG  [B3D55E\14E7AD] Autorouter Failed to route connection between pin #3 of component #18 and polylinetrace, polylinetrace, polylinetrace, via, via, polylinetrace, polylinetrace, polylinetrace, pin #17 of component #13, pin #1 of component #2, pin #1 of component #1, because no connection was found between their nets.
2026-09-13 11:39:27.366 DEBUG  [B3D55E\14E7AD] Pass #8: Failed to route PolylineTrace on net '/Eight ring pods/Pod 6 {slash} U24/UART_RX_LOCAL' (12 items remaining, 3 failures). State: FAILED
2026-09-13 11:39:27.667 DEBUG  [B3D55E\14E7AD] Autorouter Failed to route connection between polylinetrace, via, polylinetrace, via, polylinetrace, polylinetrace, polylinetrace, pin #3 of component #20, pin #4 of component #18, pin #3 of component #13 and pin #3 of component #21, because no connection was found between their nets.
2026-09-13 11:39:27.667 DEBUG  [B3D55E\14E7AD] Pass #8: Failed to route Pin on net 'RING_nRESET' (11 items remaining, 3 failures). State: FAILED
2026-09-13 11:39:27.980 DEBUG  [B3D55E\14E7AD] Autorouter Failed to route connection between polylinetrace, polylinetrace, polylinetrace, via, via, polylinetrace, polylinetrace, polylinetrace, pin #17 of component #13, pin #1 of component #2, pin #1 of component #1 and pin #3 of component #18, because no connection was found between their nets.
2026-09-13 11:39:27.980 DEBUG  [B3D55E\14E7AD] Pass #8: Failed to route Pin on net '/Eight ring pods/Pod 6 {slash} U24/UART_RX_LOCAL' (10 items remaining, 4 failures). State: FAILED
2026-09-13 11:39:29.006 INFO   [B3D55E\14E7AD] Auto-routing pass #8 on board '6abb757b7b2cc000752db2529f959dc8' was completed in 2.70 seconds with score 610.70 (12 unrouted and 49 violations), using 24.14 CPU seconds and the job allocated 85.67 GB of memory so far.
2026-09-13 11:39:29.503 DEBUG  Queuing item for routing: Via on net '/Eight ring pods/Pod 6 {slash} U24/LOCAL_SDA' (connected: 4/14)
2026-09-13 11:39:29.503 DEBUG  Queuing item for routing: Via on net 'RING_nRESET' (connected: 3/9)
2026-09-13 11:39:29.511 DEBUG  Queuing item for routing: Via on net '/Eight ring pods/Pod 6 {slash} U24/LOCAL_SCL' (connected: 11/12)
2026-09-13 11:39:29.516 DEBUG  Queuing item for routing: PolylineTrace on net '/Eight ring pods/Pod 6 {slash} U24/LOCAL_SDA' (connected: 10/14)
2026-09-13 11:39:29.516 DEBUG  Queuing item for routing: PolylineTrace on net 'RING_nRESET' (connected: 5/9)
2026-09-13 11:39:29.517 DEBUG  Queuing item for routing: PolylineTrace on net '/Eight ring pods/Pod 6 {slash} U24/UART_RX_LOCAL' (connected: 11/12)
2026-09-13 11:39:29.517 DEBUG  Queuing item for routing: Pin on net 'RING_nRESET' (connected: 1/9)
2026-09-13 11:39:29.517 DEBUG  Queuing item for routing: Pin on net '/Eight ring pods/Pod 6 {slash} U24/UART_RX_LOCAL' (connected: 1/12)
2026-09-13 11:39:29.517 DEBUG  Queuing item for routing: Pin on net 'GND' (connected: 1/46)
2026-09-13 11:39:29.518 DEBUG  Queuing item for routing: Pin on net 'GND' (connected: 1/46)
2026-09-13 11:39:29.518 DEBUG  Queuing item for routing: Pin on net 'POD_3V3' (connected: 1/52)
2026-09-13 11:39:29.518 DEBUG  Queuing item for routing: Pin on net 'GND' (connected: 1/46)
2026-09-13 11:39:29.518 DEBUG  Queuing item for routing: Pin on net 'GND' (connected: 1/46)
2026-09-13 11:39:29.518 DEBUG  Queuing item for routing: Pin on net 'POD_3V3' (connected: 1/52)
2026-09-13 11:39:29.518 DEBUG  Queuing item for routing: Pin on net 'POD_3V3' (connected: 1/52)
2026-09-13 11:39:29.518 DEBUG  Queuing item for routing: Pin on net '/Eight ring pods/Pod 6 {slash} U24/LOCAL_SCL' (connected: 1/12)
2026-09-13 11:39:29.705 DEBUG  [B3D55E\14E7AD] Pass #9: 12 incompletes across 16 items to route
2026-09-13 11:39:29.705 DEBUG  [B3D55E\14E7AD]   Net 'GND' has 4 incomplete(s)
2026-09-13 11:39:29.705 DEBUG  [B3D55E\14E7AD]   Net 'POD_3V3' has 3 incomplete(s)
2026-09-13 11:39:29.705 DEBUG  [B3D55E\14E7AD]   Net '/Eight ring pods/Pod 6 {slash} U24/UART_RX_LOCAL' has 1 incomplete(s)
2026-09-13 11:39:29.705 DEBUG  [B3D55E\14E7AD]   Net '/Eight ring pods/Pod 6 {slash} U24/LOCAL_SCL' has 1 incomplete(s)
2026-09-13 11:39:29.705 DEBUG  [B3D55E\14E7AD]   Net 'RING_nRESET' has 2 incomplete(s)
2026-09-13 11:39:29.705 DEBUG  [B3D55E\14E7AD]   Net '/Eight ring pods/Pod 6 {slash} U24/LOCAL_SDA' has 1 incomplete(s)
2026-09-13 11:39:29.880 DEBUG  FoundConnectionInserter: insert trace failed for net #13 at corner 61/61 on layer 3, trace width: 1000, from corner: 12, okPoint: (1145198,-1206447), target: (1072054,-983394)
2026-09-13 11:39:29.903 DEBUG  [B3D55E\14E7AD] Autorouter Failed to route connection between polylinetrace, polylinetrace, polylinetrace, polylinetrace, polylinetrace, polylinetrace, polylinetrace, polylinetrace, pin #4 of component #13, pin #1 of component #4 and via, polylinetrace, polylinetrace, pin #3 of component #22, because the new connection could not be inserted.
2026-09-13 11:39:29.903 DEBUG  [B3D55E\14E7AD] Pass #9: Failed to route Via on net '/Eight ring pods/Pod 6 {slash} U24/LOCAL_SDA' (16 items remaining, 3 failures). State: FAILED
2026-09-13 11:39:30.199 DEBUG  FoundConnectionInserter: insert trace failed for net #13 at corner 53/53 on layer 3, trace width: 1000, from corner: 43, okPoint: (1047002,-1168075), target: (1137158,-1222663)
2026-09-13 11:39:30.222 DEBUG  [B3D55E\14E7AD] Autorouter Failed to route connection between via, polylinetrace, polylinetrace, pin #3 of component #22 and polylinetrace, polylinetrace, polylinetrace, polylinetrace, polylinetrace, polylinetrace, polylinetrace, polylinetrace, pin #4 of component #13, pin #1 of component #4, because the new connection could not be inserted.
2026-09-13 11:39:30.252 DEBUG  PolylineTrace.normalize: max normalization depth (16) reached for trace #11700 on net 12 — stopping recursion, trace kept as-is.
2026-09-13 11:39:30.305 DEBUG  [B3D55E\14E7AD] Autorouter Failed to route connection between pin #3 of component #18 and polylinetrace, polylinetrace, polylinetrace, via, via, polylinetrace, polylinetrace, polylinetrace, pin #17 of component #13, pin #1 of component #2, pin #1 of component #1, because no connection was found between their nets.
2026-09-13 11:39:30.305 DEBUG  [B3D55E\14E7AD] Pass #9: Failed to route PolylineTrace on net '/Eight ring pods/Pod 6 {slash} U24/UART_RX_LOCAL' (11 items remaining, 4 failures). State: FAILED
2026-09-13 11:39:30.595 DEBUG  [B3D55E\14E7AD] Autorouter Failed to route connection between polylinetrace, polylinetrace, via, polylinetrace, via, polylinetrace, polylinetrace, polylinetrace, pin #3 of component #20, pin #4 of component #18, pin #3 of component #13 and pin #3 of component #21, because no connection was found between their nets.
2026-09-13 11:39:30.595 DEBUG  [B3D55E\14E7AD] Pass #9: Failed to route Pin on net 'RING_nRESET' (10 items remaining, 4 failures). State: FAILED
2026-09-13 11:39:30.927 DEBUG  [B3D55E\14E7AD] Autorouter Failed to route connection between polylinetrace, polylinetrace, polylinetrace, via, via, polylinetrace, polylinetrace, polylinetrace, pin #17 of component #13, pin #1 of component #2, pin #1 of component #1 and pin #3 of component #18, because no connection was found between their nets.
2026-09-13 11:39:30.927 DEBUG  [B3D55E\14E7AD] Pass #9: Failed to route Pin on net '/Eight ring pods/Pod 6 {slash} U24/UART_RX_LOCAL' (9 items remaining, 5 failures). State: FAILED
2026-09-13 11:39:31.905 INFO   [B3D55E\14E7AD] Auto-routing pass #9 on board '307945a4508610d5578c29f12c03b1b3' was completed in 2.40 seconds with score 610.70 (12 unrouted and 49 violations), using 26.88 CPU seconds and the job allocated 95.26 GB of memory so far.
2026-09-13 11:39:32.401 DEBUG  Queuing item for routing: Via on net '/Eight ring pods/Pod 6 {slash} U24/LOCAL_SDA' (connected: 4/14)
2026-09-13 11:39:32.401 DEBUG  Queuing item for routing: Via on net 'RING_nRESET' (connected: 3/9)
2026-09-13 11:39:32.408 DEBUG  Queuing item for routing: Via on net '/Eight ring pods/Pod 6 {slash} U24/LOCAL_SCL' (connected: 11/12)
2026-09-13 11:39:32.415 DEBUG  Queuing item for routing: PolylineTrace on net '/Eight ring pods/Pod 6 {slash} U24/LOCAL_SDA' (connected: 10/14)
2026-09-13 11:39:32.415 DEBUG  Queuing item for routing: PolylineTrace on net 'RING_nRESET' (connected: 5/9)
2026-09-13 11:39:32.415 DEBUG  Queuing item for routing: PolylineTrace on net '/Eight ring pods/Pod 6 {slash} U24/UART_RX_LOCAL' (connected: 11/12)
2026-09-13 11:39:32.415 DEBUG  Queuing item for routing: Pin on net 'RING_nRESET' (connected: 1/9)
2026-09-13 11:39:32.415 DEBUG  Queuing item for routing: Pin on net '/Eight ring pods/Pod 6 {slash} U24/UART_RX_LOCAL' (connected: 1/12)
2026-09-13 11:39:32.415 DEBUG  Queuing item for routing: Pin on net 'GND' (connected: 1/46)
2026-09-13 11:39:32.415 DEBUG  Queuing item for routing: Pin on net 'GND' (connected: 1/46)
2026-09-13 11:39:32.415 DEBUG  Queuing item for routing: Pin on net 'POD_3V3' (connected: 1/52)
2026-09-13 11:39:32.415 DEBUG  Queuing item for routing: Pin on net 'GND' (connected: 1/46)
2026-09-13 11:39:32.415 DEBUG  Queuing item for routing: Pin on net 'GND' (connected: 1/46)
2026-09-13 11:39:32.415 DEBUG  Queuing item for routing: Pin on net 'POD_3V3' (connected: 1/52)
2026-09-13 11:39:32.415 DEBUG  Queuing item for routing: Pin on net 'POD_3V3' (connected: 1/52)
2026-09-13 11:39:32.415 DEBUG  Queuing item for routing: Pin on net '/Eight ring pods/Pod 6 {slash} U24/LOCAL_SCL' (connected: 1/12)
2026-09-13 11:39:32.595 DEBUG  [B3D55E\14E7AD] Pass #10: 12 incompletes across 16 items to route
2026-09-13 11:39:32.595 DEBUG  [B3D55E\14E7AD]   Net 'GND' has 4 incomplete(s)
2026-09-13 11:39:32.595 DEBUG  [B3D55E\14E7AD]   Net 'POD_3V3' has 3 incomplete(s)
2026-09-13 11:39:32.595 DEBUG  [B3D55E\14E7AD]   Net '/Eight ring pods/Pod 6 {slash} U24/UART_RX_LOCAL' has 1 incomplete(s)
2026-09-13 11:39:32.595 DEBUG  [B3D55E\14E7AD]   Net '/Eight ring pods/Pod 6 {slash} U24/LOCAL_SCL' has 1 incomplete(s)
2026-09-13 11:39:32.595 DEBUG  [B3D55E\14E7AD]   Net 'RING_nRESET' has 2 incomplete(s)
2026-09-13 11:39:32.595 DEBUG  [B3D55E\14E7AD]   Net '/Eight ring pods/Pod 6 {slash} U24/LOCAL_SDA' has 1 incomplete(s)
2026-09-13 11:39:32.765 DEBUG  FoundConnectionInserter: insert trace failed for net #13 at corner 59/59 on layer 3, trace width: 1000, from corner: 12, okPoint: (1145198,-1206447), target: (1072054,-983394)
2026-09-13 11:39:32.786 DEBUG  [B3D55E\14E7AD] Autorouter Failed to route connection between polylinetrace, polylinetrace, polylinetrace, polylinetrace, polylinetrace, polylinetrace, polylinetrace, polylinetrace, pin #4 of component #13, pin #1 of component #4 and via, polylinetrace, polylinetrace, pin #3 of component #22, because the new connection could not be inserted.
2026-09-13 11:39:32.786 DEBUG  [B3D55E\14E7AD] Pass #10: Failed to route Via on net '/Eight ring pods/Pod 6 {slash} U24/LOCAL_SDA' (16 items remaining, 4 failures). State: FAILED
2026-09-13 11:39:33.068 DEBUG  FoundConnectionInserter: insert trace failed for net #13 at corner 52/52 on layer 3, trace width: 1000, from corner: 42, okPoint: (1047002,-1168075), target: (1137158,-1222663)
2026-09-13 11:39:33.092 DEBUG  [B3D55E\14E7AD] Autorouter Failed to route connection between via, polylinetrace, polylinetrace, pin #3 of component #22 and polylinetrace, polylinetrace, polylinetrace, polylinetrace, polylinetrace, polylinetrace, polylinetrace, polylinetrace, pin #4 of component #13, pin #1 of component #4, because the new connection could not be inserted.
2026-09-13 11:39:33.092 DEBUG  [B3D55E\14E7AD] Pass #10: Failed to route PolylineTrace on net '/Eight ring pods/Pod 6 {slash} U24/LOCAL_SDA' (13 items remaining, 3 failures). State: FAILED
2026-09-13 11:39:33.129 DEBUG  PolylineTrace.normalize: max normalization depth (16) reached for trace #13615 on net 12 — stopping recursion, trace kept as-is.
2026-09-13 11:39:33.182 DEBUG  [B3D55E\14E7AD] Autorouter Failed to route connection between pin #3 of component #18 and polylinetrace, polylinetrace, polylinetrace, via, via, polylinetrace, polylinetrace, polylinetrace, pin #17 of component #13, pin #1 of component #2, pin #1 of component #1, because no connection was found between their nets.
2026-09-13 11:39:33.182 DEBUG  [B3D55E\14E7AD] Pass #10: Failed to route PolylineTrace on net '/Eight ring pods/Pod 6 {slash} U24/UART_RX_LOCAL' (11 items remaining, 5 failures). State: FAILED
2026-09-13 11:39:33.469 DEBUG  [B3D55E\14E7AD] Autorouter Failed to route connection between polylinetrace, polylinetrace, via, polylinetrace, via, polylinetrace, polylinetrace, polylinetrace, pin #3 of component #20, pin #4 of component #18, pin #3 of component #13 and pin #3 of component #21, because no connection was found between their nets.
2026-09-13 11:39:33.469 DEBUG  [B3D55E\14E7AD] Pass #10: Failed to route Pin on net 'RING_nRESET' (10 items remaining, 5 failures). State: FAILED
2026-09-13 11:39:33.783 DEBUG  [B3D55E\14E7AD] Autorouter Failed to route connection between polylinetrace, polylinetrace, polylinetrace, via, via, polylinetrace, polylinetrace, polylinetrace, pin #17 of component #13, pin #1 of component #2, pin #1 of component #1 and pin #3 of component #18, because no connection was found between their nets.
2026-09-13 11:39:33.783 DEBUG  [B3D55E\14E7AD] Pass #10: Failed to route Pin on net '/Eight ring pods/Pod 6 {slash} U24/UART_RX_LOCAL' (9 items remaining, 6 failures). State: FAILED
2026-09-13 11:39:34.754 INFO   [B3D55E\14E7AD] Auto-routing pass #10 on board 'acd3a10cf692b7f64792bf41c986227d' was completed in 2.35 seconds with score 610.70 (12 unrouted and 49 violations), using 29.61 CPU seconds and the job allocated 105.11 GB of memory so far.
2026-09-13 11:39:35.246 DEBUG  Queuing item for routing: Via on net '/Eight ring pods/Pod 6 {slash} U24/LOCAL_SDA' (connected: 4/14)
2026-09-13 11:39:35.246 DEBUG  Queuing item for routing: Via on net 'RING_nRESET' (connected: 3/9)
2026-09-13 11:39:35.252 DEBUG  Queuing item for routing: Via on net '/Eight ring pods/Pod 6 {slash} U24/LOCAL_SCL' (connected: 11/12)
2026-09-13 11:39:35.258 DEBUG  Queuing item for routing: PolylineTrace on net '/Eight ring pods/Pod 6 {slash} U24/LOCAL_SDA' (connected: 10/14)
2026-09-13 11:39:35.258 DEBUG  Queuing item for routing: PolylineTrace on net 'RING_nRESET' (connected: 5/9)
2026-09-13 11:39:35.259 DEBUG  Queuing item for routing: PolylineTrace on net '/Eight ring pods/Pod 6 {slash} U24/UART_RX_LOCAL' (connected: 11/12)
2026-09-13 11:39:35.259 DEBUG  Queuing item for routing: Pin on net 'RING_nRESET' (connected: 1/9)
2026-09-13 11:39:35.259 DEBUG  Queuing item for routing: Pin on net '/Eight ring pods/Pod 6 {slash} U24/UART_RX_LOCAL' (connected: 1/12)
2026-09-13 11:39:35.259 DEBUG  Queuing item for routing: Pin on net 'GND' (connected: 1/46)
2026-09-13 11:39:35.260 DEBUG  Queuing item for routing: Pin on net 'GND' (connected: 1/46)
2026-09-13 11:39:35.260 DEBUG  Queuing item for routing: Pin on net 'POD_3V3' (connected: 1/52)
2026-09-13 11:39:35.260 DEBUG  Queuing item for routing: Pin on net 'GND' (connected: 1/46)
2026-09-13 11:39:35.260 DEBUG  Queuing item for routing: Pin on net 'GND' (connected: 1/46)
2026-09-13 11:39:35.260 DEBUG  Queuing item for routing: Pin on net 'POD_3V3' (connected: 1/52)
2026-09-13 11:39:35.261 DEBUG  Queuing item for routing: Pin on net 'POD_3V3' (connected: 1/52)
2026-09-13 11:39:35.261 DEBUG  Queuing item for routing: Pin on net '/Eight ring pods/Pod 6 {slash} U24/LOCAL_SCL' (connected: 1/12)
2026-09-13 11:39:35.438 DEBUG  [B3D55E\14E7AD] Pass #11: 12 incompletes across 16 items to route
2026-09-13 11:39:35.438 DEBUG  [B3D55E\14E7AD]   Net 'GND' has 4 incomplete(s)
2026-09-13 11:39:35.438 DEBUG  [B3D55E\14E7AD]   Net 'POD_3V3' has 3 incomplete(s)
2026-09-13 11:39:35.438 DEBUG  [B3D55E\14E7AD]   Net '/Eight ring pods/Pod 6 {slash} U24/UART_RX_LOCAL' has 1 incomplete(s)
2026-09-13 11:39:35.438 DEBUG  [B3D55E\14E7AD]   Net '/Eight ring pods/Pod 6 {slash} U24/LOCAL_SCL' has 1 incomplete(s)
2026-09-13 11:39:35.438 DEBUG  [B3D55E\14E7AD]   Net 'RING_nRESET' has 2 incomplete(s)
2026-09-13 11:39:35.438 DEBUG  [B3D55E\14E7AD]   Net '/Eight ring pods/Pod 6 {slash} U24/LOCAL_SDA' has 1 incomplete(s)
2026-09-13 11:39:35.595 DEBUG  FoundConnectionInserter: insert trace failed for net #13 at corner 60/60 on layer 3, trace width: 1000, from corner: 12, okPoint: (1145198,-1206447), target: (1067444,-988812)
2026-09-13 11:39:35.620 DEBUG  [B3D55E\14E7AD] Autorouter Failed to route connection between polylinetrace, polylinetrace, polylinetrace, polylinetrace, polylinetrace, polylinetrace, polylinetrace, polylinetrace, pin #4 of component #13, pin #1 of component #4 and via, polylinetrace, polylinetrace, pin #3 of component #22, because the new connection could not be inserted.
2026-09-13 11:39:35.620 DEBUG  [B3D55E\14E7AD] Pass #11: Failed to route Via on net '/Eight ring pods/Pod 6 {slash} U24/LOCAL_SDA' (16 items remaining, 5 failures). State: FAILED
2026-09-13 11:39:35.907 DEBUG  FoundConnectionInserter: insert trace failed for net #13 at corner 53/53 on layer 3, trace width: 1000, from corner: 43, okPoint: (1047002,-1168075), target: (1137158,-1222663)
2026-09-13 11:39:35.933 DEBUG  [B3D55E\14E7AD] Autorouter Failed to route connection between via, polylinetrace, polylinetrace, pin #3 of component #22 and polylinetrace, polylinetrace, polylinetrace, polylinetrace, polylinetrace, polylinetrace, polylinetrace, polylinetrace, pin #4 of component #13, pin #1 of component #4, because the new connection could not be inserted.
2026-09-13 11:39:35.933 DEBUG  [B3D55E\14E7AD] Pass #11: Failed to route PolylineTrace on net '/Eight ring pods/Pod 6 {slash} U24/LOCAL_SDA' (13 items remaining, 4 failures). State: FAILED
2026-09-13 11:39:35.966 DEBUG  PolylineTrace.normalize: max normalization depth (16) reached for trace #15512 on net 12 — stopping recursion, trace kept as-is.
2026-09-13 11:39:36.019 DEBUG  [B3D55E\14E7AD] Autorouter Failed to route connection between pin #3 of component #18 and polylinetrace, polylinetrace, polylinetrace, via, via, polylinetrace, polylinetrace, polylinetrace, pin #17 of component #13, pin #1 of component #2, pin #1 of component #1, because no connection was found between their nets.
2026-09-13 11:39:36.019 DEBUG  [B3D55E\14E7AD] Pass #11: Failed to route PolylineTrace on net '/Eight ring pods/Pod 6 {slash} U24/UART_RX_LOCAL' (11 items remaining, 6 failures). State: FAILED
2026-09-13 11:39:36.313 DEBUG  [B3D55E\14E7AD] Autorouter Failed to route connection between polylinetrace, polylinetrace, via, polylinetrace, via, polylinetrace, polylinetrace, polylinetrace, pin #3 of component #20, pin #4 of component #18, pin #3 of component #13 and pin #3 of component #21, because no connection was found between their nets.
2026-09-13 11:39:36.313 DEBUG  [B3D55E\14E7AD] Pass #11: Failed to route Pin on net 'RING_nRESET' (10 items remaining, 6 failures). State: FAILED
2026-09-13 11:39:36.630 DEBUG  [B3D55E\14E7AD] Autorouter Failed to route connection between polylinetrace, polylinetrace, polylinetrace, via, via, polylinetrace, polylinetrace, polylinetrace, pin #17 of component #13, pin #1 of component #2, pin #1 of component #1 and pin #3 of component #18, because no connection was found between their nets.
2026-09-13 11:39:36.630 DEBUG  [B3D55E\14E7AD] Pass #11: Failed to route Pin on net '/Eight ring pods/Pod 6 {slash} U24/UART_RX_LOCAL' (9 items remaining, 7 failures). State: FAILED
2026-09-13 11:39:37.564 INFO   [B3D55E\14E7AD] Auto-routing pass #11 on board 'aea56de6c77e43fbf9a09de2d1c421f7' was completed in 2.32 seconds with score 610.70 (12 unrouted and 49 violations), using 31.41 CPU seconds and the job allocated 111.46 GB of memory so far.
2026-09-13 11:39:37.820 DEBUG  [B3D55E\14E7AD] Applied one-time fanout recovery cleanup (removed fanout tails/vias). Incompletes: 12 -> 12.
2026-09-13 11:39:38.277 DEBUG  Queuing item for routing: Via on net '/Eight ring pods/Pod 6 {slash} U24/LOCAL_SDA' (connected: 4/14)
2026-09-13 11:39:38.277 DEBUG  Queuing item for routing: Via on net 'RING_nRESET' (connected: 3/9)
2026-09-13 11:39:38.283 DEBUG  Queuing item for routing: Via on net '/Eight ring pods/Pod 6 {slash} U24/LOCAL_SCL' (connected: 11/12)
2026-09-13 11:39:38.289 DEBUG  Queuing item for routing: PolylineTrace on net '/Eight ring pods/Pod 6 {slash} U24/LOCAL_SDA' (connected: 10/14)
2026-09-13 11:39:38.289 DEBUG  Queuing item for routing: PolylineTrace on net 'RING_nRESET' (connected: 5/9)
2026-09-13 11:39:38.290 DEBUG  Queuing item for routing: PolylineTrace on net '/Eight ring pods/Pod 6 {slash} U24/UART_RX_LOCAL' (connected: 11/12)
2026-09-13 11:39:38.290 DEBUG  Queuing item for routing: Pin on net 'RING_nRESET' (connected: 1/9)
2026-09-13 11:39:38.290 DEBUG  Queuing item for routing: Pin on net '/Eight ring pods/Pod 6 {slash} U24/UART_RX_LOCAL' (connected: 1/12)
2026-09-13 11:39:38.290 DEBUG  Queuing item for routing: Pin on net 'GND' (connected: 1/46)
2026-09-13 11:39:38.290 DEBUG  Queuing item for routing: Pin on net 'GND' (connected: 1/46)
2026-09-13 11:39:38.290 DEBUG  Queuing item for routing: Pin on net 'POD_3V3' (connected: 1/52)
2026-09-13 11:39:38.290 DEBUG  Queuing item for routing: Pin on net 'GND' (connected: 1/46)
2026-09-13 11:39:38.290 DEBUG  Queuing item for routing: Pin on net 'GND' (connected: 1/46)
2026-09-13 11:39:38.290 DEBUG  Queuing item for routing: Pin on net 'POD_3V3' (connected: 1/52)
2026-09-13 11:39:38.290 DEBUG  Queuing item for routing: Pin on net 'POD_3V3' (connected: 1/52)
2026-09-13 11:39:38.290 DEBUG  Queuing item for routing: Pin on net '/Eight ring pods/Pod 6 {slash} U24/LOCAL_SCL' (connected: 1/12)
2026-09-13 11:39:38.468 DEBUG  [B3D55E\14E7AD] Pass #12: 12 incompletes across 16 items to route
2026-09-13 11:39:38.468 DEBUG  [B3D55E\14E7AD]   Net 'GND' has 4 incomplete(s)
2026-09-13 11:39:38.468 DEBUG  [B3D55E\14E7AD]   Net 'POD_3V3' has 3 incomplete(s)
2026-09-13 11:39:38.468 DEBUG  [B3D55E\14E7AD]   Net '/Eight ring pods/Pod 6 {slash} U24/UART_RX_LOCAL' has 1 incomplete(s)
2026-09-13 11:39:38.468 DEBUG  [B3D55E\14E7AD]   Net '/Eight ring pods/Pod 6 {slash} U24/LOCAL_SCL' has 1 incomplete(s)
2026-09-13 11:39:38.468 DEBUG  [B3D55E\14E7AD]   Net 'RING_nRESET' has 2 incomplete(s)
2026-09-13 11:39:38.468 DEBUG  [B3D55E\14E7AD]   Net '/Eight ring pods/Pod 6 {slash} U24/LOCAL_SDA' has 1 incomplete(s)
2026-09-13 11:39:38.631 DEBUG  FoundConnectionInserter: insert trace failed for net #13 at corner 60/60 on layer 3, trace width: 1000, from corner: 12, okPoint: (1145198,-1206447), target: (1067076,-988996)
2026-09-13 11:39:38.645 DEBUG  [B3D55E\14E7AD] Autorouter Failed to route connection between polylinetrace, polylinetrace, polylinetrace, polylinetrace, polylinetrace, polylinetrace, polylinetrace, polylinetrace, pin #4 of component #13, pin #1 of component #4 and via, polylinetrace, polylinetrace, pin #3 of component #22, because the new connection could not be inserted.
2026-09-13 11:39:38.645 DEBUG  [B3D55E\14E7AD] Pass #12: Failed to route Via on net '/Eight ring pods/Pod 6 {slash} U24/LOCAL_SDA' (16 items remaining, 6 failures). State: FAILED
2026-09-13 11:39:38.937 DEBUG  FoundConnectionInserter: insert trace failed for net #13 at corner 53/53 on layer 3, trace width: 1000, from corner: 43, okPoint: (1047002,-1168075), target: (1137158,-1222663)
2026-09-13 11:39:38.960 DEBUG  [B3D55E\14E7AD] Autorouter Failed to route connection between via, polylinetrace, polylinetrace, pin #3 of component #22 and polylinetrace, polylinetrace, polylinetrace, polylinetrace, polylinetrace, polylinetrace, polylinetrace, polylinetrace, pin #4 of component #13, pin #1 of component #4, because the new connection could not be inserted.
2026-09-13 11:39:38.960 DEBUG  [B3D55E\14E7AD] Pass #12: Failed to route PolylineTrace on net '/Eight ring pods/Pod 6 {slash} U24/LOCAL_SDA' (13 items remaining, 5 failures). State: FAILED
2026-09-13 11:39:38.993 DEBUG  PolylineTrace.normalize: max normalization depth (16) reached for trace #17401 on net 12 — stopping recursion, trace kept as-is.
2026-09-13 11:39:39.045 DEBUG  [B3D55E\14E7AD] Autorouter Failed to route connection between pin #3 of component #18 and polylinetrace, polylinetrace, polylinetrace, via, via, polylinetrace, polylinetrace, polylinetrace, pin #17 of component #13, pin #1 of component #2, pin #1 of component #1, because no connection was found between their nets.
2026-09-13 11:39:39.045 DEBUG  [B3D55E\14E7AD] Pass #12: Failed to route PolylineTrace on net '/Eight ring pods/Pod 6 {slash} U24/UART_RX_LOCAL' (11 items remaining, 7 failures). State: FAILED
2026-09-13 11:39:39.333 DEBUG  [B3D55E\14E7AD] Autorouter Failed to route connection between polylinetrace, polylinetrace, via, polylinetrace, via, polylinetrace, polylinetrace, polylinetrace, pin #3 of component #20, pin #4 of component #18, pin #3 of component #13 and pin #3 of component #21, because no connection was found between their nets.
2026-09-13 11:39:39.333 DEBUG  [B3D55E\14E7AD] Pass #12: Failed to route Pin on net 'RING_nRESET' (10 items remaining, 7 failures). State: FAILED
2026-09-13 11:39:39.656 DEBUG  [B3D55E\14E7AD] Autorouter Failed to route connection between polylinetrace, polylinetrace, polylinetrace, via, via, polylinetrace, polylinetrace, polylinetrace, pin #17 of component #13, pin #1 of component #2, pin #1 of component #1 and pin #3 of component #18, because no connection was found between their nets.
2026-09-13 11:39:39.656 DEBUG  [B3D55E\14E7AD] Pass #12: Failed to route Pin on net '/Eight ring pods/Pod 6 {slash} U24/UART_RX_LOCAL' (9 items remaining, 8 failures). State: FAILED
2026-09-13 11:39:40.596 INFO   [B3D55E\14E7AD] Auto-routing pass #12 on board 'f328817eca75f590ce74e77edb4f19fb' was completed in 2.32 seconds with score 610.70 (12 unrouted and 49 violations), using 34.19 CPU seconds and the job allocated 121.50 GB of memory so far.
2026-09-13 11:39:41.085 DEBUG  Queuing item for routing: Via on net '/Eight ring pods/Pod 6 {slash} U24/LOCAL_SDA' (connected: 4/14)
2026-09-13 11:39:41.085 DEBUG  Queuing item for routing: Via on net 'RING_nRESET' (connected: 3/9)
2026-09-13 11:39:41.091 DEBUG  Queuing item for routing: Via on net '/Eight ring pods/Pod 6 {slash} U24/LOCAL_SCL' (connected: 11/12)
2026-09-13 11:39:41.096 DEBUG  Queuing item for routing: PolylineTrace on net '/Eight ring pods/Pod 6 {slash} U24/LOCAL_SDA' (connected: 10/14)
2026-09-13 11:39:41.096 DEBUG  Queuing item for routing: PolylineTrace on net 'RING_nRESET' (connected: 5/9)
2026-09-13 11:39:41.097 DEBUG  Queuing item for routing: PolylineTrace on net '/Eight ring pods/Pod 6 {slash} U24/UART_RX_LOCAL' (connected: 11/12)
2026-09-13 11:39:41.097 DEBUG  Queuing item for routing: Pin on net 'RING_nRESET' (connected: 1/9)
2026-09-13 11:39:41.097 DEBUG  Queuing item for routing: Pin on net '/Eight ring pods/Pod 6 {slash} U24/UART_RX_LOCAL' (connected: 1/12)
2026-09-13 11:39:41.097 DEBUG  Queuing item for routing: Pin on net 'GND' (connected: 1/46)
2026-09-13 11:39:41.097 DEBUG  Queuing item for routing: Pin on net 'GND' (connected: 1/46)
2026-09-13 11:39:41.097 DEBUG  Queuing item for routing: Pin on net 'POD_3V3' (connected: 1/52)
2026-09-13 11:39:41.097 DEBUG  Queuing item for routing: Pin on net 'GND' (connected: 1/46)
2026-09-13 11:39:41.097 DEBUG  Queuing item for routing: Pin on net 'GND' (connected: 1/46)
2026-09-13 11:39:41.097 DEBUG  Queuing item for routing: Pin on net 'POD_3V3' (connected: 1/52)
2026-09-13 11:39:41.097 DEBUG  Queuing item for routing: Pin on net 'POD_3V3' (connected: 1/52)
2026-09-13 11:39:41.097 DEBUG  Queuing item for routing: Pin on net '/Eight ring pods/Pod 6 {slash} U24/LOCAL_SCL' (connected: 1/12)
2026-09-13 11:39:41.278 DEBUG  [B3D55E\14E7AD] Pass #13: 12 incompletes across 16 items to route
2026-09-13 11:39:41.278 DEBUG  [B3D55E\14E7AD]   Net 'GND' has 4 incomplete(s)
2026-09-13 11:39:41.278 DEBUG  [B3D55E\14E7AD]   Net 'POD_3V3' has 3 incomplete(s)
2026-09-13 11:39:41.278 DEBUG  [B3D55E\14E7AD]   Net '/Eight ring pods/Pod 6 {slash} U24/UART_RX_LOCAL' has 1 incomplete(s)
2026-09-13 11:39:41.278 DEBUG  [B3D55E\14E7AD]   Net '/Eight ring pods/Pod 6 {slash} U24/LOCAL_SCL' has 1 incomplete(s)
2026-09-13 11:39:41.278 DEBUG  [B3D55E\14E7AD]   Net 'RING_nRESET' has 2 incomplete(s)
2026-09-13 11:39:41.278 DEBUG  [B3D55E\14E7AD]   Net '/Eight ring pods/Pod 6 {slash} U24/LOCAL_SDA' has 1 incomplete(s)
2026-09-13 11:39:41.435 DEBUG  FoundConnectionInserter: insert trace failed for net #13 at corner 60/60 on layer 3, trace width: 1000, from corner: 12, okPoint: (1145198,-1206447), target: (1066892,-989088)
2026-09-13 11:39:41.459 DEBUG  [B3D55E\14E7AD] Autorouter Failed to route connection between polylinetrace, polylinetrace, polylinetrace, polylinetrace, polylinetrace, polylinetrace, polylinetrace, polylinetrace, pin #4 of component #13, pin #1 of component #4 and via, polylinetrace, polylinetrace, pin #3 of component #22, because the new connection could not be inserted.
2026-09-13 11:39:41.459 DEBUG  [B3D55E\14E7AD] Pass #13: Failed to route Via on net '/Eight ring pods/Pod 6 {slash} U24/LOCAL_SDA' (16 items remaining, 7 failures). State: FAILED
2026-09-13 11:39:41.745 DEBUG  FoundConnectionInserter: insert trace failed for net #13 at corner 53/53 on layer 3, trace width: 1000, from corner: 43, okPoint: (1047002,-1168075), target: (1137158,-1222663)
2026-09-13 11:39:41.780 DEBUG  [B3D55E\14E7AD] Autorouter Failed to route connection between via, polylinetrace, polylinetrace, pin #3 of component #22 and polylinetrace, polylinetrace, polylinetrace, polylinetrace, polylinetrace, polylinetrace, polylinetrace, polylinetrace, pin #4 of component #13, pin #1 of component #4, because the new connection could not be inserted.
2026-09-13 11:39:41.780 DEBUG  [B3D55E\14E7AD] Pass #13: Failed to route PolylineTrace on net '/Eight ring pods/Pod 6 {slash} U24/LOCAL_SDA' (13 items remaining, 6 failures). State: FAILED
2026-09-13 11:39:41.814 DEBUG  PolylineTrace.normalize: max normalization depth (16) reached for trace #19287 on net 12 — stopping recursion, trace kept as-is.
2026-09-13 11:39:41.865 DEBUG  [B3D55E\14E7AD] Autorouter Failed to route connection between pin #3 of component #18 and polylinetrace, polylinetrace, polylinetrace, via, via, polylinetrace, polylinetrace, polylinetrace, pin #17 of component #13, pin #1 of component #2, pin #1 of component #1, because no connection was found between their nets.
2026-09-13 11:39:41.866 DEBUG  [B3D55E\14E7AD] Pass #13: Failed to route PolylineTrace on net '/Eight ring pods/Pod 6 {slash} U24/UART_RX_LOCAL' (11 items remaining, 8 failures). State: FAILED
2026-09-13 11:39:42.156 DEBUG  [B3D55E\14E7AD] Autorouter Failed to route connection between polylinetrace, polylinetrace, via, polylinetrace, via, polylinetrace, polylinetrace, polylinetrace, pin #3 of component #20, pin #4 of component #18, pin #3 of component #13 and pin #3 of component #21, because no connection was found between their nets.
2026-09-13 11:39:42.156 DEBUG  [B3D55E\14E7AD] Pass #13: Failed to route Pin on net 'RING_nRESET' (10 items remaining, 8 failures). State: FAILED
2026-09-13 11:39:42.470 DEBUG  [B3D55E\14E7AD] Autorouter Failed to route connection between polylinetrace, polylinetrace, polylinetrace, via, via, polylinetrace, polylinetrace, polylinetrace, pin #17 of component #13, pin #1 of component #2, pin #1 of component #1 and pin #3 of component #18, because no connection was found between their nets.
2026-09-13 11:39:42.470 DEBUG  [B3D55E\14E7AD] Pass #13: Failed to route Pin on net '/Eight ring pods/Pod 6 {slash} U24/UART_RX_LOCAL' (9 items remaining, 9 failures). State: FAILED
2026-09-13 11:39:43.417 INFO   [B3D55E\14E7AD] Auto-routing pass #13 on board '7795641d9cec846a6c1e8b1a5868aa40' was completed in 2.33 seconds with score 610.70 (12 unrouted and 49 violations), using 36.95 CPU seconds and the job allocated 131.54 GB of memory so far.
2026-09-13 11:39:43.899 DEBUG  Queuing item for routing: Via on net '/Eight ring pods/Pod 6 {slash} U24/LOCAL_SDA' (connected: 4/14)
2026-09-13 11:39:43.899 DEBUG  Queuing item for routing: Via on net 'RING_nRESET' (connected: 3/9)
2026-09-13 11:39:43.906 DEBUG  Queuing item for routing: Via on net '/Eight ring pods/Pod 6 {slash} U24/LOCAL_SCL' (connected: 11/12)
2026-09-13 11:39:43.912 DEBUG  Queuing item for routing: PolylineTrace on net '/Eight ring pods/Pod 6 {slash} U24/LOCAL_SDA' (connected: 10/14)
2026-09-13 11:39:43.912 DEBUG  Queuing item for routing: PolylineTrace on net 'RING_nRESET' (connected: 5/9)
2026-09-13 11:39:43.912 DEBUG  Queuing item for routing: PolylineTrace on net '/Eight ring pods/Pod 6 {slash} U24/UART_RX_LOCAL' (connected: 11/12)
2026-09-13 11:39:43.913 DEBUG  Queuing item for routing: Pin on net 'RING_nRESET' (connected: 1/9)
2026-09-13 11:39:43.913 DEBUG  Queuing item for routing: Pin on net '/Eight ring pods/Pod 6 {slash} U24/UART_RX_LOCAL' (connected: 1/12)
2026-09-13 11:39:43.913 DEBUG  Queuing item for routing: Pin on net 'GND' (connected: 1/46)
2026-09-13 11:39:43.913 DEBUG  Queuing item for routing: Pin on net 'GND' (connected: 1/46)
2026-09-13 11:39:43.913 DEBUG  Queuing item for routing: Pin on net 'POD_3V3' (connected: 1/52)
2026-09-13 11:39:43.913 DEBUG  Queuing item for routing: Pin on net 'GND' (connected: 1/46)
2026-09-13 11:39:43.913 DEBUG  Queuing item for routing: Pin on net 'GND' (connected: 1/46)
2026-09-13 11:39:43.913 DEBUG  Queuing item for routing: Pin on net 'POD_3V3' (connected: 1/52)
2026-09-13 11:39:43.913 DEBUG  Queuing item for routing: Pin on net 'POD_3V3' (connected: 1/52)
2026-09-13 11:39:43.913 DEBUG  Queuing item for routing: Pin on net '/Eight ring pods/Pod 6 {slash} U24/LOCAL_SCL' (connected: 1/12)
2026-09-13 11:39:44.095 DEBUG  [B3D55E\14E7AD] Pass #14: 12 incompletes across 16 items to route
2026-09-13 11:39:44.095 DEBUG  [B3D55E\14E7AD]   Net 'GND' has 4 incomplete(s)
2026-09-13 11:39:44.095 DEBUG  [B3D55E\14E7AD]   Net 'POD_3V3' has 3 incomplete(s)
2026-09-13 11:39:44.095 DEBUG  [B3D55E\14E7AD]   Net '/Eight ring pods/Pod 6 {slash} U24/UART_RX_LOCAL' has 1 incomplete(s)
2026-09-13 11:39:44.095 DEBUG  [B3D55E\14E7AD]   Net '/Eight ring pods/Pod 6 {slash} U24/LOCAL_SCL' has 1 incomplete(s)
2026-09-13 11:39:44.095 DEBUG  [B3D55E\14E7AD]   Net 'RING_nRESET' has 2 incomplete(s)
2026-09-13 11:39:44.095 DEBUG  [B3D55E\14E7AD]   Net '/Eight ring pods/Pod 6 {slash} U24/LOCAL_SDA' has 1 incomplete(s)
2026-09-13 11:39:44.255 DEBUG  FoundConnectionInserter: insert trace failed for net #13 at corner 60/60 on layer 3, trace width: 1000, from corner: 12, okPoint: (1145198,-1206447), target: (1066800,-989134)
2026-09-13 11:39:44.276 DEBUG  [B3D55E\14E7AD] Autorouter Failed to route connection between polylinetrace, polylinetrace, polylinetrace, polylinetrace, polylinetrace, polylinetrace, polylinetrace, polylinetrace, pin #4 of component #13, pin #1 of component #4 and via, polylinetrace, polylinetrace, pin #3 of component #22, because the new connection could not be inserted.
2026-09-13 11:39:44.279 DEBUG  [B3D55E\14E7AD] Pass #14: Failed to route Via on net '/Eight ring pods/Pod 6 {slash} U24/LOCAL_SDA' (16 items remaining, 8 failures). State: FAILED
2026-09-13 11:39:44.568 DEBUG  FoundConnectionInserter: insert trace failed for net #13 at corner 53/53 on layer 3, trace width: 1000, from corner: 43, okPoint: (1047002,-1168075), target: (1137158,-1222663)
2026-09-13 11:39:44.590 DEBUG  [B3D55E\14E7AD] Autorouter Failed to route connection between via, polylinetrace, polylinetrace, pin #3 of component #22 and polylinetrace, polylinetrace, polylinetrace, polylinetrace, polylinetrace, polylinetrace, polylinetrace, polylinetrace, pin #4 of component #13, pin #1 of component #4, because the new connection could not be inserted.
2026-09-13 11:39:44.591 DEBUG  [B3D55E\14E7AD] Pass #14: Failed to route PolylineTrace on net '/Eight ring pods/Pod 6 {slash} U24/LOCAL_SDA' (13 items remaining, 7 failures). State: FAILED
2026-09-13 11:39:44.623 DEBUG  PolylineTrace.normalize: max normalization depth (16) reached for trace #21170 on net 12 — stopping recursion, trace kept as-is.
2026-09-13 11:39:44.673 DEBUG  [B3D55E\14E7AD] Autorouter Failed to route connection between pin #3 of component #18 and polylinetrace, polylinetrace, polylinetrace, via, via, polylinetrace, polylinetrace, polylinetrace, pin #17 of component #13, pin #1 of component #2, pin #1 of component #1, because no connection was found between their nets.
2026-09-13 11:39:44.673 DEBUG  [B3D55E\14E7AD] Pass #14: Failed to route PolylineTrace on net '/Eight ring pods/Pod 6 {slash} U24/UART_RX_LOCAL' (11 items remaining, 9 failures). State: FAILED
2026-09-13 11:39:44.962 DEBUG  [B3D55E\14E7AD] Autorouter Failed to route connection between polylinetrace, polylinetrace, via, polylinetrace, via, polylinetrace, polylinetrace, polylinetrace, pin #3 of component #20, pin #4 of component #18, pin #3 of component #13 and pin #3 of component #21, because no connection was found between their nets.
2026-09-13 11:39:44.962 DEBUG  [B3D55E\14E7AD] Pass #14: Failed to route Pin on net 'RING_nRESET' (10 items remaining, 9 failures). State: FAILED
2026-09-13 11:39:45.289 DEBUG  [B3D55E\14E7AD] Autorouter Failed to route connection between polylinetrace, polylinetrace, polylinetrace, via, via, polylinetrace, polylinetrace, polylinetrace, pin #17 of component #13, pin #1 of component #2, pin #1 of component #1 and pin #3 of component #18, because no connection was found between their nets.
2026-09-13 11:39:45.289 DEBUG  [B3D55E\14E7AD] Pass #14: Failed to route Pin on net '/Eight ring pods/Pod 6 {slash} U24/UART_RX_LOCAL' (9 items remaining, 10 failures). State: FAILED
2026-09-13 11:39:46.263 INFO   [B3D55E\14E7AD] Auto-routing pass #14 on board 'ec4bb590ddf1c4fa8642f1645759f6d9' was completed in 2.37 seconds with score 610.70 (12 unrouted and 49 violations), using 39.72 CPU seconds and the job allocated 141.56 GB of memory so far.
2026-09-13 11:39:46.746 DEBUG  Queuing item for routing: Via on net '/Eight ring pods/Pod 6 {slash} U24/LOCAL_SDA' (connected: 4/14)
2026-09-13 11:39:46.746 DEBUG  Queuing item for routing: Via on net 'RING_nRESET' (connected: 3/9)
2026-09-13 11:39:46.757 DEBUG  Queuing item for routing: Via on net '/Eight ring pods/Pod 6 {slash} U24/LOCAL_SCL' (connected: 11/12)
2026-09-13 11:39:46.762 DEBUG  Queuing item for routing: PolylineTrace on net '/Eight ring pods/Pod 6 {slash} U24/LOCAL_SDA' (connected: 10/14)
2026-09-13 11:39:46.763 DEBUG  Queuing item for routing: PolylineTrace on net 'RING_nRESET' (connected: 5/9)
2026-09-13 11:39:46.763 DEBUG  Queuing item for routing: PolylineTrace on net '/Eight ring pods/Pod 6 {slash} U24/UART_RX_LOCAL' (connected: 11/12)
2026-09-13 11:39:46.763 DEBUG  Queuing item for routing: Pin on net 'RING_nRESET' (connected: 1/9)
2026-09-13 11:39:46.763 DEBUG  Queuing item for routing: Pin on net '/Eight ring pods/Pod 6 {slash} U24/UART_RX_LOCAL' (connected: 1/12)
2026-09-13 11:39:46.763 DEBUG  Queuing item for routing: Pin on net 'GND' (connected: 1/46)
2026-09-13 11:39:46.763 DEBUG  Queuing item for routing: Pin on net 'GND' (connected: 1/46)
2026-09-13 11:39:46.763 DEBUG  Queuing item for routing: Pin on net 'POD_3V3' (connected: 1/52)
2026-09-13 11:39:46.763 DEBUG  Queuing item for routing: Pin on net 'GND' (connected: 1/46)
2026-09-13 11:39:46.763 DEBUG  Queuing item for routing: Pin on net 'GND' (connected: 1/46)
2026-09-13 11:39:46.763 DEBUG  Queuing item for routing: Pin on net 'POD_3V3' (connected: 1/52)
2026-09-13 11:39:46.763 DEBUG  Queuing item for routing: Pin on net 'POD_3V3' (connected: 1/52)
2026-09-13 11:39:46.763 DEBUG  Queuing item for routing: Pin on net '/Eight ring pods/Pod 6 {slash} U24/LOCAL_SCL' (connected: 1/12)
2026-09-13 11:39:46.948 DEBUG  [B3D55E\14E7AD] Pass #15: 12 incompletes across 16 items to route
2026-09-13 11:39:46.948 DEBUG  [B3D55E\14E7AD]   Net 'GND' has 4 incomplete(s)
2026-09-13 11:39:46.948 DEBUG  [B3D55E\14E7AD]   Net 'POD_3V3' has 3 incomplete(s)
2026-09-13 11:39:46.948 DEBUG  [B3D55E\14E7AD]   Net '/Eight ring pods/Pod 6 {slash} U24/UART_RX_LOCAL' has 1 incomplete(s)
2026-09-13 11:39:46.948 DEBUG  [B3D55E\14E7AD]   Net '/Eight ring pods/Pod 6 {slash} U24/LOCAL_SCL' has 1 incomplete(s)
2026-09-13 11:39:46.948 DEBUG  [B3D55E\14E7AD]   Net 'RING_nRESET' has 2 incomplete(s)
2026-09-13 11:39:46.948 DEBUG  [B3D55E\14E7AD]   Net '/Eight ring pods/Pod 6 {slash} U24/LOCAL_SDA' has 1 incomplete(s)
2026-09-13 11:39:47.106 DEBUG  FoundConnectionInserter: insert trace failed for net #13 at corner 60/60 on layer 3, trace width: 1000, from corner: 12, okPoint: (1145198,-1206447), target: (1066754,-989157)
2026-09-13 11:39:47.129 DEBUG  [B3D55E\14E7AD] Autorouter Failed to route connection between polylinetrace, polylinetrace, polylinetrace, polylinetrace, polylinetrace, polylinetrace, polylinetrace, polylinetrace, pin #4 of component #13, pin #1 of component #4 and via, polylinetrace, polylinetrace, pin #3 of component #22, because the new connection could not be inserted.
2026-09-13 11:39:47.129 DEBUG  [B3D55E\14E7AD] Pass #15: Failed to route Via on net '/Eight ring pods/Pod 6 {slash} U24/LOCAL_SDA' (16 items remaining, 9 failures). State: FAILED
2026-09-13 11:39:47.421 DEBUG  FoundConnectionInserter: insert trace failed for net #13 at corner 52/52 on layer 3, trace width: 1000, from corner: 42, okPoint: (1047002,-1168075), target: (1137158,-1222663)
2026-09-13 11:39:47.447 DEBUG  [B3D55E\14E7AD] Autorouter Failed to route connection between via, polylinetrace, polylinetrace, pin #3 of component #22 and polylinetrace, polylinetrace, polylinetrace, polylinetrace, polylinetrace, polylinetrace, polylinetrace, polylinetrace, pin #4 of component #13, pin #1 of component #4, because the new connection could not be inserted.
2026-09-13 11:39:47.447 DEBUG  [B3D55E\14E7AD] Pass #15: Failed to route PolylineTrace on net '/Eight ring pods/Pod 6 {slash} U24/LOCAL_SDA' (13 items remaining, 8 failures). State: FAILED
2026-09-13 11:39:47.480 DEBUG  PolylineTrace.normalize: max normalization depth (16) reached for trace #23052 on net 12 — stopping recursion, trace kept as-is.
2026-09-13 11:39:47.532 DEBUG  [B3D55E\14E7AD] Autorouter Failed to route connection between pin #3 of component #18 and polylinetrace, polylinetrace, polylinetrace, via, via, polylinetrace, polylinetrace, polylinetrace, pin #17 of component #13, pin #1 of component #2, pin #1 of component #1, because no connection was found between their nets.
2026-09-13 11:39:47.532 DEBUG  [B3D55E\14E7AD] Pass #15: Failed to route PolylineTrace on net '/Eight ring pods/Pod 6 {slash} U24/UART_RX_LOCAL' (11 items remaining, 10 failures). State: FAILED
2026-09-13 11:39:47.818 DEBUG  [B3D55E\14E7AD] Autorouter Failed to route connection between polylinetrace, polylinetrace, via, polylinetrace, via, polylinetrace, polylinetrace, polylinetrace, pin #3 of component #20, pin #4 of component #18, pin #3 of component #13 and pin #3 of component #21, because no connection was found between their nets.
2026-09-13 11:39:47.818 DEBUG  [B3D55E\14E7AD] Pass #15: Failed to route Pin on net 'RING_nRESET' (10 items remaining, 10 failures). State: FAILED
2026-09-13 11:39:48.122 DEBUG  [B3D55E\14E7AD] Autorouter Failed to route connection between polylinetrace, polylinetrace, polylinetrace, via, via, polylinetrace, polylinetrace, polylinetrace, pin #17 of component #13, pin #1 of component #2, pin #1 of component #1 and pin #3 of component #18, because no connection was found between their nets.
2026-09-13 11:39:48.122 DEBUG  [B3D55E\14E7AD] Pass #15: Failed to route Pin on net '/Eight ring pods/Pod 6 {slash} U24/UART_RX_LOCAL' (9 items remaining, 11 failures). State: FAILED
2026-09-13 11:39:49.065 INFO   [B3D55E\14E7AD] Auto-routing pass #15 on board '0303182d496e029e76b81b9ce70bc185' was completed in 2.32 seconds with score 610.70 (12 unrouted and 49 violations), using 42.48 CPU seconds and the job allocated 151.51 GB of memory so far.
2026-09-13 11:39:49.546 DEBUG  Queuing item for routing: Via on net '/Eight ring pods/Pod 6 {slash} U24/LOCAL_SDA' (connected: 4/14)
2026-09-13 11:39:49.546 DEBUG  Queuing item for routing: Via on net 'RING_nRESET' (connected: 3/9)
2026-09-13 11:39:49.552 DEBUG  Queuing item for routing: Via on net '/Eight ring pods/Pod 6 {slash} U24/LOCAL_SCL' (connected: 11/12)
2026-09-13 11:39:49.557 DEBUG  Queuing item for routing: PolylineTrace on net '/Eight ring pods/Pod 6 {slash} U24/LOCAL_SDA' (connected: 10/14)
2026-09-13 11:39:49.557 DEBUG  Queuing item for routing: PolylineTrace on net 'RING_nRESET' (connected: 5/9)
2026-09-13 11:39:49.558 DEBUG  Queuing item for routing: PolylineTrace on net '/Eight ring pods/Pod 6 {slash} U24/UART_RX_LOCAL' (connected: 11/12)
2026-09-13 11:39:49.558 DEBUG  Queuing item for routing: Pin on net 'RING_nRESET' (connected: 1/9)
2026-09-13 11:39:49.558 DEBUG  Queuing item for routing: Pin on net '/Eight ring pods/Pod 6 {slash} U24/UART_RX_LOCAL' (connected: 1/12)
2026-09-13 11:39:49.558 DEBUG  Queuing item for routing: Pin on net 'GND' (connected: 1/46)
2026-09-13 11:39:49.558 DEBUG  Queuing item for routing: Pin on net 'GND' (connected: 1/46)
2026-09-13 11:39:49.558 DEBUG  Queuing item for routing: Pin on net 'POD_3V3' (connected: 1/52)
2026-09-13 11:39:49.558 DEBUG  Queuing item for routing: Pin on net 'GND' (connected: 1/46)
2026-09-13 11:39:49.558 DEBUG  Queuing item for routing: Pin on net 'GND' (connected: 1/46)
2026-09-13 11:39:49.558 DEBUG  Queuing item for routing: Pin on net 'POD_3V3' (connected: 1/52)
2026-09-13 11:39:49.558 DEBUG  Queuing item for routing: Pin on net 'POD_3V3' (connected: 1/52)
2026-09-13 11:39:49.558 DEBUG  Queuing item for routing: Pin on net '/Eight ring pods/Pod 6 {slash} U24/LOCAL_SCL' (connected: 1/12)
2026-09-13 11:39:49.731 DEBUG  [B3D55E\14E7AD] Pass #16: 12 incompletes across 16 items to route
2026-09-13 11:39:49.731 DEBUG  [B3D55E\14E7AD]   Net 'GND' has 4 incomplete(s)
2026-09-13 11:39:49.731 DEBUG  [B3D55E\14E7AD]   Net 'POD_3V3' has 3 incomplete(s)
2026-09-13 11:39:49.731 DEBUG  [B3D55E\14E7AD]   Net '/Eight ring pods/Pod 6 {slash} U24/UART_RX_LOCAL' has 1 incomplete(s)
2026-09-13 11:39:49.731 DEBUG  [B3D55E\14E7AD]   Net '/Eight ring pods/Pod 6 {slash} U24/LOCAL_SCL' has 1 incomplete(s)
2026-09-13 11:39:49.731 DEBUG  [B3D55E\14E7AD]   Net 'RING_nRESET' has 2 incomplete(s)
2026-09-13 11:39:49.731 DEBUG  [B3D55E\14E7AD]   Net '/Eight ring pods/Pod 6 {slash} U24/LOCAL_SDA' has 1 incomplete(s)
2026-09-13 11:39:49.883 DEBUG  FoundConnectionInserter: insert trace failed for net #13 at corner 60/60 on layer 3, trace width: 1000, from corner: 12, okPoint: (1145198,-1206447), target: (1066731,-989169)
2026-09-13 11:39:49.909 DEBUG  [B3D55E\14E7AD] Autorouter Failed to route connection between polylinetrace, polylinetrace, polylinetrace, polylinetrace, polylinetrace, polylinetrace, polylinetrace, polylinetrace, pin #4 of component #13, pin #1 of component #4 and via, polylinetrace, polylinetrace, pin #3 of component #22, because the new connection could not be inserted.
2026-09-13 11:39:49.909 DEBUG  [B3D55E\14E7AD] Pass #16: Failed to route Via on net '/Eight ring pods/Pod 6 {slash} U24/LOCAL_SDA' (16 items remaining, 10 failures). State: FAILED
2026-09-13 11:39:50.200 DEBUG  FoundConnectionInserter: insert trace failed for net #13 at corner 53/53 on layer 3, trace width: 1000, from corner: 43, okPoint: (1047002,-1168075), target: (1137158,-1222663)
2026-09-13 11:39:50.223 DEBUG  [B3D55E\14E7AD] Autorouter Failed to route connection between via, polylinetrace, polylinetrace, pin #3 of component #22 and polylinetrace, polylinetrace, polylinetrace, polylinetrace, polylinetrace, polylinetrace, polylinetrace, polylinetrace, pin #4 of component #13, pin #1 of component #4, because the new connection could not be inserted.
2026-09-13 11:39:50.223 DEBUG  [B3D55E\14E7AD] Pass #16: Failed to route PolylineTrace on net '/Eight ring pods/Pod 6 {slash} U24/LOCAL_SDA' (13 items remaining, 9 failures). State: FAILED
2026-09-13 11:39:50.255 DEBUG  PolylineTrace.normalize: max normalization depth (16) reached for trace #24934 on net 12 — stopping recursion, trace kept as-is.
2026-09-13 11:39:50.307 DEBUG  [B3D55E\14E7AD] Autorouter Failed to route connection between pin #3 of component #18 and polylinetrace, polylinetrace, polylinetrace, via, via, polylinetrace, polylinetrace, polylinetrace, pin #17 of component #13, pin #1 of component #2, pin #1 of component #1, because no connection was found between their nets.
2026-09-13 11:39:50.308 DEBUG  [B3D55E\14E7AD] Pass #16: Failed to route PolylineTrace on net '/Eight ring pods/Pod 6 {slash} U24/UART_RX_LOCAL' (11 items remaining, 11 failures). State: FAILED
2026-09-13 11:39:50.600 DEBUG  [B3D55E\14E7AD] Autorouter Failed to route connection between polylinetrace, polylinetrace, via, polylinetrace, via, polylinetrace, polylinetrace, polylinetrace, pin #3 of component #20, pin #4 of component #18, pin #3 of component #13 and pin #3 of component #21, because no connection was found between their nets.
2026-09-13 11:39:50.601 DEBUG  [B3D55E\14E7AD] Pass #16: Failed to route Pin on net 'RING_nRESET' (10 items remaining, 11 failures). State: FAILED
2026-09-13 11:39:50.908 DEBUG  [B3D55E\14E7AD] Autorouter Failed to route connection between polylinetrace, polylinetrace, polylinetrace, via, via, polylinetrace, polylinetrace, polylinetrace, pin #17 of component #13, pin #1 of component #2, pin #1 of component #1 and pin #3 of component #18, because no connection was found between their nets.
2026-09-13 11:39:50.909 DEBUG  [B3D55E\14E7AD] Pass #16: Failed to route Pin on net '/Eight ring pods/Pod 6 {slash} U24/UART_RX_LOCAL' (9 items remaining, 12 failures). State: FAILED
2026-09-13 11:39:51.870 INFO   [B3D55E\14E7AD] Auto-routing pass #16 on board '63ff543e5fc771321a6361e2ed2ca245' was completed in 2.32 seconds with score 610.70 (12 unrouted and 49 violations), using 45.25 CPU seconds and the job allocated 161.51 GB of memory so far.
2026-09-13 11:39:52.357 DEBUG  Queuing item for routing: Via on net '/Eight ring pods/Pod 6 {slash} U24/LOCAL_SDA' (connected: 4/14)
2026-09-13 11:39:52.357 DEBUG  Queuing item for routing: Via on net 'RING_nRESET' (connected: 3/9)
2026-09-13 11:39:52.363 DEBUG  Queuing item for routing: Via on net '/Eight ring pods/Pod 6 {slash} U24/LOCAL_SCL' (connected: 11/12)
2026-09-13 11:39:52.369 DEBUG  Queuing item for routing: PolylineTrace on net '/Eight ring pods/Pod 6 {slash} U24/LOCAL_SDA' (connected: 10/14)
2026-09-13 11:39:52.369 DEBUG  Queuing item for routing: PolylineTrace on net 'RING_nRESET' (connected: 5/9)
2026-09-13 11:39:52.370 DEBUG  Queuing item for routing: PolylineTrace on net '/Eight ring pods/Pod 6 {slash} U24/UART_RX_LOCAL' (connected: 11/12)
2026-09-13 11:39:52.370 DEBUG  Queuing item for routing: Pin on net 'RING_nRESET' (connected: 1/9)
2026-09-13 11:39:52.370 DEBUG  Queuing item for routing: Pin on net '/Eight ring pods/Pod 6 {slash} U24/UART_RX_LOCAL' (connected: 1/12)
2026-09-13 11:39:52.370 DEBUG  Queuing item for routing: Pin on net 'GND' (connected: 1/46)
2026-09-13 11:39:52.370 DEBUG  Queuing item for routing: Pin on net 'GND' (connected: 1/46)
2026-09-13 11:39:52.370 DEBUG  Queuing item for routing: Pin on net 'POD_3V3' (connected: 1/52)
2026-09-13 11:39:52.370 DEBUG  Queuing item for routing: Pin on net 'GND' (connected: 1/46)
2026-09-13 11:39:52.370 DEBUG  Queuing item for routing: Pin on net 'GND' (connected: 1/46)
2026-09-13 11:39:52.370 DEBUG  Queuing item for routing: Pin on net 'POD_3V3' (connected: 1/52)
2026-09-13 11:39:52.370 DEBUG  Queuing item for routing: Pin on net 'POD_3V3' (connected: 1/52)
2026-09-13 11:39:52.370 DEBUG  Queuing item for routing: Pin on net '/Eight ring pods/Pod 6 {slash} U24/LOCAL_SCL' (connected: 1/12)
2026-09-13 11:39:52.552 DEBUG  [B3D55E\14E7AD] Pass #17: 12 incompletes across 16 items to route
2026-09-13 11:39:52.553 DEBUG  [B3D55E\14E7AD]   Net 'GND' has 4 incomplete(s)
2026-09-13 11:39:52.553 DEBUG  [B3D55E\14E7AD]   Net 'POD_3V3' has 3 incomplete(s)
2026-09-13 11:39:52.553 DEBUG  [B3D55E\14E7AD]   Net '/Eight ring pods/Pod 6 {slash} U24/UART_RX_LOCAL' has 1 incomplete(s)
2026-09-13 11:39:52.553 DEBUG  [B3D55E\14E7AD]   Net '/Eight ring pods/Pod 6 {slash} U24/LOCAL_SCL' has 1 incomplete(s)
2026-09-13 11:39:52.553 DEBUG  [B3D55E\14E7AD]   Net 'RING_nRESET' has 2 incomplete(s)
2026-09-13 11:39:52.553 DEBUG  [B3D55E\14E7AD]   Net '/Eight ring pods/Pod 6 {slash} U24/LOCAL_SDA' has 1 incomplete(s)
2026-09-13 11:39:52.717 DEBUG  FoundConnectionInserter: insert trace failed for net #13 at corner 60/60 on layer 3, trace width: 1000, from corner: 12, okPoint: (1145198,-1206447), target: (1066719,-989175)
2026-09-13 11:39:52.739 DEBUG  [B3D55E\14E7AD] Autorouter Failed to route connection between polylinetrace, polylinetrace, polylinetrace, polylinetrace, polylinetrace, polylinetrace, polylinetrace, polylinetrace, pin #4 of component #13, pin #1 of component #4 and via, polylinetrace, polylinetrace, pin #3 of component #22, because the new connection could not be inserted.
2026-09-13 11:39:52.739 DEBUG  [B3D55E\14E7AD] Pass #17: Failed to route Via on net '/Eight ring pods/Pod 6 {slash} U24/LOCAL_SDA' (16 items remaining, 11 failures). State: FAILED
2026-09-13 11:39:53.026 DEBUG  FoundConnectionInserter: insert trace failed for net #13 at corner 53/53 on layer 3, trace width: 1000, from corner: 43, okPoint: (1047002,-1168075), target: (1137158,-1222663)
2026-09-13 11:39:53.049 DEBUG  [B3D55E\14E7AD] Autorouter Failed to route connection between via, polylinetrace, polylinetrace, pin #3 of component #22 and polylinetrace, polylinetrace, polylinetrace, polylinetrace, polylinetrace, polylinetrace, polylinetrace, polylinetrace, pin #4 of component #13, pin #1 of component #4, because the new connection could not be inserted.
2026-09-13 11:39:53.049 DEBUG  [B3D55E\14E7AD] Pass #17: Failed to route PolylineTrace on net '/Eight ring pods/Pod 6 {slash} U24/LOCAL_SDA' (13 items remaining, 10 failures). State: FAILED
2026-09-13 11:39:53.082 DEBUG  PolylineTrace.normalize: max normalization depth (16) reached for trace #26816 on net 12 — stopping recursion, trace kept as-is.
2026-09-13 11:39:53.135 DEBUG  [B3D55E\14E7AD] Autorouter Failed to route connection between pin #3 of component #18 and polylinetrace, polylinetrace, polylinetrace, via, via, polylinetrace, polylinetrace, polylinetrace, pin #17 of component #13, pin #1 of component #2, pin #1 of component #1, because no connection was found between their nets.
2026-09-13 11:39:53.135 DEBUG  [B3D55E\14E7AD] Pass #17: Failed to route PolylineTrace on net '/Eight ring pods/Pod 6 {slash} U24/UART_RX_LOCAL' (11 items remaining, 12 failures). State: FAILED
2026-09-13 11:39:53.430 DEBUG  [B3D55E\14E7AD] Autorouter Failed to route connection between polylinetrace, polylinetrace, via, polylinetrace, via, polylinetrace, polylinetrace, polylinetrace, pin #3 of component #20, pin #4 of component #18, pin #3 of component #13 and pin #3 of component #21, because no connection was found between their nets.
2026-09-13 11:39:53.430 DEBUG  [B3D55E\14E7AD] Pass #17: Failed to route Pin on net 'RING_nRESET' (10 items remaining, 12 failures). State: FAILED
2026-09-13 11:39:53.750 DEBUG  [B3D55E\14E7AD] Autorouter Failed to route connection between polylinetrace, polylinetrace, polylinetrace, via, via, polylinetrace, polylinetrace, polylinetrace, pin #17 of component #13, pin #1 of component #2, pin #1 of component #1 and pin #3 of component #18, because no connection was found between their nets.
2026-09-13 11:39:53.750 DEBUG  [B3D55E\14E7AD] Pass #17: Failed to route Pin on net '/Eight ring pods/Pod 6 {slash} U24/UART_RX_LOCAL' (9 items remaining, 13 failures). State: FAILED
2026-09-13 11:39:54.736 INFO   [B3D55E\14E7AD] Auto-routing pass #17 on board '483abf177eb742d2e9e1432026ad1b87' was completed in 2.38 seconds with score 610.70 (12 unrouted and 49 violations), using 47.09 CPU seconds and the job allocated 167.94 GB of memory so far.
2026-09-13 11:39:55.240 DEBUG  Queuing item for routing: Via on net '/Eight ring pods/Pod 6 {slash} U24/LOCAL_SDA' (connected: 4/14)
2026-09-13 11:39:55.241 DEBUG  Queuing item for routing: Via on net 'RING_nRESET' (connected: 3/9)
2026-09-13 11:39:55.246 DEBUG  Queuing item for routing: Via on net '/Eight ring pods/Pod 6 {slash} U24/LOCAL_SCL' (connected: 11/12)
2026-09-13 11:39:55.253 DEBUG  Queuing item for routing: PolylineTrace on net '/Eight ring pods/Pod 6 {slash} U24/LOCAL_SDA' (connected: 10/14)
2026-09-13 11:39:55.253 DEBUG  Queuing item for routing: PolylineTrace on net 'RING_nRESET' (connected: 5/9)
2026-09-13 11:39:55.253 DEBUG  Queuing item for routing: PolylineTrace on net '/Eight ring pods/Pod 6 {slash} U24/UART_RX_LOCAL' (connected: 11/12)
2026-09-13 11:39:55.253 DEBUG  Queuing item for routing: Pin on net 'RING_nRESET' (connected: 1/9)
2026-09-13 11:39:55.253 DEBUG  Queuing item for routing: Pin on net '/Eight ring pods/Pod 6 {slash} U24/UART_RX_LOCAL' (connected: 1/12)
2026-09-13 11:39:55.253 DEBUG  Queuing item for routing: Pin on net 'GND' (connected: 1/46)
2026-09-13 11:39:55.253 DEBUG  Queuing item for routing: Pin on net 'GND' (connected: 1/46)
2026-09-13 11:39:55.253 DEBUG  Queuing item for routing: Pin on net 'POD_3V3' (connected: 1/52)
2026-09-13 11:39:55.253 DEBUG  Queuing item for routing: Pin on net 'GND' (connected: 1/46)
2026-09-13 11:39:55.253 DEBUG  Queuing item for routing: Pin on net 'GND' (connected: 1/46)
2026-09-13 11:39:55.253 DEBUG  Queuing item for routing: Pin on net 'POD_3V3' (connected: 1/52)
2026-09-13 11:39:55.253 DEBUG  Queuing item for routing: Pin on net 'POD_3V3' (connected: 1/52)
2026-09-13 11:39:55.253 DEBUG  Queuing item for routing: Pin on net '/Eight ring pods/Pod 6 {slash} U24/LOCAL_SCL' (connected: 1/12)
2026-09-13 11:39:55.438 DEBUG  [B3D55E\14E7AD] Pass #18: 12 incompletes across 16 items to route
2026-09-13 11:39:55.438 DEBUG  [B3D55E\14E7AD]   Net 'GND' has 4 incomplete(s)
2026-09-13 11:39:55.438 DEBUG  [B3D55E\14E7AD]   Net 'POD_3V3' has 3 incomplete(s)
2026-09-13 11:39:55.438 DEBUG  [B3D55E\14E7AD]   Net '/Eight ring pods/Pod 6 {slash} U24/UART_RX_LOCAL' has 1 incomplete(s)
2026-09-13 11:39:55.438 DEBUG  [B3D55E\14E7AD]   Net '/Eight ring pods/Pod 6 {slash} U24/LOCAL_SCL' has 1 incomplete(s)
2026-09-13 11:39:55.438 DEBUG  [B3D55E\14E7AD]   Net 'RING_nRESET' has 2 incomplete(s)
2026-09-13 11:39:55.438 DEBUG  [B3D55E\14E7AD]   Net '/Eight ring pods/Pod 6 {slash} U24/LOCAL_SDA' has 1 incomplete(s)
2026-09-13 11:39:55.592 DEBUG  FoundConnectionInserter: insert trace failed for net #13 at corner 60/60 on layer 3, trace width: 1000, from corner: 12, okPoint: (1145198,-1206447), target: (1066713,-989178)
2026-09-13 11:39:55.617 DEBUG  [B3D55E\14E7AD] Autorouter Failed to route connection between polylinetrace, polylinetrace, polylinetrace, polylinetrace, polylinetrace, polylinetrace, polylinetrace, polylinetrace, pin #4 of component #13, pin #1 of component #4 and via, polylinetrace, polylinetrace, pin #3 of component #22, because the new connection could not be inserted.
2026-09-13 11:39:55.617 DEBUG  [B3D55E\14E7AD] Pass #18: Failed to route Via on net '/Eight ring pods/Pod 6 {slash} U24/LOCAL_SDA' (16 items remaining, 12 failures). State: FAILED
2026-09-13 11:39:55.910 DEBUG  FoundConnectionInserter: insert trace failed for net #13 at corner 52/52 on layer 3, trace width: 1000, from corner: 42, okPoint: (1047002,-1168075), target: (1137158,-1222663)
2026-09-13 11:39:55.934 DEBUG  [B3D55E\14E7AD] Autorouter Failed to route connection between via, polylinetrace, polylinetrace, pin #3 of component #22 and polylinetrace, polylinetrace, polylinetrace, polylinetrace, polylinetrace, polylinetrace, polylinetrace, polylinetrace, pin #4 of component #13, pin #1 of component #4, because the new connection could not be inserted.
2026-09-13 11:39:55.934 DEBUG  [B3D55E\14E7AD] Pass #18: Failed to route PolylineTrace on net '/Eight ring pods/Pod 6 {slash} U24/LOCAL_SDA' (13 items remaining, 11 failures). State: FAILED
2026-09-13 11:39:55.973 DEBUG  PolylineTrace.normalize: max normalization depth (16) reached for trace #28695 on net 12 — stopping recursion, trace kept as-is.
2026-09-13 11:39:56.028 DEBUG  [B3D55E\14E7AD] Autorouter Failed to route connection between pin #3 of component #18 and polylinetrace, polylinetrace, polylinetrace, via, via, polylinetrace, polylinetrace, polylinetrace, pin #17 of component #13, pin #1 of component #2, pin #1 of component #1, because no connection was found between their nets.
2026-09-13 11:39:56.028 DEBUG  [B3D55E\14E7AD] Pass #18: Failed to route PolylineTrace on net '/Eight ring pods/Pod 6 {slash} U24/UART_RX_LOCAL' (11 items remaining, 13 failures). State: FAILED
2026-09-13 11:39:56.319 DEBUG  [B3D55E\14E7AD] Autorouter Failed to route connection between polylinetrace, polylinetrace, via, polylinetrace, via, polylinetrace, polylinetrace, polylinetrace, pin #3 of component #20, pin #4 of component #18, pin #3 of component #13 and pin #3 of component #21, because no connection was found between their nets.
2026-09-13 11:39:56.320 DEBUG  [B3D55E\14E7AD] Pass #18: Failed to route Pin on net 'RING_nRESET' (10 items remaining, 13 failures). State: FAILED
2026-09-13 11:39:56.640 DEBUG  [B3D55E\14E7AD] Autorouter Failed to route connection between polylinetrace, polylinetrace, polylinetrace, via, via, polylinetrace, polylinetrace, polylinetrace, pin #17 of component #13, pin #1 of component #2, pin #1 of component #1 and pin #3 of component #18, because no connection was found between their nets.
2026-09-13 11:39:56.640 DEBUG  [B3D55E\14E7AD] Pass #18: Failed to route Pin on net '/Eight ring pods/Pod 6 {slash} U24/UART_RX_LOCAL' (9 items remaining, 14 failures). State: FAILED
2026-09-13 11:39:57.626 INFO   [B3D55E\14E7AD] Auto-routing pass #18 on board '018dea542ba4a90fa19ce2ec6621483f' was completed in 2.39 seconds with score 610.70 (12 unrouted and 49 violations), using 49.80 CPU seconds and the job allocated 177.69 GB of memory so far.
2026-09-13 11:39:57.676 INFO   [B3D55E\14E7AD] The router's best score (610.70) has not improved by more than 0.5 points since pass #8. Stopping the auto-router after 18 passes (12 items still unconnected).
The following connections could not be routed -- please review your design (e.g. check pad clearances, trace width rules, and available routing space):
  Net 'GND' (4 unrouted connections):
    - C163-2  ->  conductionarea
    - via  ->  C24-2
    - C160-2  ->  conductionarea
    - U24-7  ->  conductionarea
  Net 'POD_3V3' (3 unrouted connections):
    - R20-1  ->  conductionarea
    - conductionarea  ->  C160-1
    - U24-9  ->  conductionarea
  Net '/Eight ring pods/Pod 6 {slash} U24/UART_RX_LOCAL' (1 unrouted connection):
    - J126-4  ->  U24-18
  Net '/Eight ring pods/Pod 6 {slash} U24/LOCAL_SCL' (1 unrouted connection):
    - R21-2  ->  U24-6
  Net 'RING_nRESET' (2 unrouted connections):
    - U24-4  ->  J124-4
    - J124-4  ->  J125-4
  Net '/Eight ring pods/Pod 6 {slash} U24/LOCAL_SDA' (1 unrouted connection):
    - U9-B1  ->  U24-5
2026-09-13 11:39:57.914 DEBUG  === Performance Profile ===
2026-09-13 11:39:57.914 DEBUG  === Routing Parameters ===
2026-09-13 11:39:57.914 DEBUG    Via Costs: 50, Plane Via Costs: 5
2026-09-13 11:39:57.914 DEBUG    Layer Costs (Preferred / Against):
2026-09-13 11:39:57.914 DEBUG      Layer 1: 1.8 / 3.9
2026-09-13 11:39:57.914 DEBUG      Layer 2: 1.0 / 1.5
2026-09-13 11:39:57.914 DEBUG      Layer 3: 1.0 / 3.1
2026-09-13 11:39:57.914 DEBUG      Layer 4: 1.8 / 2.3
2026-09-13 11:39:57.914 DEBUG  
2026-09-13 11:39:57.915 DEBUG    autoroute_item                          :    17075 ms total,      331 calls,     51 ms avg
2026-09-13 11:39:57.915 DEBUG  
2026-09-13 11:39:57.915 DEBUG  === Pass History ===
2026-09-13 11:39:57.916 DEBUG    Pass 1  :   14 unrouted items,     3.32 s,   100 ripup cost
2026-09-13 11:39:57.916 DEBUG    Pass 2  :   14 unrouted items,     2.43 s,   200 ripup cost
2026-09-13 11:39:57.916 DEBUG    Pass 3  :   14 unrouted items,     2.26 s,   300 ripup cost
2026-09-13 11:39:57.916 DEBUG    Pass 4  :   13 unrouted items,     2.26 s,   400 ripup cost
2026-09-13 11:39:57.916 DEBUG    Pass 5  :   15 unrouted items,     2.31 s,   500 ripup cost
2026-09-13 11:39:57.916 DEBUG    Pass 6  :   13 unrouted items,     2.75 s,   600 ripup cost
2026-09-13 11:39:57.916 DEBUG    Pass 7  :   13 unrouted items,     1.93 s,   700 ripup cost
2026-09-13 11:39:57.916 DEBUG    Pass 8  :   12 unrouted items,     2.47 s,   800 ripup cost
2026-09-13 11:39:57.916 DEBUG    Pass 9  :   12 unrouted items,     2.17 s,   900 ripup cost
2026-09-13 11:39:57.916 DEBUG    Pass 10 :   12 unrouted items,     2.12 s,  1000 ripup cost
2026-09-13 11:39:57.916 DEBUG    Pass 11 :   12 unrouted items,     2.10 s,  1100 ripup cost
2026-09-13 11:39:57.916 DEBUG    Pass 12 :   12 unrouted items,     2.09 s,  1200 ripup cost
2026-09-13 11:39:57.916 DEBUG    Pass 13 :   12 unrouted items,     2.10 s,  1300 ripup cost
2026-09-13 11:39:57.916 DEBUG    Pass 14 :   12 unrouted items,     2.14 s,  1400 ripup cost
2026-09-13 11:39:57.916 DEBUG    Pass 15 :   12 unrouted items,     2.09 s,  1500 ripup cost
2026-09-13 11:39:57.916 DEBUG    Pass 16 :   12 unrouted items,     2.10 s,  1600 ripup cost
2026-09-13 11:39:57.916 DEBUG    Pass 17 :   12 unrouted items,     2.14 s,  1700 ripup cost
2026-09-13 11:39:57.916 DEBUG    Pass 18 :   12 unrouted items,     2.16 s,  1800 ripup cost
2026-09-13 11:39:57.916 DEBUG  ===========================
2026-09-13 11:39:58.145 INFO   [B3D55E\14E7AD] Auto-routing stage completed: started with 25 unrouted nets, completed in 57.48 seconds, final score: 610.70 (12 unrouted and 49 violations), using 50.66 total CPU seconds, 181.03 GB total allocated, and 1486.6 MB peak heap usage.
2026-09-13 11:39:58.148 DEBUG  [B3D55E\14E7AD] Before optimization: Via count: 41, trace length: 1860846
2026-09-13 11:39:58.381 INFO   [B3D55E\14E7AD] Optimization stage started on board '0b9f2d776beeed6203d216ea638ce85c' with score 610.70 (12 unrouted and 49 violations).
2026-09-13 11:40:06.517 INFO   [B3D55E\14E7AD] Optimizer pass #1 on board '091c52bfd69e30244be025b96d907d57' was completed in 7.42 seconds with the score of 610.70 (12 unrouted and 49 violations).
2026-09-13 11:40:06.750 INFO   [B3D55E\14E7AD] Stopping optimizer because the improvement in this pass (0.0000%) is below the threshold (1.00%).
2026-09-13 11:40:06.987 INFO   [B3D55E\14E7AD] Optimization stage completed: started with score 610.70 (12 unrouted and 49 violations), completed in 8.37 seconds, final score: 610.70 (12 unrouted and 49 violations), using 7.45 total CPU seconds, 31.98 GB total allocated, and 848.1 MB peak heap usage.
2026-09-13 11:40:06.992 INFO   [B3D55E\14E7AD] Job 'B3D55E\14E7AD' finished with state: COMPLETED (elapsed: 1 minute 6.61 seconds, finished at UTC: 2026-09-13T18:40:06.991423300Z).
2026-09-13 11:40:07.006 INFO   Saving output file 'C:\Users\mmsyl\Documents\haptic-bracelet\hardware\verification\routing-v08\complete-input.ses' (SES)...
2026-09-13 11:40:07.008 INFO   Successfully saved output file 'C:\Users\mmsyl\Documents\haptic-bracelet\hardware\verification\routing-v08\complete-input.ses' (7495 bytes).
2026-09-13 11:50:03.295 INFO   Freerouting v2.4.1 (build-date: 2026-09-03)
2026-09-13 11:50:03.298 DEBUG  [startup] user-data path : hardware\verification\routing-v08\runtime  (source: CLI argument --user_data_path)
2026-09-13 11:50:03.298 DEBUG  [startup] log file       : C:\Users\mmsyl\Documents\haptic-bracelet\hardware\verification\routing-v08\runtime\freerouting.log
2026-09-13 11:50:03.348 DEBUG  Settings loaded from 'hardware\verification\routing-v08\runtime\freerouting.json'.
2026-09-13 11:50:03.363 DEBUG  Version: 2.4.1,2026-09-03
2026-09-13 11:50:03.363 DEBUG  Command line arguments: '-de hardware/verification/routing-v08/pod-7.dsn -do hardware/verification/routing-v08/pod-7.ses -mp 20 -mt 2 -da --gui.enabled=false --api_server.enabled=false --user_data_path=hardware/verification/routing-v08/runtime --router.layers.routable=true,false,false,true'
2026-09-13 11:50:03.363 DEBUG  Architecture: Windows 11,amd64,10.0
2026-09-13 11:50:03.363 DEBUG  Java: 25.0.4.1,Eclipse Adoptium
2026-09-13 11:50:03.363 DEBUG  System Language: en,en_US
2026-09-13 11:50:03.366 DEBUG  Hardware: 28 CPU cores, 133000 CPU score, 30688 MB RAM
2026-09-13 11:50:03.366 DEBUG  UTC Time: 2026-09-13T18:50:03.348116400Z
2026-09-13 11:50:03.367 DEBUG  GUI Language: en_US
2026-09-13 11:50:03.367 DEBUG  Host: N/A
2026-09-13 11:50:03.370 DEBUG  Analytics are disabled
2026-09-13 11:50:04.543 DEBUG  Loaded router settings from: hardware\verification\routing-v08\runtime\freerouting.json
2026-09-13 11:50:04.544 DEBUG  Applied CLI router setting: router.max_passes = 20
2026-09-13 11:50:04.544 DEBUG  Applied CLI router setting: router.max_threads = 2
2026-09-13 11:50:04.545 DEBUG  Applied CLI router setting: router.layers.routable = true,false,false,true
2026-09-13 11:50:04.545 DEBUG  Applied CLI router setting: router.enabled = true (implicit from -de/-do batch mode)
2026-09-13 11:50:04.545 DEBUG  No router settings found in environment variables
2026-09-13 11:50:04.601 DEBUG  Set DEFAULT clearance (all layers): 2000 (0.05 mm) from DSN value 200.0
2026-09-13 11:50:04.603 DEBUG  Version check skipped or timed out: java.net.ConnectException: Permission denied: getsockopt
2026-09-13 11:50:04.605 DEBUG  Set clearance (all layers): smd_smd = 500 (0.0125 mm), classes [2,2]
2026-09-13 11:50:04.607 DEBUG  Set default trace width (all layers): DSN=200.0 → board=2000 (0.05 mm)
2026-09-13 11:50:04.699 DEBUG  Loaded router settings from DSN file: pod-7.dsn (4 layers)
2026-09-13 11:50:04.715 DEBUG  Set DEFAULT clearance (all layers): 2000 (0.05 mm) from DSN value 200.0
2026-09-13 11:50:04.716 DEBUG  Set clearance (all layers): smd_smd = 500 (0.0125 mm), classes [2,2]
2026-09-13 11:50:04.716 DEBUG  Set default trace width (all layers): DSN=200.0 → board=2000 (0.05 mm)
2026-09-13 11:50:04.752 DEBUG  Loaded router settings from DSN file: pod-7.dsn (4 layers)
2026-09-13 11:50:04.753 DEBUG  Merging settings from 5 sources:
2026-09-13 11:50:04.753 DEBUG    - Default Settings (priority 0): base settings
2026-09-13 11:50:04.754 DEBUG    - freerouting.json (priority 10): 0 fields changed
2026-09-13 11:50:04.755 DEBUG    - DSN file: pod-7.dsn (priority 20): 6 fields changed
2026-09-13 11:50:04.755 DEBUG    - Environment Variables (priority 55): 0 fields changed
2026-09-13 11:50:04.755 DEBUG    - CLI Arguments (priority 60): 6 fields changed
2026-09-13 11:50:04.755 DEBUG  Settings merged successfully from 5 source(s)
2026-09-13 11:50:04.968 INFO   [E41A9A\4A1EA1] Loading board file 'pod-7.dsn'...
2026-09-13 11:50:04.977 DEBUG  Set DEFAULT clearance (all layers): 2000 (0.05 mm) from DSN value 200.0
2026-09-13 11:50:04.977 DEBUG  Set clearance (all layers): smd_smd = 500 (0.0125 mm), classes [2,2]
2026-09-13 11:50:04.977 DEBUG  Set default trace width (all layers): DSN=200.0 → board=2000 (0.05 mm)
2026-09-13 11:50:05.028 DEBUG  Wiring: degenerate wire trace skipped (all 1 corners are identical — zero-length trace) on layer 'F.Cu'. This is likely a DSN export issue in your EDA tool.
2026-09-13 11:50:05.029 DEBUG  Wiring: degenerate wire trace skipped (all 1 corners are identical — zero-length trace) on layer 'F.Cu'. This is likely a DSN export issue in your EDA tool.
2026-09-13 11:50:05.030 DEBUG  Wiring: degenerate wire trace skipped (all 1 corners are identical — zero-length trace) on layer 'F.Cu'. This is likely a DSN export issue in your EDA tool.
2026-09-13 11:50:05.032 DEBUG  Wiring: degenerate wire trace skipped (all 1 corners are identical — zero-length trace) on layer 'F.Cu'. This is likely a DSN export issue in your EDA tool.
2026-09-13 11:50:05.033 DEBUG  Wiring: degenerate wire trace skipped (all 1 corners are identical — zero-length trace) on layer 'F.Cu'. This is likely a DSN export issue in your EDA tool.
2026-09-13 11:50:05.034 DEBUG  Wiring: degenerate wire trace skipped (all 1 corners are identical — zero-length trace) on layer 'F.Cu'. This is likely a DSN export issue in your EDA tool.
2026-09-13 11:50:05.080 INFO   Layer 'In1.Cu' has been automatically configured as a dedicated power plane because it contains a large conduction area covering >50% of the board.
2026-09-13 11:50:05.080 INFO   Layer 'In2.Cu' has been automatically configured as a dedicated power plane because it contains a large conduction area covering >50% of the board.
2026-09-13 11:50:05.080 WARN   DSN file 'pod-7.dsn' was loaded with 6 warning(s).
2026-09-13 11:50:05.080 DEBUG  applyBoardSpecificOptimizations changed parameters:
  Layer 0: bendCost: null -> 0.0; preferredDirectionHorizontal: null -> false; preferredDirectionTraceCost: 1.0 -> 1.8; undesiredDirectionTraceCost: 1.0 -> 3.9000000000000004;
  Layer 1: bendCost: null -> 0.0; preferredDirectionHorizontal: null -> true; undesiredDirectionTraceCost: 1.0 -> 1.5;
  Layer 2: bendCost: null -> 0.0; preferredDirectionHorizontal: null -> false; undesiredDirectionTraceCost: 1.0 -> 3.1;
  Layer 3: bendCost: null -> 0.0; preferredDirectionHorizontal: null -> true; preferredDirectionTraceCost: 1.0 -> 1.8; undesiredDirectionTraceCost: 1.0 -> 2.3;
2026-09-13 11:50:05.084 DEBUG  Applied copper-to-edge clearance override: 500.0 um (5000 board units).
2026-09-13 11:50:05.095 DEBUG  Set DEFAULT clearance (all layers): 2000 (0.05 mm) from DSN value 200.0
2026-09-13 11:50:05.095 DEBUG  Set clearance (all layers): smd_smd = 500 (0.0125 mm), classes [2,2]
2026-09-13 11:50:05.095 DEBUG  Set default trace width (all layers): DSN=200.0 → board=2000 (0.05 mm)
2026-09-13 11:50:05.123 DEBUG  Loaded router settings from DSN file: pod-7.dsn (4 layers)
2026-09-13 11:50:05.124 DEBUG  Merging settings from 6 sources:
2026-09-13 11:50:05.124 DEBUG    - Default Settings (priority 0): base settings
2026-09-13 11:50:05.124 DEBUG    - freerouting.json (priority 10): 0 fields changed
2026-09-13 11:50:05.124 DEBUG    - DSN file: pod-7.dsn (priority 20): 6 fields changed
2026-09-13 11:50:05.124 DEBUG    - Environment Variables (priority 55): 0 fields changed
2026-09-13 11:50:05.124 DEBUG    - CLI Arguments (priority 60): 6 fields changed
2026-09-13 11:50:05.124 DEBUG    - API Settings (priority 70): 26 fields changed
2026-09-13 11:50:05.124 DEBUG  Settings merged successfully from 6 source(s)
2026-09-13 11:50:05.126 DEBUG  applyBoardSpecificOptimizations changed parameters:
  Layer 0: preferredDirectionTraceCost: 1.0 -> 1.8; undesiredDirectionTraceCost: 1.0 -> 3.9000000000000004;
  Layer 1: undesiredDirectionTraceCost: 1.0 -> 1.5;
  Layer 2: undesiredDirectionTraceCost: 1.0 -> 3.1;
  Layer 3: preferredDirectionTraceCost: 1.0 -> 1.8; undesiredDirectionTraceCost: 1.0 -> 2.3;
2026-09-13 11:50:05.127 INFO   [E41A9A\4A1EA1] Job 'E41A9A\4A1EA1' started at 2026-09-13T18:50:05.127048700Z.
2026-09-13 11:50:05.293 DEBUG  [E41A9A\4A1EA1] Checking fanout pre-pass. settings.fanout.enabled=true, smdPins=84
2026-09-13 11:50:05.618 INFO   [E41A9A\4A1EA1] Fanout stage started on board '6b29662240ff1dd4d35a86e8114c9e1c' with 58 of 84 SMD pins needing fanout (26 already connected, 0 netless).
2026-09-13 11:50:07.190 INFO   [E41A9A\4A1EA1] Fanout pass #1 on board '81bd96a711d5ed56de9154185b730786' completed in 1.32 seconds with 18 SMD pins fanouted, 0 not routed, 0 insert errors, +0 extra vias (0 SMD pins still to check in pass, ripup costs=100).
2026-09-13 11:50:08.373 INFO   [E41A9A\4A1EA1] Fanout pass #2 on board '1ede48a63a4d2bfd1d78e6da4cff3567' completed in 1.17 seconds with 15 SMD pins fanouted, 0 not routed, 0 insert errors, +0 extra vias (0 SMD pins still to check in pass, ripup costs=200).
2026-09-13 11:50:09.584 INFO   [E41A9A\4A1EA1] Fanout pass #3 on board 'c0eb31d2ce03bbefbc4c36a90995fe75' completed in 1.20 seconds with 15 SMD pins fanouted, 0 not routed, 0 insert errors, +0 extra vias (0 SMD pins still to check in pass, ripup costs=300).
2026-09-13 11:50:10.752 INFO   [E41A9A\4A1EA1] Fanout pass #4 on board '1ede48a63a4d2bfd1d78e6da4cff3567' completed in 1.16 seconds with 15 SMD pins fanouted, 0 not routed, 0 insert errors, +0 extra vias (0 SMD pins still to check in pass, ripup costs=400).
2026-09-13 11:50:11.898 INFO   [E41A9A\4A1EA1] Fanout pass #5 on board '74ec67a4fa3f9391818ff0d52ed61f90' completed in 1.13 seconds with 15 SMD pins fanouted, 0 not routed, 0 insert errors, +0 extra vias (0 SMD pins still to check in pass, ripup costs=500).
2026-09-13 11:50:11.899 INFO   Fanout stopped after 5 passes: no progress for 3 consecutive passes.
2026-09-13 11:50:12.183 INFO   [E41A9A\4A1EA1] Fanout stage completed: started with 84 total SMD pins, completed in 6.33 seconds, escaped pins: 57/84 (67.9%), using 6.00 total CPU seconds, 23.94 GB total allocated, and 1486.7 MB peak heap usage.
2026-09-13 11:50:12.225 INFO   [E41A9A\4A1EA1] Auto-routing stage started on board '74ec67a4fa3f9391818ff0d52ed61f90' for 16 unrouted items.
2026-09-13 11:50:13.114 DEBUG  Queuing item for routing: Via on net 'RING_RETURN' (connected: 3/14)
2026-09-13 11:50:13.115 DEBUG  Queuing item for routing: Via on net 'RING_RETURN' (connected: 11/14)
2026-09-13 11:50:13.116 DEBUG  Queuing item for routing: Via on net 'RING_D8' (connected: 3/9)
2026-09-13 11:50:13.116 DEBUG  Queuing item for routing: Via on net 'RING_D8' (connected: 1/9)
2026-09-13 11:50:13.117 DEBUG  Queuing item for routing: Via on net '/Eight ring pods/Pod 7 {slash} U25/UART_RX_LOCAL' (connected: 21/22)
2026-09-13 11:50:13.129 DEBUG  Queuing item for routing: Via on net '/Eight ring pods/Pod 7 {slash} U25/LOCAL_SCL' (connected: 17/19)
2026-09-13 11:50:13.130 DEBUG  Queuing item for routing: Via on net '/Eight ring pods/Pod 7 {slash} U25/LOCAL_SDA' (connected: 24/27)
2026-09-13 11:50:13.130 DEBUG  Queuing item for routing: Via on net 'RING_nRESET' (connected: 16/25)
2026-09-13 11:50:13.130 DEBUG  Queuing item for routing: Via on net 'RING_nRESET' (connected: 9/25)
2026-09-13 11:50:13.130 DEBUG  Queuing item for routing: Via on net '/Eight ring pods/Pod 7 {slash} U25/CELL_TEMP' (connected: 22/23)
2026-09-13 11:50:13.139 DEBUG  Queuing item for routing: PolylineTrace on net 'RING_D8' (connected: 5/9)
2026-09-13 11:50:13.139 DEBUG  Queuing item for routing: Pin on net 'GND' (connected: 1/47)
2026-09-13 11:50:13.139 DEBUG  Queuing item for routing: Pin on net '/Eight ring pods/Pod 7 {slash} U25/LOCAL_SDA' (connected: 1/27)
2026-09-13 11:50:13.139 DEBUG  Queuing item for routing: Pin on net 'POD_3V3' (connected: 1/50)
2026-09-13 11:50:13.139 DEBUG  Queuing item for routing: Pin on net '/Eight ring pods/Pod 7 {slash} U25/LOCAL_SCL' (connected: 1/19)
2026-09-13 11:50:13.139 DEBUG  Queuing item for routing: Pin on net 'GND' (connected: 1/47)
2026-09-13 11:50:13.139 DEBUG  Queuing item for routing: Pin on net 'POD_3V3' (connected: 1/50)
2026-09-13 11:50:13.139 DEBUG  Queuing item for routing: Pin on net '/Eight ring pods/Pod 7 {slash} U25/UART_RX_LOCAL' (connected: 1/22)
2026-09-13 11:50:13.139 DEBUG  Queuing item for routing: Pin on net 'POD_3V3' (connected: 1/50)
2026-09-13 11:50:13.139 DEBUG  Queuing item for routing: Pin on net 'GND' (connected: 1/47)
2026-09-13 11:50:13.139 DEBUG  Queuing item for routing: Pin on net '/Eight ring pods/Pod 7 {slash} U25/LOCAL_SCL' (connected: 1/19)
2026-09-13 11:50:13.139 DEBUG  Queuing item for routing: Pin on net '/Eight ring pods/Pod 7 {slash} U25/LOCAL_SDA' (connected: 1/27)
2026-09-13 11:50:13.139 DEBUG  Queuing item for routing: Pin on net '/Eight ring pods/Pod 7 {slash} U25/CELL_TEMP' (connected: 1/23)
2026-09-13 11:50:13.139 DEBUG  Queuing item for routing: Pin on net 'GND' (connected: 1/47)
2026-09-13 11:50:13.474 DEBUG  [E41A9A\4A1EA1] Pass #1: 16 incompletes across 24 items to route
2026-09-13 11:50:13.474 DEBUG  [E41A9A\4A1EA1]   Net 'GND' has 4 incomplete(s)
2026-09-13 11:50:13.474 DEBUG  [E41A9A\4A1EA1]   Net 'POD_3V3' has 3 incomplete(s)
2026-09-13 11:50:13.475 DEBUG  [E41A9A\4A1EA1]   Net '/Eight ring pods/Pod 7 {slash} U25/CELL_TEMP' has 1 incomplete(s)
2026-09-13 11:50:13.475 DEBUG  [E41A9A\4A1EA1]   Net 'RING_nRESET' has 1 incomplete(s)
2026-09-13 11:50:13.475 DEBUG  [E41A9A\4A1EA1]   Net '/Eight ring pods/Pod 7 {slash} U25/LOCAL_SDA' has 2 incomplete(s)
2026-09-13 11:50:13.475 DEBUG  [E41A9A\4A1EA1]   Net '/Eight ring pods/Pod 7 {slash} U25/LOCAL_SCL' has 2 incomplete(s)
2026-09-13 11:50:13.475 DEBUG  [E41A9A\4A1EA1]   Net '/Eight ring pods/Pod 7 {slash} U25/UART_RX_LOCAL' has 1 incomplete(s)
2026-09-13 11:50:13.475 DEBUG  [E41A9A\4A1EA1]   Net 'RING_D8' has 1 incomplete(s)
2026-09-13 11:50:13.475 DEBUG  [E41A9A\4A1EA1]   Net 'RING_RETURN' has 1 incomplete(s)
2026-09-13 11:50:13.737 DEBUG  [E41A9A\4A1EA1] Autorouter Failed to route connection between via, polylinetrace, polylinetrace, polylinetrace, pin #2 of component #17, pin #1 of component #7 and via, polylinetrace, pin of component #22, because no connection was found between their nets.
2026-09-13 11:50:13.914 DEBUG  ShapeSearchTree45Degree.completeShape: non-IntOctagon contained shape, using bounding octagon approximation
2026-09-13 11:50:13.975 DEBUG  PolylineTrace.normalize: max normalization depth (16) reached for trace #525 on net 8 — stopping recursion, trace kept as-is.
2026-09-13 11:50:14.008 DEBUG  PolylineTrace.normalize: max normalization depth (16) reached for trace #592 on net 8 — stopping recursion, trace kept as-is.
2026-09-13 11:50:14.052 DEBUG  ShapeSearchTree45Degree.completeShape: non-IntOctagon contained shape, using bounding octagon approximation
2026-09-13 11:50:14.053 DEBUG  ShapeSearchTree45Degree.completeShape: non-IntOctagon contained shape, using bounding octagon approximation
2026-09-13 11:50:14.053 DEBUG  ShapeSearchTree45Degree.completeShape: non-IntOctagon contained shape, using bounding octagon approximation
2026-09-13 11:50:14.054 DEBUG  ShapeSearchTree45Degree.completeShape: non-IntOctagon contained shape, using bounding octagon approximation
2026-09-13 11:50:14.055 DEBUG  ShapeSearchTree45Degree.completeShape: non-IntOctagon contained shape, using bounding octagon approximation
2026-09-13 11:50:14.055 DEBUG  ShapeSearchTree45Degree.completeShape: non-IntOctagon contained shape, using bounding octagon approximation
2026-09-13 11:50:14.056 DEBUG  ShapeSearchTree45Degree.completeShape: non-IntOctagon contained shape, using bounding octagon approximation
2026-09-13 11:50:14.056 DEBUG  ShapeSearchTree45Degree.completeShape: non-IntOctagon contained shape, using bounding octagon approximation
2026-09-13 11:50:14.056 DEBUG  ShapeSearchTree45Degree.completeShape: non-IntOctagon contained shape, using bounding octagon approximation
2026-09-13 11:50:14.057 DEBUG  ShapeSearchTree45Degree.completeShape: non-IntOctagon contained shape, using bounding octagon approximation
2026-09-13 11:50:14.605 DEBUG  ShapeSearchTree45Degree.completeShape: non-IntOctagon contained shape, using bounding octagon approximation
2026-09-13 11:50:14.607 DEBUG  ShapeSearchTree45Degree.completeShape: non-IntOctagon contained shape, using bounding octagon approximation
2026-09-13 11:50:14.607 DEBUG  ShapeSearchTree45Degree.completeShape: non-IntOctagon contained shape, using bounding octagon approximation
2026-09-13 11:50:14.607 DEBUG  ShapeSearchTree45Degree.completeShape: non-IntOctagon contained shape, using bounding octagon approximation
2026-09-13 11:50:14.607 DEBUG  ShapeSearchTree45Degree.completeShape: non-IntOctagon contained shape, using bounding octagon approximation
2026-09-13 11:50:14.607 DEBUG  ShapeSearchTree45Degree.completeShape: non-IntOctagon contained shape, using bounding octagon approximation
2026-09-13 11:50:14.608 DEBUG  ShapeSearchTree45Degree.completeShape: non-IntOctagon contained shape, using bounding octagon approximation
2026-09-13 11:50:14.608 DEBUG  ShapeSearchTree45Degree.completeShape: non-IntOctagon contained shape, using bounding octagon approximation
2026-09-13 11:50:14.608 DEBUG  ShapeSearchTree45Degree.completeShape: non-IntOctagon contained shape, using bounding octagon approximation
2026-09-13 11:50:14.909 DEBUG  ShapeSearchTree45Degree.completeShape: non-IntOctagon contained shape, using bounding octagon approximation
2026-09-13 11:50:14.909 DEBUG  ShapeSearchTree45Degree.completeShape: non-IntOctagon contained shape, using bounding octagon approximation
2026-09-13 11:50:15.497 DEBUG  ShapeSearchTree45Degree.completeShape: non-IntOctagon contained shape, using bounding octagon approximation
2026-09-13 11:50:15.499 DEBUG  ShapeSearchTree45Degree.completeShape: non-IntOctagon contained shape, using bounding octagon approximation
2026-09-13 11:50:15.499 DEBUG  ShapeSearchTree45Degree.completeShape: non-IntOctagon contained shape, using bounding octagon approximation
2026-09-13 11:50:15.500 DEBUG  ShapeSearchTree45Degree.completeShape: non-IntOctagon contained shape, using bounding octagon approximation
2026-09-13 11:50:15.500 DEBUG  ShapeSearchTree45Degree.completeShape: non-IntOctagon contained shape, using bounding octagon approximation
2026-09-13 11:50:15.500 DEBUG  ShapeSearchTree45Degree.completeShape: non-IntOctagon contained shape, using bounding octagon approximation
2026-09-13 11:50:15.501 DEBUG  ShapeSearchTree45Degree.completeShape: non-IntOctagon contained shape, using bounding octagon approximation
2026-09-13 11:50:15.501 DEBUG  ShapeSearchTree45Degree.completeShape: non-IntOctagon contained shape, using bounding octagon approximation
2026-09-13 11:50:15.501 DEBUG  ShapeSearchTree45Degree.completeShape: non-IntOctagon contained shape, using bounding octagon approximation
2026-09-13 11:50:15.545 DEBUG  ShapeSearchTree45Degree.completeShape: non-IntOctagon contained shape, using bounding octagon approximation
2026-09-13 11:50:15.545 DEBUG  ShapeSearchTree45Degree.completeShape: non-IntOctagon contained shape, using bounding octagon approximation
2026-09-13 11:50:15.546 DEBUG  ShapeSearchTree45Degree.completeShape: non-IntOctagon contained shape, using bounding octagon approximation
2026-09-13 11:50:15.546 DEBUG  ShapeSearchTree45Degree.completeShape: non-IntOctagon contained shape, using bounding octagon approximation
2026-09-13 11:50:16.624 INFO   [E41A9A\4A1EA1] Auto-routing pass #1 on board '74ec67a4fa3f9391818ff0d52ed61f90' was completed in 3.51 seconds with score 548.27 (13 unrouted and 66 violations), using 9.66 CPU seconds and the job allocated 36.88 GB of memory so far.
2026-09-13 11:50:17.538 DEBUG  Queuing item for routing: Via on net 'RING_D8' (connected: 3/9)
2026-09-13 11:50:17.538 DEBUG  Queuing item for routing: Via on net 'RING_D8' (connected: 1/9)
2026-09-13 11:50:17.539 DEBUG  Queuing item for routing: Via on net '/Eight ring pods/Pod 7 {slash} U25/UART_RX_LOCAL' (connected: 21/22)
2026-09-13 11:50:17.550 DEBUG  Queuing item for routing: Via on net '/Eight ring pods/Pod 7 {slash} U25/LOCAL_SCL' (connected: 17/19)
2026-09-13 11:50:17.551 DEBUG  Queuing item for routing: Via on net '/Eight ring pods/Pod 7 {slash} U25/LOCAL_SDA' (connected: 26/27)
2026-09-13 11:50:17.551 DEBUG  Queuing item for routing: Via on net '/Eight ring pods/Pod 7 {slash} U25/CELL_TEMP' (connected: 22/23)
2026-09-13 11:50:17.562 DEBUG  Queuing item for routing: PolylineTrace on net 'RING_D8' (connected: 5/9)
2026-09-13 11:50:17.562 DEBUG  Queuing item for routing: Pin on net 'GND' (connected: 1/47)
2026-09-13 11:50:17.562 DEBUG  Queuing item for routing: Pin on net 'POD_3V3' (connected: 1/50)
2026-09-13 11:50:17.562 DEBUG  Queuing item for routing: Pin on net '/Eight ring pods/Pod 7 {slash} U25/LOCAL_SCL' (connected: 1/19)
2026-09-13 11:50:17.562 DEBUG  Queuing item for routing: Pin on net 'GND' (connected: 1/47)
2026-09-13 11:50:17.562 DEBUG  Queuing item for routing: Pin on net 'POD_3V3' (connected: 1/50)
2026-09-13 11:50:17.562 DEBUG  Queuing item for routing: Pin on net '/Eight ring pods/Pod 7 {slash} U25/UART_RX_LOCAL' (connected: 1/22)
2026-09-13 11:50:17.563 DEBUG  Queuing item for routing: Pin on net 'POD_3V3' (connected: 1/50)
2026-09-13 11:50:17.563 DEBUG  Queuing item for routing: Pin on net 'GND' (connected: 1/47)
2026-09-13 11:50:17.563 DEBUG  Queuing item for routing: Pin on net '/Eight ring pods/Pod 7 {slash} U25/LOCAL_SCL' (connected: 1/19)
2026-09-13 11:50:17.563 DEBUG  Queuing item for routing: Pin on net '/Eight ring pods/Pod 7 {slash} U25/LOCAL_SDA' (connected: 1/27)
2026-09-13 11:50:17.563 DEBUG  Queuing item for routing: Pin on net '/Eight ring pods/Pod 7 {slash} U25/CELL_TEMP' (connected: 1/23)
2026-09-13 11:50:17.563 DEBUG  Queuing item for routing: Pin on net 'GND' (connected: 1/47)
2026-09-13 11:50:17.895 DEBUG  [E41A9A\4A1EA1] Pass #2: 13 incompletes across 19 items to route
2026-09-13 11:50:17.895 DEBUG  [E41A9A\4A1EA1]   Net 'GND' has 4 incomplete(s)
2026-09-13 11:50:17.895 DEBUG  [E41A9A\4A1EA1]   Net 'POD_3V3' has 3 incomplete(s)
2026-09-13 11:50:17.895 DEBUG  [E41A9A\4A1EA1]   Net '/Eight ring pods/Pod 7 {slash} U25/CELL_TEMP' has 1 incomplete(s)
2026-09-13 11:50:17.895 DEBUG  [E41A9A\4A1EA1]   Net '/Eight ring pods/Pod 7 {slash} U25/LOCAL_SDA' has 1 incomplete(s)
2026-09-13 11:50:17.895 DEBUG  [E41A9A\4A1EA1]   Net '/Eight ring pods/Pod 7 {slash} U25/LOCAL_SCL' has 2 incomplete(s)
2026-09-13 11:50:17.895 DEBUG  [E41A9A\4A1EA1]   Net '/Eight ring pods/Pod 7 {slash} U25/UART_RX_LOCAL' has 1 incomplete(s)
2026-09-13 11:50:17.896 DEBUG  [E41A9A\4A1EA1]   Net 'RING_D8' has 1 incomplete(s)
2026-09-13 11:50:17.983 DEBUG  [E41A9A\4A1EA1] Autorouter Failed to route connection between via, polylinetrace, polylinetrace, polylinetrace, pin #2 of component #17, pin #1 of component #7 and via, polylinetrace, pin of component #22, because no connection was found between their nets.
2026-09-13 11:50:18.907 DEBUG  ShapeSearchTree45Degree.completeShape: non-IntOctagon contained shape, using bounding octagon approximation
2026-09-13 11:50:18.909 DEBUG  ShapeSearchTree45Degree.completeShape: non-IntOctagon contained shape, using bounding octagon approximation
2026-09-13 11:50:19.133 DEBUG  ShapeSearchTree45Degree.completeShape: non-IntOctagon contained shape, using bounding octagon approximation
2026-09-13 11:50:19.133 DEBUG  ShapeSearchTree45Degree.completeShape: non-IntOctagon contained shape, using bounding octagon approximation
2026-09-13 11:50:19.134 DEBUG  ShapeSearchTree45Degree.completeShape: non-IntOctagon contained shape, using bounding octagon approximation
2026-09-13 11:50:19.134 DEBUG  ShapeSearchTree45Degree.completeShape: non-IntOctagon contained shape, using bounding octagon approximation
2026-09-13 11:50:19.134 DEBUG  ShapeSearchTree45Degree.completeShape: non-IntOctagon contained shape, using bounding octagon approximation
2026-09-13 11:50:19.134 DEBUG  ShapeSearchTree45Degree.completeShape: non-IntOctagon contained shape, using bounding octagon approximation
2026-09-13 11:50:19.134 DEBUG  ShapeSearchTree45Degree.completeShape: non-IntOctagon contained shape, using bounding octagon approximation
2026-09-13 11:50:19.135 DEBUG  ShapeSearchTree45Degree.completeShape: non-IntOctagon contained shape, using bounding octagon approximation
2026-09-13 11:50:19.179 DEBUG  ShapeSearchTree45Degree.completeShape: non-IntOctagon contained shape, using bounding octagon approximation
2026-09-13 11:50:19.180 DEBUG  ShapeSearchTree45Degree.completeShape: non-IntOctagon contained shape, using bounding octagon approximation
2026-09-13 11:50:19.180 DEBUG  ShapeSearchTree45Degree.completeShape: non-IntOctagon contained shape, using bounding octagon approximation
2026-09-13 11:50:19.180 DEBUG  ShapeSearchTree45Degree.completeShape: non-IntOctagon contained shape, using bounding octagon approximation
2026-09-13 11:50:20.233 INFO   [E41A9A\4A1EA1] Auto-routing pass #2 on board 'd9fe93b2b06c1e1704e62a74a860481b' was completed in 2.70 seconds with score 548.27 (13 unrouted and 66 violations), using 12.36 CPU seconds and the job allocated 46.69 GB of memory so far.
2026-09-13 11:50:20.707 DEBUG  Queuing item for routing: Via on net 'RING_D8' (connected: 3/9)
2026-09-13 11:50:20.707 DEBUG  Queuing item for routing: Via on net 'RING_D8' (connected: 1/9)
2026-09-13 11:50:20.707 DEBUG  Queuing item for routing: Via on net '/Eight ring pods/Pod 7 {slash} U25/UART_RX_LOCAL' (connected: 21/22)
2026-09-13 11:50:20.717 DEBUG  Queuing item for routing: Via on net '/Eight ring pods/Pod 7 {slash} U25/LOCAL_SCL' (connected: 17/19)
2026-09-13 11:50:20.718 DEBUG  Queuing item for routing: Via on net '/Eight ring pods/Pod 7 {slash} U25/LOCAL_SDA' (connected: 26/27)
2026-09-13 11:50:20.720 DEBUG  Queuing item for routing: Via on net '/Eight ring pods/Pod 7 {slash} U25/CELL_TEMP' (connected: 22/23)
2026-09-13 11:50:20.730 DEBUG  Queuing item for routing: PolylineTrace on net 'RING_D8' (connected: 5/9)
2026-09-13 11:50:20.730 DEBUG  Queuing item for routing: Pin on net 'GND' (connected: 1/47)
2026-09-13 11:50:20.730 DEBUG  Queuing item for routing: Pin on net 'POD_3V3' (connected: 1/50)
2026-09-13 11:50:20.730 DEBUG  Queuing item for routing: Pin on net '/Eight ring pods/Pod 7 {slash} U25/LOCAL_SCL' (connected: 1/19)
2026-09-13 11:50:20.730 DEBUG  Queuing item for routing: Pin on net 'GND' (connected: 1/47)
2026-09-13 11:50:20.730 DEBUG  Queuing item for routing: Pin on net 'POD_3V3' (connected: 1/50)
2026-09-13 11:50:20.731 DEBUG  Queuing item for routing: Pin on net '/Eight ring pods/Pod 7 {slash} U25/UART_RX_LOCAL' (connected: 1/22)
2026-09-13 11:50:20.731 DEBUG  Queuing item for routing: Pin on net 'POD_3V3' (connected: 1/50)
2026-09-13 11:50:20.731 DEBUG  Queuing item for routing: Pin on net 'GND' (connected: 1/47)
2026-09-13 11:50:20.731 DEBUG  Queuing item for routing: Pin on net '/Eight ring pods/Pod 7 {slash} U25/LOCAL_SCL' (connected: 1/19)
2026-09-13 11:50:20.731 DEBUG  Queuing item for routing: Pin on net '/Eight ring pods/Pod 7 {slash} U25/LOCAL_SDA' (connected: 1/27)
2026-09-13 11:50:20.731 DEBUG  Queuing item for routing: Pin on net '/Eight ring pods/Pod 7 {slash} U25/CELL_TEMP' (connected: 1/23)
2026-09-13 11:50:20.731 DEBUG  Queuing item for routing: Pin on net 'GND' (connected: 1/47)
2026-09-13 11:50:21.063 DEBUG  [E41A9A\4A1EA1] Pass #3: 13 incompletes across 19 items to route
2026-09-13 11:50:21.064 DEBUG  [E41A9A\4A1EA1]   Net 'GND' has 4 incomplete(s)
2026-09-13 11:50:21.064 DEBUG  [E41A9A\4A1EA1]   Net 'POD_3V3' has 3 incomplete(s)
2026-09-13 11:50:21.064 DEBUG  [E41A9A\4A1EA1]   Net '/Eight ring pods/Pod 7 {slash} U25/CELL_TEMP' has 1 incomplete(s)
2026-09-13 11:50:21.064 DEBUG  [E41A9A\4A1EA1]   Net '/Eight ring pods/Pod 7 {slash} U25/LOCAL_SDA' has 1 incomplete(s)
2026-09-13 11:50:21.064 DEBUG  [E41A9A\4A1EA1]   Net '/Eight ring pods/Pod 7 {slash} U25/LOCAL_SCL' has 2 incomplete(s)
2026-09-13 11:50:21.064 DEBUG  [E41A9A\4A1EA1]   Net '/Eight ring pods/Pod 7 {slash} U25/UART_RX_LOCAL' has 1 incomplete(s)
2026-09-13 11:50:21.064 DEBUG  [E41A9A\4A1EA1]   Net 'RING_D8' has 1 incomplete(s)
2026-09-13 11:50:21.145 DEBUG  [E41A9A\4A1EA1] Autorouter Failed to route connection between via, polylinetrace, polylinetrace, polylinetrace, pin #2 of component #17, pin #1 of component #7 and via, polylinetrace, pin of component #22, because no connection was found between their nets.
2026-09-13 11:50:21.146 DEBUG  [E41A9A\4A1EA1] Pass #3: Failed to route Via on net 'RING_D8' (19 items remaining, 3 failures). State: FAILED
2026-09-13 11:50:22.077 DEBUG  ShapeSearchTree45Degree.completeShape: non-IntOctagon contained shape, using bounding octagon approximation
2026-09-13 11:50:22.078 DEBUG  ShapeSearchTree45Degree.completeShape: non-IntOctagon contained shape, using bounding octagon approximation
2026-09-13 11:50:22.318 DEBUG  ShapeSearchTree45Degree.completeShape: non-IntOctagon contained shape, using bounding octagon approximation
2026-09-13 11:50:22.318 DEBUG  ShapeSearchTree45Degree.completeShape: non-IntOctagon contained shape, using bounding octagon approximation
2026-09-13 11:50:22.319 DEBUG  ShapeSearchTree45Degree.completeShape: non-IntOctagon contained shape, using bounding octagon approximation
2026-09-13 11:50:22.320 DEBUG  ShapeSearchTree45Degree.completeShape: non-IntOctagon contained shape, using bounding octagon approximation
2026-09-13 11:50:22.320 DEBUG  ShapeSearchTree45Degree.completeShape: non-IntOctagon contained shape, using bounding octagon approximation
2026-09-13 11:50:22.320 DEBUG  ShapeSearchTree45Degree.completeShape: non-IntOctagon contained shape, using bounding octagon approximation
2026-09-13 11:50:22.320 DEBUG  ShapeSearchTree45Degree.completeShape: non-IntOctagon contained shape, using bounding octagon approximation
2026-09-13 11:50:22.320 DEBUG  ShapeSearchTree45Degree.completeShape: non-IntOctagon contained shape, using bounding octagon approximation
2026-09-13 11:50:22.363 DEBUG  ShapeSearchTree45Degree.completeShape: non-IntOctagon contained shape, using bounding octagon approximation
2026-09-13 11:50:22.364 DEBUG  ShapeSearchTree45Degree.completeShape: non-IntOctagon contained shape, using bounding octagon approximation
2026-09-13 11:50:22.364 DEBUG  ShapeSearchTree45Degree.completeShape: non-IntOctagon contained shape, using bounding octagon approximation
2026-09-13 11:50:22.364 DEBUG  ShapeSearchTree45Degree.completeShape: non-IntOctagon contained shape, using bounding octagon approximation
2026-09-13 11:50:23.441 INFO   [E41A9A\4A1EA1] Auto-routing pass #3 on board 'd9fe93b2b06c1e1704e62a74a860481b' was completed in 2.74 seconds with score 548.27 (13 unrouted and 66 violations), using 16.05 CPU seconds and the job allocated 59.48 GB of memory so far.
2026-09-13 11:50:23.926 DEBUG  Queuing item for routing: Via on net 'RING_D8' (connected: 3/9)
2026-09-13 11:50:23.926 DEBUG  Queuing item for routing: Via on net 'RING_D8' (connected: 1/9)
2026-09-13 11:50:23.926 DEBUG  Queuing item for routing: Via on net '/Eight ring pods/Pod 7 {slash} U25/UART_RX_LOCAL' (connected: 21/22)
2026-09-13 11:50:23.936 DEBUG  Queuing item for routing: Via on net '/Eight ring pods/Pod 7 {slash} U25/LOCAL_SCL' (connected: 17/19)
2026-09-13 11:50:23.937 DEBUG  Queuing item for routing: Via on net '/Eight ring pods/Pod 7 {slash} U25/LOCAL_SDA' (connected: 26/27)
2026-09-13 11:50:23.938 DEBUG  Queuing item for routing: Via on net '/Eight ring pods/Pod 7 {slash} U25/CELL_TEMP' (connected: 22/23)
2026-09-13 11:50:23.948 DEBUG  Queuing item for routing: PolylineTrace on net 'RING_D8' (connected: 5/9)
2026-09-13 11:50:23.949 DEBUG  Queuing item for routing: Pin on net 'GND' (connected: 1/47)
2026-09-13 11:50:23.949 DEBUG  Queuing item for routing: Pin on net 'POD_3V3' (connected: 1/50)
2026-09-13 11:50:23.949 DEBUG  Queuing item for routing: Pin on net '/Eight ring pods/Pod 7 {slash} U25/LOCAL_SCL' (connected: 1/19)
2026-09-13 11:50:23.949 DEBUG  Queuing item for routing: Pin on net 'GND' (connected: 1/47)
2026-09-13 11:50:23.949 DEBUG  Queuing item for routing: Pin on net 'POD_3V3' (connected: 1/50)
2026-09-13 11:50:23.949 DEBUG  Queuing item for routing: Pin on net '/Eight ring pods/Pod 7 {slash} U25/UART_RX_LOCAL' (connected: 1/22)
2026-09-13 11:50:23.949 DEBUG  Queuing item for routing: Pin on net 'POD_3V3' (connected: 1/50)
2026-09-13 11:50:23.949 DEBUG  Queuing item for routing: Pin on net 'GND' (connected: 1/47)
2026-09-13 11:50:23.949 DEBUG  Queuing item for routing: Pin on net '/Eight ring pods/Pod 7 {slash} U25/LOCAL_SCL' (connected: 1/19)
2026-09-13 11:50:23.949 DEBUG  Queuing item for routing: Pin on net '/Eight ring pods/Pod 7 {slash} U25/LOCAL_SDA' (connected: 1/27)
2026-09-13 11:50:23.949 DEBUG  Queuing item for routing: Pin on net '/Eight ring pods/Pod 7 {slash} U25/CELL_TEMP' (connected: 1/23)
2026-09-13 11:50:23.949 DEBUG  Queuing item for routing: Pin on net 'GND' (connected: 1/47)
2026-09-13 11:50:24.268 DEBUG  [E41A9A\4A1EA1] Pass #4: 13 incompletes across 19 items to route
2026-09-13 11:50:24.268 DEBUG  [E41A9A\4A1EA1]   Net 'GND' has 4 incomplete(s)
2026-09-13 11:50:24.268 DEBUG  [E41A9A\4A1EA1]   Net 'POD_3V3' has 3 incomplete(s)
2026-09-13 11:50:24.268 DEBUG  [E41A9A\4A1EA1]   Net '/Eight ring pods/Pod 7 {slash} U25/CELL_TEMP' has 1 incomplete(s)
2026-09-13 11:50:24.268 DEBUG  [E41A9A\4A1EA1]   Net '/Eight ring pods/Pod 7 {slash} U25/LOCAL_SDA' has 1 incomplete(s)
2026-09-13 11:50:24.268 DEBUG  [E41A9A\4A1EA1]   Net '/Eight ring pods/Pod 7 {slash} U25/LOCAL_SCL' has 2 incomplete(s)
2026-09-13 11:50:24.268 DEBUG  [E41A9A\4A1EA1]   Net '/Eight ring pods/Pod 7 {slash} U25/UART_RX_LOCAL' has 1 incomplete(s)
2026-09-13 11:50:24.268 DEBUG  [E41A9A\4A1EA1]   Net 'RING_D8' has 1 incomplete(s)
2026-09-13 11:50:24.347 DEBUG  [E41A9A\4A1EA1] Autorouter Failed to route connection between via, polylinetrace, polylinetrace, polylinetrace, pin #2 of component #17, pin #1 of component #7 and via, polylinetrace, pin of component #22, because no connection was found between their nets.
2026-09-13 11:50:24.347 DEBUG  [E41A9A\4A1EA1] Pass #4: Failed to route Via on net 'RING_D8' (19 items remaining, 4 failures). State: FAILED
2026-09-13 11:50:25.297 DEBUG  ShapeSearchTree45Degree.completeShape: non-IntOctagon contained shape, using bounding octagon approximation
2026-09-13 11:50:25.297 DEBUG  ShapeSearchTree45Degree.completeShape: non-IntOctagon contained shape, using bounding octagon approximation
2026-09-13 11:50:25.526 DEBUG  ShapeSearchTree45Degree.completeShape: non-IntOctagon contained shape, using bounding octagon approximation
2026-09-13 11:50:25.526 DEBUG  ShapeSearchTree45Degree.completeShape: non-IntOctagon contained shape, using bounding octagon approximation
2026-09-13 11:50:25.526 DEBUG  ShapeSearchTree45Degree.completeShape: non-IntOctagon contained shape, using bounding octagon approximation
2026-09-13 11:50:25.527 DEBUG  ShapeSearchTree45Degree.completeShape: non-IntOctagon contained shape, using bounding octagon approximation
2026-09-13 11:50:25.527 DEBUG  ShapeSearchTree45Degree.completeShape: non-IntOctagon contained shape, using bounding octagon approximation
2026-09-13 11:50:25.527 DEBUG  ShapeSearchTree45Degree.completeShape: non-IntOctagon contained shape, using bounding octagon approximation
2026-09-13 11:50:25.527 DEBUG  ShapeSearchTree45Degree.completeShape: non-IntOctagon contained shape, using bounding octagon approximation
2026-09-13 11:50:25.527 DEBUG  ShapeSearchTree45Degree.completeShape: non-IntOctagon contained shape, using bounding octagon approximation
2026-09-13 11:50:25.572 DEBUG  ShapeSearchTree45Degree.completeShape: non-IntOctagon contained shape, using bounding octagon approximation
2026-09-13 11:50:25.572 DEBUG  ShapeSearchTree45Degree.completeShape: non-IntOctagon contained shape, using bounding octagon approximation
2026-09-13 11:50:25.572 DEBUG  ShapeSearchTree45Degree.completeShape: non-IntOctagon contained shape, using bounding octagon approximation
2026-09-13 11:50:25.573 DEBUG  ShapeSearchTree45Degree.completeShape: non-IntOctagon contained shape, using bounding octagon approximation
2026-09-13 11:50:26.651 INFO   [E41A9A\4A1EA1] Auto-routing pass #4 on board 'd9fe93b2b06c1e1704e62a74a860481b' was completed in 2.73 seconds with score 548.27 (13 unrouted and 66 violations), using 18.78 CPU seconds and the job allocated 69.34 GB of memory so far.
2026-09-13 11:50:27.121 DEBUG  Queuing item for routing: Via on net 'RING_D8' (connected: 3/9)
2026-09-13 11:50:27.122 DEBUG  Queuing item for routing: Via on net 'RING_D8' (connected: 1/9)
2026-09-13 11:50:27.122 DEBUG  Queuing item for routing: Via on net '/Eight ring pods/Pod 7 {slash} U25/UART_RX_LOCAL' (connected: 21/22)
2026-09-13 11:50:27.129 DEBUG  Queuing item for routing: Via on net '/Eight ring pods/Pod 7 {slash} U25/LOCAL_SCL' (connected: 17/19)
2026-09-13 11:50:27.129 DEBUG  Queuing item for routing: Via on net '/Eight ring pods/Pod 7 {slash} U25/LOCAL_SDA' (connected: 26/27)
2026-09-13 11:50:27.129 DEBUG  Queuing item for routing: Via on net '/Eight ring pods/Pod 7 {slash} U25/CELL_TEMP' (connected: 22/23)
2026-09-13 11:50:27.143 DEBUG  Queuing item for routing: PolylineTrace on net 'RING_D8' (connected: 5/9)
2026-09-13 11:50:27.143 DEBUG  Queuing item for routing: Pin on net 'GND' (connected: 1/47)
2026-09-13 11:50:27.144 DEBUG  Queuing item for routing: Pin on net 'POD_3V3' (connected: 1/50)
2026-09-13 11:50:27.144 DEBUG  Queuing item for routing: Pin on net '/Eight ring pods/Pod 7 {slash} U25/LOCAL_SCL' (connected: 1/19)
2026-09-13 11:50:27.144 DEBUG  Queuing item for routing: Pin on net 'GND' (connected: 1/47)
2026-09-13 11:50:27.144 DEBUG  Queuing item for routing: Pin on net 'POD_3V3' (connected: 1/50)
2026-09-13 11:50:27.144 DEBUG  Queuing item for routing: Pin on net '/Eight ring pods/Pod 7 {slash} U25/UART_RX_LOCAL' (connected: 1/22)
2026-09-13 11:50:27.144 DEBUG  Queuing item for routing: Pin on net 'POD_3V3' (connected: 1/50)
2026-09-13 11:50:27.144 DEBUG  Queuing item for routing: Pin on net 'GND' (connected: 1/47)
2026-09-13 11:50:27.144 DEBUG  Queuing item for routing: Pin on net '/Eight ring pods/Pod 7 {slash} U25/LOCAL_SCL' (connected: 1/19)
2026-09-13 11:50:27.144 DEBUG  Queuing item for routing: Pin on net '/Eight ring pods/Pod 7 {slash} U25/LOCAL_SDA' (connected: 1/27)
2026-09-13 11:50:27.144 DEBUG  Queuing item for routing: Pin on net '/Eight ring pods/Pod 7 {slash} U25/CELL_TEMP' (connected: 1/23)
2026-09-13 11:50:27.144 DEBUG  Queuing item for routing: Pin on net 'GND' (connected: 1/47)
2026-09-13 11:50:27.471 DEBUG  [E41A9A\4A1EA1] Pass #5: 13 incompletes across 19 items to route
2026-09-13 11:50:27.471 DEBUG  [E41A9A\4A1EA1]   Net 'GND' has 4 incomplete(s)
2026-09-13 11:50:27.471 DEBUG  [E41A9A\4A1EA1]   Net 'POD_3V3' has 3 incomplete(s)
2026-09-13 11:50:27.471 DEBUG  [E41A9A\4A1EA1]   Net '/Eight ring pods/Pod 7 {slash} U25/CELL_TEMP' has 1 incomplete(s)
2026-09-13 11:50:27.471 DEBUG  [E41A9A\4A1EA1]   Net '/Eight ring pods/Pod 7 {slash} U25/LOCAL_SDA' has 1 incomplete(s)
2026-09-13 11:50:27.471 DEBUG  [E41A9A\4A1EA1]   Net '/Eight ring pods/Pod 7 {slash} U25/LOCAL_SCL' has 2 incomplete(s)
2026-09-13 11:50:27.471 DEBUG  [E41A9A\4A1EA1]   Net '/Eight ring pods/Pod 7 {slash} U25/UART_RX_LOCAL' has 1 incomplete(s)
2026-09-13 11:50:27.471 DEBUG  [E41A9A\4A1EA1]   Net 'RING_D8' has 1 incomplete(s)
2026-09-13 11:50:27.550 DEBUG  [E41A9A\4A1EA1] Autorouter Failed to route connection between via, polylinetrace, polylinetrace, polylinetrace, pin #2 of component #17, pin #1 of component #7 and via, polylinetrace, pin of component #22, because no connection was found between their nets.
2026-09-13 11:50:27.550 DEBUG  [E41A9A\4A1EA1] Pass #5: Failed to route Via on net 'RING_D8' (19 items remaining, 5 failures). State: FAILED
2026-09-13 11:50:28.476 DEBUG  ShapeSearchTree45Degree.completeShape: non-IntOctagon contained shape, using bounding octagon approximation
2026-09-13 11:50:28.476 DEBUG  ShapeSearchTree45Degree.completeShape: non-IntOctagon contained shape, using bounding octagon approximation
2026-09-13 11:50:28.707 DEBUG  ShapeSearchTree45Degree.completeShape: non-IntOctagon contained shape, using bounding octagon approximation
2026-09-13 11:50:28.707 DEBUG  ShapeSearchTree45Degree.completeShape: non-IntOctagon contained shape, using bounding octagon approximation
2026-09-13 11:50:28.708 DEBUG  ShapeSearchTree45Degree.completeShape: non-IntOctagon contained shape, using bounding octagon approximation
2026-09-13 11:50:28.708 DEBUG  ShapeSearchTree45Degree.completeShape: non-IntOctagon contained shape, using bounding octagon approximation
2026-09-13 11:50:28.709 DEBUG  ShapeSearchTree45Degree.completeShape: non-IntOctagon contained shape, using bounding octagon approximation
2026-09-13 11:50:28.709 DEBUG  ShapeSearchTree45Degree.completeShape: non-IntOctagon contained shape, using bounding octagon approximation
2026-09-13 11:50:28.709 DEBUG  ShapeSearchTree45Degree.completeShape: non-IntOctagon contained shape, using bounding octagon approximation
2026-09-13 11:50:28.709 DEBUG  ShapeSearchTree45Degree.completeShape: non-IntOctagon contained shape, using bounding octagon approximation
2026-09-13 11:50:28.753 DEBUG  ShapeSearchTree45Degree.completeShape: non-IntOctagon contained shape, using bounding octagon approximation
2026-09-13 11:50:28.753 DEBUG  ShapeSearchTree45Degree.completeShape: non-IntOctagon contained shape, using bounding octagon approximation
2026-09-13 11:50:28.754 DEBUG  ShapeSearchTree45Degree.completeShape: non-IntOctagon contained shape, using bounding octagon approximation
2026-09-13 11:50:28.754 DEBUG  ShapeSearchTree45Degree.completeShape: non-IntOctagon contained shape, using bounding octagon approximation
2026-09-13 11:50:29.823 INFO   [E41A9A\4A1EA1] Auto-routing pass #5 on board 'd9fe93b2b06c1e1704e62a74a860481b' was completed in 2.70 seconds with score 548.27 (13 unrouted and 66 violations), using 21.41 CPU seconds and the job allocated 79.32 GB of memory so far.
2026-09-13 11:50:30.299 DEBUG  Queuing item for routing: Via on net 'RING_D8' (connected: 3/9)
2026-09-13 11:50:30.299 DEBUG  Queuing item for routing: Via on net 'RING_D8' (connected: 1/9)
2026-09-13 11:50:30.299 DEBUG  Queuing item for routing: Via on net '/Eight ring pods/Pod 7 {slash} U25/UART_RX_LOCAL' (connected: 21/22)
2026-09-13 11:50:30.310 DEBUG  Queuing item for routing: Via on net '/Eight ring pods/Pod 7 {slash} U25/LOCAL_SCL' (connected: 17/19)
2026-09-13 11:50:30.311 DEBUG  Queuing item for routing: Via on net '/Eight ring pods/Pod 7 {slash} U25/LOCAL_SDA' (connected: 26/27)
2026-09-13 11:50:30.311 DEBUG  Queuing item for routing: Via on net '/Eight ring pods/Pod 7 {slash} U25/CELL_TEMP' (connected: 22/23)
2026-09-13 11:50:30.322 DEBUG  Queuing item for routing: PolylineTrace on net 'RING_D8' (connected: 5/9)
2026-09-13 11:50:30.322 DEBUG  Queuing item for routing: Pin on net 'GND' (connected: 1/47)
2026-09-13 11:50:30.322 DEBUG  Queuing item for routing: Pin on net 'POD_3V3' (connected: 1/50)
2026-09-13 11:50:30.322 DEBUG  Queuing item for routing: Pin on net '/Eight ring pods/Pod 7 {slash} U25/LOCAL_SCL' (connected: 1/19)
2026-09-13 11:50:30.322 DEBUG  Queuing item for routing: Pin on net 'GND' (connected: 1/47)
2026-09-13 11:50:30.322 DEBUG  Queuing item for routing: Pin on net 'POD_3V3' (connected: 1/50)
2026-09-13 11:50:30.322 DEBUG  Queuing item for routing: Pin on net '/Eight ring pods/Pod 7 {slash} U25/UART_RX_LOCAL' (connected: 1/22)
2026-09-13 11:50:30.322 DEBUG  Queuing item for routing: Pin on net 'POD_3V3' (connected: 1/50)
2026-09-13 11:50:30.322 DEBUG  Queuing item for routing: Pin on net 'GND' (connected: 1/47)
2026-09-13 11:50:30.323 DEBUG  Queuing item for routing: Pin on net '/Eight ring pods/Pod 7 {slash} U25/LOCAL_SCL' (connected: 1/19)
2026-09-13 11:50:30.323 DEBUG  Queuing item for routing: Pin on net '/Eight ring pods/Pod 7 {slash} U25/LOCAL_SDA' (connected: 1/27)
2026-09-13 11:50:30.323 DEBUG  Queuing item for routing: Pin on net '/Eight ring pods/Pod 7 {slash} U25/CELL_TEMP' (connected: 1/23)
2026-09-13 11:50:30.323 DEBUG  Queuing item for routing: Pin on net 'GND' (connected: 1/47)
2026-09-13 11:50:30.648 DEBUG  [E41A9A\4A1EA1] Pass #6: 13 incompletes across 19 items to route
2026-09-13 11:50:30.648 DEBUG  [E41A9A\4A1EA1]   Net 'GND' has 4 incomplete(s)
2026-09-13 11:50:30.648 DEBUG  [E41A9A\4A1EA1]   Net 'POD_3V3' has 3 incomplete(s)
2026-09-13 11:50:30.648 DEBUG  [E41A9A\4A1EA1]   Net '/Eight ring pods/Pod 7 {slash} U25/CELL_TEMP' has 1 incomplete(s)
2026-09-13 11:50:30.648 DEBUG  [E41A9A\4A1EA1]   Net '/Eight ring pods/Pod 7 {slash} U25/LOCAL_SDA' has 1 incomplete(s)
2026-09-13 11:50:30.648 DEBUG  [E41A9A\4A1EA1]   Net '/Eight ring pods/Pod 7 {slash} U25/LOCAL_SCL' has 2 incomplete(s)
2026-09-13 11:50:30.648 DEBUG  [E41A9A\4A1EA1]   Net '/Eight ring pods/Pod 7 {slash} U25/UART_RX_LOCAL' has 1 incomplete(s)
2026-09-13 11:50:30.648 DEBUG  [E41A9A\4A1EA1]   Net 'RING_D8' has 1 incomplete(s)
2026-09-13 11:50:30.724 DEBUG  [E41A9A\4A1EA1] Autorouter Failed to route connection between via, polylinetrace, polylinetrace, polylinetrace, pin #2 of component #17, pin #1 of component #7 and via, polylinetrace, pin of component #22, because no connection was found between their nets.
2026-09-13 11:50:30.724 DEBUG  [E41A9A\4A1EA1] Pass #6: Failed to route Via on net 'RING_D8' (19 items remaining, 6 failures). State: FAILED
2026-09-13 11:50:31.646 DEBUG  ShapeSearchTree45Degree.completeShape: non-IntOctagon contained shape, using bounding octagon approximation
2026-09-13 11:50:31.647 DEBUG  ShapeSearchTree45Degree.completeShape: non-IntOctagon contained shape, using bounding octagon approximation
2026-09-13 11:50:31.879 DEBUG  ShapeSearchTree45Degree.completeShape: non-IntOctagon contained shape, using bounding octagon approximation
2026-09-13 11:50:31.879 DEBUG  ShapeSearchTree45Degree.completeShape: non-IntOctagon contained shape, using bounding octagon approximation
2026-09-13 11:50:31.879 DEBUG  ShapeSearchTree45Degree.completeShape: non-IntOctagon contained shape, using bounding octagon approximation
2026-09-13 11:50:31.879 DEBUG  ShapeSearchTree45Degree.completeShape: non-IntOctagon contained shape, using bounding octagon approximation
2026-09-13 11:50:31.879 DEBUG  ShapeSearchTree45Degree.completeShape: non-IntOctagon contained shape, using bounding octagon approximation
2026-09-13 11:50:31.879 DEBUG  ShapeSearchTree45Degree.completeShape: non-IntOctagon contained shape, using bounding octagon approximation
2026-09-13 11:50:31.879 DEBUG  ShapeSearchTree45Degree.completeShape: non-IntOctagon contained shape, using bounding octagon approximation
2026-09-13 11:50:31.880 DEBUG  ShapeSearchTree45Degree.completeShape: non-IntOctagon contained shape, using bounding octagon approximation
2026-09-13 11:50:31.924 DEBUG  ShapeSearchTree45Degree.completeShape: non-IntOctagon contained shape, using bounding octagon approximation
2026-09-13 11:50:31.925 DEBUG  ShapeSearchTree45Degree.completeShape: non-IntOctagon contained shape, using bounding octagon approximation
2026-09-13 11:50:31.925 DEBUG  ShapeSearchTree45Degree.completeShape: non-IntOctagon contained shape, using bounding octagon approximation
2026-09-13 11:50:31.926 DEBUG  ShapeSearchTree45Degree.completeShape: non-IntOctagon contained shape, using bounding octagon approximation
2026-09-13 11:50:33.001 INFO   [E41A9A\4A1EA1] Auto-routing pass #6 on board 'd9fe93b2b06c1e1704e62a74a860481b' was completed in 2.70 seconds with score 548.27 (13 unrouted and 66 violations), using 24.14 CPU seconds and the job allocated 89.11 GB of memory so far.
2026-09-13 11:50:33.472 DEBUG  Queuing item for routing: Via on net 'RING_D8' (connected: 3/9)
2026-09-13 11:50:33.472 DEBUG  Queuing item for routing: Via on net 'RING_D8' (connected: 1/9)
2026-09-13 11:50:33.472 DEBUG  Queuing item for routing: Via on net '/Eight ring pods/Pod 7 {slash} U25/UART_RX_LOCAL' (connected: 21/22)
2026-09-13 11:50:33.484 DEBUG  Queuing item for routing: Via on net '/Eight ring pods/Pod 7 {slash} U25/LOCAL_SCL' (connected: 17/19)
2026-09-13 11:50:33.485 DEBUG  Queuing item for routing: Via on net '/Eight ring pods/Pod 7 {slash} U25/LOCAL_SDA' (connected: 26/27)
2026-09-13 11:50:33.485 DEBUG  Queuing item for routing: Via on net '/Eight ring pods/Pod 7 {slash} U25/CELL_TEMP' (connected: 22/23)
2026-09-13 11:50:33.496 DEBUG  Queuing item for routing: PolylineTrace on net 'RING_D8' (connected: 5/9)
2026-09-13 11:50:33.496 DEBUG  Queuing item for routing: Pin on net 'GND' (connected: 1/47)
2026-09-13 11:50:33.496 DEBUG  Queuing item for routing: Pin on net 'POD_3V3' (connected: 1/50)
2026-09-13 11:50:33.496 DEBUG  Queuing item for routing: Pin on net '/Eight ring pods/Pod 7 {slash} U25/LOCAL_SCL' (connected: 1/19)
2026-09-13 11:50:33.496 DEBUG  Queuing item for routing: Pin on net 'GND' (connected: 1/47)
2026-09-13 11:50:33.496 DEBUG  Queuing item for routing: Pin on net 'POD_3V3' (connected: 1/50)
2026-09-13 11:50:33.496 DEBUG  Queuing item for routing: Pin on net '/Eight ring pods/Pod 7 {slash} U25/UART_RX_LOCAL' (connected: 1/22)
2026-09-13 11:50:33.497 DEBUG  Queuing item for routing: Pin on net 'POD_3V3' (connected: 1/50)
2026-09-13 11:50:33.497 DEBUG  Queuing item for routing: Pin on net 'GND' (connected: 1/47)
2026-09-13 11:50:33.497 DEBUG  Queuing item for routing: Pin on net '/Eight ring pods/Pod 7 {slash} U25/LOCAL_SCL' (connected: 1/19)
2026-09-13 11:50:33.497 DEBUG  Queuing item for routing: Pin on net '/Eight ring pods/Pod 7 {slash} U25/LOCAL_SDA' (connected: 1/27)
2026-09-13 11:50:33.497 DEBUG  Queuing item for routing: Pin on net '/Eight ring pods/Pod 7 {slash} U25/CELL_TEMP' (connected: 1/23)
2026-09-13 11:50:33.497 DEBUG  Queuing item for routing: Pin on net 'GND' (connected: 1/47)
2026-09-13 11:50:33.823 DEBUG  [E41A9A\4A1EA1] Pass #7: 13 incompletes across 19 items to route
2026-09-13 11:50:33.823 DEBUG  [E41A9A\4A1EA1]   Net 'GND' has 4 incomplete(s)
2026-09-13 11:50:33.823 DEBUG  [E41A9A\4A1EA1]   Net 'POD_3V3' has 3 incomplete(s)
2026-09-13 11:50:33.823 DEBUG  [E41A9A\4A1EA1]   Net '/Eight ring pods/Pod 7 {slash} U25/CELL_TEMP' has 1 incomplete(s)
2026-09-13 11:50:33.823 DEBUG  [E41A9A\4A1EA1]   Net '/Eight ring pods/Pod 7 {slash} U25/LOCAL_SDA' has 1 incomplete(s)
2026-09-13 11:50:33.823 DEBUG  [E41A9A\4A1EA1]   Net '/Eight ring pods/Pod 7 {slash} U25/LOCAL_SCL' has 2 incomplete(s)
2026-09-13 11:50:33.823 DEBUG  [E41A9A\4A1EA1]   Net '/Eight ring pods/Pod 7 {slash} U25/UART_RX_LOCAL' has 1 incomplete(s)
2026-09-13 11:50:33.823 DEBUG  [E41A9A\4A1EA1]   Net 'RING_D8' has 1 incomplete(s)
2026-09-13 11:50:33.901 DEBUG  [E41A9A\4A1EA1] Autorouter Failed to route connection between via, polylinetrace, polylinetrace, polylinetrace, pin #2 of component #17, pin #1 of component #7 and via, polylinetrace, pin of component #22, because no connection was found between their nets.
2026-09-13 11:50:33.901 DEBUG  [E41A9A\4A1EA1] Pass #7: Failed to route Via on net 'RING_D8' (19 items remaining, 7 failures). State: FAILED
2026-09-13 11:50:34.822 DEBUG  ShapeSearchTree45Degree.completeShape: non-IntOctagon contained shape, using bounding octagon approximation
2026-09-13 11:50:34.822 DEBUG  ShapeSearchTree45Degree.completeShape: non-IntOctagon contained shape, using bounding octagon approximation
2026-09-13 11:50:35.048 DEBUG  ShapeSearchTree45Degree.completeShape: non-IntOctagon contained shape, using bounding octagon approximation
2026-09-13 11:50:35.049 DEBUG  ShapeSearchTree45Degree.completeShape: non-IntOctagon contained shape, using bounding octagon approximation
2026-09-13 11:50:35.049 DEBUG  ShapeSearchTree45Degree.completeShape: non-IntOctagon contained shape, using bounding octagon approximation
2026-09-13 11:50:35.049 DEBUG  ShapeSearchTree45Degree.completeShape: non-IntOctagon contained shape, using bounding octagon approximation
2026-09-13 11:50:35.050 DEBUG  ShapeSearchTree45Degree.completeShape: non-IntOctagon contained shape, using bounding octagon approximation
2026-09-13 11:50:35.050 DEBUG  ShapeSearchTree45Degree.completeShape: non-IntOctagon contained shape, using bounding octagon approximation
2026-09-13 11:50:35.050 DEBUG  ShapeSearchTree45Degree.completeShape: non-IntOctagon contained shape, using bounding octagon approximation
2026-09-13 11:50:35.050 DEBUG  ShapeSearchTree45Degree.completeShape: non-IntOctagon contained shape, using bounding octagon approximation
2026-09-13 11:50:35.095 DEBUG  ShapeSearchTree45Degree.completeShape: non-IntOctagon contained shape, using bounding octagon approximation
2026-09-13 11:50:35.095 DEBUG  ShapeSearchTree45Degree.completeShape: non-IntOctagon contained shape, using bounding octagon approximation
2026-09-13 11:50:35.095 DEBUG  ShapeSearchTree45Degree.completeShape: non-IntOctagon contained shape, using bounding octagon approximation
2026-09-13 11:50:35.095 DEBUG  ShapeSearchTree45Degree.completeShape: non-IntOctagon contained shape, using bounding octagon approximation
2026-09-13 11:50:36.167 INFO   [E41A9A\4A1EA1] Auto-routing pass #7 on board 'd9fe93b2b06c1e1704e62a74a860481b' was completed in 2.70 seconds with score 548.27 (13 unrouted and 66 violations), using 26.75 CPU seconds and the job allocated 99.02 GB of memory so far.
2026-09-13 11:50:36.638 DEBUG  Queuing item for routing: Via on net 'RING_D8' (connected: 3/9)
2026-09-13 11:50:36.638 DEBUG  Queuing item for routing: Via on net 'RING_D8' (connected: 1/9)
2026-09-13 11:50:36.638 DEBUG  Queuing item for routing: Via on net '/Eight ring pods/Pod 7 {slash} U25/UART_RX_LOCAL' (connected: 21/22)
2026-09-13 11:50:36.649 DEBUG  Queuing item for routing: Via on net '/Eight ring pods/Pod 7 {slash} U25/LOCAL_SCL' (connected: 17/19)
2026-09-13 11:50:36.649 DEBUG  Queuing item for routing: Via on net '/Eight ring pods/Pod 7 {slash} U25/LOCAL_SDA' (connected: 26/27)
2026-09-13 11:50:36.650 DEBUG  Queuing item for routing: Via on net '/Eight ring pods/Pod 7 {slash} U25/CELL_TEMP' (connected: 22/23)
2026-09-13 11:50:36.660 DEBUG  Queuing item for routing: PolylineTrace on net 'RING_D8' (connected: 5/9)
2026-09-13 11:50:36.661 DEBUG  Queuing item for routing: Pin on net 'GND' (connected: 1/47)
2026-09-13 11:50:36.661 DEBUG  Queuing item for routing: Pin on net 'POD_3V3' (connected: 1/50)
2026-09-13 11:50:36.661 DEBUG  Queuing item for routing: Pin on net '/Eight ring pods/Pod 7 {slash} U25/LOCAL_SCL' (connected: 1/19)
2026-09-13 11:50:36.661 DEBUG  Queuing item for routing: Pin on net 'GND' (connected: 1/47)
2026-09-13 11:50:36.661 DEBUG  Queuing item for routing: Pin on net 'POD_3V3' (connected: 1/50)
2026-09-13 11:50:36.661 DEBUG  Queuing item for routing: Pin on net '/Eight ring pods/Pod 7 {slash} U25/UART_RX_LOCAL' (connected: 1/22)
2026-09-13 11:50:36.661 DEBUG  Queuing item for routing: Pin on net 'POD_3V3' (connected: 1/50)
2026-09-13 11:50:36.661 DEBUG  Queuing item for routing: Pin on net 'GND' (connected: 1/47)
2026-09-13 11:50:36.661 DEBUG  Queuing item for routing: Pin on net '/Eight ring pods/Pod 7 {slash} U25/LOCAL_SCL' (connected: 1/19)
2026-09-13 11:50:36.661 DEBUG  Queuing item for routing: Pin on net '/Eight ring pods/Pod 7 {slash} U25/LOCAL_SDA' (connected: 1/27)
2026-09-13 11:50:36.661 DEBUG  Queuing item for routing: Pin on net '/Eight ring pods/Pod 7 {slash} U25/CELL_TEMP' (connected: 1/23)
2026-09-13 11:50:36.661 DEBUG  Queuing item for routing: Pin on net 'GND' (connected: 1/47)
2026-09-13 11:50:36.994 DEBUG  [E41A9A\4A1EA1] Pass #8: 13 incompletes across 19 items to route
2026-09-13 11:50:36.994 DEBUG  [E41A9A\4A1EA1]   Net 'GND' has 4 incomplete(s)
2026-09-13 11:50:36.994 DEBUG  [E41A9A\4A1EA1]   Net 'POD_3V3' has 3 incomplete(s)
2026-09-13 11:50:36.994 DEBUG  [E41A9A\4A1EA1]   Net '/Eight ring pods/Pod 7 {slash} U25/CELL_TEMP' has 1 incomplete(s)
2026-09-13 11:50:36.994 DEBUG  [E41A9A\4A1EA1]   Net '/Eight ring pods/Pod 7 {slash} U25/LOCAL_SDA' has 1 incomplete(s)
2026-09-13 11:50:36.994 DEBUG  [E41A9A\4A1EA1]   Net '/Eight ring pods/Pod 7 {slash} U25/LOCAL_SCL' has 2 incomplete(s)
2026-09-13 11:50:36.994 DEBUG  [E41A9A\4A1EA1]   Net '/Eight ring pods/Pod 7 {slash} U25/UART_RX_LOCAL' has 1 incomplete(s)
2026-09-13 11:50:36.994 DEBUG  [E41A9A\4A1EA1]   Net 'RING_D8' has 1 incomplete(s)
2026-09-13 11:50:37.067 DEBUG  [E41A9A\4A1EA1] Autorouter Failed to route connection between via, polylinetrace, polylinetrace, polylinetrace, pin #2 of component #17, pin #1 of component #7 and via, polylinetrace, pin of component #22, because no connection was found between their nets.
2026-09-13 11:50:37.067 DEBUG  [E41A9A\4A1EA1] Pass #8: Failed to route Via on net 'RING_D8' (19 items remaining, 8 failures). State: FAILED
2026-09-13 11:50:37.992 DEBUG  ShapeSearchTree45Degree.completeShape: non-IntOctagon contained shape, using bounding octagon approximation
2026-09-13 11:50:37.992 DEBUG  ShapeSearchTree45Degree.completeShape: non-IntOctagon contained shape, using bounding octagon approximation
2026-09-13 11:50:38.228 DEBUG  ShapeSearchTree45Degree.completeShape: non-IntOctagon contained shape, using bounding octagon approximation
2026-09-13 11:50:38.228 DEBUG  ShapeSearchTree45Degree.completeShape: non-IntOctagon contained shape, using bounding octagon approximation
2026-09-13 11:50:38.228 DEBUG  ShapeSearchTree45Degree.completeShape: non-IntOctagon contained shape, using bounding octagon approximation
2026-09-13 11:50:38.228 DEBUG  ShapeSearchTree45Degree.completeShape: non-IntOctagon contained shape, using bounding octagon approximation
2026-09-13 11:50:38.228 DEBUG  ShapeSearchTree45Degree.completeShape: non-IntOctagon contained shape, using bounding octagon approximation
2026-09-13 11:50:38.229 DEBUG  ShapeSearchTree45Degree.completeShape: non-IntOctagon contained shape, using bounding octagon approximation
2026-09-13 11:50:38.229 DEBUG  ShapeSearchTree45Degree.completeShape: non-IntOctagon contained shape, using bounding octagon approximation
2026-09-13 11:50:38.229 DEBUG  ShapeSearchTree45Degree.completeShape: non-IntOctagon contained shape, using bounding octagon approximation
2026-09-13 11:50:38.273 DEBUG  ShapeSearchTree45Degree.completeShape: non-IntOctagon contained shape, using bounding octagon approximation
2026-09-13 11:50:38.274 DEBUG  ShapeSearchTree45Degree.completeShape: non-IntOctagon contained shape, using bounding octagon approximation
2026-09-13 11:50:38.274 DEBUG  ShapeSearchTree45Degree.completeShape: non-IntOctagon contained shape, using bounding octagon approximation
2026-09-13 11:50:38.274 DEBUG  ShapeSearchTree45Degree.completeShape: non-IntOctagon contained shape, using bounding octagon approximation
2026-09-13 11:50:39.325 INFO   [E41A9A\4A1EA1] Auto-routing pass #8 on board 'd9fe93b2b06c1e1704e62a74a860481b' was completed in 2.69 seconds with score 548.27 (13 unrouted and 66 violations), using 29.44 CPU seconds and the job allocated 109.04 GB of memory so far.
2026-09-13 11:50:39.793 DEBUG  Queuing item for routing: Via on net 'RING_D8' (connected: 3/9)
2026-09-13 11:50:39.793 DEBUG  Queuing item for routing: Via on net 'RING_D8' (connected: 1/9)
2026-09-13 11:50:39.793 DEBUG  Queuing item for routing: Via on net '/Eight ring pods/Pod 7 {slash} U25/UART_RX_LOCAL' (connected: 21/22)
2026-09-13 11:50:39.807 DEBUG  Queuing item for routing: Via on net '/Eight ring pods/Pod 7 {slash} U25/LOCAL_SCL' (connected: 17/19)
2026-09-13 11:50:39.808 DEBUG  Queuing item for routing: Via on net '/Eight ring pods/Pod 7 {slash} U25/LOCAL_SDA' (connected: 26/27)
2026-09-13 11:50:39.808 DEBUG  Queuing item for routing: Via on net '/Eight ring pods/Pod 7 {slash} U25/CELL_TEMP' (connected: 22/23)
2026-09-13 11:50:39.818 DEBUG  Queuing item for routing: PolylineTrace on net 'RING_D8' (connected: 5/9)
2026-09-13 11:50:39.818 DEBUG  Queuing item for routing: Pin on net 'GND' (connected: 1/47)
2026-09-13 11:50:39.818 DEBUG  Queuing item for routing: Pin on net 'POD_3V3' (connected: 1/50)
2026-09-13 11:50:39.818 DEBUG  Queuing item for routing: Pin on net '/Eight ring pods/Pod 7 {slash} U25/LOCAL_SCL' (connected: 1/19)
2026-09-13 11:50:39.818 DEBUG  Queuing item for routing: Pin on net 'GND' (connected: 1/47)
2026-09-13 11:50:39.818 DEBUG  Queuing item for routing: Pin on net 'POD_3V3' (connected: 1/50)
2026-09-13 11:50:39.818 DEBUG  Queuing item for routing: Pin on net '/Eight ring pods/Pod 7 {slash} U25/UART_RX_LOCAL' (connected: 1/22)
2026-09-13 11:50:39.818 DEBUG  Queuing item for routing: Pin on net 'POD_3V3' (connected: 1/50)
2026-09-13 11:50:39.818 DEBUG  Queuing item for routing: Pin on net 'GND' (connected: 1/47)
2026-09-13 11:50:39.819 DEBUG  Queuing item for routing: Pin on net '/Eight ring pods/Pod 7 {slash} U25/LOCAL_SCL' (connected: 1/19)
2026-09-13 11:50:39.819 DEBUG  Queuing item for routing: Pin on net '/Eight ring pods/Pod 7 {slash} U25/LOCAL_SDA' (connected: 1/27)
2026-09-13 11:50:39.819 DEBUG  Queuing item for routing: Pin on net '/Eight ring pods/Pod 7 {slash} U25/CELL_TEMP' (connected: 1/23)
2026-09-13 11:50:39.819 DEBUG  Queuing item for routing: Pin on net 'GND' (connected: 1/47)
2026-09-13 11:50:40.131 DEBUG  [E41A9A\4A1EA1] Pass #9: 13 incompletes across 19 items to route
2026-09-13 11:50:40.131 DEBUG  [E41A9A\4A1EA1]   Net 'GND' has 4 incomplete(s)
2026-09-13 11:50:40.131 DEBUG  [E41A9A\4A1EA1]   Net 'POD_3V3' has 3 incomplete(s)
2026-09-13 11:50:40.131 DEBUG  [E41A9A\4A1EA1]   Net '/Eight ring pods/Pod 7 {slash} U25/CELL_TEMP' has 1 incomplete(s)
2026-09-13 11:50:40.131 DEBUG  [E41A9A\4A1EA1]   Net '/Eight ring pods/Pod 7 {slash} U25/LOCAL_SDA' has 1 incomplete(s)
2026-09-13 11:50:40.131 DEBUG  [E41A9A\4A1EA1]   Net '/Eight ring pods/Pod 7 {slash} U25/LOCAL_SCL' has 2 incomplete(s)
2026-09-13 11:50:40.131 DEBUG  [E41A9A\4A1EA1]   Net '/Eight ring pods/Pod 7 {slash} U25/UART_RX_LOCAL' has 1 incomplete(s)
2026-09-13 11:50:40.131 DEBUG  [E41A9A\4A1EA1]   Net 'RING_D8' has 1 incomplete(s)
2026-09-13 11:50:40.198 DEBUG  [E41A9A\4A1EA1] Autorouter Failed to route connection between via, polylinetrace, polylinetrace, polylinetrace, pin #2 of component #17, pin #1 of component #7 and via, polylinetrace, pin of component #22, because no connection was found between their nets.
2026-09-13 11:50:40.198 DEBUG  [E41A9A\4A1EA1] Pass #9: Failed to route Via on net 'RING_D8' (19 items remaining, 9 failures). State: FAILED
2026-09-13 11:50:41.099 DEBUG  ShapeSearchTree45Degree.completeShape: non-IntOctagon contained shape, using bounding octagon approximation
2026-09-13 11:50:41.099 DEBUG  ShapeSearchTree45Degree.completeShape: non-IntOctagon contained shape, using bounding octagon approximation
2026-09-13 11:50:41.340 DEBUG  ShapeSearchTree45Degree.completeShape: non-IntOctagon contained shape, using bounding octagon approximation
2026-09-13 11:50:41.340 DEBUG  ShapeSearchTree45Degree.completeShape: non-IntOctagon contained shape, using bounding octagon approximation
2026-09-13 11:50:41.340 DEBUG  ShapeSearchTree45Degree.completeShape: non-IntOctagon contained shape, using bounding octagon approximation
2026-09-13 11:50:41.340 DEBUG  ShapeSearchTree45Degree.completeShape: non-IntOctagon contained shape, using bounding octagon approximation
2026-09-13 11:50:41.341 DEBUG  ShapeSearchTree45Degree.completeShape: non-IntOctagon contained shape, using bounding octagon approximation
2026-09-13 11:50:41.341 DEBUG  ShapeSearchTree45Degree.completeShape: non-IntOctagon contained shape, using bounding octagon approximation
2026-09-13 11:50:41.341 DEBUG  ShapeSearchTree45Degree.completeShape: non-IntOctagon contained shape, using bounding octagon approximation
2026-09-13 11:50:41.341 DEBUG  ShapeSearchTree45Degree.completeShape: non-IntOctagon contained shape, using bounding octagon approximation
2026-09-13 11:50:41.386 DEBUG  ShapeSearchTree45Degree.completeShape: non-IntOctagon contained shape, using bounding octagon approximation
2026-09-13 11:50:41.387 DEBUG  ShapeSearchTree45Degree.completeShape: non-IntOctagon contained shape, using bounding octagon approximation
2026-09-13 11:50:41.387 DEBUG  ShapeSearchTree45Degree.completeShape: non-IntOctagon contained shape, using bounding octagon approximation
2026-09-13 11:50:41.387 DEBUG  ShapeSearchTree45Degree.completeShape: non-IntOctagon contained shape, using bounding octagon approximation
2026-09-13 11:50:42.455 INFO   [E41A9A\4A1EA1] Auto-routing pass #9 on board 'd9fe93b2b06c1e1704e62a74a860481b' was completed in 2.66 seconds with score 548.27 (13 unrouted and 66 violations), using 33.09 CPU seconds and the job allocated 122.12 GB of memory so far.
2026-09-13 11:50:42.918 DEBUG  Queuing item for routing: Via on net 'RING_D8' (connected: 3/9)
2026-09-13 11:50:42.918 DEBUG  Queuing item for routing: Via on net 'RING_D8' (connected: 1/9)
2026-09-13 11:50:42.918 DEBUG  Queuing item for routing: Via on net '/Eight ring pods/Pod 7 {slash} U25/UART_RX_LOCAL' (connected: 21/22)
2026-09-13 11:50:42.929 DEBUG  Queuing item for routing: Via on net '/Eight ring pods/Pod 7 {slash} U25/LOCAL_SCL' (connected: 17/19)
2026-09-13 11:50:42.929 DEBUG  Queuing item for routing: Via on net '/Eight ring pods/Pod 7 {slash} U25/LOCAL_SDA' (connected: 26/27)
2026-09-13 11:50:42.930 DEBUG  Queuing item for routing: Via on net '/Eight ring pods/Pod 7 {slash} U25/CELL_TEMP' (connected: 22/23)
2026-09-13 11:50:42.940 DEBUG  Queuing item for routing: PolylineTrace on net 'RING_D8' (connected: 5/9)
2026-09-13 11:50:42.940 DEBUG  Queuing item for routing: Pin on net 'GND' (connected: 1/47)
2026-09-13 11:50:42.940 DEBUG  Queuing item for routing: Pin on net 'POD_3V3' (connected: 1/50)
2026-09-13 11:50:42.940 DEBUG  Queuing item for routing: Pin on net '/Eight ring pods/Pod 7 {slash} U25/LOCAL_SCL' (connected: 1/19)
2026-09-13 11:50:42.940 DEBUG  Queuing item for routing: Pin on net 'GND' (connected: 1/47)
2026-09-13 11:50:42.940 DEBUG  Queuing item for routing: Pin on net 'POD_3V3' (connected: 1/50)
2026-09-13 11:50:42.940 DEBUG  Queuing item for routing: Pin on net '/Eight ring pods/Pod 7 {slash} U25/UART_RX_LOCAL' (connected: 1/22)
2026-09-13 11:50:42.940 DEBUG  Queuing item for routing: Pin on net 'POD_3V3' (connected: 1/50)
2026-09-13 11:50:42.940 DEBUG  Queuing item for routing: Pin on net 'GND' (connected: 1/47)
2026-09-13 11:50:42.941 DEBUG  Queuing item for routing: Pin on net '/Eight ring pods/Pod 7 {slash} U25/LOCAL_SCL' (connected: 1/19)
2026-09-13 11:50:42.941 DEBUG  Queuing item for routing: Pin on net '/Eight ring pods/Pod 7 {slash} U25/LOCAL_SDA' (connected: 1/27)
2026-09-13 11:50:42.941 DEBUG  Queuing item for routing: Pin on net '/Eight ring pods/Pod 7 {slash} U25/CELL_TEMP' (connected: 1/23)
2026-09-13 11:50:42.941 DEBUG  Queuing item for routing: Pin on net 'GND' (connected: 1/47)
2026-09-13 11:50:43.265 DEBUG  [E41A9A\4A1EA1] Pass #10: 13 incompletes across 19 items to route
2026-09-13 11:50:43.265 DEBUG  [E41A9A\4A1EA1]   Net 'GND' has 4 incomplete(s)
2026-09-13 11:50:43.265 DEBUG  [E41A9A\4A1EA1]   Net 'POD_3V3' has 3 incomplete(s)
2026-09-13 11:50:43.265 DEBUG  [E41A9A\4A1EA1]   Net '/Eight ring pods/Pod 7 {slash} U25/CELL_TEMP' has 1 incomplete(s)
2026-09-13 11:50:43.265 DEBUG  [E41A9A\4A1EA1]   Net '/Eight ring pods/Pod 7 {slash} U25/LOCAL_SDA' has 1 incomplete(s)
2026-09-13 11:50:43.265 DEBUG  [E41A9A\4A1EA1]   Net '/Eight ring pods/Pod 7 {slash} U25/LOCAL_SCL' has 2 incomplete(s)
2026-09-13 11:50:43.265 DEBUG  [E41A9A\4A1EA1]   Net '/Eight ring pods/Pod 7 {slash} U25/UART_RX_LOCAL' has 1 incomplete(s)
2026-09-13 11:50:43.265 DEBUG  [E41A9A\4A1EA1]   Net 'RING_D8' has 1 incomplete(s)
2026-09-13 11:50:43.340 DEBUG  [E41A9A\4A1EA1] Autorouter Failed to route connection between via, polylinetrace, polylinetrace, polylinetrace, pin #2 of component #17, pin #1 of component #7 and via, polylinetrace, pin of component #22, because no connection was found between their nets.
2026-09-13 11:50:43.340 DEBUG  [E41A9A\4A1EA1] Pass #10: Failed to route Via on net 'RING_D8' (19 items remaining, 10 failures). State: FAILED
2026-09-13 11:50:44.257 DEBUG  ShapeSearchTree45Degree.completeShape: non-IntOctagon contained shape, using bounding octagon approximation
2026-09-13 11:50:44.258 DEBUG  ShapeSearchTree45Degree.completeShape: non-IntOctagon contained shape, using bounding octagon approximation
2026-09-13 11:50:44.488 DEBUG  ShapeSearchTree45Degree.completeShape: non-IntOctagon contained shape, using bounding octagon approximation
2026-09-13 11:50:44.488 DEBUG  ShapeSearchTree45Degree.completeShape: non-IntOctagon contained shape, using bounding octagon approximation
2026-09-13 11:50:44.489 DEBUG  ShapeSearchTree45Degree.completeShape: non-IntOctagon contained shape, using bounding octagon approximation
2026-09-13 11:50:44.489 DEBUG  ShapeSearchTree45Degree.completeShape: non-IntOctagon contained shape, using bounding octagon approximation
2026-09-13 11:50:44.489 DEBUG  ShapeSearchTree45Degree.completeShape: non-IntOctagon contained shape, using bounding octagon approximation
2026-09-13 11:50:44.489 DEBUG  ShapeSearchTree45Degree.completeShape: non-IntOctagon contained shape, using bounding octagon approximation
2026-09-13 11:50:44.489 DEBUG  ShapeSearchTree45Degree.completeShape: non-IntOctagon contained shape, using bounding octagon approximation
2026-09-13 11:50:44.489 DEBUG  ShapeSearchTree45Degree.completeShape: non-IntOctagon contained shape, using bounding octagon approximation
2026-09-13 11:50:44.532 DEBUG  ShapeSearchTree45Degree.completeShape: non-IntOctagon contained shape, using bounding octagon approximation
2026-09-13 11:50:44.533 DEBUG  ShapeSearchTree45Degree.completeShape: non-IntOctagon contained shape, using bounding octagon approximation
2026-09-13 11:50:44.533 DEBUG  ShapeSearchTree45Degree.completeShape: non-IntOctagon contained shape, using bounding octagon approximation
2026-09-13 11:50:44.534 DEBUG  ShapeSearchTree45Degree.completeShape: non-IntOctagon contained shape, using bounding octagon approximation
2026-09-13 11:50:45.600 INFO   [E41A9A\4A1EA1] Auto-routing pass #10 on board 'd9fe93b2b06c1e1704e62a74a860481b' was completed in 2.68 seconds with score 548.27 (13 unrouted and 66 violations), using 35.81 CPU seconds and the job allocated 132.03 GB of memory so far.
2026-09-13 11:50:46.071 DEBUG  Queuing item for routing: Via on net 'RING_D8' (connected: 3/9)
2026-09-13 11:50:46.071 DEBUG  Queuing item for routing: Via on net 'RING_D8' (connected: 1/9)
2026-09-13 11:50:46.071 DEBUG  Queuing item for routing: Via on net '/Eight ring pods/Pod 7 {slash} U25/UART_RX_LOCAL' (connected: 21/22)
2026-09-13 11:50:46.082 DEBUG  Queuing item for routing: Via on net '/Eight ring pods/Pod 7 {slash} U25/LOCAL_SCL' (connected: 17/19)
2026-09-13 11:50:46.082 DEBUG  Queuing item for routing: Via on net '/Eight ring pods/Pod 7 {slash} U25/LOCAL_SDA' (connected: 26/27)
2026-09-13 11:50:46.083 DEBUG  Queuing item for routing: Via on net '/Eight ring pods/Pod 7 {slash} U25/CELL_TEMP' (connected: 22/23)
2026-09-13 11:50:46.094 DEBUG  Queuing item for routing: PolylineTrace on net 'RING_D8' (connected: 5/9)
2026-09-13 11:50:46.094 DEBUG  Queuing item for routing: Pin on net 'GND' (connected: 1/47)
2026-09-13 11:50:46.094 DEBUG  Queuing item for routing: Pin on net 'POD_3V3' (connected: 1/50)
2026-09-13 11:50:46.094 DEBUG  Queuing item for routing: Pin on net '/Eight ring pods/Pod 7 {slash} U25/LOCAL_SCL' (connected: 1/19)
2026-09-13 11:50:46.094 DEBUG  Queuing item for routing: Pin on net 'GND' (connected: 1/47)
2026-09-13 11:50:46.094 DEBUG  Queuing item for routing: Pin on net 'POD_3V3' (connected: 1/50)
2026-09-13 11:50:46.094 DEBUG  Queuing item for routing: Pin on net '/Eight ring pods/Pod 7 {slash} U25/UART_RX_LOCAL' (connected: 1/22)
2026-09-13 11:50:46.094 DEBUG  Queuing item for routing: Pin on net 'POD_3V3' (connected: 1/50)
2026-09-13 11:50:46.094 DEBUG  Queuing item for routing: Pin on net 'GND' (connected: 1/47)
2026-09-13 11:50:46.094 DEBUG  Queuing item for routing: Pin on net '/Eight ring pods/Pod 7 {slash} U25/LOCAL_SCL' (connected: 1/19)
2026-09-13 11:50:46.094 DEBUG  Queuing item for routing: Pin on net '/Eight ring pods/Pod 7 {slash} U25/LOCAL_SDA' (connected: 1/27)
2026-09-13 11:50:46.094 DEBUG  Queuing item for routing: Pin on net '/Eight ring pods/Pod 7 {slash} U25/CELL_TEMP' (connected: 1/23)
2026-09-13 11:50:46.094 DEBUG  Queuing item for routing: Pin on net 'GND' (connected: 1/47)
2026-09-13 11:50:46.419 DEBUG  [E41A9A\4A1EA1] Pass #11: 13 incompletes across 19 items to route
2026-09-13 11:50:46.419 DEBUG  [E41A9A\4A1EA1]   Net 'GND' has 4 incomplete(s)
2026-09-13 11:50:46.419 DEBUG  [E41A9A\4A1EA1]   Net 'POD_3V3' has 3 incomplete(s)
2026-09-13 11:50:46.419 DEBUG  [E41A9A\4A1EA1]   Net '/Eight ring pods/Pod 7 {slash} U25/CELL_TEMP' has 1 incomplete(s)
2026-09-13 11:50:46.419 DEBUG  [E41A9A\4A1EA1]   Net '/Eight ring pods/Pod 7 {slash} U25/LOCAL_SDA' has 1 incomplete(s)
2026-09-13 11:50:46.419 DEBUG  [E41A9A\4A1EA1]   Net '/Eight ring pods/Pod 7 {slash} U25/LOCAL_SCL' has 2 incomplete(s)
2026-09-13 11:50:46.419 DEBUG  [E41A9A\4A1EA1]   Net '/Eight ring pods/Pod 7 {slash} U25/UART_RX_LOCAL' has 1 incomplete(s)
2026-09-13 11:50:46.419 DEBUG  [E41A9A\4A1EA1]   Net 'RING_D8' has 1 incomplete(s)
2026-09-13 11:50:46.494 DEBUG  [E41A9A\4A1EA1] Autorouter Failed to route connection between via, polylinetrace, polylinetrace, polylinetrace, pin #2 of component #17, pin #1 of component #7 and via, polylinetrace, pin of component #22, because no connection was found between their nets.
2026-09-13 11:50:46.494 DEBUG  [E41A9A\4A1EA1] Pass #11: Failed to route Via on net 'RING_D8' (19 items remaining, 11 failures). State: FAILED
2026-09-13 11:50:47.407 DEBUG  ShapeSearchTree45Degree.completeShape: non-IntOctagon contained shape, using bounding octagon approximation
2026-09-13 11:50:47.407 DEBUG  ShapeSearchTree45Degree.completeShape: non-IntOctagon contained shape, using bounding octagon approximation
2026-09-13 11:50:47.639 DEBUG  ShapeSearchTree45Degree.completeShape: non-IntOctagon contained shape, using bounding octagon approximation
2026-09-13 11:50:47.639 DEBUG  ShapeSearchTree45Degree.completeShape: non-IntOctagon contained shape, using bounding octagon approximation
2026-09-13 11:50:47.640 DEBUG  ShapeSearchTree45Degree.completeShape: non-IntOctagon contained shape, using bounding octagon approximation
2026-09-13 11:50:47.640 DEBUG  ShapeSearchTree45Degree.completeShape: non-IntOctagon contained shape, using bounding octagon approximation
2026-09-13 11:50:47.640 DEBUG  ShapeSearchTree45Degree.completeShape: non-IntOctagon contained shape, using bounding octagon approximation
2026-09-13 11:50:47.640 DEBUG  ShapeSearchTree45Degree.completeShape: non-IntOctagon contained shape, using bounding octagon approximation
2026-09-13 11:50:47.640 DEBUG  ShapeSearchTree45Degree.completeShape: non-IntOctagon contained shape, using bounding octagon approximation
2026-09-13 11:50:47.640 DEBUG  ShapeSearchTree45Degree.completeShape: non-IntOctagon contained shape, using bounding octagon approximation
2026-09-13 11:50:47.685 DEBUG  ShapeSearchTree45Degree.completeShape: non-IntOctagon contained shape, using bounding octagon approximation
2026-09-13 11:50:47.685 DEBUG  ShapeSearchTree45Degree.completeShape: non-IntOctagon contained shape, using bounding octagon approximation
2026-09-13 11:50:47.685 DEBUG  ShapeSearchTree45Degree.completeShape: non-IntOctagon contained shape, using bounding octagon approximation
2026-09-13 11:50:47.685 DEBUG  ShapeSearchTree45Degree.completeShape: non-IntOctagon contained shape, using bounding octagon approximation
2026-09-13 11:50:48.745 INFO   [E41A9A\4A1EA1] Auto-routing pass #11 on board 'd9fe93b2b06c1e1704e62a74a860481b' was completed in 2.68 seconds with score 548.27 (13 unrouted and 66 violations), using 38.44 CPU seconds and the job allocated 141.93 GB of memory so far.
2026-09-13 11:50:49.212 DEBUG  [E41A9A\4A1EA1] Applied one-time fanout recovery cleanup (removed fanout tails/vias). Incompletes: 13 -> 13.
2026-09-13 11:50:49.638 DEBUG  Queuing item for routing: Via on net 'RING_D8' (connected: 3/9)
2026-09-13 11:50:49.638 DEBUG  Queuing item for routing: Via on net 'RING_D8' (connected: 1/9)
2026-09-13 11:50:49.638 DEBUG  Queuing item for routing: Via on net '/Eight ring pods/Pod 7 {slash} U25/UART_RX_LOCAL' (connected: 21/22)
2026-09-13 11:50:49.649 DEBUG  Queuing item for routing: Via on net '/Eight ring pods/Pod 7 {slash} U25/LOCAL_SCL' (connected: 17/19)
2026-09-13 11:50:49.649 DEBUG  Queuing item for routing: Via on net '/Eight ring pods/Pod 7 {slash} U25/LOCAL_SDA' (connected: 26/27)
2026-09-13 11:50:49.650 DEBUG  Queuing item for routing: Via on net '/Eight ring pods/Pod 7 {slash} U25/CELL_TEMP' (connected: 22/23)
2026-09-13 11:50:49.660 DEBUG  Queuing item for routing: PolylineTrace on net 'RING_D8' (connected: 5/9)
2026-09-13 11:50:49.661 DEBUG  Queuing item for routing: Pin on net 'GND' (connected: 1/47)
2026-09-13 11:50:49.661 DEBUG  Queuing item for routing: Pin on net 'POD_3V3' (connected: 1/50)
2026-09-13 11:50:49.661 DEBUG  Queuing item for routing: Pin on net '/Eight ring pods/Pod 7 {slash} U25/LOCAL_SCL' (connected: 1/19)
2026-09-13 11:50:49.661 DEBUG  Queuing item for routing: Pin on net 'GND' (connected: 1/47)
2026-09-13 11:50:49.661 DEBUG  Queuing item for routing: Pin on net 'POD_3V3' (connected: 1/50)
2026-09-13 11:50:49.661 DEBUG  Queuing item for routing: Pin on net '/Eight ring pods/Pod 7 {slash} U25/UART_RX_LOCAL' (connected: 1/22)
2026-09-13 11:50:49.661 DEBUG  Queuing item for routing: Pin on net 'POD_3V3' (connected: 1/50)
2026-09-13 11:50:49.661 DEBUG  Queuing item for routing: Pin on net 'GND' (connected: 1/47)
2026-09-13 11:50:49.661 DEBUG  Queuing item for routing: Pin on net '/Eight ring pods/Pod 7 {slash} U25/LOCAL_SCL' (connected: 1/19)
2026-09-13 11:50:49.661 DEBUG  Queuing item for routing: Pin on net '/Eight ring pods/Pod 7 {slash} U25/LOCAL_SDA' (connected: 1/27)
2026-09-13 11:50:49.661 DEBUG  Queuing item for routing: Pin on net '/Eight ring pods/Pod 7 {slash} U25/CELL_TEMP' (connected: 1/23)
2026-09-13 11:50:49.661 DEBUG  Queuing item for routing: Pin on net 'GND' (connected: 1/47)
2026-09-13 11:50:49.992 DEBUG  [E41A9A\4A1EA1] Pass #12: 13 incompletes across 19 items to route
2026-09-13 11:50:49.992 DEBUG  [E41A9A\4A1EA1]   Net 'GND' has 4 incomplete(s)
2026-09-13 11:50:49.992 DEBUG  [E41A9A\4A1EA1]   Net 'POD_3V3' has 3 incomplete(s)
2026-09-13 11:50:49.992 DEBUG  [E41A9A\4A1EA1]   Net '/Eight ring pods/Pod 7 {slash} U25/CELL_TEMP' has 1 incomplete(s)
2026-09-13 11:50:49.992 DEBUG  [E41A9A\4A1EA1]   Net '/Eight ring pods/Pod 7 {slash} U25/LOCAL_SDA' has 1 incomplete(s)
2026-09-13 11:50:49.992 DEBUG  [E41A9A\4A1EA1]   Net '/Eight ring pods/Pod 7 {slash} U25/LOCAL_SCL' has 2 incomplete(s)
2026-09-13 11:50:49.992 DEBUG  [E41A9A\4A1EA1]   Net '/Eight ring pods/Pod 7 {slash} U25/UART_RX_LOCAL' has 1 incomplete(s)
2026-09-13 11:50:49.992 DEBUG  [E41A9A\4A1EA1]   Net 'RING_D8' has 1 incomplete(s)
2026-09-13 11:50:50.075 DEBUG  [E41A9A\4A1EA1] Autorouter Failed to route connection between via, polylinetrace, polylinetrace, polylinetrace, pin #2 of component #17, pin #1 of component #7 and via, polylinetrace, pin of component #22, because no connection was found between their nets.
2026-09-13 11:50:50.075 DEBUG  [E41A9A\4A1EA1] Pass #12: Failed to route Via on net 'RING_D8' (19 items remaining, 12 failures). State: FAILED
2026-09-13 11:50:50.981 DEBUG  ShapeSearchTree45Degree.completeShape: non-IntOctagon contained shape, using bounding octagon approximation
2026-09-13 11:50:50.981 DEBUG  ShapeSearchTree45Degree.completeShape: non-IntOctagon contained shape, using bounding octagon approximation
2026-09-13 11:50:51.225 DEBUG  ShapeSearchTree45Degree.completeShape: non-IntOctagon contained shape, using bounding octagon approximation
2026-09-13 11:50:51.225 DEBUG  ShapeSearchTree45Degree.completeShape: non-IntOctagon contained shape, using bounding octagon approximation
2026-09-13 11:50:51.226 DEBUG  ShapeSearchTree45Degree.completeShape: non-IntOctagon contained shape, using bounding octagon approximation
2026-09-13 11:50:51.226 DEBUG  ShapeSearchTree45Degree.completeShape: non-IntOctagon contained shape, using bounding octagon approximation
2026-09-13 11:50:51.226 DEBUG  ShapeSearchTree45Degree.completeShape: non-IntOctagon contained shape, using bounding octagon approximation
2026-09-13 11:50:51.226 DEBUG  ShapeSearchTree45Degree.completeShape: non-IntOctagon contained shape, using bounding octagon approximation
2026-09-13 11:50:51.226 DEBUG  ShapeSearchTree45Degree.completeShape: non-IntOctagon contained shape, using bounding octagon approximation
2026-09-13 11:50:51.226 DEBUG  ShapeSearchTree45Degree.completeShape: non-IntOctagon contained shape, using bounding octagon approximation
2026-09-13 11:50:51.270 DEBUG  ShapeSearchTree45Degree.completeShape: non-IntOctagon contained shape, using bounding octagon approximation
2026-09-13 11:50:51.271 DEBUG  ShapeSearchTree45Degree.completeShape: non-IntOctagon contained shape, using bounding octagon approximation
2026-09-13 11:50:51.271 DEBUG  ShapeSearchTree45Degree.completeShape: non-IntOctagon contained shape, using bounding octagon approximation
2026-09-13 11:50:51.272 DEBUG  ShapeSearchTree45Degree.completeShape: non-IntOctagon contained shape, using bounding octagon approximation
2026-09-13 11:50:52.332 INFO   [E41A9A\4A1EA1] Auto-routing pass #12 on board 'd9fe93b2b06c1e1704e62a74a860481b' was completed in 2.70 seconds with score 548.27 (13 unrouted and 66 violations), using 41.11 CPU seconds and the job allocated 152.02 GB of memory so far.
2026-09-13 11:50:52.799 DEBUG  Queuing item for routing: Via on net 'RING_D8' (connected: 3/9)
2026-09-13 11:50:52.799 DEBUG  Queuing item for routing: Via on net 'RING_D8' (connected: 1/9)
2026-09-13 11:50:52.800 DEBUG  Queuing item for routing: Via on net '/Eight ring pods/Pod 7 {slash} U25/UART_RX_LOCAL' (connected: 21/22)
2026-09-13 11:50:52.811 DEBUG  Queuing item for routing: Via on net '/Eight ring pods/Pod 7 {slash} U25/LOCAL_SCL' (connected: 17/19)
2026-09-13 11:50:52.811 DEBUG  Queuing item for routing: Via on net '/Eight ring pods/Pod 7 {slash} U25/LOCAL_SDA' (connected: 26/27)
2026-09-13 11:50:52.812 DEBUG  Queuing item for routing: Via on net '/Eight ring pods/Pod 7 {slash} U25/CELL_TEMP' (connected: 22/23)
2026-09-13 11:50:52.823 DEBUG  Queuing item for routing: PolylineTrace on net 'RING_D8' (connected: 5/9)
2026-09-13 11:50:52.823 DEBUG  Queuing item for routing: Pin on net 'GND' (connected: 1/47)
2026-09-13 11:50:52.823 DEBUG  Queuing item for routing: Pin on net 'POD_3V3' (connected: 1/50)
2026-09-13 11:50:52.823 DEBUG  Queuing item for routing: Pin on net '/Eight ring pods/Pod 7 {slash} U25/LOCAL_SCL' (connected: 1/19)
2026-09-13 11:50:52.823 DEBUG  Queuing item for routing: Pin on net 'GND' (connected: 1/47)
2026-09-13 11:50:52.823 DEBUG  Queuing item for routing: Pin on net 'POD_3V3' (connected: 1/50)
2026-09-13 11:50:52.823 DEBUG  Queuing item for routing: Pin on net '/Eight ring pods/Pod 7 {slash} U25/UART_RX_LOCAL' (connected: 1/22)
2026-09-13 11:50:52.823 DEBUG  Queuing item for routing: Pin on net 'POD_3V3' (connected: 1/50)
2026-09-13 11:50:52.823 DEBUG  Queuing item for routing: Pin on net 'GND' (connected: 1/47)
2026-09-13 11:50:52.823 DEBUG  Queuing item for routing: Pin on net '/Eight ring pods/Pod 7 {slash} U25/LOCAL_SCL' (connected: 1/19)
2026-09-13 11:50:52.823 DEBUG  Queuing item for routing: Pin on net '/Eight ring pods/Pod 7 {slash} U25/LOCAL_SDA' (connected: 1/27)
2026-09-13 11:50:52.823 DEBUG  Queuing item for routing: Pin on net '/Eight ring pods/Pod 7 {slash} U25/CELL_TEMP' (connected: 1/23)
2026-09-13 11:50:52.823 DEBUG  Queuing item for routing: Pin on net 'GND' (connected: 1/47)
2026-09-13 11:50:53.152 DEBUG  [E41A9A\4A1EA1] Pass #13: 13 incompletes across 19 items to route
2026-09-13 11:50:53.152 DEBUG  [E41A9A\4A1EA1]   Net 'GND' has 4 incomplete(s)
2026-09-13 11:50:53.152 DEBUG  [E41A9A\4A1EA1]   Net 'POD_3V3' has 3 incomplete(s)
2026-09-13 11:50:53.152 DEBUG  [E41A9A\4A1EA1]   Net '/Eight ring pods/Pod 7 {slash} U25/CELL_TEMP' has 1 incomplete(s)
2026-09-13 11:50:53.152 DEBUG  [E41A9A\4A1EA1]   Net '/Eight ring pods/Pod 7 {slash} U25/LOCAL_SDA' has 1 incomplete(s)
2026-09-13 11:50:53.152 DEBUG  [E41A9A\4A1EA1]   Net '/Eight ring pods/Pod 7 {slash} U25/LOCAL_SCL' has 2 incomplete(s)
2026-09-13 11:50:53.152 DEBUG  [E41A9A\4A1EA1]   Net '/Eight ring pods/Pod 7 {slash} U25/UART_RX_LOCAL' has 1 incomplete(s)
2026-09-13 11:50:53.152 DEBUG  [E41A9A\4A1EA1]   Net 'RING_D8' has 1 incomplete(s)
2026-09-13 11:50:53.226 DEBUG  [E41A9A\4A1EA1] Autorouter Failed to route connection between via, polylinetrace, polylinetrace, polylinetrace, pin #2 of component #17, pin #1 of component #7 and via, polylinetrace, pin of component #22, because no connection was found between their nets.
2026-09-13 11:50:53.226 DEBUG  [E41A9A\4A1EA1] Pass #13: Failed to route Via on net 'RING_D8' (19 items remaining, 13 failures). State: FAILED
2026-09-13 11:50:54.146 DEBUG  ShapeSearchTree45Degree.completeShape: non-IntOctagon contained shape, using bounding octagon approximation
2026-09-13 11:50:54.146 DEBUG  ShapeSearchTree45Degree.completeShape: non-IntOctagon contained shape, using bounding octagon approximation
2026-09-13 11:50:54.379 DEBUG  ShapeSearchTree45Degree.completeShape: non-IntOctagon contained shape, using bounding octagon approximation
2026-09-13 11:50:54.379 DEBUG  ShapeSearchTree45Degree.completeShape: non-IntOctagon contained shape, using bounding octagon approximation
2026-09-13 11:50:54.380 DEBUG  ShapeSearchTree45Degree.completeShape: non-IntOctagon contained shape, using bounding octagon approximation
2026-09-13 11:50:54.380 DEBUG  ShapeSearchTree45Degree.completeShape: non-IntOctagon contained shape, using bounding octagon approximation
2026-09-13 11:50:54.380 DEBUG  ShapeSearchTree45Degree.completeShape: non-IntOctagon contained shape, using bounding octagon approximation
2026-09-13 11:50:54.380 DEBUG  ShapeSearchTree45Degree.completeShape: non-IntOctagon contained shape, using bounding octagon approximation
2026-09-13 11:50:54.380 DEBUG  ShapeSearchTree45Degree.completeShape: non-IntOctagon contained shape, using bounding octagon approximation
2026-09-13 11:50:54.380 DEBUG  ShapeSearchTree45Degree.completeShape: non-IntOctagon contained shape, using bounding octagon approximation
2026-09-13 11:50:54.422 DEBUG  ShapeSearchTree45Degree.completeShape: non-IntOctagon contained shape, using bounding octagon approximation
2026-09-13 11:50:54.423 DEBUG  ShapeSearchTree45Degree.completeShape: non-IntOctagon contained shape, using bounding octagon approximation
2026-09-13 11:50:54.423 DEBUG  ShapeSearchTree45Degree.completeShape: non-IntOctagon contained shape, using bounding octagon approximation
2026-09-13 11:50:54.423 DEBUG  ShapeSearchTree45Degree.completeShape: non-IntOctagon contained shape, using bounding octagon approximation
2026-09-13 11:50:55.493 INFO   [E41A9A\4A1EA1] Auto-routing pass #13 on board 'd9fe93b2b06c1e1704e62a74a860481b' was completed in 2.70 seconds with score 548.27 (13 unrouted and 66 violations), using 43.83 CPU seconds and the job allocated 162.01 GB of memory so far.
2026-09-13 11:50:55.964 DEBUG  Queuing item for routing: Via on net 'RING_D8' (connected: 3/9)
2026-09-13 11:50:55.965 DEBUG  Queuing item for routing: Via on net 'RING_D8' (connected: 1/9)
2026-09-13 11:50:55.966 DEBUG  Queuing item for routing: Via on net '/Eight ring pods/Pod 7 {slash} U25/UART_RX_LOCAL' (connected: 21/22)
2026-09-13 11:50:55.977 DEBUG  Queuing item for routing: Via on net '/Eight ring pods/Pod 7 {slash} U25/LOCAL_SCL' (connected: 17/19)
2026-09-13 11:50:55.977 DEBUG  Queuing item for routing: Via on net '/Eight ring pods/Pod 7 {slash} U25/LOCAL_SDA' (connected: 26/27)
2026-09-13 11:50:55.978 DEBUG  Queuing item for routing: Via on net '/Eight ring pods/Pod 7 {slash} U25/CELL_TEMP' (connected: 22/23)
2026-09-13 11:50:55.979 DEBUG  Queuing item for routing: PolylineTrace on net 'RING_D8' (connected: 5/9)
2026-09-13 11:50:55.979 DEBUG  Queuing item for routing: Pin on net 'GND' (connected: 1/47)
2026-09-13 11:50:55.979 DEBUG  Queuing item for routing: Pin on net 'POD_3V3' (connected: 1/50)
2026-09-13 11:50:55.979 DEBUG  Queuing item for routing: Pin on net '/Eight ring pods/Pod 7 {slash} U25/LOCAL_SCL' (connected: 1/19)
2026-09-13 11:50:55.979 DEBUG  Queuing item for routing: Pin on net 'GND' (connected: 1/47)
2026-09-13 11:50:55.979 DEBUG  Queuing item for routing: Pin on net 'POD_3V3' (connected: 1/50)
2026-09-13 11:50:55.979 DEBUG  Queuing item for routing: Pin on net '/Eight ring pods/Pod 7 {slash} U25/UART_RX_LOCAL' (connected: 1/22)
2026-09-13 11:50:55.979 DEBUG  Queuing item for routing: Pin on net 'POD_3V3' (connected: 1/50)
2026-09-13 11:50:55.979 DEBUG  Queuing item for routing: Pin on net 'GND' (connected: 1/47)
2026-09-13 11:50:55.979 DEBUG  Queuing item for routing: Pin on net '/Eight ring pods/Pod 7 {slash} U25/LOCAL_SCL' (connected: 1/19)
2026-09-13 11:50:55.979 DEBUG  Queuing item for routing: Pin on net '/Eight ring pods/Pod 7 {slash} U25/LOCAL_SDA' (connected: 1/27)
2026-09-13 11:50:55.979 DEBUG  Queuing item for routing: Pin on net '/Eight ring pods/Pod 7 {slash} U25/CELL_TEMP' (connected: 1/23)
2026-09-13 11:50:55.979 DEBUG  Queuing item for routing: Pin on net 'GND' (connected: 1/47)
2026-09-13 11:50:56.316 DEBUG  [E41A9A\4A1EA1] Pass #14: 13 incompletes across 19 items to route
2026-09-13 11:50:56.317 DEBUG  [E41A9A\4A1EA1]   Net 'GND' has 4 incomplete(s)
2026-09-13 11:50:56.317 DEBUG  [E41A9A\4A1EA1]   Net 'POD_3V3' has 3 incomplete(s)
2026-09-13 11:50:56.317 DEBUG  [E41A9A\4A1EA1]   Net '/Eight ring pods/Pod 7 {slash} U25/CELL_TEMP' has 1 incomplete(s)
2026-09-13 11:50:56.317 DEBUG  [E41A9A\4A1EA1]   Net '/Eight ring pods/Pod 7 {slash} U25/LOCAL_SDA' has 1 incomplete(s)
2026-09-13 11:50:56.317 DEBUG  [E41A9A\4A1EA1]   Net '/Eight ring pods/Pod 7 {slash} U25/LOCAL_SCL' has 2 incomplete(s)
2026-09-13 11:50:56.317 DEBUG  [E41A9A\4A1EA1]   Net '/Eight ring pods/Pod 7 {slash} U25/UART_RX_LOCAL' has 1 incomplete(s)
2026-09-13 11:50:56.317 DEBUG  [E41A9A\4A1EA1]   Net 'RING_D8' has 1 incomplete(s)
2026-09-13 11:50:56.393 DEBUG  [E41A9A\4A1EA1] Autorouter Failed to route connection between via, polylinetrace, polylinetrace, polylinetrace, pin #2 of component #17, pin #1 of component #7 and via, polylinetrace, pin of component #22, because no connection was found between their nets.
2026-09-13 11:50:56.393 DEBUG  [E41A9A\4A1EA1] Pass #14: Failed to route Via on net 'RING_D8' (19 items remaining, 14 failures). State: FAILED
2026-09-13 11:50:57.317 DEBUG  ShapeSearchTree45Degree.completeShape: non-IntOctagon contained shape, using bounding octagon approximation
2026-09-13 11:50:57.317 DEBUG  ShapeSearchTree45Degree.completeShape: non-IntOctagon contained shape, using bounding octagon approximation
2026-09-13 11:50:57.542 DEBUG  ShapeSearchTree45Degree.completeShape: non-IntOctagon contained shape, using bounding octagon approximation
2026-09-13 11:50:57.542 DEBUG  ShapeSearchTree45Degree.completeShape: non-IntOctagon contained shape, using bounding octagon approximation
2026-09-13 11:50:57.542 DEBUG  ShapeSearchTree45Degree.completeShape: non-IntOctagon contained shape, using bounding octagon approximation
2026-09-13 11:50:57.542 DEBUG  ShapeSearchTree45Degree.completeShape: non-IntOctagon contained shape, using bounding octagon approximation
2026-09-13 11:50:57.542 DEBUG  ShapeSearchTree45Degree.completeShape: non-IntOctagon contained shape, using bounding octagon approximation
2026-09-13 11:50:57.542 DEBUG  ShapeSearchTree45Degree.completeShape: non-IntOctagon contained shape, using bounding octagon approximation
2026-09-13 11:50:57.542 DEBUG  ShapeSearchTree45Degree.completeShape: non-IntOctagon contained shape, using bounding octagon approximation
2026-09-13 11:50:57.542 DEBUG  ShapeSearchTree45Degree.completeShape: non-IntOctagon contained shape, using bounding octagon approximation
2026-09-13 11:50:57.591 DEBUG  ShapeSearchTree45Degree.completeShape: non-IntOctagon contained shape, using bounding octagon approximation
2026-09-13 11:50:57.591 DEBUG  ShapeSearchTree45Degree.completeShape: non-IntOctagon contained shape, using bounding octagon approximation
2026-09-13 11:50:57.591 DEBUG  ShapeSearchTree45Degree.completeShape: non-IntOctagon contained shape, using bounding octagon approximation
2026-09-13 11:50:57.591 DEBUG  ShapeSearchTree45Degree.completeShape: non-IntOctagon contained shape, using bounding octagon approximation
2026-09-13 11:50:58.642 INFO   [E41A9A\4A1EA1] Auto-routing pass #14 on board 'd9fe93b2b06c1e1704e62a74a860481b' was completed in 2.68 seconds with score 548.27 (13 unrouted and 66 violations), using 47.34 CPU seconds and the job allocated 174.96 GB of memory so far.
2026-09-13 11:50:59.109 DEBUG  Queuing item for routing: Via on net 'RING_D8' (connected: 3/9)
2026-09-13 11:50:59.110 DEBUG  Queuing item for routing: Via on net 'RING_D8' (connected: 1/9)
2026-09-13 11:50:59.110 DEBUG  Queuing item for routing: Via on net '/Eight ring pods/Pod 7 {slash} U25/UART_RX_LOCAL' (connected: 21/22)
2026-09-13 11:50:59.120 DEBUG  Queuing item for routing: Via on net '/Eight ring pods/Pod 7 {slash} U25/LOCAL_SCL' (connected: 17/19)
2026-09-13 11:50:59.121 DEBUG  Queuing item for routing: Via on net '/Eight ring pods/Pod 7 {slash} U25/LOCAL_SDA' (connected: 26/27)
2026-09-13 11:50:59.121 DEBUG  Queuing item for routing: Via on net '/Eight ring pods/Pod 7 {slash} U25/CELL_TEMP' (connected: 22/23)
2026-09-13 11:50:59.132 DEBUG  Queuing item for routing: PolylineTrace on net 'RING_D8' (connected: 5/9)
2026-09-13 11:50:59.132 DEBUG  Queuing item for routing: Pin on net 'GND' (connected: 1/47)
2026-09-13 11:50:59.132 DEBUG  Queuing item for routing: Pin on net 'POD_3V3' (connected: 1/50)
2026-09-13 11:50:59.132 DEBUG  Queuing item for routing: Pin on net '/Eight ring pods/Pod 7 {slash} U25/LOCAL_SCL' (connected: 1/19)
2026-09-13 11:50:59.132 DEBUG  Queuing item for routing: Pin on net 'GND' (connected: 1/47)
2026-09-13 11:50:59.132 DEBUG  Queuing item for routing: Pin on net 'POD_3V3' (connected: 1/50)
2026-09-13 11:50:59.132 DEBUG  Queuing item for routing: Pin on net '/Eight ring pods/Pod 7 {slash} U25/UART_RX_LOCAL' (connected: 1/22)
2026-09-13 11:50:59.132 DEBUG  Queuing item for routing: Pin on net 'POD_3V3' (connected: 1/50)
2026-09-13 11:50:59.132 DEBUG  Queuing item for routing: Pin on net 'GND' (connected: 1/47)
2026-09-13 11:50:59.132 DEBUG  Queuing item for routing: Pin on net '/Eight ring pods/Pod 7 {slash} U25/LOCAL_SCL' (connected: 1/19)
2026-09-13 11:50:59.132 DEBUG  Queuing item for routing: Pin on net '/Eight ring pods/Pod 7 {slash} U25/LOCAL_SDA' (connected: 1/27)
2026-09-13 11:50:59.132 DEBUG  Queuing item for routing: Pin on net '/Eight ring pods/Pod 7 {slash} U25/CELL_TEMP' (connected: 1/23)
2026-09-13 11:50:59.132 DEBUG  Queuing item for routing: Pin on net 'GND' (connected: 1/47)
2026-09-13 11:50:59.455 DEBUG  [E41A9A\4A1EA1] Pass #15: 13 incompletes across 19 items to route
2026-09-13 11:50:59.456 DEBUG  [E41A9A\4A1EA1]   Net 'GND' has 4 incomplete(s)
2026-09-13 11:50:59.456 DEBUG  [E41A9A\4A1EA1]   Net 'POD_3V3' has 3 incomplete(s)
2026-09-13 11:50:59.456 DEBUG  [E41A9A\4A1EA1]   Net '/Eight ring pods/Pod 7 {slash} U25/CELL_TEMP' has 1 incomplete(s)
2026-09-13 11:50:59.456 DEBUG  [E41A9A\4A1EA1]   Net '/Eight ring pods/Pod 7 {slash} U25/LOCAL_SDA' has 1 incomplete(s)
2026-09-13 11:50:59.456 DEBUG  [E41A9A\4A1EA1]   Net '/Eight ring pods/Pod 7 {slash} U25/LOCAL_SCL' has 2 incomplete(s)
2026-09-13 11:50:59.456 DEBUG  [E41A9A\4A1EA1]   Net '/Eight ring pods/Pod 7 {slash} U25/UART_RX_LOCAL' has 1 incomplete(s)
2026-09-13 11:50:59.456 DEBUG  [E41A9A\4A1EA1]   Net 'RING_D8' has 1 incomplete(s)
2026-09-13 11:50:59.529 DEBUG  [E41A9A\4A1EA1] Autorouter Failed to route connection between via, polylinetrace, polylinetrace, polylinetrace, pin #2 of component #17, pin #1 of component #7 and via, polylinetrace, pin of component #22, because no connection was found between their nets.
2026-09-13 11:50:59.529 DEBUG  [E41A9A\4A1EA1] Pass #15: Failed to route Via on net 'RING_D8' (19 items remaining, 15 failures). State: FAILED
2026-09-13 11:51:00.460 DEBUG  ShapeSearchTree45Degree.completeShape: non-IntOctagon contained shape, using bounding octagon approximation
2026-09-13 11:51:00.461 DEBUG  ShapeSearchTree45Degree.completeShape: non-IntOctagon contained shape, using bounding octagon approximation
2026-09-13 11:51:00.690 DEBUG  ShapeSearchTree45Degree.completeShape: non-IntOctagon contained shape, using bounding octagon approximation
2026-09-13 11:51:00.690 DEBUG  ShapeSearchTree45Degree.completeShape: non-IntOctagon contained shape, using bounding octagon approximation
2026-09-13 11:51:00.690 DEBUG  ShapeSearchTree45Degree.completeShape: non-IntOctagon contained shape, using bounding octagon approximation
2026-09-13 11:51:00.690 DEBUG  ShapeSearchTree45Degree.completeShape: non-IntOctagon contained shape, using bounding octagon approximation
2026-09-13 11:51:00.690 DEBUG  ShapeSearchTree45Degree.completeShape: non-IntOctagon contained shape, using bounding octagon approximation
2026-09-13 11:51:00.690 DEBUG  ShapeSearchTree45Degree.completeShape: non-IntOctagon contained shape, using bounding octagon approximation
2026-09-13 11:51:00.690 DEBUG  ShapeSearchTree45Degree.completeShape: non-IntOctagon contained shape, using bounding octagon approximation
2026-09-13 11:51:00.690 DEBUG  ShapeSearchTree45Degree.completeShape: non-IntOctagon contained shape, using bounding octagon approximation
2026-09-13 11:51:00.737 DEBUG  ShapeSearchTree45Degree.completeShape: non-IntOctagon contained shape, using bounding octagon approximation
2026-09-13 11:51:00.737 DEBUG  ShapeSearchTree45Degree.completeShape: non-IntOctagon contained shape, using bounding octagon approximation
2026-09-13 11:51:00.737 DEBUG  ShapeSearchTree45Degree.completeShape: non-IntOctagon contained shape, using bounding octagon approximation
2026-09-13 11:51:00.738 DEBUG  ShapeSearchTree45Degree.completeShape: non-IntOctagon contained shape, using bounding octagon approximation
2026-09-13 11:51:01.811 INFO   [E41A9A\4A1EA1] Auto-routing pass #15 on board 'd9fe93b2b06c1e1704e62a74a860481b' was completed in 2.70 seconds with score 548.27 (13 unrouted and 66 violations), using 50.03 CPU seconds and the job allocated 184.79 GB of memory so far.
2026-09-13 11:51:02.272 DEBUG  Queuing item for routing: Via on net 'RING_D8' (connected: 3/9)
2026-09-13 11:51:02.272 DEBUG  Queuing item for routing: Via on net 'RING_D8' (connected: 1/9)
2026-09-13 11:51:02.272 DEBUG  Queuing item for routing: Via on net '/Eight ring pods/Pod 7 {slash} U25/UART_RX_LOCAL' (connected: 21/22)
2026-09-13 11:51:02.284 DEBUG  Queuing item for routing: Via on net '/Eight ring pods/Pod 7 {slash} U25/LOCAL_SCL' (connected: 17/19)
2026-09-13 11:51:02.284 DEBUG  Queuing item for routing: Via on net '/Eight ring pods/Pod 7 {slash} U25/LOCAL_SDA' (connected: 26/27)
2026-09-13 11:51:02.285 DEBUG  Queuing item for routing: Via on net '/Eight ring pods/Pod 7 {slash} U25/CELL_TEMP' (connected: 22/23)
2026-09-13 11:51:02.295 DEBUG  Queuing item for routing: PolylineTrace on net 'RING_D8' (connected: 5/9)
2026-09-13 11:51:02.295 DEBUG  Queuing item for routing: Pin on net 'GND' (connected: 1/47)
2026-09-13 11:51:02.295 DEBUG  Queuing item for routing: Pin on net 'POD_3V3' (connected: 1/50)
2026-09-13 11:51:02.295 DEBUG  Queuing item for routing: Pin on net '/Eight ring pods/Pod 7 {slash} U25/LOCAL_SCL' (connected: 1/19)
2026-09-13 11:51:02.295 DEBUG  Queuing item for routing: Pin on net 'GND' (connected: 1/47)
2026-09-13 11:51:02.295 DEBUG  Queuing item for routing: Pin on net 'POD_3V3' (connected: 1/50)
2026-09-13 11:51:02.295 DEBUG  Queuing item for routing: Pin on net '/Eight ring pods/Pod 7 {slash} U25/UART_RX_LOCAL' (connected: 1/22)
2026-09-13 11:51:02.295 DEBUG  Queuing item for routing: Pin on net 'POD_3V3' (connected: 1/50)
2026-09-13 11:51:02.295 DEBUG  Queuing item for routing: Pin on net 'GND' (connected: 1/47)
2026-09-13 11:51:02.295 DEBUG  Queuing item for routing: Pin on net '/Eight ring pods/Pod 7 {slash} U25/LOCAL_SCL' (connected: 1/19)
2026-09-13 11:51:02.295 DEBUG  Queuing item for routing: Pin on net '/Eight ring pods/Pod 7 {slash} U25/LOCAL_SDA' (connected: 1/27)
2026-09-13 11:51:02.295 DEBUG  Queuing item for routing: Pin on net '/Eight ring pods/Pod 7 {slash} U25/CELL_TEMP' (connected: 1/23)
2026-09-13 11:51:02.295 DEBUG  Queuing item for routing: Pin on net 'GND' (connected: 1/47)
2026-09-13 11:51:02.622 DEBUG  [E41A9A\4A1EA1] Pass #16: 13 incompletes across 19 items to route
2026-09-13 11:51:02.622 DEBUG  [E41A9A\4A1EA1]   Net 'GND' has 4 incomplete(s)
2026-09-13 11:51:02.622 DEBUG  [E41A9A\4A1EA1]   Net 'POD_3V3' has 3 incomplete(s)
2026-09-13 11:51:02.622 DEBUG  [E41A9A\4A1EA1]   Net '/Eight ring pods/Pod 7 {slash} U25/CELL_TEMP' has 1 incomplete(s)
2026-09-13 11:51:02.622 DEBUG  [E41A9A\4A1EA1]   Net '/Eight ring pods/Pod 7 {slash} U25/LOCAL_SDA' has 1 incomplete(s)
2026-09-13 11:51:02.622 DEBUG  [E41A9A\4A1EA1]   Net '/Eight ring pods/Pod 7 {slash} U25/LOCAL_SCL' has 2 incomplete(s)
2026-09-13 11:51:02.622 DEBUG  [E41A9A\4A1EA1]   Net '/Eight ring pods/Pod 7 {slash} U25/UART_RX_LOCAL' has 1 incomplete(s)
2026-09-13 11:51:02.622 DEBUG  [E41A9A\4A1EA1]   Net 'RING_D8' has 1 incomplete(s)
2026-09-13 11:51:02.694 DEBUG  [E41A9A\4A1EA1] Autorouter Failed to route connection between via, polylinetrace, polylinetrace, polylinetrace, pin #2 of component #17, pin #1 of component #7 and via, polylinetrace, pin of component #22, because no connection was found between their nets.
2026-09-13 11:51:02.694 DEBUG  [E41A9A\4A1EA1] Pass #16: Failed to route Via on net 'RING_D8' (19 items remaining, 16 failures). State: FAILED
2026-09-13 11:51:03.611 DEBUG  ShapeSearchTree45Degree.completeShape: non-IntOctagon contained shape, using bounding octagon approximation
2026-09-13 11:51:03.611 DEBUG  ShapeSearchTree45Degree.completeShape: non-IntOctagon contained shape, using bounding octagon approximation
2026-09-13 11:51:03.839 DEBUG  ShapeSearchTree45Degree.completeShape: non-IntOctagon contained shape, using bounding octagon approximation
2026-09-13 11:51:03.839 DEBUG  ShapeSearchTree45Degree.completeShape: non-IntOctagon contained shape, using bounding octagon approximation
2026-09-13 11:51:03.844 DEBUG  ShapeSearchTree45Degree.completeShape: non-IntOctagon contained shape, using bounding octagon approximation
2026-09-13 11:51:03.844 DEBUG  ShapeSearchTree45Degree.completeShape: non-IntOctagon contained shape, using bounding octagon approximation
2026-09-13 11:51:03.844 DEBUG  ShapeSearchTree45Degree.completeShape: non-IntOctagon contained shape, using bounding octagon approximation
2026-09-13 11:51:03.844 DEBUG  ShapeSearchTree45Degree.completeShape: non-IntOctagon contained shape, using bounding octagon approximation
2026-09-13 11:51:03.844 DEBUG  ShapeSearchTree45Degree.completeShape: non-IntOctagon contained shape, using bounding octagon approximation
2026-09-13 11:51:03.844 DEBUG  ShapeSearchTree45Degree.completeShape: non-IntOctagon contained shape, using bounding octagon approximation
2026-09-13 11:51:03.888 DEBUG  ShapeSearchTree45Degree.completeShape: non-IntOctagon contained shape, using bounding octagon approximation
2026-09-13 11:51:03.888 DEBUG  ShapeSearchTree45Degree.completeShape: non-IntOctagon contained shape, using bounding octagon approximation
2026-09-13 11:51:03.888 DEBUG  ShapeSearchTree45Degree.completeShape: non-IntOctagon contained shape, using bounding octagon approximation
2026-09-13 11:51:03.888 DEBUG  ShapeSearchTree45Degree.completeShape: non-IntOctagon contained shape, using bounding octagon approximation
2026-09-13 11:51:04.953 INFO   [E41A9A\4A1EA1] Auto-routing pass #16 on board 'd9fe93b2b06c1e1704e62a74a860481b' was completed in 2.68 seconds with score 548.27 (13 unrouted and 66 violations), using 52.70 CPU seconds and the job allocated 194.87 GB of memory so far.
2026-09-13 11:51:05.420 DEBUG  Queuing item for routing: Via on net 'RING_D8' (connected: 3/9)
2026-09-13 11:51:05.420 DEBUG  Queuing item for routing: Via on net 'RING_D8' (connected: 1/9)
2026-09-13 11:51:05.420 DEBUG  Queuing item for routing: Via on net '/Eight ring pods/Pod 7 {slash} U25/UART_RX_LOCAL' (connected: 21/22)
2026-09-13 11:51:05.430 DEBUG  Queuing item for routing: Via on net '/Eight ring pods/Pod 7 {slash} U25/LOCAL_SCL' (connected: 17/19)
2026-09-13 11:51:05.431 DEBUG  Queuing item for routing: Via on net '/Eight ring pods/Pod 7 {slash} U25/LOCAL_SDA' (connected: 26/27)
2026-09-13 11:51:05.431 DEBUG  Queuing item for routing: Via on net '/Eight ring pods/Pod 7 {slash} U25/CELL_TEMP' (connected: 22/23)
2026-09-13 11:51:05.443 DEBUG  Queuing item for routing: PolylineTrace on net 'RING_D8' (connected: 5/9)
2026-09-13 11:51:05.443 DEBUG  Queuing item for routing: Pin on net 'GND' (connected: 1/47)
2026-09-13 11:51:05.443 DEBUG  Queuing item for routing: Pin on net 'POD_3V3' (connected: 1/50)
2026-09-13 11:51:05.443 DEBUG  Queuing item for routing: Pin on net '/Eight ring pods/Pod 7 {slash} U25/LOCAL_SCL' (connected: 1/19)
2026-09-13 11:51:05.443 DEBUG  Queuing item for routing: Pin on net 'GND' (connected: 1/47)
2026-09-13 11:51:05.443 DEBUG  Queuing item for routing: Pin on net 'POD_3V3' (connected: 1/50)
2026-09-13 11:51:05.443 DEBUG  Queuing item for routing: Pin on net '/Eight ring pods/Pod 7 {slash} U25/UART_RX_LOCAL' (connected: 1/22)
2026-09-13 11:51:05.443 DEBUG  Queuing item for routing: Pin on net 'POD_3V3' (connected: 1/50)
2026-09-13 11:51:05.443 DEBUG  Queuing item for routing: Pin on net 'GND' (connected: 1/47)
2026-09-13 11:51:05.443 DEBUG  Queuing item for routing: Pin on net '/Eight ring pods/Pod 7 {slash} U25/LOCAL_SCL' (connected: 1/19)
2026-09-13 11:51:05.443 DEBUG  Queuing item for routing: Pin on net '/Eight ring pods/Pod 7 {slash} U25/LOCAL_SDA' (connected: 1/27)
2026-09-13 11:51:05.443 DEBUG  Queuing item for routing: Pin on net '/Eight ring pods/Pod 7 {slash} U25/CELL_TEMP' (connected: 1/23)
2026-09-13 11:51:05.443 DEBUG  Queuing item for routing: Pin on net 'GND' (connected: 1/47)
2026-09-13 11:51:05.767 DEBUG  [E41A9A\4A1EA1] Pass #17: 13 incompletes across 19 items to route
2026-09-13 11:51:05.767 DEBUG  [E41A9A\4A1EA1]   Net 'GND' has 4 incomplete(s)
2026-09-13 11:51:05.767 DEBUG  [E41A9A\4A1EA1]   Net 'POD_3V3' has 3 incomplete(s)
2026-09-13 11:51:05.767 DEBUG  [E41A9A\4A1EA1]   Net '/Eight ring pods/Pod 7 {slash} U25/CELL_TEMP' has 1 incomplete(s)
2026-09-13 11:51:05.767 DEBUG  [E41A9A\4A1EA1]   Net '/Eight ring pods/Pod 7 {slash} U25/LOCAL_SDA' has 1 incomplete(s)
2026-09-13 11:51:05.767 DEBUG  [E41A9A\4A1EA1]   Net '/Eight ring pods/Pod 7 {slash} U25/LOCAL_SCL' has 2 incomplete(s)
2026-09-13 11:51:05.767 DEBUG  [E41A9A\4A1EA1]   Net '/Eight ring pods/Pod 7 {slash} U25/UART_RX_LOCAL' has 1 incomplete(s)
2026-09-13 11:51:05.767 DEBUG  [E41A9A\4A1EA1]   Net 'RING_D8' has 1 incomplete(s)
2026-09-13 11:51:05.844 DEBUG  [E41A9A\4A1EA1] Autorouter Failed to route connection between via, polylinetrace, polylinetrace, polylinetrace, pin #2 of component #17, pin #1 of component #7 and via, polylinetrace, pin of component #22, because no connection was found between their nets.
2026-09-13 11:51:05.844 DEBUG  [E41A9A\4A1EA1] Pass #17: Failed to route Via on net 'RING_D8' (19 items remaining, 17 failures). State: FAILED
2026-09-13 11:51:06.746 DEBUG  ShapeSearchTree45Degree.completeShape: non-IntOctagon contained shape, using bounding octagon approximation
2026-09-13 11:51:06.746 DEBUG  ShapeSearchTree45Degree.completeShape: non-IntOctagon contained shape, using bounding octagon approximation
2026-09-13 11:51:06.966 DEBUG  ShapeSearchTree45Degree.completeShape: non-IntOctagon contained shape, using bounding octagon approximation
2026-09-13 11:51:06.966 DEBUG  ShapeSearchTree45Degree.completeShape: non-IntOctagon contained shape, using bounding octagon approximation
2026-09-13 11:51:06.967 DEBUG  ShapeSearchTree45Degree.completeShape: non-IntOctagon contained shape, using bounding octagon approximation
2026-09-13 11:51:06.967 DEBUG  ShapeSearchTree45Degree.completeShape: non-IntOctagon contained shape, using bounding octagon approximation
2026-09-13 11:51:06.967 DEBUG  ShapeSearchTree45Degree.completeShape: non-IntOctagon contained shape, using bounding octagon approximation
2026-09-13 11:51:06.967 DEBUG  ShapeSearchTree45Degree.completeShape: non-IntOctagon contained shape, using bounding octagon approximation
2026-09-13 11:51:06.967 DEBUG  ShapeSearchTree45Degree.completeShape: non-IntOctagon contained shape, using bounding octagon approximation
2026-09-13 11:51:06.967 DEBUG  ShapeSearchTree45Degree.completeShape: non-IntOctagon contained shape, using bounding octagon approximation
2026-09-13 11:51:07.009 DEBUG  ShapeSearchTree45Degree.completeShape: non-IntOctagon contained shape, using bounding octagon approximation
2026-09-13 11:51:07.009 DEBUG  ShapeSearchTree45Degree.completeShape: non-IntOctagon contained shape, using bounding octagon approximation
2026-09-13 11:51:07.009 DEBUG  ShapeSearchTree45Degree.completeShape: non-IntOctagon contained shape, using bounding octagon approximation
2026-09-13 11:51:07.009 DEBUG  ShapeSearchTree45Degree.completeShape: non-IntOctagon contained shape, using bounding octagon approximation
2026-09-13 11:51:08.081 INFO   [E41A9A\4A1EA1] Auto-routing pass #17 on board 'd9fe93b2b06c1e1704e62a74a860481b' was completed in 2.66 seconds with score 548.27 (13 unrouted and 66 violations), using 55.39 CPU seconds and the job allocated 205.06 GB of memory so far.
2026-09-13 11:51:08.548 DEBUG  Queuing item for routing: Via on net 'RING_D8' (connected: 3/9)
2026-09-13 11:51:08.548 DEBUG  Queuing item for routing: Via on net 'RING_D8' (connected: 1/9)
2026-09-13 11:51:08.548 DEBUG  Queuing item for routing: Via on net '/Eight ring pods/Pod 7 {slash} U25/UART_RX_LOCAL' (connected: 21/22)
2026-09-13 11:51:08.559 DEBUG  Queuing item for routing: Via on net '/Eight ring pods/Pod 7 {slash} U25/LOCAL_SCL' (connected: 17/19)
2026-09-13 11:51:08.559 DEBUG  Queuing item for routing: Via on net '/Eight ring pods/Pod 7 {slash} U25/LOCAL_SDA' (connected: 26/27)
2026-09-13 11:51:08.560 DEBUG  Queuing item for routing: Via on net '/Eight ring pods/Pod 7 {slash} U25/CELL_TEMP' (connected: 22/23)
2026-09-13 11:51:08.571 DEBUG  Queuing item for routing: PolylineTrace on net 'RING_D8' (connected: 5/9)
2026-09-13 11:51:08.571 DEBUG  Queuing item for routing: Pin on net 'GND' (connected: 1/47)
2026-09-13 11:51:08.571 DEBUG  Queuing item for routing: Pin on net 'POD_3V3' (connected: 1/50)
2026-09-13 11:51:08.571 DEBUG  Queuing item for routing: Pin on net '/Eight ring pods/Pod 7 {slash} U25/LOCAL_SCL' (connected: 1/19)
2026-09-13 11:51:08.571 DEBUG  Queuing item for routing: Pin on net 'GND' (connected: 1/47)
2026-09-13 11:51:08.571 DEBUG  Queuing item for routing: Pin on net 'POD_3V3' (connected: 1/50)
2026-09-13 11:51:08.571 DEBUG  Queuing item for routing: Pin on net '/Eight ring pods/Pod 7 {slash} U25/UART_RX_LOCAL' (connected: 1/22)
2026-09-13 11:51:08.571 DEBUG  Queuing item for routing: Pin on net 'POD_3V3' (connected: 1/50)
2026-09-13 11:51:08.571 DEBUG  Queuing item for routing: Pin on net 'GND' (connected: 1/47)
2026-09-13 11:51:08.571 DEBUG  Queuing item for routing: Pin on net '/Eight ring pods/Pod 7 {slash} U25/LOCAL_SCL' (connected: 1/19)
2026-09-13 11:51:08.571 DEBUG  Queuing item for routing: Pin on net '/Eight ring pods/Pod 7 {slash} U25/LOCAL_SDA' (connected: 1/27)
2026-09-13 11:51:08.571 DEBUG  Queuing item for routing: Pin on net '/Eight ring pods/Pod 7 {slash} U25/CELL_TEMP' (connected: 1/23)
2026-09-13 11:51:08.571 DEBUG  Queuing item for routing: Pin on net 'GND' (connected: 1/47)
2026-09-13 11:51:08.897 DEBUG  [E41A9A\4A1EA1] Pass #18: 13 incompletes across 19 items to route
2026-09-13 11:51:08.898 DEBUG  [E41A9A\4A1EA1]   Net 'GND' has 4 incomplete(s)
2026-09-13 11:51:08.898 DEBUG  [E41A9A\4A1EA1]   Net 'POD_3V3' has 3 incomplete(s)
2026-09-13 11:51:08.898 DEBUG  [E41A9A\4A1EA1]   Net '/Eight ring pods/Pod 7 {slash} U25/CELL_TEMP' has 1 incomplete(s)
2026-09-13 11:51:08.898 DEBUG  [E41A9A\4A1EA1]   Net '/Eight ring pods/Pod 7 {slash} U25/LOCAL_SDA' has 1 incomplete(s)
2026-09-13 11:51:08.898 DEBUG  [E41A9A\4A1EA1]   Net '/Eight ring pods/Pod 7 {slash} U25/LOCAL_SCL' has 2 incomplete(s)
2026-09-13 11:51:08.898 DEBUG  [E41A9A\4A1EA1]   Net '/Eight ring pods/Pod 7 {slash} U25/UART_RX_LOCAL' has 1 incomplete(s)
2026-09-13 11:51:08.898 DEBUG  [E41A9A\4A1EA1]   Net 'RING_D8' has 1 incomplete(s)
2026-09-13 11:51:08.968 DEBUG  [E41A9A\4A1EA1] Autorouter Failed to route connection between via, polylinetrace, polylinetrace, polylinetrace, pin #2 of component #17, pin #1 of component #7 and via, polylinetrace, pin of component #22, because no connection was found between their nets.
2026-09-13 11:51:08.968 DEBUG  [E41A9A\4A1EA1] Pass #18: Failed to route Via on net 'RING_D8' (19 items remaining, 18 failures). State: FAILED
2026-09-13 11:51:09.879 DEBUG  ShapeSearchTree45Degree.completeShape: non-IntOctagon contained shape, using bounding octagon approximation
2026-09-13 11:51:09.879 DEBUG  ShapeSearchTree45Degree.completeShape: non-IntOctagon contained shape, using bounding octagon approximation
2026-09-13 11:51:10.105 DEBUG  ShapeSearchTree45Degree.completeShape: non-IntOctagon contained shape, using bounding octagon approximation
2026-09-13 11:51:10.105 DEBUG  ShapeSearchTree45Degree.completeShape: non-IntOctagon contained shape, using bounding octagon approximation
2026-09-13 11:51:10.105 DEBUG  ShapeSearchTree45Degree.completeShape: non-IntOctagon contained shape, using bounding octagon approximation
2026-09-13 11:51:10.105 DEBUG  ShapeSearchTree45Degree.completeShape: non-IntOctagon contained shape, using bounding octagon approximation
2026-09-13 11:51:10.105 DEBUG  ShapeSearchTree45Degree.completeShape: non-IntOctagon contained shape, using bounding octagon approximation
2026-09-13 11:51:10.105 DEBUG  ShapeSearchTree45Degree.completeShape: non-IntOctagon contained shape, using bounding octagon approximation
2026-09-13 11:51:10.105 DEBUG  ShapeSearchTree45Degree.completeShape: non-IntOctagon contained shape, using bounding octagon approximation
2026-09-13 11:51:10.106 DEBUG  ShapeSearchTree45Degree.completeShape: non-IntOctagon contained shape, using bounding octagon approximation
2026-09-13 11:51:10.151 DEBUG  ShapeSearchTree45Degree.completeShape: non-IntOctagon contained shape, using bounding octagon approximation
2026-09-13 11:51:10.151 DEBUG  ShapeSearchTree45Degree.completeShape: non-IntOctagon contained shape, using bounding octagon approximation
2026-09-13 11:51:10.151 DEBUG  ShapeSearchTree45Degree.completeShape: non-IntOctagon contained shape, using bounding octagon approximation
2026-09-13 11:51:10.151 DEBUG  ShapeSearchTree45Degree.completeShape: non-IntOctagon contained shape, using bounding octagon approximation
2026-09-13 11:51:11.217 INFO   [E41A9A\4A1EA1] Auto-routing pass #18 on board 'd9fe93b2b06c1e1704e62a74a860481b' was completed in 2.67 seconds with score 548.27 (13 unrouted and 66 violations), using 58.19 CPU seconds and the job allocated 215.02 GB of memory so far.
2026-09-13 11:51:11.298 INFO   [E41A9A\4A1EA1] The router's best score (548.27) has not improved by more than 0.5 points since pass #8. Stopping the auto-router after 18 passes (13 items still unconnected).
The following connections could not be routed -- please review your design (e.g. check pad clearances, trace width rules, and available routing space):
  Net 'GND' (4 unrouted connections):
    - conductionarea  ->  C173-2
    - via  ->  C27-2
    - conductionarea  ->  C170-2
    - via  ->  U25-7
  Net 'POD_3V3' (3 unrouted connections):
    - conductionarea  ->  R22-1
    - conductionarea  ->  C170-1
    - conductionarea  ->  U25-9
  Net '/Eight ring pods/Pod 7 {slash} U25/CELL_TEMP' (1 unrouted connection):
    - via  ->  U25-2
  Net '/Eight ring pods/Pod 7 {slash} U25/LOCAL_SDA' (1 unrouted connection):
    - U25-5  ->  R22-2
  Net '/Eight ring pods/Pod 7 {slash} U25/LOCAL_SCL' (2 unrouted connections):
    - U25-6  ->  via
    - R23-2  ->  U25-6
  Net '/Eight ring pods/Pod 7 {slash} U25/UART_RX_LOCAL' (1 unrouted connection):
    - R172-2  ->  U25-18
  Net 'RING_D8' (1 unrouted connection):
    - R53-1  ->  J129-3
2026-09-13 11:51:11.727 DEBUG  === Performance Profile ===
2026-09-13 11:51:11.727 DEBUG  === Routing Parameters ===
2026-09-13 11:51:11.727 DEBUG    Via Costs: 50, Plane Via Costs: 5
2026-09-13 11:51:11.727 DEBUG    Layer Costs (Preferred / Against):
2026-09-13 11:51:11.727 DEBUG      Layer 1: 1.8 / 3.9
2026-09-13 11:51:11.727 DEBUG      Layer 2: 1.0 / 1.5
2026-09-13 11:51:11.727 DEBUG      Layer 3: 1.0 / 3.1
2026-09-13 11:51:11.728 DEBUG      Layer 4: 1.8 / 2.3
2026-09-13 11:51:11.728 DEBUG  
2026-09-13 11:51:11.728 DEBUG    autoroute_item                          :     2123 ms total,      347 calls,      6 ms avg
2026-09-13 11:51:11.728 DEBUG  
2026-09-13 11:51:11.728 DEBUG  === Pass History ===
2026-09-13 11:51:11.728 DEBUG    Pass 1  :   13 unrouted items,     3.08 s,   100 ripup cost
2026-09-13 11:51:11.730 DEBUG    Pass 2  :   13 unrouted items,     2.27 s,   200 ripup cost
2026-09-13 11:51:11.730 DEBUG    Pass 3  :   13 unrouted items,     2.30 s,   300 ripup cost
2026-09-13 11:51:11.730 DEBUG    Pass 4  :   13 unrouted items,     2.30 s,   400 ripup cost
2026-09-13 11:51:11.730 DEBUG    Pass 5  :   13 unrouted items,     2.28 s,   500 ripup cost
2026-09-13 11:51:11.730 DEBUG    Pass 6  :   13 unrouted items,     2.27 s,   600 ripup cost
2026-09-13 11:51:11.730 DEBUG    Pass 7  :   13 unrouted items,     2.27 s,   700 ripup cost
2026-09-13 11:51:11.730 DEBUG    Pass 8  :   13 unrouted items,     2.26 s,   800 ripup cost
2026-09-13 11:51:11.730 DEBUG    Pass 9  :   13 unrouted items,     2.24 s,   900 ripup cost
2026-09-13 11:51:11.730 DEBUG    Pass 10 :   13 unrouted items,     2.26 s,  1000 ripup cost
2026-09-13 11:51:11.730 DEBUG    Pass 11 :   13 unrouted items,     2.25 s,  1100 ripup cost
2026-09-13 11:51:11.730 DEBUG    Pass 12 :   13 unrouted items,     2.26 s,  1200 ripup cost
2026-09-13 11:51:11.730 DEBUG    Pass 13 :   13 unrouted items,     2.27 s,  1300 ripup cost
2026-09-13 11:51:11.730 DEBUG    Pass 14 :   13 unrouted items,     2.26 s,  1400 ripup cost
2026-09-13 11:51:11.730 DEBUG    Pass 15 :   13 unrouted items,     2.27 s,  1500 ripup cost
2026-09-13 11:51:11.730 DEBUG    Pass 16 :   13 unrouted items,     2.26 s,  1600 ripup cost
2026-09-13 11:51:11.730 DEBUG    Pass 17 :   13 unrouted items,     2.24 s,  1700 ripup cost
2026-09-13 11:51:11.730 DEBUG    Pass 18 :   13 unrouted items,     2.24 s,  1800 ripup cost
2026-09-13 11:51:11.730 DEBUG  ===========================
2026-09-13 11:51:12.153 INFO   [E41A9A\4A1EA1] Auto-routing stage completed: started with 19 unrouted nets, completed in 66.55 seconds, final score: 548.27 (13 unrouted and 66 violations), using 59.09 total CPU seconds, 218.08 GB total allocated, and 1695.4 MB peak heap usage.
2026-09-13 11:51:12.156 DEBUG  [E41A9A\4A1EA1] Before optimization: Via count: 49, trace length: 2756433
2026-09-13 11:51:12.584 INFO   [E41A9A\4A1EA1] Optimization stage started on board 'd9fe93b2b06c1e1704e62a74a860481b' with score 548.27 (13 unrouted and 66 violations).
2026-09-13 11:51:17.809 INFO   [E41A9A\4A1EA1] Optimizer pass #1 on board '2ed3df1ce760403f6a67fec4cd9ae24f' was completed in 3.95 seconds with the score of 548.27 (13 unrouted and 66 violations).
2026-09-13 11:51:18.244 INFO   [E41A9A\4A1EA1] Stopping optimizer because the improvement in this pass (0.0000%) is below the threshold (1.00%).
2026-09-13 11:51:18.681 INFO   [E41A9A\4A1EA1] Optimization stage completed: started with score 548.27 (13 unrouted and 66 violations), completed in 5.66 seconds, final score: 548.27 (13 unrouted and 66 violations), using 5.16 total CPU seconds, 19.71 GB total allocated, and 1647.5 MB peak heap usage.
2026-09-13 11:51:18.689 INFO   [E41A9A\4A1EA1] Job 'E41A9A\4A1EA1' finished with state: COMPLETED (elapsed: 1 minute 13.56 seconds, finished at UTC: 2026-09-13T18:51:18.688046800Z).
2026-09-13 11:51:18.919 INFO   Saving output file 'C:\Users\mmsyl\Documents\haptic-bracelet\hardware\verification\routing-v08\pod-7.ses' (SES)...
2026-09-13 11:51:18.921 INFO   Successfully saved output file 'C:\Users\mmsyl\Documents\haptic-bracelet\hardware\verification\routing-v08\pod-7.ses' (31792 bytes).
