2026-09-12 22:01:39.287 INFO   Freerouting v2.4.1 (build-date: 2026-09-03)
2026-09-12 22:01:39.289 DEBUG  [startup] user-data path : hardware\verification\routing\runtime  (source: CLI argument --user_data_path)
2026-09-12 22:01:39.290 DEBUG  [startup] log file       : C:\Users\mmsyl\Documents\haptic-bracelet\hardware\verification\routing\runtime\freerouting.log
2026-09-12 22:01:39.290 DEBUG  No freerouting.json found at 'hardware\verification\routing\runtime\freerouting.json' — will create one with default settings.
2026-09-12 22:01:39.313 DEBUG  Default settings saved to 'hardware\verification\routing\runtime\freerouting.json'.
2026-09-12 22:01:39.329 DEBUG  Version: 2.4.1,2026-09-03
2026-09-12 22:01:39.329 DEBUG  Command line arguments: '-help -da --gui.enabled=false --api_server.enabled=false --user_data_path=hardware/verification/routing/runtime'
2026-09-12 22:01:39.329 DEBUG  Architecture: Windows 11,amd64,10.0
2026-09-12 22:01:39.329 DEBUG  Java: 25.0.4.1,Eclipse Adoptium
2026-09-12 22:01:39.329 DEBUG  System Language: en,en_US
2026-09-12 22:01:39.330 DEBUG  Hardware: 28 CPU cores, 402600 CPU score, 30688 MB RAM
2026-09-12 22:01:39.330 DEBUG  UTC Time: 2026-09-13T05:01:39.313320600Z
2026-09-12 22:01:39.331 DEBUG  GUI Language: en_US
2026-09-12 22:01:39.331 DEBUG  Host: N/A
2026-09-12 22:01:39.333 DEBUG  Analytics are disabled
2026-09-12 22:01:40.430 DEBUG  Version check skipped or timed out: java.net.ConnectException: Permission denied: getsockopt
2026-09-12 22:09:37.683 INFO   Freerouting v2.4.1 (build-date: 2026-09-03)
2026-09-12 22:09:37.686 DEBUG  [startup] user-data path : hardware\verification\routing\runtime  (source: CLI argument --user_data_path)
2026-09-12 22:09:37.686 DEBUG  [startup] log file       : C:\Users\mmsyl\Documents\haptic-bracelet\hardware\verification\routing\runtime\freerouting.log
2026-09-12 22:09:37.713 DEBUG  Settings loaded from 'hardware\verification\routing\runtime\freerouting.json'.
2026-09-12 22:09:37.729 DEBUG  Version: 2.4.1,2026-09-03
2026-09-12 22:09:37.729 DEBUG  Command line arguments: '-de hardware/verification/routing/pod-1/pod-1.dsn -do hardware/verification/routing/pod-1/pod-1.ses -mp 12 -mt 2 -da --gui.enabled=false --api_server.enabled=false --user_data_path=hardware/verification/routing/runtime --router.layers.routable=true,false,true,true'
2026-09-12 22:09:37.729 DEBUG  Architecture: Windows 11,amd64,10.0
2026-09-12 22:09:37.729 DEBUG  Java: 25.0.4.1,Eclipse Adoptium
2026-09-12 22:09:37.729 DEBUG  System Language: en,en_US
2026-09-12 22:09:37.730 DEBUG  Hardware: 28 CPU cores, 390200 CPU score, 30688 MB RAM
2026-09-12 22:09:37.730 DEBUG  UTC Time: 2026-09-13T05:09:37.713791200Z
2026-09-12 22:09:37.730 DEBUG  GUI Language: en_US
2026-09-12 22:09:37.730 DEBUG  Host: N/A
2026-09-12 22:09:37.732 DEBUG  Analytics are disabled
2026-09-12 22:09:38.803 DEBUG  Loaded router settings from: hardware\verification\routing\runtime\freerouting.json
2026-09-12 22:09:38.804 DEBUG  Applied CLI router setting: router.max_passes = 12
2026-09-12 22:09:38.804 DEBUG  Applied CLI router setting: router.max_threads = 2
2026-09-12 22:09:38.804 DEBUG  Applied CLI router setting: router.layers.routable = true,false,true,true
2026-09-12 22:09:38.804 DEBUG  Applied CLI router setting: router.enabled = true (implicit from -de/-do batch mode)
2026-09-12 22:09:38.804 DEBUG  No router settings found in environment variables
2026-09-12 22:09:38.827 DEBUG  Version check skipped or timed out: java.net.ConnectException: Permission denied: getsockopt
2026-09-12 22:09:38.828 DEBUG  Set DEFAULT clearance (all layers): 1500 (0.0375 mm) from DSN value 150.0
2026-09-12 22:09:38.831 DEBUG  Set clearance (all layers): smd_smd = 375 (0.009375 mm), classes [2,2]
2026-09-12 22:09:38.831 DEBUG  Set default trace width (all layers): DSN=150.0 → board=1500 (0.0375 mm)
2026-09-12 22:09:38.839 DEBUG  Loaded router settings from DSN file: pod-1.dsn (4 layers)
2026-09-12 22:09:38.846 DEBUG  Set DEFAULT clearance (all layers): 1500 (0.0375 mm) from DSN value 150.0
2026-09-12 22:09:38.846 DEBUG  Set clearance (all layers): smd_smd = 375 (0.009375 mm), classes [2,2]
2026-09-12 22:09:38.846 DEBUG  Set default trace width (all layers): DSN=150.0 → board=1500 (0.0375 mm)
2026-09-12 22:09:38.847 DEBUG  Loaded router settings from DSN file: pod-1.dsn (4 layers)
2026-09-12 22:09:38.848 DEBUG  Merging settings from 5 sources:
2026-09-12 22:09:38.848 DEBUG    - Default Settings (priority 0): base settings
2026-09-12 22:09:38.848 DEBUG    - freerouting.json (priority 10): 0 fields changed
2026-09-12 22:09:38.849 DEBUG    - DSN file: pod-1.dsn (priority 20): 6 fields changed
2026-09-12 22:09:38.849 DEBUG    - Environment Variables (priority 55): 0 fields changed
2026-09-12 22:09:38.849 DEBUG    - CLI Arguments (priority 60): 6 fields changed
2026-09-12 22:09:38.849 DEBUG  Settings merged successfully from 5 source(s)
2026-09-12 22:09:39.092 INFO   [65D778\B45082] Loading board file 'pod-1.dsn'...
2026-09-12 22:09:39.098 DEBUG  Set DEFAULT clearance (all layers): 1500 (0.0375 mm) from DSN value 150.0
2026-09-12 22:09:39.099 DEBUG  Set clearance (all layers): smd_smd = 375 (0.009375 mm), classes [2,2]
2026-09-12 22:09:39.099 DEBUG  Set default trace width (all layers): DSN=150.0 → board=1500 (0.0375 mm)
2026-09-12 22:09:39.117 DEBUG  applyBoardSpecificOptimizations changed parameters:
  Layer 0: bendCost: null -> 0.0; preferredDirectionHorizontal: null -> false; preferredDirectionTraceCost: 1.0 -> 1.8; undesiredDirectionTraceCost: 1.0 -> 3.8;
  Layer 1: bendCost: null -> 0.0; preferredDirectionHorizontal: null -> true; undesiredDirectionTraceCost: 1.0 -> 1.5;
  Layer 2: bendCost: null -> 0.0; preferredDirectionHorizontal: null -> false; undesiredDirectionTraceCost: 1.0 -> 3.0;
  Layer 3: bendCost: null -> 0.0; preferredDirectionHorizontal: null -> true; preferredDirectionTraceCost: 1.0 -> 1.8; undesiredDirectionTraceCost: 1.0 -> 2.3;
2026-09-12 22:09:39.119 DEBUG  Applied copper-to-edge clearance override: 500.0 um (5000 board units).
2026-09-12 22:09:39.126 DEBUG  Set DEFAULT clearance (all layers): 1500 (0.0375 mm) from DSN value 150.0
2026-09-12 22:09:39.126 DEBUG  Set clearance (all layers): smd_smd = 375 (0.009375 mm), classes [2,2]
2026-09-12 22:09:39.126 DEBUG  Set default trace width (all layers): DSN=150.0 → board=1500 (0.0375 mm)
2026-09-12 22:09:39.127 DEBUG  Loaded router settings from DSN file: pod-1.dsn (4 layers)
2026-09-12 22:09:39.127 DEBUG  Merging settings from 6 sources:
2026-09-12 22:09:39.127 DEBUG    - Default Settings (priority 0): base settings
2026-09-12 22:09:39.127 DEBUG    - freerouting.json (priority 10): 0 fields changed
2026-09-12 22:09:39.128 DEBUG    - DSN file: pod-1.dsn (priority 20): 6 fields changed
2026-09-12 22:09:39.128 DEBUG    - Environment Variables (priority 55): 0 fields changed
2026-09-12 22:09:39.128 DEBUG    - CLI Arguments (priority 60): 6 fields changed
2026-09-12 22:09:39.128 DEBUG    - API Settings (priority 70): 26 fields changed
2026-09-12 22:09:39.128 DEBUG  Settings merged successfully from 6 source(s)
2026-09-12 22:09:39.128 DEBUG  applyBoardSpecificOptimizations changed parameters:
  Layer 0: preferredDirectionTraceCost: 1.0 -> 1.8; undesiredDirectionTraceCost: 1.0 -> 3.8;
  Layer 1: undesiredDirectionTraceCost: 1.0 -> 1.5;
  Layer 2: undesiredDirectionTraceCost: 1.0 -> 3.0;
  Layer 3: preferredDirectionTraceCost: 1.0 -> 1.8; undesiredDirectionTraceCost: 1.0 -> 2.3;
2026-09-12 22:09:39.129 INFO   [65D778\B45082] Job '65D778\B45082' started at 2026-09-13T05:09:39.129466800Z.
2026-09-12 22:09:39.164 DEBUG  [65D778\B45082] Checking fanout pre-pass. settings.fanout.enabled=true, smdPins=82
2026-09-12 22:09:39.173 INFO   [65D778\B45082] Fanout stage started on board '48a9201058987e227e5dc48813b19344' with 69 of 82 SMD pins needing fanout (13 already connected, 0 netless).
2026-09-12 22:09:39.712 INFO   [65D778\B45082] Fanout pass #1 on board '01f2284b956a7213a3f69dd333de455f' completed in 0.53 seconds with 25 SMD pins fanouted, 41 not routed, 0 insert errors, +0 extra vias (0 SMD pins still to check in pass, ripup costs=100).
2026-09-12 22:09:40.065 INFO   [65D778\B45082] Fanout pass #2 on board '415f79a24c6d78dfbe37deb7712eaa97' completed in 0.35 seconds with 2 SMD pins fanouted, 61 not routed, 0 insert errors, +0 extra vias (0 SMD pins still to check in pass, ripup costs=200).
2026-09-12 22:09:40.354 INFO   [65D778\B45082] Fanout pass #3 on board '6f27839f1d52d8d33268efb80d799266' completed in 0.29 seconds with 1 SMD pin fanouted, 62 not routed, 0 insert errors, +0 extra vias (0 SMD pins still to check in pass, ripup costs=300).
2026-09-12 22:09:40.620 INFO   [65D778\B45082] Fanout pass #4 on board '6f27839f1d52d8d33268efb80d799266' completed in 0.26 seconds with 0 SMD pins fanouted, 63 not routed, 0 insert errors, +0 extra vias (0 SMD pins still to check in pass, ripup costs=400).
2026-09-12 22:09:40.625 INFO   [65D778\B45082] Fanout stage completed: started with 82 total SMD pins, completed in 1.45 seconds, escaped pins: 34/82 (41.5%), using 1.38 total CPU seconds, 7.25 GB total allocated, and 828.8 MB peak heap usage.
2026-09-12 22:09:40.627 INFO   [65D778\B45082] Auto-routing stage started on board '6f27839f1d52d8d33268efb80d799266' for 28 unrouted items.
2026-09-12 22:09:40.666 DEBUG  Queuing item for routing: PolylineTrace on net 'POD_3V3' (connected: 16/34)
2026-09-12 22:09:40.666 DEBUG  Queuing item for routing: Pin on net 'VBAT' (connected: 1/3)
2026-09-12 22:09:40.666 DEBUG  Queuing item for routing: Pin on net '/Eight ring pods/Pod 1 {slash} U19/CELL_POS' (connected: 1/2)
2026-09-12 22:09:40.666 DEBUG  Queuing item for routing: Pin on net 'RING_nRESET' (connected: 1/4)
2026-09-12 22:09:40.666 DEBUG  Queuing item for routing: Pin on net '/Eight ring pods/Pod 1 {slash} U19/UART_RX_LOCAL' (connected: 1/4)
2026-09-12 22:09:40.666 DEBUG  Queuing item for routing: Pin on net '/Eight ring pods/Pod 1 {slash} U19/UART_TX_LOCAL' (connected: 1/5)
2026-09-12 22:09:40.666 DEBUG  Queuing item for routing: Pin on net 'GND' (connected: 17/26)
2026-09-12 22:09:40.666 DEBUG  Queuing item for routing: Pin on net '/Eight ring pods/Pod 1 {slash} U19/UART_RX_LOCAL' (connected: 1/4)
2026-09-12 22:09:40.666 DEBUG  Queuing item for routing: Pin on net 'POD_3V3' (connected: 1/34)
2026-09-12 22:09:40.666 DEBUG  Queuing item for routing: Pin on net '/Eight ring pods/Pod 1 {slash} U19/UART_TX_LOCAL' (connected: 1/5)
2026-09-12 22:09:40.666 DEBUG  Queuing item for routing: Pin on net 'GND' (connected: 1/26)
2026-09-12 22:09:40.666 DEBUG  Queuing item for routing: Pin on net '/Eight ring pods/Pod 1 {slash} U19/LOCAL_SCL' (connected: 1/3)
2026-09-12 22:09:40.667 DEBUG  Queuing item for routing: Pin on net '/Eight ring pods/Pod 1 {slash} U19/LOCAL_SDA' (connected: 1/3)
2026-09-12 22:09:40.667 DEBUG  Queuing item for routing: Pin on net 'RING_nRESET' (connected: 1/4)
2026-09-12 22:09:40.667 DEBUG  Queuing item for routing: Pin on net '/Eight ring pods/Pod 1 {slash} U19/CELL_TEMP' (connected: 1/5)
2026-09-12 22:09:40.667 DEBUG  Queuing item for routing: Pin on net 'GND' (connected: 1/26)
2026-09-12 22:09:40.667 DEBUG  Queuing item for routing: Pin on net '/Eight ring pods/Pod 1 {slash} U19/CELL_TEMP' (connected: 3/5)
2026-09-12 22:09:40.667 DEBUG  Queuing item for routing: Pin on net 'GND' (connected: 1/26)
2026-09-12 22:09:40.667 DEBUG  Queuing item for routing: Pin on net '/Eight ring pods/Pod 1 {slash} U19/CELL_POS' (connected: 1/2)
2026-09-12 22:09:40.667 DEBUG  Queuing item for routing: Pin on net '/Eight ring pods/Pod 1 {slash} U19/CELL_TEMP' (connected: 1/5)
2026-09-12 22:09:40.667 DEBUG  Queuing item for routing: Pin on net '/Eight ring pods/Pod 1 {slash} U19/LRA_N' (connected: 1/2)
2026-09-12 22:09:40.667 DEBUG  Queuing item for routing: Pin on net '/Eight ring pods/Pod 1 {slash} U19/LRA_P' (connected: 1/2)
2026-09-12 22:09:40.667 DEBUG  Queuing item for routing: Pin on net '/Eight ring pods/Pod 1 {slash} U19/LRA_N' (connected: 1/2)
2026-09-12 22:09:40.667 DEBUG  Queuing item for routing: Pin on net '/Eight ring pods/Pod 1 {slash} U19/LOCAL_SCL' (connected: 1/3)
2026-09-12 22:09:40.667 DEBUG  Queuing item for routing: Pin on net '/Eight ring pods/Pod 1 {slash} U19/LOCAL_SDA' (connected: 1/3)
2026-09-12 22:09:40.667 DEBUG  Queuing item for routing: Pin on net '/Eight ring pods/Pod 1 {slash} U19/LRA_P' (connected: 1/2)
2026-09-12 22:09:40.668 DEBUG  Queuing item for routing: Pin on net 'GND' (connected: 5/26)
2026-09-12 22:09:40.668 DEBUG  Queuing item for routing: Pin on net 'POD_3V3' (connected: 16/34)
2026-09-12 22:09:40.668 DEBUG  Queuing item for routing: Pin on net 'RING_RETURN' (connected: 1/2)
2026-09-12 22:09:40.668 DEBUG  Queuing item for routing: Pin on net 'VBAT' (connected: 1/3)
2026-09-12 22:09:40.668 DEBUG  Queuing item for routing: Pin on net 'RING_nRESET' (connected: 1/4)
2026-09-12 22:09:40.669 DEBUG  Queuing item for routing: Pin on net 'POD_3V3' (connected: 1/34)
2026-09-12 22:09:40.669 DEBUG  Queuing item for routing: Pin on net 'RING_RETURN' (connected: 1/2)
2026-09-12 22:09:40.669 DEBUG  Queuing item for routing: Pin on net 'VBAT' (connected: 1/3)
2026-09-12 22:09:40.669 DEBUG  Queuing item for routing: Pin on net 'RING_nRESET' (connected: 1/4)
2026-09-12 22:09:40.669 DEBUG  Queuing item for routing: Pin on net 'GND' (connected: 1/26)
2026-09-12 22:09:40.669 DEBUG  Queuing item for routing: Pin on net '/Eight ring pods/Pod 1 {slash} U19/UART_RX_LOCAL' (connected: 1/4)
2026-09-12 22:09:40.669 DEBUG  Queuing item for routing: Pin on net '/Eight ring pods/Pod 1 {slash} U19/UART_TX_LOCAL' (connected: 3/5)
2026-09-12 22:09:40.669 DEBUG  Queuing item for routing: Pin on net '/Eight ring pods/Pod 1 {slash} U19/LOCAL_SDA' (connected: 1/3)
2026-09-12 22:09:40.669 DEBUG  Queuing item for routing: Pin on net '/Eight ring pods/Pod 1 {slash} U19/UART_RX_LOCAL' (connected: 1/4)
2026-09-12 22:09:40.669 DEBUG  Queuing item for routing: Pin on net '/Eight ring pods/Pod 1 {slash} U19/LOCAL_SCL' (connected: 1/3)
2026-09-12 22:09:40.680 DEBUG  [65D778\B45082] Pass #1: 28 incompletes across 41 items to route
2026-09-12 22:09:40.680 DEBUG  [65D778\B45082]   Net 'POD_3V3' has 3 incomplete(s)
2026-09-12 22:09:40.680 DEBUG  [65D778\B45082]   Net '/Eight ring pods/Pod 1 {slash} U19/LOCAL_SCL' has 2 incomplete(s)
2026-09-12 22:09:40.680 DEBUG  [65D778\B45082]   Net '/Eight ring pods/Pod 1 {slash} U19/UART_TX_LOCAL' has 2 incomplete(s)
2026-09-12 22:09:40.680 DEBUG  [65D778\B45082]   Net 'GND' has 5 incomplete(s)
2026-09-12 22:09:40.680 DEBUG  [65D778\B45082]   Net '/Eight ring pods/Pod 1 {slash} U19/UART_RX_LOCAL' has 3 incomplete(s)
2026-09-12 22:09:40.680 DEBUG  [65D778\B45082]   Net 'RING_nRESET' has 3 incomplete(s)
2026-09-12 22:09:40.680 DEBUG  [65D778\B45082]   Net 'VBAT' has 2 incomplete(s)
2026-09-12 22:09:40.680 DEBUG  [65D778\B45082]   Net 'RING_RETURN' has 1 incomplete(s)
2026-09-12 22:09:40.680 DEBUG  [65D778\B45082]   Net '/Eight ring pods/Pod 1 {slash} U19/LOCAL_SDA' has 2 incomplete(s)
2026-09-12 22:09:40.680 DEBUG  [65D778\B45082]   Net '/Eight ring pods/Pod 1 {slash} U19/LRA_P' has 1 incomplete(s)
2026-09-12 22:09:40.680 DEBUG  [65D778\B45082]   Net '/Eight ring pods/Pod 1 {slash} U19/LRA_N' has 1 incomplete(s)
2026-09-12 22:09:40.680 DEBUG  [65D778\B45082]   Net '/Eight ring pods/Pod 1 {slash} U19/CELL_TEMP' has 2 incomplete(s)
2026-09-12 22:09:40.680 DEBUG  [65D778\B45082]   Net '/Eight ring pods/Pod 1 {slash} U19/CELL_POS' has 1 incomplete(s)
2026-09-12 22:09:40.996 DEBUG  FoundConnectionInserter: insert trace failed for net #2 at corner 16/16 on layer 2, trace width: 750, from corner: 5, okPoint: (787002,-609196), target: (796327,-571327)
2026-09-12 22:09:41.000 DEBUG  [65D778\B45082] Autorouter Failed to route connection between pin #6 of component #16, pin #1 of component #1 and pin #5 of component #21, because the new connection could not be inserted.
2026-09-12 22:09:41.149 DEBUG  FoundConnectionInserter: insert trace failed for net #16 at corner 18/30 on layer 0, trace width: 750, from corner: 17, okPoint: (844281,-743555), target: (844630,-743555)
2026-09-12 22:09:41.152 DEBUG  [65D778\B45082] Autorouter Failed to route connection between polylinetrace, pin of component #20, pin of component #18, pin #1 of component #7 and pin #1 of component #21, because the new connection could not be inserted.
2026-09-12 22:09:41.175 DEBUG  FoundConnectionInserter: insert trace failed for net #16 at corner 17/17 on layer 0, trace width: 750, from corner: 10, okPoint: (881300,-706885), target: (844281,-743555)
2026-09-12 22:09:41.179 DEBUG  [65D778\B45082] Autorouter Failed to route connection between polylinetrace, pin #1 of component #21, pin of component #18 and polylinetrace, pin of component #20, pin #1 of component #7, because the new connection could not be inserted.
2026-09-12 22:09:41.279 DEBUG  FoundConnectionInserter: insert trace failed for net #15 at corner 8/8 on layer 3, trace width: 750, from corner: 1, okPoint: (870065,-581969), target: (845750,-573125)
2026-09-12 22:09:41.282 DEBUG  [65D778\B45082] Autorouter Failed to route connection between pin #8 of component #16 and pin #1 of component #17, because the new connection could not be inserted.
2026-09-12 22:09:41.675 DEBUG  FoundConnectionInserter: insert trace failed for net #5 at corner 8/9 on layer 2, trace width: 750, from corner: 7, okPoint: (890223,-631444), target: (890223,-578285)
2026-09-12 22:09:41.677 DEBUG  [65D778\B45082] Autorouter Failed to route connection between polylinetrace, polylinetrace, polylinetrace, polylinetrace, polylinetrace, polylinetrace, polylinetrace, polylinetrace, polylinetrace, pin #1 of component #22, pin #1 of component #19, pin #1 of component #18, pin #5 of component #16, pin #1 of component #15, pin #1 of component #14, pin #1 of component #12, pin #1 of component #11, pin #1 of component #10 and polylinetrace, polylinetrace, polylinetrace, polylinetrace, pin #6 of component #21, pin #1 of component #20, pin #1 of component #13, pin #1 of component #9, pin #1 of component #8, because the new connection could not be inserted.
2026-09-12 22:09:41.798 DEBUG  FoundConnectionInserter: insert trace failed for net #9 at corner 11/14 on layer 0, trace width: 750, from corner: 10, okPoint: (890223,-628453), target: (890223,-621645)
2026-09-12 22:09:41.801 DEBUG  [65D778\B45082] Autorouter Failed to route connection between polylinetrace, polylinetrace, polylinetrace, polylinetrace, via, via, pin #1 of component #23, pin #4 of component #10 and pin #4 of component #11, because the new connection could not be inserted.
2026-09-12 22:09:41.842 DEBUG  FoundConnectionInserter: insert trace failed for net #8 at corner 23/23 on layer 2, trace width: 750, from corner: 18, okPoint: (787383,-580559), target: (784619,-651777)
2026-09-12 22:09:41.844 DEBUG  [65D778\B45082] Autorouter Failed to route connection between pin #3 of component #21, pin #3 of component #10 and polylinetrace, polylinetrace, polylinetrace, via, via, pin #4 of component #22, pin #3 of component #11, because the new connection could not be inserted.
2026-09-12 22:09:41.962 DEBUG  FoundConnectionInserter: insert trace failed for net #9 at corner 11/11 on layer 3, trace width: 750, from corner: 5, okPoint: (840437,-562253), target: (890449,-629747)
2026-09-12 22:09:41.964 DEBUG  [65D778\B45082] Autorouter Failed to route connection between polylinetrace, polylinetrace, pin #4 of component #11 and polylinetrace, polylinetrace, polylinetrace, polylinetrace, via, via, pin #1 of component #23, pin #4 of component #10, because the new connection could not be inserted.
2026-09-12 22:09:41.994 DEBUG  FoundConnectionInserter: insert trace failed for net #5 at corner 29/29 on layer 0, trace width: 750, from corner: 12, okPoint: (783889,-587802), target: (818800,-540000)
2026-09-12 22:09:41.996 DEBUG  [65D778\B45082] Autorouter Failed to route connection between polylinetrace, polylinetrace, polylinetrace, polylinetrace, polylinetrace, polylinetrace, polylinetrace, polylinetrace, polylinetrace, polylinetrace, pin #1 of component #22, pin #6 of component #21, pin #1 of component #20, pin #1 of component #19, pin #1 of component #18, pin #5 of component #16, pin #1 of component #15, pin #1 of component #14, pin #1 of component #13, pin #1 of component #12, pin #1 of component #11, pin #1 of component #9, pin #1 of component #8 and pin #1 of component #10, because the new connection could not be inserted.
2026-09-12 22:09:42.187 DEBUG  FoundConnectionInserter: insert trace failed for net #2 at corner 10/10 on layer 3, trace width: 750, from corner: 7, okPoint: (869301,-579250), target: (843707,-574574)
2026-09-12 22:09:42.189 DEBUG  [65D778\B45082] Autorouter Failed to route connection between polylinetrace, via, pin #5 of component #21, pin #6 of component #16 and pin #1 of component #1, because the new connection could not be inserted.
2026-09-12 22:09:42.190 DEBUG  [65D778\B45082] Pass #1: Failed to route Pin on net '/Eight ring pods/Pod 1 {slash} U19/LOCAL_SCL' (1 items remaining, 1 failures). State: FAILED
2026-09-12 22:09:42.226 INFO   [65D778\B45082] Auto-routing pass #1 on board '6f27839f1d52d8d33268efb80d799266' was completed in 1.56 seconds with score 716.97 (15 unrouted and 0 violations), using 2.92 CPU seconds and the job allocated 16.24 GB of memory so far.
2026-09-12 22:09:42.247 DEBUG  Queuing item for routing: PolylineTrace on net 'POD_3V3' (connected: 11/33)
2026-09-12 22:09:42.247 DEBUG  Queuing item for routing: Pin on net 'VBAT' (connected: 8/9)
2026-09-12 22:09:42.247 DEBUG  Queuing item for routing: Pin on net 'RING_nRESET' (connected: 7/10)
2026-09-12 22:09:42.247 DEBUG  Queuing item for routing: Pin on net '/Eight ring pods/Pod 1 {slash} U19/UART_TX_LOCAL' (connected: 10/13)
2026-09-12 22:09:42.248 DEBUG  Queuing item for routing: Pin on net 'GND' (connected: 8/24)
2026-09-12 22:09:42.248 DEBUG  Queuing item for routing: Pin on net 'POD_3V3' (connected: 5/33)
2026-09-12 22:09:42.248 DEBUG  Queuing item for routing: Pin on net 'POD_3V3' (connected: 9/33)
2026-09-12 22:09:42.248 DEBUG  Queuing item for routing: Pin on net '/Eight ring pods/Pod 1 {slash} U19/UART_TX_LOCAL' (connected: 3/13)
2026-09-12 22:09:42.248 DEBUG  Queuing item for routing: Pin on net 'GND' (connected: 1/24)
2026-09-12 22:09:42.248 DEBUG  Queuing item for routing: Pin on net '/Eight ring pods/Pod 1 {slash} U19/LOCAL_SCL' (connected: 3/7)
2026-09-12 22:09:42.248 DEBUG  Queuing item for routing: Pin on net 'RING_nRESET' (connected: 3/10)
2026-09-12 22:09:42.248 DEBUG  Queuing item for routing: Pin on net '/Eight ring pods/Pod 1 {slash} U19/CELL_TEMP' (connected: 1/11)
2026-09-12 22:09:42.248 DEBUG  Queuing item for routing: Pin on net 'GND' (connected: 7/24)
2026-09-12 22:09:42.248 DEBUG  Queuing item for routing: Pin on net '/Eight ring pods/Pod 1 {slash} U19/CELL_TEMP' (connected: 10/11)
2026-09-12 22:09:42.248 DEBUG  Queuing item for routing: Pin on net 'GND' (connected: 6/24)
2026-09-12 22:09:42.248 DEBUG  Queuing item for routing: Pin on net '/Eight ring pods/Pod 1 {slash} U19/LOCAL_SCL' (connected: 1/7)
2026-09-12 22:09:42.248 DEBUG  Queuing item for routing: Pin on net 'GND' (connected: 1/24)
2026-09-12 22:09:42.248 DEBUG  Queuing item for routing: Pin on net 'VBAT' (connected: 1/9)
2026-09-12 22:09:42.248 DEBUG  Queuing item for routing: Pin on net 'GND' (connected: 1/24)
2026-09-12 22:09:42.248 DEBUG  Queuing item for routing: Pin on net 'POD_3V3' (connected: 7/33)
2026-09-12 22:09:42.249 DEBUG  Queuing item for routing: Pin on net 'POD_3V3' (connected: 1/33)
2026-09-12 22:09:42.249 DEBUG  Queuing item for routing: Pin on net '/Eight ring pods/Pod 1 {slash} U19/LOCAL_SCL' (connected: 3/7)
2026-09-12 22:09:42.257 DEBUG  [65D778\B45082] Pass #2: 15 incompletes across 22 items to route
2026-09-12 22:09:42.257 DEBUG  [65D778\B45082]   Net 'POD_3V3' has 4 incomplete(s)
2026-09-12 22:09:42.257 DEBUG  [65D778\B45082]   Net '/Eight ring pods/Pod 1 {slash} U19/LOCAL_SCL' has 2 incomplete(s)
2026-09-12 22:09:42.257 DEBUG  [65D778\B45082]   Net '/Eight ring pods/Pod 1 {slash} U19/UART_TX_LOCAL' has 1 incomplete(s)
2026-09-12 22:09:42.257 DEBUG  [65D778\B45082]   Net 'GND' has 5 incomplete(s)
2026-09-12 22:09:42.257 DEBUG  [65D778\B45082]   Net 'RING_nRESET' has 1 incomplete(s)
2026-09-12 22:09:42.258 DEBUG  [65D778\B45082]   Net 'VBAT' has 1 incomplete(s)
2026-09-12 22:09:42.258 DEBUG  [65D778\B45082]   Net '/Eight ring pods/Pod 1 {slash} U19/CELL_TEMP' has 1 incomplete(s)
2026-09-12 22:09:42.302 DEBUG  FoundConnectionInserter: insert trace failed for net #9 at corner 31/31 on layer 3, trace width: 750, from corner: 9, okPoint: (860750,-570913), target: (892984,-639510)
2026-09-12 22:09:42.305 DEBUG  [65D778\B45082] Autorouter Failed to route connection between pin #4 of component #11 and polylinetrace, polylinetrace, polylinetrace, polylinetrace, via, via, pin #1 of component #23, pin #4 of component #10, because the new connection could not be inserted.
2026-09-12 22:09:42.329 DEBUG  FoundConnectionInserter: insert trace failed for net #8 at corner 21/21 on layer 2, trace width: 750, from corner: 16, okPoint: (787383,-580559), target: (784619,-651777)
2026-09-12 22:09:42.331 DEBUG  [65D778\B45082] Autorouter Failed to route connection between polylinetrace, pin #3 of component #21, pin #3 of component #10 and polylinetrace, polylinetrace, polylinetrace, via, via, pin #4 of component #22, pin #3 of component #11, because the new connection could not be inserted.
2026-09-12 22:09:42.413 DEBUG  FoundConnectionInserter: insert trace failed for net #5 at corner 14/14 on layer 0, trace width: 750, from corner: 9, okPoint: (847178,-534628), target: (838000,-540000)
2026-09-12 22:09:42.415 DEBUG  [65D778\B45082] Autorouter Failed to route connection between polylinetrace, polylinetrace, polylinetrace, polylinetrace, polylinetrace, polylinetrace, pin #6 of component #21, pin #1 of component #20, pin #1 of component #18, pin #5 of component #16, pin #1 of component #14, pin #1 of component #13, pin #1 of component #11, pin #1 of component #10, pin #1 of component #9, pin #1 of component #8 and polylinetrace, polylinetrace, polylinetrace, polylinetrace, pin #1 of component #22, pin #1 of component #19, pin #1 of component #15, pin #1 of component #12, because the new connection could not be inserted.
2026-09-12 22:09:42.750 DEBUG  FoundConnectionInserter: insert trace failed for net #16 at corner 6/19 on layer 0, trace width: 750, from corner: 5, okPoint: (844296,-743561), target: (844624,-743561)
2026-09-12 22:09:42.752 DEBUG  [65D778\B45082] Autorouter Failed to route connection between polylinetrace, polylinetrace, polylinetrace, polylinetrace, via, via, polylinetrace, pin of component #20, pin of component #18, pin #1 of component #7 and pin #1 of component #21, because the new connection could not be inserted.
2026-09-12 22:09:42.868 DEBUG  FoundConnectionInserter: insert trace failed for net #16 at corner 16/16 on layer 0, trace width: 750, from corner: 9, okPoint: (870274,-716285), target: (844296,-743561)
2026-09-12 22:09:42.871 DEBUG  [65D778\B45082] Autorouter Failed to route connection between polylinetrace, pin #1 of component #21 and polylinetrace, polylinetrace, polylinetrace, polylinetrace, via, via, polylinetrace, pin of component #20, pin of component #18, pin #1 of component #7, because the new connection could not be inserted.
2026-09-12 22:09:42.982 DEBUG  FoundConnectionInserter: insert trace failed for net #2 at corner 8/8 on layer 0, trace width: 750, from corner: 4, okPoint: (832162,-547380), target: (834824,-548960)
2026-09-12 22:09:42.984 DEBUG  [65D778\B45082] Autorouter Failed to route connection between polylinetrace, polylinetrace, via, polylinetrace, via, pin #5 of component #21, pin #1 of component #1 and pin #6 of component #16, because the new connection could not be inserted.
2026-09-12 22:09:43.332 DEBUG  [65D778\B45082] Autorouter Failed to route connection between polylinetrace, polylinetrace, polylinetrace, polylinetrace, polylinetrace, via, via, polylinetrace, polylinetrace, polylinetrace, polylinetrace, polylinetrace, polylinetrace, polylinetrace, polylinetrace, polylinetrace, polylinetrace, polylinetrace, pin #1 of component #22, pin #6 of component #21, pin #1 of component #20, pin #1 of component #19, pin #1 of component #18, pin #1 of component #15, pin #1 of component #14, pin #1 of component #13, pin #1 of component #12, pin #1 of component #11, pin #1 of component #10, pin #1 of component #9, pin #1 of component #8 and pin #5 of component #16, because no connection was found between their nets.
2026-09-12 22:09:43.471 DEBUG  FoundConnectionInserter: insert trace failed for net #5 at corner 20/20 on layer 0, trace width: 750, from corner: 3, okPoint: (773760,-597459), target: (818800,-540000)
2026-09-12 22:09:43.473 DEBUG  [65D778\B45082] Autorouter Failed to route connection between polylinetrace, polylinetrace, polylinetrace, polylinetrace, polylinetrace, via, via, polylinetrace, polylinetrace, polylinetrace, polylinetrace, polylinetrace, polylinetrace, polylinetrace, polylinetrace, polylinetrace, polylinetrace, polylinetrace, pin #1 of component #22, pin #6 of component #21, pin #1 of component #20, pin #1 of component #19, pin #1 of component #18, pin #5 of component #16, pin #1 of component #15, pin #1 of component #14, pin #1 of component #13, pin #1 of component #12, pin #1 of component #11, pin #1 of component #9, pin #1 of component #8 and pin #1 of component #10, because the new connection could not be inserted.
2026-09-12 22:09:43.473 DEBUG  [65D778\B45082] Pass #2: Failed to route Pin on net 'GND' (4 items remaining, 2 failures). State: FAILED
2026-09-12 22:09:43.877 DEBUG  FoundConnectionInserter: insert trace failed for net #2 at corner 10/10 on layer 3, trace width: 750, from corner: 4, okPoint: (870129,-594068), target: (834310,-563049)
2026-09-12 22:09:43.879 DEBUG  [65D778\B45082] Autorouter Failed to route connection between pin #6 of component #16 and polylinetrace, polylinetrace, via, polylinetrace, via, pin #5 of component #21, pin #1 of component #1, because the new connection could not be inserted.
2026-09-12 22:09:43.879 DEBUG  [65D778\B45082] Pass #2: Failed to route Pin on net '/Eight ring pods/Pod 1 {slash} U19/LOCAL_SCL' (1 items remaining, 2 failures). State: FAILED
2026-09-12 22:09:43.909 INFO   [65D778\B45082] Auto-routing pass #2 on board 'e76d82dbbaf17c0c08ee8de7852f0f5d' was completed in 1.66 seconds with score 811.31 (10 unrouted and 0 violations), using 3.91 CPU seconds and the job allocated 23.29 GB of memory so far.
2026-09-12 22:09:43.932 DEBUG  Queuing item for routing: PolylineTrace on net 'POD_3V3' (connected: 23/38)
2026-09-12 22:09:43.932 DEBUG  Queuing item for routing: Pin on net '/Eight ring pods/Pod 1 {slash} U19/UART_RX_LOCAL' (connected: 11/12)
2026-09-12 22:09:43.932 DEBUG  Queuing item for routing: Pin on net 'GND' (connected: 8/31)
2026-09-12 22:09:43.933 DEBUG  Queuing item for routing: Pin on net 'POD_3V3' (connected: 8/38)
2026-09-12 22:09:43.933 DEBUG  Queuing item for routing: Pin on net 'POD_3V3' (connected: 7/38)
2026-09-12 22:09:43.933 DEBUG  Queuing item for routing: Pin on net 'GND' (connected: 21/31)
2026-09-12 22:09:43.933 DEBUG  Queuing item for routing: Pin on net '/Eight ring pods/Pod 1 {slash} U19/LOCAL_SCL' (connected: 7/8)
2026-09-12 22:09:43.933 DEBUG  Queuing item for routing: Pin on net '/Eight ring pods/Pod 1 {slash} U19/LOCAL_SDA' (connected: 3/10)
2026-09-12 22:09:43.933 DEBUG  Queuing item for routing: Pin on net '/Eight ring pods/Pod 1 {slash} U19/CELL_TEMP' (connected: 1/11)
2026-09-12 22:09:43.933 DEBUG  Queuing item for routing: Pin on net '/Eight ring pods/Pod 1 {slash} U19/CELL_TEMP' (connected: 10/11)
2026-09-12 22:09:43.933 DEBUG  Queuing item for routing: Pin on net '/Eight ring pods/Pod 1 {slash} U19/LRA_P' (connected: 3/6)
2026-09-12 22:09:43.933 DEBUG  Queuing item for routing: Pin on net '/Eight ring pods/Pod 1 {slash} U19/LOCAL_SCL' (connected: 1/8)
2026-09-12 22:09:43.933 DEBUG  Queuing item for routing: Pin on net 'GND' (connected: 1/31)
2026-09-12 22:09:43.933 DEBUG  Queuing item for routing: Pin on net '/Eight ring pods/Pod 1 {slash} U19/LOCAL_SDA' (connected: 7/10)
2026-09-12 22:09:43.933 DEBUG  Queuing item for routing: Pin on net '/Eight ring pods/Pod 1 {slash} U19/LRA_P' (connected: 3/6)
2026-09-12 22:09:43.933 DEBUG  Queuing item for routing: Pin on net 'GND' (connected: 1/31)
2026-09-12 22:09:43.933 DEBUG  Queuing item for routing: Pin on net '/Eight ring pods/Pod 1 {slash} U19/UART_RX_LOCAL' (connected: 1/12)
2026-09-12 22:09:43.942 DEBUG  [65D778\B45082] Pass #3: 10 incompletes across 17 items to route
2026-09-12 22:09:43.942 DEBUG  [65D778\B45082]   Net 'POD_3V3' has 2 incomplete(s)
2026-09-12 22:09:43.942 DEBUG  [65D778\B45082]   Net '/Eight ring pods/Pod 1 {slash} U19/LOCAL_SCL' has 1 incomplete(s)
2026-09-12 22:09:43.942 DEBUG  [65D778\B45082]   Net 'GND' has 3 incomplete(s)
2026-09-12 22:09:43.942 DEBUG  [65D778\B45082]   Net '/Eight ring pods/Pod 1 {slash} U19/UART_RX_LOCAL' has 1 incomplete(s)
2026-09-12 22:09:43.942 DEBUG  [65D778\B45082]   Net '/Eight ring pods/Pod 1 {slash} U19/LOCAL_SDA' has 1 incomplete(s)
2026-09-12 22:09:43.942 DEBUG  [65D778\B45082]   Net '/Eight ring pods/Pod 1 {slash} U19/LRA_P' has 1 incomplete(s)
2026-09-12 22:09:43.943 DEBUG  [65D778\B45082]   Net '/Eight ring pods/Pod 1 {slash} U19/CELL_TEMP' has 1 incomplete(s)
2026-09-12 22:09:43.981 DEBUG  FoundConnectionInserter: insert trace failed for net #5 at corner 18/18 on layer 0, trace width: 750, from corner: 13, okPoint: (847178,-534628), target: (838000,-540000)
2026-09-12 22:09:43.983 DEBUG  [65D778\B45082] Autorouter Failed to route connection between polylinetrace, polylinetrace, polylinetrace, polylinetrace, polylinetrace, via, via, polylinetrace, polylinetrace, polylinetrace, polylinetrace, polylinetrace, polylinetrace, pin #6 of component #21, pin #1 of component #20, pin #1 of component #18, pin #5 of component #16, pin #1 of component #14, pin #1 of component #13, pin #1 of component #11, pin #1 of component #10, pin #1 of component #9, pin #1 of component #8 and polylinetrace, polylinetrace, polylinetrace, polylinetrace, pin #1 of component #22, pin #1 of component #19, pin #1 of component #15, pin #1 of component #12, because the new connection could not be inserted.
2026-09-12 22:09:44.215 DEBUG  FoundConnectionInserter: insert trace failed for net #2 at corner 15/15 on layer 3, trace width: 750, from corner: 8, okPoint: (885883,-611511), target: (821627,-563049)
2026-09-12 22:09:44.218 DEBUG  [65D778\B45082] Autorouter Failed to route connection between pin #6 of component #16 and polylinetrace, polylinetrace, via, polylinetrace, via, pin #5 of component #21, pin #1 of component #1, because the new connection could not be inserted.
2026-09-12 22:09:44.226 DEBUG  FoundConnectionInserter: insert trace failed for net #11 at corner 14/14 on layer 2, trace width: 750, from corner: 11, okPoint: (862252,-746880), target: (865641,-654063)
2026-09-12 22:09:44.229 DEBUG  [65D778\B45082] Autorouter Failed to route connection between polylinetrace, polylinetrace, polylinetrace, via, via, pin #3 of component #16, pin #1 of component #4 and polylinetrace, via, pin #4 of component #21, because the new connection could not be inserted.
2026-09-12 22:09:44.358 DEBUG  FoundConnectionInserter: insert trace failed for net #14 at corner 54/54 on layer 2, trace width: 750, from corner: 4, okPoint: (912077,-699422), target: (848190,-530729)
2026-09-12 22:09:44.361 DEBUG  [65D778\B45082] Autorouter Failed to route connection between pin #2 of component #16 and polylinetrace, via, pin of component #17, because the new connection could not be inserted.
2026-09-12 22:09:44.475 DEBUG  FoundConnectionInserter: insert trace failed for net #11 at corner 37/37 on layer 3, trace width: 750, from corner: 15, okPoint: (911362,-685561), target: (807619,-776750)
2026-09-12 22:09:44.477 DEBUG  [65D778\B45082] Autorouter Failed to route connection between polylinetrace, via, pin #4 of component #21 and polylinetrace, polylinetrace, polylinetrace, via, via, pin #3 of component #16, pin #1 of component #4, because the new connection could not be inserted.
2026-09-12 22:09:44.478 DEBUG  [65D778\B45082] Pass #3: Failed to route Pin on net '/Eight ring pods/Pod 1 {slash} U19/LOCAL_SDA' (4 items remaining, 1 failures). State: FAILED
2026-09-12 22:09:44.544 DEBUG  FoundConnectionInserter: insert trace failed for net #14 at corner 22/22 on layer 2, trace width: 750, from corner: 15, okPoint: (912077,-694761), target: (907575,-732840)
2026-09-12 22:09:44.547 DEBUG  [65D778\B45082] Autorouter Failed to route connection between polylinetrace, via, pin of component #17 and pin #2 of component #16, because the new connection could not be inserted.
2026-09-12 22:09:44.547 DEBUG  [65D778\B45082] Pass #3: Failed to route Pin on net '/Eight ring pods/Pod 1 {slash} U19/LRA_P' (3 items remaining, 1 failures). State: FAILED
2026-09-12 22:09:44.691 INFO   [65D778\B45082] Auto-routing pass #3 on board 'b9390ce9b60d2118c7e43324612ef33e' was completed in 0.76 seconds with score 849.04 (8 unrouted and 0 violations), using 4.91 CPU seconds and the job allocated 30.45 GB of memory so far.
2026-09-12 22:09:44.716 DEBUG  Queuing item for routing: PolylineTrace on net 'POD_3V3' (connected: 31/36)
2026-09-12 22:09:44.716 DEBUG  Queuing item for routing: Pin on net 'RING_nRESET' (connected: 10/11)
2026-09-12 22:09:44.716 DEBUG  Queuing item for routing: Pin on net '/Eight ring pods/Pod 1 {slash} U19/UART_TX_LOCAL' (connected: 10/11)
2026-09-12 22:09:44.716 DEBUG  Queuing item for routing: Pin on net 'GND' (connected: 10/36)
2026-09-12 22:09:44.716 DEBUG  Queuing item for routing: Pin on net 'POD_3V3' (connected: 3/36)
2026-09-12 22:09:44.716 DEBUG  Queuing item for routing: Pin on net '/Eight ring pods/Pod 1 {slash} U19/UART_TX_LOCAL' (connected: 1/11)
2026-09-12 22:09:44.717 DEBUG  Queuing item for routing: Pin on net 'GND' (connected: 26/36)
2026-09-12 22:09:44.717 DEBUG  Queuing item for routing: Pin on net '/Eight ring pods/Pod 1 {slash} U19/LOCAL_SDA' (connected: 3/10)
2026-09-12 22:09:44.717 DEBUG  Queuing item for routing: Pin on net '/Eight ring pods/Pod 1 {slash} U19/LRA_P' (connected: 3/6)
2026-09-12 22:09:44.717 DEBUG  Queuing item for routing: Pin on net '/Eight ring pods/Pod 1 {slash} U19/LOCAL_SDA' (connected: 7/10)
2026-09-12 22:09:44.717 DEBUG  Queuing item for routing: Pin on net '/Eight ring pods/Pod 1 {slash} U19/LRA_P' (connected: 3/6)
2026-09-12 22:09:44.717 DEBUG  Queuing item for routing: Pin on net 'RING_nRESET' (connected: 1/11)
2026-09-12 22:09:44.717 DEBUG  Queuing item for routing: Pin on net 'POD_3V3' (connected: 1/36)
2026-09-12 22:09:44.717 DEBUG  Queuing item for routing: Pin on net 'POD_3V3' (connected: 1/36)
2026-09-12 22:09:44.727 DEBUG  [65D778\B45082] Pass #4: 8 incompletes across 14 items to route
2026-09-12 22:09:44.727 DEBUG  [65D778\B45082]   Net 'POD_3V3' has 3 incomplete(s)
2026-09-12 22:09:44.727 DEBUG  [65D778\B45082]   Net '/Eight ring pods/Pod 1 {slash} U19/UART_TX_LOCAL' has 1 incomplete(s)
2026-09-12 22:09:44.727 DEBUG  [65D778\B45082]   Net 'GND' has 1 incomplete(s)
2026-09-12 22:09:44.727 DEBUG  [65D778\B45082]   Net 'RING_nRESET' has 1 incomplete(s)
2026-09-12 22:09:44.727 DEBUG  [65D778\B45082]   Net '/Eight ring pods/Pod 1 {slash} U19/LOCAL_SDA' has 1 incomplete(s)
2026-09-12 22:09:44.727 DEBUG  [65D778\B45082]   Net '/Eight ring pods/Pod 1 {slash} U19/LRA_P' has 1 incomplete(s)
2026-09-12 22:09:44.954 DEBUG  FoundConnectionInserter: insert trace failed for net #11 at corner 10/10 on layer 2, trace width: 750, from corner: 5, okPoint: (863196,-725135), target: (865641,-654063)
2026-09-12 22:09:44.957 DEBUG  [65D778\B45082] Autorouter Failed to route connection between polylinetrace, polylinetrace, polylinetrace, via, via, pin #3 of component #16, pin #1 of component #4 and polylinetrace, via, pin #4 of component #21, because the new connection could not be inserted.
2026-09-12 22:09:45.039 DEBUG  FoundConnectionInserter: insert trace failed for net #14 at corner 37/37 on layer 3, trace width: 750, from corner: 1, okPoint: (907575,-712409), target: (823445,-531567)
2026-09-12 22:09:45.042 DEBUG  [65D778\B45082] Autorouter Failed to route connection between pin #2 of component #16 and polylinetrace, via, pin of component #17, because the new connection could not be inserted.
2026-09-12 22:09:45.052 DEBUG  FoundConnectionInserter: insert trace failed for net #11 at corner 15/15 on layer 2, trace width: 750, from corner: 8, okPoint: (863211,-723808), target: (831656,-746296)
2026-09-12 22:09:45.055 DEBUG  [65D778\B45082] Autorouter Failed to route connection between polylinetrace, via, polylinetrace, via, pin #4 of component #21 and polylinetrace, polylinetrace, polylinetrace, via, via, pin #3 of component #16, pin #1 of component #4, because the new connection could not be inserted.
2026-09-12 22:09:45.055 DEBUG  [65D778\B45082] Pass #4: Failed to route Pin on net '/Eight ring pods/Pod 1 {slash} U19/LOCAL_SDA' (5 items remaining, 2 failures). State: FAILED
2026-09-12 22:09:45.281 DEBUG  FoundConnectionInserter: insert trace failed for net #14 at corner 9/9 on layer 0, trace width: 750, from corner: 2, okPoint: (838388,-535612), target: (824625,-534537)
2026-09-12 22:09:45.284 DEBUG  [65D778\B45082] Autorouter Failed to route connection between polylinetrace, via, pin of component #17 and pin #2 of component #16, because the new connection could not be inserted.
2026-09-12 22:09:45.284 DEBUG  [65D778\B45082] Pass #4: Failed to route Pin on net '/Eight ring pods/Pod 1 {slash} U19/LRA_P' (4 items remaining, 2 failures). State: FAILED
2026-09-12 22:09:45.391 INFO   [65D778\B45082] Auto-routing pass #4 on board '5966d7f7e6c9037cbce0cb48678b134b' was completed in 0.67 seconds with score 905.65 (5 unrouted and 0 violations), using 5.91 CPU seconds and the job allocated 37.77 GB of memory so far.
2026-09-12 22:09:45.421 DEBUG  Queuing item for routing: Pin on net '/Eight ring pods/Pod 1 {slash} U19/UART_RX_LOCAL' (connected: 11/12)
2026-09-12 22:09:45.422 DEBUG  Queuing item for routing: Pin on net 'GND' (connected: 37/38)
2026-09-12 22:09:45.422 DEBUG  Queuing item for routing: Pin on net '/Eight ring pods/Pod 1 {slash} U19/LOCAL_SDA' (connected: 3/10)
2026-09-12 22:09:45.422 DEBUG  Queuing item for routing: Pin on net '/Eight ring pods/Pod 1 {slash} U19/LRA_P' (connected: 3/4)
2026-09-12 22:09:45.422 DEBUG  Queuing item for routing: Pin on net '/Eight ring pods/Pod 1 {slash} U19/LOCAL_SDA' (connected: 7/10)
2026-09-12 22:09:45.422 DEBUG  Queuing item for routing: Pin on net '/Eight ring pods/Pod 1 {slash} U19/LRA_P' (connected: 1/4)
2026-09-12 22:09:45.422 DEBUG  Queuing item for routing: Pin on net '/Eight ring pods/Pod 1 {slash} U19/DRV_REG' (connected: 1/2)
2026-09-12 22:09:45.422 DEBUG  Queuing item for routing: Pin on net '/Eight ring pods/Pod 1 {slash} U19/DRV_REG' (connected: 1/2)
2026-09-12 22:09:45.422 DEBUG  Queuing item for routing: Pin on net 'GND' (connected: 1/38)
2026-09-12 22:09:45.422 DEBUG  Queuing item for routing: Pin on net '/Eight ring pods/Pod 1 {slash} U19/UART_RX_LOCAL' (connected: 1/12)
2026-09-12 22:09:45.436 DEBUG  [65D778\B45082] Pass #5: 5 incompletes across 10 items to route
2026-09-12 22:09:45.436 DEBUG  [65D778\B45082]   Net 'GND' has 1 incomplete(s)
2026-09-12 22:09:45.436 DEBUG  [65D778\B45082]   Net '/Eight ring pods/Pod 1 {slash} U19/UART_RX_LOCAL' has 1 incomplete(s)
2026-09-12 22:09:45.436 DEBUG  [65D778\B45082]   Net '/Eight ring pods/Pod 1 {slash} U19/LOCAL_SDA' has 1 incomplete(s)
2026-09-12 22:09:45.436 DEBUG  [65D778\B45082]   Net '/Eight ring pods/Pod 1 {slash} U19/DRV_REG' has 1 incomplete(s)
2026-09-12 22:09:45.436 DEBUG  [65D778\B45082]   Net '/Eight ring pods/Pod 1 {slash} U19/LRA_P' has 1 incomplete(s)
2026-09-12 22:09:45.515 DEBUG  FoundConnectionInserter: insert trace failed for net #11 at corner 10/10 on layer 2, trace width: 750, from corner: 5, okPoint: (863196,-725135), target: (865641,-654063)
2026-09-12 22:09:45.518 DEBUG  [65D778\B45082] Autorouter Failed to route connection between polylinetrace, polylinetrace, polylinetrace, via, via, pin #3 of component #16, pin #1 of component #4 and polylinetrace, via, pin #4 of component #21, because the new connection could not be inserted.
2026-09-12 22:09:45.518 DEBUG  [65D778\B45082] Pass #5: Failed to route Pin on net '/Eight ring pods/Pod 1 {slash} U19/LOCAL_SDA' (8 items remaining, 3 failures). State: FAILED
2026-09-12 22:09:45.594 DEBUG  FoundConnectionInserter: insert trace failed for net #14 at corner 32/32 on layer 3, trace width: 750, from corner: 1, okPoint: (907575,-712409), target: (850241,-533030)
2026-09-12 22:09:45.599 DEBUG  [65D778\B45082] Autorouter Failed to route connection between pin #2 of component #16 and polylinetrace, via, pin of component #17, because the new connection could not be inserted.
2026-09-12 22:09:45.599 DEBUG  [65D778\B45082] Pass #5: Failed to route Pin on net '/Eight ring pods/Pod 1 {slash} U19/LRA_P' (7 items remaining, 3 failures). State: FAILED
2026-09-12 22:09:45.612 DEBUG  FoundConnectionInserter: insert trace failed for net #11 at corner 15/15 on layer 2, trace width: 750, from corner: 8, okPoint: (863211,-723808), target: (830192,-746304)
2026-09-12 22:09:45.614 DEBUG  [65D778\B45082] Autorouter Failed to route connection between via, polylinetrace, polylinetrace, via, pin #4 of component #21 and polylinetrace, polylinetrace, polylinetrace, via, via, pin #3 of component #16, pin #1 of component #4, because the new connection could not be inserted.
2026-09-12 22:09:45.614 DEBUG  [65D778\B45082] Pass #5: Failed to route Pin on net '/Eight ring pods/Pod 1 {slash} U19/LOCAL_SDA' (6 items remaining, 3 failures). State: FAILED
2026-09-12 22:09:45.666 DEBUG  FoundConnectionInserter: insert trace failed for net #14 at corner 16/16 on layer 2, trace width: 750, from corner: 9, okPoint: (912077,-694761), target: (907575,-732840)
2026-09-12 22:09:45.669 DEBUG  [65D778\B45082] Autorouter Failed to route connection between polylinetrace, via, pin of component #17 and pin #2 of component #16, because the new connection could not be inserted.
2026-09-12 22:09:45.669 DEBUG  [65D778\B45082] Pass #5: Failed to route Pin on net '/Eight ring pods/Pod 1 {slash} U19/LRA_P' (5 items remaining, 3 failures). State: FAILED
2026-09-12 22:09:46.105 DEBUG  [65D778\B45082] Autorouter Failed to route connection between pin of component #12 and pin #1 of component #16, because no connection was found between their nets.
2026-09-12 22:09:46.105 DEBUG  [65D778\B45082] Pass #5: Failed to route Pin on net '/Eight ring pods/Pod 1 {slash} U19/DRV_REG' (4 items remaining, 1 failures). State: FAILED
2026-09-12 22:09:46.198 INFO   [65D778\B45082] Auto-routing pass #5 on board '6878a64cfbdfd79edb0a812d3b3c5e1d' was completed in 0.78 seconds with score 924.51 (4 unrouted and 0 violations), using 6.88 CPU seconds and the job allocated 45.27 GB of memory so far.
2026-09-12 22:09:46.227 DEBUG  Queuing item for routing: PolylineTrace on net 'POD_3V3' (connected: 42/43)
2026-09-12 22:09:46.228 DEBUG  Queuing item for routing: Pin on net 'GND' (connected: 11/37)
2026-09-12 22:09:46.228 DEBUG  Queuing item for routing: Pin on net 'GND' (connected: 26/37)
2026-09-12 22:09:46.228 DEBUG  Queuing item for routing: Pin on net '/Eight ring pods/Pod 1 {slash} U19/LOCAL_SDA' (connected: 3/10)
2026-09-12 22:09:46.228 DEBUG  Queuing item for routing: Pin on net '/Eight ring pods/Pod 1 {slash} U19/LRA_P' (connected: 3/6)
2026-09-12 22:09:46.228 DEBUG  Queuing item for routing: Pin on net '/Eight ring pods/Pod 1 {slash} U19/LOCAL_SDA' (connected: 7/10)
2026-09-12 22:09:46.228 DEBUG  Queuing item for routing: Pin on net '/Eight ring pods/Pod 1 {slash} U19/LRA_P' (connected: 3/6)
2026-09-12 22:09:46.228 DEBUG  Queuing item for routing: Pin on net 'POD_3V3' (connected: 1/43)
2026-09-12 22:09:46.239 DEBUG  [65D778\B45082] Pass #6: 4 incompletes across 8 items to route
2026-09-12 22:09:46.239 DEBUG  [65D778\B45082]   Net 'POD_3V3' has 1 incomplete(s)
2026-09-12 22:09:46.239 DEBUG  [65D778\B45082]   Net 'GND' has 1 incomplete(s)
2026-09-12 22:09:46.239 DEBUG  [65D778\B45082]   Net '/Eight ring pods/Pod 1 {slash} U19/LOCAL_SDA' has 1 incomplete(s)
2026-09-12 22:09:46.239 DEBUG  [65D778\B45082]   Net '/Eight ring pods/Pod 1 {slash} U19/LRA_P' has 1 incomplete(s)
2026-09-12 22:09:46.409 DEBUG  FoundConnectionInserter: insert trace failed for net #14 at corner 32/32 on layer 3, trace width: 750, from corner: 1, okPoint: (907575,-712409), target: (848075,-529802)
2026-09-12 22:09:46.412 DEBUG  [65D778\B45082] Autorouter Failed to route connection between pin #2 of component #16 and polylinetrace, via, pin of component #17, because the new connection could not be inserted.
2026-09-12 22:09:46.412 DEBUG  [65D778\B45082] Pass #6: Failed to route Pin on net '/Eight ring pods/Pod 1 {slash} U19/LRA_P' (4 items remaining, 4 failures). State: FAILED
2026-09-12 22:09:46.476 DEBUG  FoundConnectionInserter: insert trace failed for net #14 at corner 16/16 on layer 2, trace width: 750, from corner: 9, okPoint: (912077,-694761), target: (907575,-732840)
2026-09-12 22:09:46.479 DEBUG  [65D778\B45082] Autorouter Failed to route connection between polylinetrace, via, pin of component #17 and pin #2 of component #16, because the new connection could not be inserted.
2026-09-12 22:09:46.479 DEBUG  [65D778\B45082] Pass #6: Failed to route Pin on net '/Eight ring pods/Pod 1 {slash} U19/LRA_P' (2 items remaining, 4 failures). State: FAILED
2026-09-12 22:09:46.526 INFO   [65D778\B45082] Auto-routing pass #6 on board 'f8de39f2c49eadaa7e9f9f8555896d8a' was completed in 0.30 seconds with score 943.38 (3 unrouted and 0 violations), using 6.88 CPU seconds and the job allocated 45.27 GB of memory so far.
2026-09-12 22:09:46.557 DEBUG  Queuing item for routing: Pin on net '/Eight ring pods/Pod 1 {slash} U19/UART_RX_LOCAL' (connected: 11/12)
2026-09-12 22:09:46.557 DEBUG  Queuing item for routing: Pin on net 'GND' (connected: 11/38)
2026-09-12 22:09:46.557 DEBUG  Queuing item for routing: Pin on net 'GND' (connected: 27/38)
2026-09-12 22:09:46.558 DEBUG  Queuing item for routing: Pin on net '/Eight ring pods/Pod 1 {slash} U19/LRA_P' (connected: 3/6)
2026-09-12 22:09:46.558 DEBUG  Queuing item for routing: Pin on net '/Eight ring pods/Pod 1 {slash} U19/LRA_P' (connected: 3/6)
2026-09-12 22:09:46.558 DEBUG  Queuing item for routing: Pin on net '/Eight ring pods/Pod 1 {slash} U19/UART_RX_LOCAL' (connected: 1/12)
2026-09-12 22:09:46.570 DEBUG  [65D778\B45082] Pass #7: 3 incompletes across 6 items to route
2026-09-12 22:09:46.570 DEBUG  [65D778\B45082]   Net 'GND' has 1 incomplete(s)
2026-09-12 22:09:46.570 DEBUG  [65D778\B45082]   Net '/Eight ring pods/Pod 1 {slash} U19/UART_RX_LOCAL' has 1 incomplete(s)
2026-09-12 22:09:46.570 DEBUG  [65D778\B45082]   Net '/Eight ring pods/Pod 1 {slash} U19/LRA_P' has 1 incomplete(s)
2026-09-12 22:09:46.698 INFO   [65D778\B45082] Auto-routing pass #7 on board 'b46f51ea1b795e911a4eb5358d6aca05' was completed in 0.14 seconds with score 943.38 (3 unrouted and 0 violations), using 6.88 CPU seconds and the job allocated 45.27 GB of memory so far.
2026-09-12 22:09:46.727 DEBUG  Queuing item for routing: PolylineTrace on net 'POD_3V3' (connected: 42/43)
2026-09-12 22:09:46.727 DEBUG  Queuing item for routing: Pin on net 'GND' (connected: 11/38)
2026-09-12 22:09:46.728 DEBUG  Queuing item for routing: Pin on net 'GND' (connected: 27/38)
2026-09-12 22:09:46.728 DEBUG  Queuing item for routing: Pin on net '/Eight ring pods/Pod 1 {slash} U19/LRA_N' (connected: 3/6)
2026-09-12 22:09:46.728 DEBUG  Queuing item for routing: Pin on net '/Eight ring pods/Pod 1 {slash} U19/LRA_N' (connected: 3/6)
2026-09-12 22:09:46.728 DEBUG  Queuing item for routing: Pin on net 'POD_3V3' (connected: 1/43)
2026-09-12 22:09:46.741 DEBUG  [65D778\B45082] Pass #8: 3 incompletes across 6 items to route
2026-09-12 22:09:46.741 DEBUG  [65D778\B45082]   Net 'POD_3V3' has 1 incomplete(s)
2026-09-12 22:09:46.741 DEBUG  [65D778\B45082]   Net 'GND' has 1 incomplete(s)
2026-09-12 22:09:46.741 DEBUG  [65D778\B45082]   Net '/Eight ring pods/Pod 1 {slash} U19/LRA_N' has 1 incomplete(s)
2026-09-12 22:09:46.905 DEBUG  FoundConnectionInserter: insert trace failed for net #1 at corner 21/21 on layer 0, trace width: 750, from corner: 7, okPoint: (777388,-611711), target: (811638,-550549)
2026-09-12 22:09:46.907 DEBUG  [65D778\B45082] Autorouter Failed to route connection between polylinetrace, polylinetrace, polylinetrace, polylinetrace, via, polylinetrace, polylinetrace, via, polylinetrace, polylinetrace, polylinetrace, polylinetrace, polylinetrace, polylinetrace, via, polylinetrace, via, polylinetrace, via, polylinetrace, polylinetrace, polylinetrace, polylinetrace, polylinetrace, polylinetrace, polylinetrace, polylinetrace, pin of component #22, pin #8 of component #21, pin #7 of component #16, pin #4 of component #16, pin of component #15, pin of component #14, pin of component #13, pin of component #11, pin of component #10, pin of component #9, pin of component #8, pin of component #7, pin of component #5, pin of component #4, pin of component #1 and pin of component #3, because the new connection could not be inserted.
2026-09-12 22:09:46.907 DEBUG  [65D778\B45082] Pass #8: Failed to route Pin on net 'POD_3V3' (1 items remaining, 1 failures). State: FAILED
2026-09-12 22:09:46.944 INFO   [65D778\B45082] Auto-routing pass #8 on board 'ac2c865bbb6405361c5ad30a4a4d87c9' was completed in 0.22 seconds with score 943.38 (3 unrouted and 0 violations), using 6.88 CPU seconds and the job allocated 45.27 GB of memory so far.
2026-09-12 22:09:46.973 DEBUG  Queuing item for routing: PolylineTrace on net 'POD_3V3' (connected: 42/43)
2026-09-12 22:09:46.974 DEBUG  Queuing item for routing: Pin on net '/Eight ring pods/Pod 1 {slash} U19/UART_RX_LOCAL' (connected: 11/12)
2026-09-12 22:09:46.974 DEBUG  Queuing item for routing: Pin on net '/Eight ring pods/Pod 1 {slash} U19/LRA_P' (connected: 3/4)
2026-09-12 22:09:46.974 DEBUG  Queuing item for routing: Pin on net '/Eight ring pods/Pod 1 {slash} U19/LRA_P' (connected: 1/4)
2026-09-12 22:09:46.974 DEBUG  Queuing item for routing: Pin on net '/Eight ring pods/Pod 1 {slash} U19/UART_RX_LOCAL' (connected: 1/12)
2026-09-12 22:09:46.974 DEBUG  Queuing item for routing: Pin on net 'POD_3V3' (connected: 1/43)
2026-09-12 22:09:46.987 DEBUG  [65D778\B45082] Pass #9: 3 incompletes across 6 items to route
2026-09-12 22:09:46.987 DEBUG  [65D778\B45082]   Net 'POD_3V3' has 1 incomplete(s)
2026-09-12 22:09:46.987 DEBUG  [65D778\B45082]   Net '/Eight ring pods/Pod 1 {slash} U19/UART_RX_LOCAL' has 1 incomplete(s)
2026-09-12 22:09:46.987 DEBUG  [65D778\B45082]   Net '/Eight ring pods/Pod 1 {slash} U19/LRA_P' has 1 incomplete(s)
2026-09-12 22:09:47.124 DEBUG  FoundConnectionInserter: insert trace failed for net #14 at corner 17/28 on layer 3, trace width: 750, from corner: 16, okPoint: null, target: (895441,-610931)
2026-09-12 22:09:47.127 DEBUG  [65D778\B45082] Autorouter Failed to route connection between pin #2 of component #16 and polylinetrace, via, pin of component #17, because the new connection could not be inserted.
2026-09-12 22:09:47.127 DEBUG  [65D778\B45082] Pass #9: Failed to route Pin on net '/Eight ring pods/Pod 1 {slash} U19/LRA_P' (4 items remaining, 5 failures). State: FAILED
2026-09-12 22:09:47.634 DEBUG  FoundConnectionInserter: insert trace failed for net #1 at corner 23/23 on layer 0, trace width: 750, from corner: 9, okPoint: (777388,-611711), target: (811638,-550549)
2026-09-12 22:09:47.637 DEBUG  [65D778\B45082] Autorouter Failed to route connection between polylinetrace, polylinetrace, polylinetrace, polylinetrace, polylinetrace, via, polylinetrace, polylinetrace, via, polylinetrace, polylinetrace, polylinetrace, polylinetrace, polylinetrace, via, polylinetrace, via, polylinetrace, via, polylinetrace, polylinetrace, polylinetrace, polylinetrace, polylinetrace, polylinetrace, polylinetrace, polylinetrace, pin of component #22, pin #8 of component #21, pin #7 of component #16, pin #4 of component #16, pin of component #15, pin of component #14, pin of component #13, pin of component #11, pin of component #10, pin of component #9, pin of component #8, pin of component #7, pin of component #5, pin of component #4, pin of component #1 and pin of component #3, because the new connection could not be inserted.
2026-09-12 22:09:47.637 DEBUG  [65D778\B45082] Pass #9: Failed to route Pin on net 'POD_3V3' (1 items remaining, 2 failures). State: FAILED
2026-09-12 22:09:47.679 INFO   [65D778\B45082] Auto-routing pass #9 on board 'e902ede98ba49e7a0d61a5411f73fd88' was completed in 0.71 seconds with score 924.51 (4 unrouted and 0 violations), using 7.86 CPU seconds and the job allocated 54.64 GB of memory so far.
2026-09-12 22:09:47.708 DEBUG  Queuing item for routing: PolylineTrace on net 'POD_3V3' (connected: 42/43)
2026-09-12 22:09:47.708 DEBUG  Queuing item for routing: Pin on net 'VBAT' (connected: 8/11)
2026-09-12 22:09:47.708 DEBUG  Queuing item for routing: Pin on net '/Eight ring pods/Pod 1 {slash} U19/UART_RX_LOCAL' (connected: 11/12)
2026-09-12 22:09:47.709 DEBUG  Queuing item for routing: Pin on net 'GND' (connected: 10/36)
2026-09-12 22:09:47.709 DEBUG  Queuing item for routing: Pin on net 'GND' (connected: 26/36)
2026-09-12 22:09:47.709 DEBUG  Queuing item for routing: Pin on net 'VBAT' (connected: 3/11)
2026-09-12 22:09:47.709 DEBUG  Queuing item for routing: Pin on net '/Eight ring pods/Pod 1 {slash} U19/UART_RX_LOCAL' (connected: 1/12)
2026-09-12 22:09:47.709 DEBUG  Queuing item for routing: Pin on net 'POD_3V3' (connected: 1/43)
2026-09-12 22:09:47.722 DEBUG  [65D778\B45082] Pass #10: 4 incompletes across 8 items to route
2026-09-12 22:09:47.722 DEBUG  [65D778\B45082]   Net 'POD_3V3' has 1 incomplete(s)
2026-09-12 22:09:47.722 DEBUG  [65D778\B45082]   Net 'GND' has 1 incomplete(s)
2026-09-12 22:09:47.722 DEBUG  [65D778\B45082]   Net '/Eight ring pods/Pod 1 {slash} U19/UART_RX_LOCAL' has 1 incomplete(s)
2026-09-12 22:09:47.722 DEBUG  [65D778\B45082]   Net 'VBAT' has 1 incomplete(s)
2026-09-12 22:09:47.760 DEBUG  FoundConnectionInserter: insert trace failed for net #9 at corner 28/28 on layer 3, trace width: 750, from corner: 9, okPoint: (860750,-570913), target: (894537,-643522)
2026-09-12 22:09:47.763 DEBUG  [65D778\B45082] Autorouter Failed to route connection between polylinetrace, via, pin #4 of component #11 and polylinetrace, polylinetrace, polylinetrace, polylinetrace, via, via, pin #1 of component #23, pin #4 of component #10, because the new connection could not be inserted.
2026-09-12 22:09:48.297 DEBUG  FoundConnectionInserter: insert trace failed for net #1 at corner 23/23 on layer 0, trace width: 750, from corner: 9, okPoint: (777388,-611711), target: (811638,-550549)
2026-09-12 22:09:48.300 DEBUG  [65D778\B45082] Autorouter Failed to route connection between polylinetrace, polylinetrace, polylinetrace, polylinetrace, polylinetrace, polylinetrace, via, polylinetrace, polylinetrace, via, polylinetrace, polylinetrace, polylinetrace, via, polylinetrace, via, polylinetrace, via, polylinetrace, polylinetrace, polylinetrace, polylinetrace, polylinetrace, polylinetrace, polylinetrace, polylinetrace, pin of component #22, pin #8 of component #21, pin #7 of component #16, pin #4 of component #16, pin of component #15, pin of component #14, pin of component #13, pin of component #11, pin of component #10, pin of component #9, pin of component #8, pin of component #7, pin of component #5, pin of component #4, pin of component #1 and pin of component #3, because the new connection could not be inserted.
2026-09-12 22:09:48.300 DEBUG  [65D778\B45082] Pass #10: Failed to route Pin on net 'POD_3V3' (1 items remaining, 3 failures). State: FAILED
2026-09-12 22:09:48.343 INFO   [65D778\B45082] Auto-routing pass #10 on board '85dbd5c0915cc0a755a3ab1eb9534a4c' was completed in 0.64 seconds with score 962.25 (2 unrouted and 0 violations), using 8.81 CPU seconds and the job allocated 61.70 GB of memory so far.
2026-09-12 22:09:48.374 DEBUG  Queuing item for routing: PolylineTrace on net 'POD_3V3' (connected: 41/42)
2026-09-12 22:09:48.374 DEBUG  Queuing item for routing: Pin on net '/Eight ring pods/Pod 1 {slash} U19/UART_RX_LOCAL' (connected: 11/12)
2026-09-12 22:09:48.375 DEBUG  Queuing item for routing: Pin on net '/Eight ring pods/Pod 1 {slash} U19/UART_RX_LOCAL' (connected: 1/12)
2026-09-12 22:09:48.375 DEBUG  Queuing item for routing: Pin on net 'POD_3V3' (connected: 1/42)
2026-09-12 22:09:48.388 DEBUG  [65D778\B45082] Pass #11: 2 incompletes across 4 items to route
2026-09-12 22:09:48.388 DEBUG  [65D778\B45082]   Net 'POD_3V3' has 1 incomplete(s)
2026-09-12 22:09:48.388 DEBUG  [65D778\B45082]   Net '/Eight ring pods/Pod 1 {slash} U19/UART_RX_LOCAL' has 1 incomplete(s)
2026-09-12 22:09:48.814 DEBUG  FoundConnectionInserter: insert trace failed for net #1 at corner 23/23 on layer 0, trace width: 750, from corner: 9, okPoint: (777388,-611711), target: (811638,-550549)
2026-09-12 22:09:48.817 DEBUG  [65D778\B45082] Autorouter Failed to route connection between polylinetrace, polylinetrace, polylinetrace, polylinetrace, polylinetrace, polylinetrace, via, polylinetrace, polylinetrace, via, polylinetrace, polylinetrace, polylinetrace, via, polylinetrace, via, polylinetrace, via, polylinetrace, polylinetrace, polylinetrace, polylinetrace, polylinetrace, polylinetrace, polylinetrace, polylinetrace, pin of component #22, pin #8 of component #21, pin #7 of component #16, pin #4 of component #16, pin of component #15, pin of component #14, pin of component #13, pin of component #11, pin of component #10, pin of component #9, pin of component #8, pin of component #7, pin of component #5, pin of component #4, pin of component #1 and pin of component #3, because the new connection could not be inserted.
2026-09-12 22:09:48.817 DEBUG  [65D778\B45082] Pass #11: Failed to route Pin on net 'POD_3V3' (1 items remaining, 4 failures). State: FAILED
2026-09-12 22:09:48.862 INFO   [65D778\B45082] Auto-routing pass #11 on board 'e779d986a4f6f1accc91ded40b2d9549' was completed in 0.49 seconds with score 962.25 (2 unrouted and 0 violations), using 8.81 CPU seconds and the job allocated 61.70 GB of memory so far.
2026-09-12 22:09:48.880 DEBUG  Queuing item for routing: PolylineTrace on net 'POD_3V3' (connected: 41/42)
2026-09-12 22:09:48.880 DEBUG  Queuing item for routing: Pin on net '/Eight ring pods/Pod 1 {slash} U19/UART_RX_LOCAL' (connected: 11/12)
2026-09-12 22:09:48.881 DEBUG  Queuing item for routing: Pin on net '/Eight ring pods/Pod 1 {slash} U19/UART_RX_LOCAL' (connected: 1/12)
2026-09-12 22:09:48.881 DEBUG  Queuing item for routing: Pin on net 'POD_3V3' (connected: 1/42)
2026-09-12 22:09:48.894 DEBUG  [65D778\B45082] Pass #12: 2 incompletes across 4 items to route
2026-09-12 22:09:48.894 DEBUG  [65D778\B45082]   Net 'POD_3V3' has 1 incomplete(s)
2026-09-12 22:09:48.894 DEBUG  [65D778\B45082]   Net '/Eight ring pods/Pod 1 {slash} U19/UART_RX_LOCAL' has 1 incomplete(s)
2026-09-12 22:09:49.323 DEBUG  FoundConnectionInserter: insert trace failed for net #1 at corner 23/23 on layer 0, trace width: 750, from corner: 9, okPoint: (777388,-611711), target: (811638,-550549)
2026-09-12 22:09:49.326 DEBUG  [65D778\B45082] Autorouter Failed to route connection between polylinetrace, polylinetrace, polylinetrace, polylinetrace, polylinetrace, polylinetrace, via, polylinetrace, polylinetrace, via, polylinetrace, polylinetrace, polylinetrace, via, polylinetrace, via, polylinetrace, via, polylinetrace, polylinetrace, polylinetrace, polylinetrace, polylinetrace, polylinetrace, polylinetrace, polylinetrace, pin of component #22, pin #8 of component #21, pin #7 of component #16, pin #4 of component #16, pin of component #15, pin of component #14, pin of component #13, pin of component #11, pin of component #10, pin of component #9, pin of component #8, pin of component #7, pin of component #5, pin of component #4, pin of component #1 and pin of component #3, because the new connection could not be inserted.
2026-09-12 22:09:49.326 DEBUG  [65D778\B45082] Pass #12: Failed to route Pin on net 'POD_3V3' (1 items remaining, 5 failures). State: FAILED
2026-09-12 22:09:49.369 INFO   [65D778\B45082] Auto-routing pass #12 on board 'e779d986a4f6f1accc91ded40b2d9549' was completed in 0.49 seconds with score 962.25 (2 unrouted and 0 violations), using 9.80 CPU seconds and the job allocated 69.05 GB of memory so far.
2026-09-12 22:09:49.385 DEBUG  === Performance Profile ===
2026-09-12 22:09:49.386 DEBUG  === Routing Parameters ===
2026-09-12 22:09:49.386 DEBUG    Via Costs: 50, Plane Via Costs: 5
2026-09-12 22:09:49.386 DEBUG    Layer Costs (Preferred / Against):
2026-09-12 22:09:49.386 DEBUG      Layer 1: 1.8 / 3.8
2026-09-12 22:09:49.386 DEBUG      Layer 2: 1.0 / 1.5
2026-09-12 22:09:49.386 DEBUG      Layer 3: 1.0 / 3.0
2026-09-12 22:09:49.386 DEBUG      Layer 4: 1.8 / 2.3
2026-09-12 22:09:49.386 DEBUG  
2026-09-12 22:09:49.386 DEBUG    autoroute_item                          :     7213 ms total,      146 calls,     49 ms avg
2026-09-12 22:09:49.386 DEBUG  
2026-09-12 22:09:49.386 DEBUG  === Pass History ===
2026-09-12 22:09:49.387 DEBUG    Pass 1  :   15 unrouted items,     1.55 s,   100 ripup cost
2026-09-12 22:09:49.387 DEBUG    Pass 2  :   10 unrouted items,     1.65 s,   200 ripup cost
2026-09-12 22:09:49.387 DEBUG    Pass 3  :    8 unrouted items,     0.75 s,   300 ripup cost
2026-09-12 22:09:49.387 DEBUG    Pass 4  :    5 unrouted items,     0.66 s,   400 ripup cost
2026-09-12 22:09:49.387 DEBUG    Pass 5  :    4 unrouted items,     0.77 s,   500 ripup cost
2026-09-12 22:09:49.387 DEBUG    Pass 6  :    3 unrouted items,     0.29 s,   600 ripup cost
2026-09-12 22:09:49.387 DEBUG    Pass 7  :    3 unrouted items,     0.13 s,   700 ripup cost
2026-09-12 22:09:49.387 DEBUG    Pass 8  :    3 unrouted items,     0.20 s,   800 ripup cost
2026-09-12 22:09:49.387 DEBUG    Pass 9  :    4 unrouted items,     0.69 s,   900 ripup cost
2026-09-12 22:09:49.387 DEBUG    Pass 10 :    2 unrouted items,     0.62 s,  1000 ripup cost
2026-09-12 22:09:49.387 DEBUG    Pass 11 :    2 unrouted items,     0.47 s,  1100 ripup cost
2026-09-12 22:09:49.387 DEBUG    Pass 12 :    2 unrouted items,     0.48 s,  1200 ripup cost
2026-09-12 22:09:49.387 DEBUG  ===========================
2026-09-12 22:09:49.401 INFO   [65D778\B45082] Auto-routing stage completed: started with 52 unrouted nets, completed in 10.23 seconds, final score: 962.25 (2 unrouted and 0 violations), using 9.80 total CPU seconds, 69.05 GB total allocated, and 1214.2 MB peak heap usage.
2026-09-12 22:09:49.402 DEBUG  [65D778\B45082] Before optimization: Via count: 39, trace length: 5026970
2026-09-12 22:09:49.415 INFO   [65D778\B45082] Optimization stage started on board 'e779d986a4f6f1accc91ded40b2d9549' with score 962.25 (2 unrouted and 0 violations).
2026-09-12 22:09:50.840 INFO   [65D778\B45082] Stopping optimization pass #1 early after 50 consecutive items could not be improved.
2026-09-12 22:09:50.856 INFO   [65D778\B45082] Optimizer pass #1 on board '634640196c7b5423bf7ba192239f6777' was completed in 1.39 seconds with the score of 962.25 (2 unrouted and 0 violations).
2026-09-12 22:09:50.869 INFO   [65D778\B45082] Stopping optimizer because the improvement in this pass (0.0000%) is below the threshold (1.00%).
2026-09-12 22:09:50.883 INFO   [65D778\B45082] Optimization stage completed: started with score 962.25 (2 unrouted and 0 violations), completed in 1.46 seconds, final score: 962.25 (2 unrouted and 0 violations), using 1.44 total CPU seconds, 18.22 GB total allocated, and 1022.5 MB peak heap usage.
2026-09-12 22:09:50.886 INFO   [65D778\B45082] Job '65D778\B45082' finished with state: COMPLETED (elapsed: 11.76 seconds, finished at UTC: 2026-09-13T05:09:50.886663800Z).
2026-09-12 22:09:51.361 INFO   Saving output file 'C:\Users\mmsyl\Documents\haptic-bracelet\hardware\verification\routing\pod-1\pod-1.ses' (SES)...
2026-09-12 22:09:51.363 INFO   Successfully saved output file 'C:\Users\mmsyl\Documents\haptic-bracelet\hardware\verification\routing\pod-1\pod-1.ses' (20961 bytes).
2026-09-12 22:11:56.640 INFO   Freerouting v2.4.1 (build-date: 2026-09-03)
2026-09-12 22:11:56.642 DEBUG  [startup] user-data path : hardware\verification\routing\runtime  (source: CLI argument --user_data_path)
2026-09-12 22:11:56.642 DEBUG  [startup] log file       : C:\Users\mmsyl\Documents\haptic-bracelet\hardware\verification\routing\runtime\freerouting.log
2026-09-12 22:11:56.665 DEBUG  Settings loaded from 'hardware\verification\routing\runtime\freerouting.json'.
2026-09-12 22:11:56.680 DEBUG  Version: 2.4.1,2026-09-03
2026-09-12 22:11:56.680 DEBUG  Command line arguments: '-de hardware/verification/routing/pod-1/pod-1.dsn -do hardware/verification/routing/pod-1/pod-1.ses -mp 40 -mt 2 -da --gui.enabled=false --api_server.enabled=false --user_data_path=hardware/verification/routing/runtime --router.layers.routable=true,false,false,true'
2026-09-12 22:11:56.680 DEBUG  Architecture: Windows 11,amd64,10.0
2026-09-12 22:11:56.680 DEBUG  Java: 25.0.4.1,Eclipse Adoptium
2026-09-12 22:11:56.680 DEBUG  System Language: en,en_US
2026-09-12 22:11:56.681 DEBUG  Hardware: 28 CPU cores, 387033 CPU score, 30688 MB RAM
2026-09-12 22:11:56.681 DEBUG  UTC Time: 2026-09-13T05:11:56.665559800Z
2026-09-12 22:11:56.682 DEBUG  GUI Language: en_US
2026-09-12 22:11:56.682 DEBUG  Host: N/A
2026-09-12 22:11:56.684 DEBUG  Analytics are disabled
2026-09-12 22:11:57.756 DEBUG  Loaded router settings from: hardware\verification\routing\runtime\freerouting.json
2026-09-12 22:11:57.757 DEBUG  Applied CLI router setting: router.max_passes = 40
2026-09-12 22:11:57.757 DEBUG  Applied CLI router setting: router.max_threads = 2
2026-09-12 22:11:57.757 DEBUG  Applied CLI router setting: router.layers.routable = true,false,false,true
2026-09-12 22:11:57.757 DEBUG  Applied CLI router setting: router.enabled = true (implicit from -de/-do batch mode)
2026-09-12 22:11:57.758 DEBUG  No router settings found in environment variables
2026-09-12 22:11:57.778 DEBUG  Version check skipped or timed out: java.net.ConnectException: Permission denied: getsockopt
2026-09-12 22:11:57.781 DEBUG  Set DEFAULT clearance (all layers): 1500 (0.0375 mm) from DSN value 150.0
2026-09-12 22:11:57.783 DEBUG  Set clearance (all layers): smd_smd = 375 (0.009375 mm), classes [2,2]
2026-09-12 22:11:57.784 DEBUG  Set default trace width (all layers): DSN=150.0 → board=1500 (0.0375 mm)
2026-09-12 22:11:57.792 DEBUG  Loaded router settings from DSN file: pod-1.dsn (4 layers)
2026-09-12 22:11:57.799 DEBUG  Set DEFAULT clearance (all layers): 1500 (0.0375 mm) from DSN value 150.0
2026-09-12 22:11:57.799 DEBUG  Set clearance (all layers): smd_smd = 375 (0.009375 mm), classes [2,2]
2026-09-12 22:11:57.799 DEBUG  Set default trace width (all layers): DSN=150.0 → board=1500 (0.0375 mm)
2026-09-12 22:11:57.801 DEBUG  Loaded router settings from DSN file: pod-1.dsn (4 layers)
2026-09-12 22:11:57.802 DEBUG  Merging settings from 5 sources:
2026-09-12 22:11:57.802 DEBUG    - Default Settings (priority 0): base settings
2026-09-12 22:11:57.802 DEBUG    - freerouting.json (priority 10): 0 fields changed
2026-09-12 22:11:57.803 DEBUG    - DSN file: pod-1.dsn (priority 20): 6 fields changed
2026-09-12 22:11:57.803 DEBUG    - Environment Variables (priority 55): 0 fields changed
2026-09-12 22:11:57.803 DEBUG    - CLI Arguments (priority 60): 6 fields changed
2026-09-12 22:11:57.803 DEBUG  Settings merged successfully from 5 source(s)
2026-09-12 22:11:58.047 INFO   [A9694F\E3E9C0] Loading board file 'pod-1.dsn'...
2026-09-12 22:11:58.053 DEBUG  Set DEFAULT clearance (all layers): 1500 (0.0375 mm) from DSN value 150.0
2026-09-12 22:11:58.053 DEBUG  Set clearance (all layers): smd_smd = 375 (0.009375 mm), classes [2,2]
2026-09-12 22:11:58.053 DEBUG  Set default trace width (all layers): DSN=150.0 → board=1500 (0.0375 mm)
2026-09-12 22:11:58.069 INFO   Layer 'In1.Cu' has been automatically configured as a dedicated power plane because it contains a large conduction area covering >50% of the board.
2026-09-12 22:11:58.069 INFO   Layer 'In2.Cu' has been automatically configured as a dedicated power plane because it contains a large conduction area covering >50% of the board.
2026-09-12 22:11:58.069 DEBUG  applyBoardSpecificOptimizations changed parameters:
  Layer 0: bendCost: null -> 0.0; preferredDirectionHorizontal: null -> false; preferredDirectionTraceCost: 1.0 -> 1.8; undesiredDirectionTraceCost: 1.0 -> 3.9000000000000004;
  Layer 1: bendCost: null -> 0.0; preferredDirectionHorizontal: null -> true; undesiredDirectionTraceCost: 1.0 -> 1.5;
  Layer 2: bendCost: null -> 0.0; preferredDirectionHorizontal: null -> false; undesiredDirectionTraceCost: 1.0 -> 3.1;
  Layer 3: bendCost: null -> 0.0; preferredDirectionHorizontal: null -> true; preferredDirectionTraceCost: 1.0 -> 1.8; undesiredDirectionTraceCost: 1.0 -> 2.3;
2026-09-12 22:11:58.071 DEBUG  Applied copper-to-edge clearance override: 500.0 um (5000 board units).
2026-09-12 22:11:58.079 DEBUG  Set DEFAULT clearance (all layers): 1500 (0.0375 mm) from DSN value 150.0
2026-09-12 22:11:58.079 DEBUG  Set clearance (all layers): smd_smd = 375 (0.009375 mm), classes [2,2]
2026-09-12 22:11:58.079 DEBUG  Set default trace width (all layers): DSN=150.0 → board=1500 (0.0375 mm)
2026-09-12 22:11:58.080 DEBUG  Loaded router settings from DSN file: pod-1.dsn (4 layers)
2026-09-12 22:11:58.080 DEBUG  Merging settings from 6 sources:
2026-09-12 22:11:58.080 DEBUG    - Default Settings (priority 0): base settings
2026-09-12 22:11:58.080 DEBUG    - freerouting.json (priority 10): 0 fields changed
2026-09-12 22:11:58.080 DEBUG    - DSN file: pod-1.dsn (priority 20): 6 fields changed
2026-09-12 22:11:58.080 DEBUG    - Environment Variables (priority 55): 0 fields changed
2026-09-12 22:11:58.080 DEBUG    - CLI Arguments (priority 60): 6 fields changed
2026-09-12 22:11:58.080 DEBUG    - API Settings (priority 70): 26 fields changed
2026-09-12 22:11:58.080 DEBUG  Settings merged successfully from 6 source(s)
2026-09-12 22:11:58.081 DEBUG  applyBoardSpecificOptimizations changed parameters:
  Layer 0: preferredDirectionTraceCost: 1.0 -> 1.8; undesiredDirectionTraceCost: 1.0 -> 3.9000000000000004;
  Layer 1: undesiredDirectionTraceCost: 1.0 -> 1.5;
  Layer 2: undesiredDirectionTraceCost: 1.0 -> 3.1;
  Layer 3: preferredDirectionTraceCost: 1.0 -> 1.8; undesiredDirectionTraceCost: 1.0 -> 2.3;
2026-09-12 22:11:58.081 INFO   [A9694F\E3E9C0] Job 'A9694F\E3E9C0' started at 2026-09-13T05:11:58.081312200Z.
2026-09-12 22:11:58.118 DEBUG  [A9694F\E3E9C0] Checking fanout pre-pass. settings.fanout.enabled=true, smdPins=82
2026-09-12 22:11:58.128 INFO   [A9694F\E3E9C0] Fanout stage started on board 'f67ff316d0767798446bd9408a0c9773' with 69 of 82 SMD pins needing fanout (13 already connected, 0 netless).
2026-09-12 22:11:58.670 INFO   [A9694F\E3E9C0] Fanout pass #1 on board 'fb492473a7fc5d96e1d2a577e0946044' completed in 0.53 seconds with 23 SMD pins fanouted, 42 not routed, 0 insert errors, +0 extra vias (0 SMD pins still to check in pass, ripup costs=100).
2026-09-12 22:11:58.818 DEBUG  FoundConnectionInserter: insert trace failed for net #2 at corner 11/11 on layer 0, trace width: 750, from corner: 2, okPoint: (773760,-595000), target: (782500,-625100)
2026-09-12 22:11:58.928 INFO   [A9694F\E3E9C0] Fanout pass #2 on board '7a1effd93fa4d86db1abf4b5a8d160c7' completed in 0.25 seconds with 1 SMD pin fanouted, 60 not routed, 0 insert errors, +0 extra vias (0 SMD pins still to check in pass, ripup costs=200).
2026-09-12 22:11:59.170 INFO   [A9694F\E3E9C0] Fanout pass #3 on board 'f10f577278ff0cc5d37a05cda5fce76a' completed in 0.24 seconds with 2 SMD pins fanouted, 59 not routed, 0 insert errors, +0 extra vias (0 SMD pins still to check in pass, ripup costs=300).
2026-09-12 22:11:59.390 INFO   [A9694F\E3E9C0] Fanout pass #4 on board '043cf5927dacfc13abdcaa01ec90e0bf' completed in 0.22 seconds with 2 SMD pins fanouted, 59 not routed, 0 insert errors, +0 extra vias (0 SMD pins still to check in pass, ripup costs=400).
2026-09-12 22:11:59.584 INFO   [A9694F\E3E9C0] Fanout pass #5 on board '276b349fa390cec717cd0027716a1d22' completed in 0.19 seconds with 2 SMD pins fanouted, 59 not routed, 0 insert errors, +0 extra vias (0 SMD pins still to check in pass, ripup costs=500).
2026-09-12 22:11:59.765 INFO   [A9694F\E3E9C0] Fanout pass #6 on board '276b349fa390cec717cd0027716a1d22' completed in 0.18 seconds with 0 SMD pins fanouted, 61 not routed, 0 insert errors, +0 extra vias (0 SMD pins still to check in pass, ripup costs=600).
2026-09-12 22:11:59.770 INFO   [A9694F\E3E9C0] Fanout stage completed: started with 82 total SMD pins, completed in 1.64 seconds, escaped pins: 36/82 (43.9%), using 1.56 total CPU seconds, 7.49 GB total allocated, and 812.8 MB peak heap usage.
2026-09-12 22:11:59.772 INFO   [A9694F\E3E9C0] Auto-routing stage started on board '276b349fa390cec717cd0027716a1d22' for 32 unrouted items.
2026-09-12 22:11:59.804 DEBUG  Queuing item for routing: PolylineTrace on net 'POD_3V3' (connected: 9/28)
2026-09-12 22:11:59.804 DEBUG  Queuing item for routing: Pin on net 'VBAT' (connected: 1/3)
2026-09-12 22:11:59.804 DEBUG  Queuing item for routing: Pin on net 'RING_nRESET' (connected: 1/4)
2026-09-12 22:11:59.805 DEBUG  Queuing item for routing: Pin on net '/Eight ring pods/Pod 1 {slash} U19/UART_RX_LOCAL' (connected: 1/8)
2026-09-12 22:11:59.805 DEBUG  Queuing item for routing: Pin on net '/Eight ring pods/Pod 1 {slash} U19/UART_TX_LOCAL' (connected: 1/5)
2026-09-12 22:11:59.805 DEBUG  Queuing item for routing: Pin on net 'GND' (connected: 12/25)
2026-09-12 22:11:59.805 DEBUG  Queuing item for routing: Pin on net '/Eight ring pods/Pod 1 {slash} U19/UART_RX_LOCAL' (connected: 1/8)
2026-09-12 22:11:59.805 DEBUG  Queuing item for routing: Pin on net 'POD_3V3' (connected: 1/28)
2026-09-12 22:11:59.805 DEBUG  Queuing item for routing: Pin on net '/Eight ring pods/Pod 1 {slash} U19/UART_TX_LOCAL' (connected: 1/5)
2026-09-12 22:11:59.805 DEBUG  Queuing item for routing: Pin on net 'GND' (connected: 1/25)
2026-09-12 22:11:59.805 DEBUG  Queuing item for routing: Pin on net '/Eight ring pods/Pod 1 {slash} U19/LOCAL_SCL' (connected: 1/3)
2026-09-12 22:11:59.805 DEBUG  Queuing item for routing: Pin on net '/Eight ring pods/Pod 1 {slash} U19/LOCAL_SDA' (connected: 1/3)
2026-09-12 22:11:59.805 DEBUG  Queuing item for routing: Pin on net 'RING_nRESET' (connected: 1/4)
2026-09-12 22:11:59.805 DEBUG  Queuing item for routing: Pin on net '/Eight ring pods/Pod 1 {slash} U19/CELL_TEMP' (connected: 1/5)
2026-09-12 22:11:59.805 DEBUG  Queuing item for routing: Pin on net 'GND' (connected: 1/25)
2026-09-12 22:11:59.805 DEBUG  Queuing item for routing: Pin on net '/Eight ring pods/Pod 1 {slash} U19/CELL_TEMP' (connected: 3/5)
2026-09-12 22:11:59.805 DEBUG  Queuing item for routing: Pin on net 'GND' (connected: 1/25)
2026-09-12 22:11:59.805 DEBUG  Queuing item for routing: Pin on net 'GND' (connected: 3/25)
2026-09-12 22:11:59.805 DEBUG  Queuing item for routing: Pin on net '/Eight ring pods/Pod 1 {slash} U19/CELL_TEMP' (connected: 1/5)
2026-09-12 22:11:59.805 DEBUG  Queuing item for routing: Pin on net '/Eight ring pods/Pod 1 {slash} U19/LRA_N' (connected: 1/2)
2026-09-12 22:11:59.805 DEBUG  Queuing item for routing: Pin on net '/Eight ring pods/Pod 1 {slash} U19/LRA_P' (connected: 1/2)
2026-09-12 22:11:59.806 DEBUG  Queuing item for routing: Pin on net '/Eight ring pods/Pod 1 {slash} U19/LRA_N' (connected: 1/2)
2026-09-12 22:11:59.806 DEBUG  Queuing item for routing: Pin on net '/Eight ring pods/Pod 1 {slash} U19/LOCAL_SCL' (connected: 1/3)
2026-09-12 22:11:59.806 DEBUG  Queuing item for routing: Pin on net '/Eight ring pods/Pod 1 {slash} U19/LOCAL_SDA' (connected: 1/3)
2026-09-12 22:11:59.806 DEBUG  Queuing item for routing: Pin on net '/Eight ring pods/Pod 1 {slash} U19/LRA_P' (connected: 1/2)
2026-09-12 22:11:59.806 DEBUG  Queuing item for routing: Pin on net 'GND' (connected: 5/25)
2026-09-12 22:11:59.806 DEBUG  Queuing item for routing: Pin on net 'POD_3V3' (connected: 5/28)
2026-09-12 22:11:59.806 DEBUG  Queuing item for routing: Pin on net 'RING_RETURN' (connected: 1/2)
2026-09-12 22:11:59.806 DEBUG  Queuing item for routing: Pin on net 'VBAT' (connected: 1/3)
2026-09-12 22:11:59.806 DEBUG  Queuing item for routing: Pin on net 'RING_nRESET' (connected: 1/4)
2026-09-12 22:11:59.806 DEBUG  Queuing item for routing: Pin on net 'POD_3V3' (connected: 1/28)
2026-09-12 22:11:59.806 DEBUG  Queuing item for routing: Pin on net 'RING_RETURN' (connected: 1/2)
2026-09-12 22:11:59.806 DEBUG  Queuing item for routing: Pin on net 'VBAT' (connected: 1/3)
2026-09-12 22:11:59.806 DEBUG  Queuing item for routing: Pin on net 'RING_nRESET' (connected: 1/4)
2026-09-12 22:11:59.806 DEBUG  Queuing item for routing: Pin on net 'GND' (connected: 1/25)
2026-09-12 22:11:59.806 DEBUG  Queuing item for routing: Pin on net 'POD_3V3' (connected: 1/28)
2026-09-12 22:11:59.806 DEBUG  Queuing item for routing: Pin on net 'POD_3V3' (connected: 9/28)
2026-09-12 22:11:59.806 DEBUG  Queuing item for routing: Pin on net '/Eight ring pods/Pod 1 {slash} U19/UART_RX_LOCAL' (connected: 6/8)
2026-09-12 22:11:59.806 DEBUG  Queuing item for routing: Pin on net '/Eight ring pods/Pod 1 {slash} U19/UART_TX_LOCAL' (connected: 3/5)
2026-09-12 22:11:59.806 DEBUG  Queuing item for routing: Pin on net '/Eight ring pods/Pod 1 {slash} U19/LOCAL_SDA' (connected: 1/3)
2026-09-12 22:11:59.806 DEBUG  Queuing item for routing: Pin on net 'POD_3V3' (connected: 1/28)
2026-09-12 22:11:59.807 DEBUG  Queuing item for routing: Pin on net '/Eight ring pods/Pod 1 {slash} U19/LOCAL_SCL' (connected: 1/3)
2026-09-12 22:11:59.812 DEBUG  [A9694F\E3E9C0] Pass #1: 32 incompletes across 42 items to route
2026-09-12 22:11:59.812 DEBUG  [A9694F\E3E9C0]   Net 'GND' has 7 incomplete(s)
2026-09-12 22:11:59.812 DEBUG  [A9694F\E3E9C0]   Net 'POD_3V3' has 7 incomplete(s)
2026-09-12 22:11:59.812 DEBUG  [A9694F\E3E9C0]   Net '/Eight ring pods/Pod 1 {slash} U19/LOCAL_SCL' has 2 incomplete(s)
2026-09-12 22:11:59.812 DEBUG  [A9694F\E3E9C0]   Net '/Eight ring pods/Pod 1 {slash} U19/UART_TX_LOCAL' has 2 incomplete(s)
2026-09-12 22:11:59.812 DEBUG  [A9694F\E3E9C0]   Net '/Eight ring pods/Pod 1 {slash} U19/UART_RX_LOCAL' has 2 incomplete(s)
2026-09-12 22:11:59.812 DEBUG  [A9694F\E3E9C0]   Net 'RING_nRESET' has 3 incomplete(s)
2026-09-12 22:11:59.812 DEBUG  [A9694F\E3E9C0]   Net 'VBAT' has 2 incomplete(s)
2026-09-12 22:11:59.812 DEBUG  [A9694F\E3E9C0]   Net 'RING_RETURN' has 1 incomplete(s)
2026-09-12 22:11:59.813 DEBUG  [A9694F\E3E9C0]   Net '/Eight ring pods/Pod 1 {slash} U19/LOCAL_SDA' has 2 incomplete(s)
2026-09-12 22:11:59.813 DEBUG  [A9694F\E3E9C0]   Net '/Eight ring pods/Pod 1 {slash} U19/LRA_P' has 1 incomplete(s)
2026-09-12 22:11:59.813 DEBUG  [A9694F\E3E9C0]   Net '/Eight ring pods/Pod 1 {slash} U19/LRA_N' has 1 incomplete(s)
2026-09-12 22:11:59.813 DEBUG  [A9694F\E3E9C0]   Net '/Eight ring pods/Pod 1 {slash} U19/CELL_TEMP' has 2 incomplete(s)
2026-09-12 22:11:59.949 DEBUG  FoundConnectionInserter: insert trace failed for net #6 at corner 32/32 on layer 0, trace width: 750, from corner: 23, okPoint: (837025,-552230), target: (782500,-614900)
2026-09-12 22:11:59.951 DEBUG  [A9694F\E3E9C0] Autorouter Failed to route connection between polylinetrace, polylinetrace, polylinetrace, polylinetrace, pin #17 of component #21, pin #1 of component #6, pin #1 of component #3 and pin #3 of component #22, because the new connection could not be inserted.
2026-09-12 22:12:00.191 DEBUG  FoundConnectionInserter: insert trace failed for net #3 at corner 8/8 on layer 3, trace width: 750, from corner: 1, okPoint: (844922,-746259), target: (882710,-683328)
2026-09-12 22:12:00.194 DEBUG  [A9694F\E3E9C0] Autorouter Failed to route connection between pin #6 of component #16, pin #1 of component #1 and pin #5 of component #21, because the new connection could not be inserted.
2026-09-12 22:12:00.508 DEBUG  FoundConnectionInserter: insert trace failed for net #15 at corner 23/23 on layer 3, trace width: 750, from corner: 16, okPoint: (868438,-587257), target: (845600,-572825)
2026-09-12 22:12:00.511 DEBUG  [A9694F\E3E9C0] Autorouter Failed to route connection between pin #8 of component #16 and pin #1 of component #17, because the new connection could not be inserted.
2026-09-12 22:12:00.676 DEBUG  FoundConnectionInserter: insert trace failed for net #3 at corner 14/14 on layer 3, trace width: 750, from corner: 5, okPoint: (861950,-570909), target: (882353,-621617)
2026-09-12 22:12:00.678 DEBUG  [A9694F\E3E9C0] Autorouter Failed to route connection between polylinetrace, via, pin #5 of component #21, pin #1 of component #1 and pin #6 of component #16, because the new connection could not be inserted.
2026-09-12 22:12:00.701 DEBUG  FoundConnectionInserter: insert trace failed for net #11 at corner 9/9 on layer 0, trace width: 750, from corner: 0, okPoint: (876440,-669035), target: (867500,-654900)
2026-09-12 22:12:00.703 DEBUG  [A9694F\E3E9C0] Autorouter Failed to route connection between pin #1 of component #4 and polylinetrace, via, polylinetrace, via, polylinetrace, pin #4 of component #21, pin #3 of component #16, because the new connection could not be inserted.
2026-09-12 22:12:00.929 DEBUG  FoundConnectionInserter: insert trace failed for net #9 at corner 26/26 on layer 3, trace width: 2000, from corner: 8, okPoint: (866150,-658745), target: (796829,-555745)
2026-09-12 22:12:00.931 DEBUG  [A9694F\E3E9C0] Autorouter Failed to route connection between polylinetrace, polylinetrace, polylinetrace, via, via, pin #1 of component #23, pin #4 of component #10 and pin #4 of component #11, because the new connection could not be inserted.
2026-09-12 22:12:01.515 DEBUG  FoundConnectionInserter: insert trace failed for net #11 at corner 40/40 on layer 0, trace width: 750, from corner: 0, okPoint: (867500,-654900), target: (796375,-776750)
2026-09-12 22:12:01.518 DEBUG  [A9694F\E3E9C0] Autorouter Failed to route connection between polylinetrace, via, pin #4 of component #21, pin #3 of component #16 and pin #1 of component #4, because the new connection could not be inserted.
2026-09-12 22:12:01.519 DEBUG  [A9694F\E3E9C0] Pass #1: Failed to route Pin on net '/Eight ring pods/Pod 1 {slash} U19/LOCAL_SDA' (3 items remaining, 1 failures). State: FAILED
2026-09-12 22:12:01.631 DEBUG  FoundConnectionInserter: insert trace failed for net #3 at corner 12/12 on layer 0, trace width: 750, from corner: 4, okPoint: (876280,-632643), target: (887862,-629336)
2026-09-12 22:12:01.633 DEBUG  [A9694F\E3E9C0] Autorouter Failed to route connection between polylinetrace, polylinetrace, via, via, pin #5 of component #21, pin #6 of component #16 and pin #1 of component #1, because the new connection could not be inserted.
2026-09-12 22:12:01.633 DEBUG  [A9694F\E3E9C0] Pass #1: Failed to route Pin on net '/Eight ring pods/Pod 1 {slash} U19/LOCAL_SCL' (1 items remaining, 1 failures). State: FAILED
2026-09-12 22:12:01.659 INFO   [A9694F\E3E9C0] Auto-routing pass #1 on board '276b349fa390cec717cd0027716a1d22' was completed in 1.86 seconds with score 483.63 (28 unrouted and 2 violations), using 2.92 CPU seconds and the job allocated 15.65 GB of memory so far.
2026-09-12 22:12:01.678 DEBUG  Queuing item for routing: PolylineTrace on net 'POD_3V3' (connected: 3/28)
2026-09-12 22:12:01.678 DEBUG  Queuing item for routing: Pin on net 'VBAT' (connected: 7/8)
2026-09-12 22:12:01.678 DEBUG  Queuing item for routing: Pin on net '/Eight ring pods/Pod 1 {slash} U19/UART_RX_LOCAL' (connected: 7/11)
2026-09-12 22:12:01.678 DEBUG  Queuing item for routing: Pin on net '/Eight ring pods/Pod 1 {slash} U19/UART_TX_LOCAL' (connected: 3/10)
2026-09-12 22:12:01.678 DEBUG  Queuing item for routing: Pin on net 'GND' (connected: 6/23)
2026-09-12 22:12:01.678 DEBUG  Queuing item for routing: Pin on net 'POD_3V3' (connected: 8/28)
2026-09-12 22:12:01.678 DEBUG  Queuing item for routing: Pin on net '/Eight ring pods/Pod 1 {slash} U19/UART_RX_LOCAL' (connected: 3/11)
2026-09-12 22:12:01.679 DEBUG  Queuing item for routing: Pin on net 'POD_3V3' (connected: 1/28)
2026-09-12 22:12:01.679 DEBUG  Queuing item for routing: Pin on net '/Eight ring pods/Pod 1 {slash} U19/UART_TX_LOCAL' (connected: 3/10)
2026-09-12 22:12:01.679 DEBUG  Queuing item for routing: Pin on net 'GND' (connected: 1/23)
2026-09-12 22:12:01.679 DEBUG  Queuing item for routing: Pin on net '/Eight ring pods/Pod 1 {slash} U19/LOCAL_SCL' (connected: 3/7)
2026-09-12 22:12:01.679 DEBUG  Queuing item for routing: Pin on net '/Eight ring pods/Pod 1 {slash} U19/LOCAL_SDA' (connected: 1/5)
2026-09-12 22:12:01.679 DEBUG  Queuing item for routing: Pin on net '/Eight ring pods/Pod 1 {slash} U19/CELL_TEMP' (connected: 1/10)
2026-09-12 22:12:01.679 DEBUG  Queuing item for routing: Pin on net 'GND' (connected: 1/23)
2026-09-12 22:12:01.679 DEBUG  Queuing item for routing: Pin on net '/Eight ring pods/Pod 1 {slash} U19/CELL_TEMP' (connected: 9/10)
2026-09-12 22:12:01.679 DEBUG  Queuing item for routing: Pin on net 'GND' (connected: 1/23)
2026-09-12 22:12:01.679 DEBUG  Queuing item for routing: Pin on net 'GND' (connected: 6/23)
2026-09-12 22:12:01.679 DEBUG  Queuing item for routing: Pin on net '/Eight ring pods/Pod 1 {slash} U19/LRA_N' (connected: 3/6)
2026-09-12 22:12:01.679 DEBUG  Queuing item for routing: Pin on net '/Eight ring pods/Pod 1 {slash} U19/LRA_P' (connected: 3/6)
2026-09-12 22:12:01.679 DEBUG  Queuing item for routing: Pin on net '/Eight ring pods/Pod 1 {slash} U19/LRA_N' (connected: 3/6)
2026-09-12 22:12:01.679 DEBUG  Queuing item for routing: Pin on net '/Eight ring pods/Pod 1 {slash} U19/LOCAL_SCL' (connected: 3/7)
2026-09-12 22:12:01.679 DEBUG  Queuing item for routing: Pin on net 'GND' (connected: 1/23)
2026-09-12 22:12:01.679 DEBUG  Queuing item for routing: Pin on net '/Eight ring pods/Pod 1 {slash} U19/LOCAL_SDA' (connected: 3/5)
2026-09-12 22:12:01.679 DEBUG  Queuing item for routing: Pin on net '/Eight ring pods/Pod 1 {slash} U19/LRA_P' (connected: 3/6)
2026-09-12 22:12:01.679 DEBUG  Queuing item for routing: Pin on net 'POD_3V3' (connected: 1/28)
2026-09-12 22:12:01.679 DEBUG  Queuing item for routing: Pin on net 'GND' (connected: 5/23)
2026-09-12 22:12:01.680 DEBUG  Queuing item for routing: Pin on net 'POD_3V3' (connected: 5/28)
2026-09-12 22:12:01.680 DEBUG  Queuing item for routing: Pin on net 'POD_3V3' (connected: 1/28)
2026-09-12 22:12:01.680 DEBUG  Queuing item for routing: Pin on net 'VBAT' (connected: 1/8)
2026-09-12 22:12:01.680 DEBUG  Queuing item for routing: Pin on net 'GND' (connected: 1/23)
2026-09-12 22:12:01.680 DEBUG  Queuing item for routing: Pin on net 'POD_3V3' (connected: 7/28)
2026-09-12 22:12:01.680 DEBUG  Queuing item for routing: Pin on net '/Eight ring pods/Pod 1 {slash} U19/UART_RX_LOCAL' (connected: 1/11)
2026-09-12 22:12:01.680 DEBUG  Queuing item for routing: Pin on net '/Eight ring pods/Pod 1 {slash} U19/UART_TX_LOCAL' (connected: 4/10)
2026-09-12 22:12:01.680 DEBUG  Queuing item for routing: Pin on net '/Eight ring pods/Pod 1 {slash} U19/LOCAL_SDA' (connected: 1/5)
2026-09-12 22:12:01.680 DEBUG  Queuing item for routing: Pin on net 'POD_3V3' (connected: 1/28)
2026-09-12 22:12:01.680 DEBUG  Queuing item for routing: Pin on net '/Eight ring pods/Pod 1 {slash} U19/LOCAL_SCL' (connected: 1/7)
2026-09-12 22:12:01.687 DEBUG  [A9694F\E3E9C0] Pass #2: 28 incompletes across 36 items to route
2026-09-12 22:12:01.687 DEBUG  [A9694F\E3E9C0]   Net 'GND' has 8 incomplete(s)
2026-09-12 22:12:01.687 DEBUG  [A9694F\E3E9C0]   Net 'POD_3V3' has 8 incomplete(s)
2026-09-12 22:12:01.687 DEBUG  [A9694F\E3E9C0]   Net '/Eight ring pods/Pod 1 {slash} U19/LOCAL_SCL' has 2 incomplete(s)
2026-09-12 22:12:01.687 DEBUG  [A9694F\E3E9C0]   Net '/Eight ring pods/Pod 1 {slash} U19/UART_TX_LOCAL' has 2 incomplete(s)
2026-09-12 22:12:01.687 DEBUG  [A9694F\E3E9C0]   Net '/Eight ring pods/Pod 1 {slash} U19/UART_RX_LOCAL' has 2 incomplete(s)
2026-09-12 22:12:01.687 DEBUG  [A9694F\E3E9C0]   Net 'VBAT' has 1 incomplete(s)
2026-09-12 22:12:01.687 DEBUG  [A9694F\E3E9C0]   Net '/Eight ring pods/Pod 1 {slash} U19/LOCAL_SDA' has 2 incomplete(s)
2026-09-12 22:12:01.687 DEBUG  [A9694F\E3E9C0]   Net '/Eight ring pods/Pod 1 {slash} U19/LRA_P' has 1 incomplete(s)
2026-09-12 22:12:01.687 DEBUG  [A9694F\E3E9C0]   Net '/Eight ring pods/Pod 1 {slash} U19/LRA_N' has 1 incomplete(s)
2026-09-12 22:12:01.687 DEBUG  [A9694F\E3E9C0]   Net '/Eight ring pods/Pod 1 {slash} U19/CELL_TEMP' has 1 incomplete(s)
2026-09-12 22:12:02.093 DEBUG  FoundConnectionInserter: insert trace failed for net #11 at corner 20/20 on layer 0, trace width: 750, from corner: 5, okPoint: (814249,-776336), target: (867500,-654900)
2026-09-12 22:12:02.096 DEBUG  [A9694F\E3E9C0] Autorouter Failed to route connection between polylinetrace, via, pin #3 of component #16, pin #1 of component #4 and pin #4 of component #21, because the new connection could not be inserted.
2026-09-12 22:12:02.150 DEBUG  FoundConnectionInserter: insert trace failed for net #16 at corner 21/21 on layer 0, trace width: 750, from corner: 10, okPoint: (873472,-716329), target: (796375,-757250)
2026-09-12 22:12:02.153 DEBUG  [A9694F\E3E9C0] Autorouter Failed to route connection between pin #1 of component #21 and polylinetrace, polylinetrace, polylinetrace, via, via, polylinetrace, pin of component #20, pin of component #18, pin #1 of component #7, because the new connection could not be inserted.
2026-09-12 22:12:02.450 DEBUG  FoundConnectionInserter: insert trace failed for net #11 at corner 9/9 on layer 0, trace width: 750, from corner: 4, okPoint: (872112,-661410), target: (867500,-654900)
2026-09-12 22:12:02.453 DEBUG  [A9694F\E3E9C0] Autorouter Failed to route connection between pin #4 of component #21, pin #1 of component #4 and polylinetrace, via, pin #3 of component #16, because the new connection could not be inserted.
2026-09-12 22:12:03.161 DEBUG  FoundConnectionInserter: insert trace failed for net #11 at corner 21/21 on layer 0, trace width: 750, from corner: 0, okPoint: (867500,-654900), target: (796375,-776750)
2026-09-12 22:12:03.163 DEBUG  [A9694F\E3E9C0] Autorouter Failed to route connection between polylinetrace, via, pin #4 of component #21, pin #3 of component #16 and pin #1 of component #4, because the new connection could not be inserted.
2026-09-12 22:12:03.163 DEBUG  [A9694F\E3E9C0] Pass #2: Failed to route Pin on net '/Eight ring pods/Pod 1 {slash} U19/LOCAL_SDA' (3 items remaining, 2 failures). State: FAILED
2026-09-12 22:12:03.286 INFO   [A9694F\E3E9C0] Auto-routing pass #2 on board '3d2086e32ec7ab7444b84f2a69f41420' was completed in 1.61 seconds with score 610.90 (21 unrouted and 2 violations), using 4.88 CPU seconds and the job allocated 30.09 GB of memory so far.
2026-09-12 22:12:03.306 DEBUG  Queuing item for routing: PolylineTrace on net 'POD_3V3' (connected: 12/30)
2026-09-12 22:12:03.307 DEBUG  Queuing item for routing: Pin on net 'RING_nRESET' (connected: 7/10)
2026-09-12 22:12:03.307 DEBUG  Queuing item for routing: Pin on net 'GND' (connected: 6/23)
2026-09-12 22:12:03.307 DEBUG  Queuing item for routing: Pin on net 'POD_3V3' (connected: 1/30)
2026-09-12 22:12:03.307 DEBUG  Queuing item for routing: Pin on net 'GND' (connected: 1/23)
2026-09-12 22:12:03.307 DEBUG  Queuing item for routing: Pin on net '/Eight ring pods/Pod 1 {slash} U19/LOCAL_SDA' (connected: 1/5)
2026-09-12 22:12:03.307 DEBUG  Queuing item for routing: Pin on net 'RING_nRESET' (connected: 3/10)
2026-09-12 22:12:03.307 DEBUG  Queuing item for routing: Pin on net '/Eight ring pods/Pod 1 {slash} U19/CELL_TEMP' (connected: 1/7)
2026-09-12 22:12:03.307 DEBUG  Queuing item for routing: Pin on net 'GND' (connected: 1/23)
2026-09-12 22:12:03.307 DEBUG  Queuing item for routing: Pin on net '/Eight ring pods/Pod 1 {slash} U19/CELL_TEMP' (connected: 3/7)
2026-09-12 22:12:03.307 DEBUG  Queuing item for routing: Pin on net 'GND' (connected: 1/23)
2026-09-12 22:12:03.307 DEBUG  Queuing item for routing: Pin on net 'GND' (connected: 6/23)
2026-09-12 22:12:03.307 DEBUG  Queuing item for routing: Pin on net '/Eight ring pods/Pod 1 {slash} U19/CELL_TEMP' (connected: 3/7)
2026-09-12 22:12:03.307 DEBUG  Queuing item for routing: Pin on net '/Eight ring pods/Pod 1 {slash} U19/LRA_N' (connected: 3/6)
2026-09-12 22:12:03.307 DEBUG  Queuing item for routing: Pin on net '/Eight ring pods/Pod 1 {slash} U19/LRA_P' (connected: 3/6)
2026-09-12 22:12:03.307 DEBUG  Queuing item for routing: Pin on net '/Eight ring pods/Pod 1 {slash} U19/LRA_N' (connected: 3/6)
2026-09-12 22:12:03.307 DEBUG  Queuing item for routing: Pin on net 'GND' (connected: 1/23)
2026-09-12 22:12:03.307 DEBUG  Queuing item for routing: Pin on net '/Eight ring pods/Pod 1 {slash} U19/LOCAL_SDA' (connected: 3/5)
2026-09-12 22:12:03.307 DEBUG  Queuing item for routing: Pin on net '/Eight ring pods/Pod 1 {slash} U19/LRA_P' (connected: 3/6)
2026-09-12 22:12:03.308 DEBUG  Queuing item for routing: Pin on net 'GND' (connected: 5/23)
2026-09-12 22:12:03.308 DEBUG  Queuing item for routing: Pin on net 'POD_3V3' (connected: 5/30)
2026-09-12 22:12:03.308 DEBUG  Queuing item for routing: Pin on net 'POD_3V3' (connected: 1/30)
2026-09-12 22:12:03.308 DEBUG  Queuing item for routing: Pin on net 'GND' (connected: 1/23)
2026-09-12 22:12:03.308 DEBUG  Queuing item for routing: Pin on net 'POD_3V3' (connected: 9/30)
2026-09-12 22:12:03.308 DEBUG  Queuing item for routing: Pin on net '/Eight ring pods/Pod 1 {slash} U19/LOCAL_SDA' (connected: 1/5)
2026-09-12 22:12:03.308 DEBUG  Queuing item for routing: Pin on net 'POD_3V3' (connected: 1/30)
2026-09-12 22:12:03.318 DEBUG  [A9694F\E3E9C0] Pass #3: 21 incompletes across 26 items to route
2026-09-12 22:12:03.318 DEBUG  [A9694F\E3E9C0]   Net 'GND' has 8 incomplete(s)
2026-09-12 22:12:03.318 DEBUG  [A9694F\E3E9C0]   Net 'POD_3V3' has 6 incomplete(s)
2026-09-12 22:12:03.318 DEBUG  [A9694F\E3E9C0]   Net 'RING_nRESET' has 1 incomplete(s)
2026-09-12 22:12:03.318 DEBUG  [A9694F\E3E9C0]   Net '/Eight ring pods/Pod 1 {slash} U19/LOCAL_SDA' has 2 incomplete(s)
2026-09-12 22:12:03.318 DEBUG  [A9694F\E3E9C0]   Net '/Eight ring pods/Pod 1 {slash} U19/LRA_P' has 1 incomplete(s)
2026-09-12 22:12:03.318 DEBUG  [A9694F\E3E9C0]   Net '/Eight ring pods/Pod 1 {slash} U19/LRA_N' has 1 incomplete(s)
2026-09-12 22:12:03.318 DEBUG  [A9694F\E3E9C0]   Net '/Eight ring pods/Pod 1 {slash} U19/CELL_TEMP' has 2 incomplete(s)
2026-09-12 22:12:04.164 DEBUG  [A9694F\E3E9C0] Autorouter Failed to route connection between polylinetrace, via, pin #1 of component #17 and pin #8 of component #16, because no connection was found between their nets.
2026-09-12 22:12:04.781 INFO   [A9694F\E3E9C0] Auto-routing pass #3 on board '785e6bceb2b133d0aae874f6d9e6468f' was completed in 1.47 seconds with score 647.26 (19 unrouted and 2 violations), using 5.81 CPU seconds and the job allocated 37.24 GB of memory so far.
2026-09-12 22:12:04.801 DEBUG  Queuing item for routing: PolylineTrace on net 'POD_3V3' (connected: 15/31)
2026-09-12 22:12:04.801 DEBUG  Queuing item for routing: Pin on net '/Eight ring pods/Pod 1 {slash} U19/UART_RX_LOCAL' (connected: 11/12)
2026-09-12 22:12:04.801 DEBUG  Queuing item for routing: Pin on net '/Eight ring pods/Pod 1 {slash} U19/UART_TX_LOCAL' (connected: 1/5)
2026-09-12 22:12:04.801 DEBUG  Queuing item for routing: Pin on net 'GND' (connected: 6/23)
2026-09-12 22:12:04.801 DEBUG  Queuing item for routing: Pin on net 'POD_3V3' (connected: 1/31)
2026-09-12 22:12:04.802 DEBUG  Queuing item for routing: Pin on net '/Eight ring pods/Pod 1 {slash} U19/UART_TX_LOCAL' (connected: 1/5)
2026-09-12 22:12:04.802 DEBUG  Queuing item for routing: Pin on net 'GND' (connected: 1/23)
2026-09-12 22:12:04.802 DEBUG  Queuing item for routing: Pin on net '/Eight ring pods/Pod 1 {slash} U19/LOCAL_SCL' (connected: 3/10)
2026-09-12 22:12:04.802 DEBUG  Queuing item for routing: Pin on net 'GND' (connected: 1/23)
2026-09-12 22:12:04.802 DEBUG  Queuing item for routing: Pin on net 'GND' (connected: 1/23)
2026-09-12 22:12:04.802 DEBUG  Queuing item for routing: Pin on net 'GND' (connected: 6/23)
2026-09-12 22:12:04.802 DEBUG  Queuing item for routing: Pin on net '/Eight ring pods/Pod 1 {slash} U19/LRA_N' (connected: 1/2)
2026-09-12 22:12:04.802 DEBUG  Queuing item for routing: Pin on net '/Eight ring pods/Pod 1 {slash} U19/LRA_N' (connected: 1/2)
2026-09-12 22:12:04.802 DEBUG  Queuing item for routing: Pin on net '/Eight ring pods/Pod 1 {slash} U19/LOCAL_SCL' (connected: 7/10)
2026-09-12 22:12:04.802 DEBUG  Queuing item for routing: Pin on net 'GND' (connected: 1/23)
2026-09-12 22:12:04.802 DEBUG  Queuing item for routing: Pin on net 'GND' (connected: 5/23)
2026-09-12 22:12:04.802 DEBUG  Queuing item for routing: Pin on net 'POD_3V3' (connected: 5/31)
2026-09-12 22:12:04.803 DEBUG  Queuing item for routing: Pin on net 'POD_3V3' (connected: 1/31)
2026-09-12 22:12:04.803 DEBUG  Queuing item for routing: Pin on net 'GND' (connected: 1/23)
2026-09-12 22:12:04.803 DEBUG  Queuing item for routing: Pin on net 'POD_3V3' (connected: 7/31)
2026-09-12 22:12:04.803 DEBUG  Queuing item for routing: Pin on net '/Eight ring pods/Pod 1 {slash} U19/UART_RX_LOCAL' (connected: 1/12)
2026-09-12 22:12:04.803 DEBUG  Queuing item for routing: Pin on net '/Eight ring pods/Pod 1 {slash} U19/UART_TX_LOCAL' (connected: 3/5)
2026-09-12 22:12:04.803 DEBUG  Queuing item for routing: Pin on net 'POD_3V3' (connected: 1/31)
2026-09-12 22:12:04.811 DEBUG  [A9694F\E3E9C0] Pass #4: 19 incompletes across 23 items to route
2026-09-12 22:12:04.811 DEBUG  [A9694F\E3E9C0]   Net 'GND' has 8 incomplete(s)
2026-09-12 22:12:04.812 DEBUG  [A9694F\E3E9C0]   Net 'POD_3V3' has 6 incomplete(s)
2026-09-12 22:12:04.812 DEBUG  [A9694F\E3E9C0]   Net '/Eight ring pods/Pod 1 {slash} U19/LOCAL_SCL' has 1 incomplete(s)
2026-09-12 22:12:04.812 DEBUG  [A9694F\E3E9C0]   Net '/Eight ring pods/Pod 1 {slash} U19/UART_TX_LOCAL' has 2 incomplete(s)
2026-09-12 22:12:04.812 DEBUG  [A9694F\E3E9C0]   Net '/Eight ring pods/Pod 1 {slash} U19/UART_RX_LOCAL' has 1 incomplete(s)
2026-09-12 22:12:04.812 DEBUG  [A9694F\E3E9C0]   Net '/Eight ring pods/Pod 1 {slash} U19/LRA_N' has 1 incomplete(s)
2026-09-12 22:12:05.934 INFO   [A9694F\E3E9C0] Auto-routing pass #4 on board 'cf95272418157747e71f0977f42d9dc4' was completed in 1.13 seconds with score 701.81 (16 unrouted and 2 violations), using 6.78 CPU seconds and the job allocated 44.52 GB of memory so far.
2026-09-12 22:12:05.955 DEBUG  Queuing item for routing: PolylineTrace on net 'POD_3V3' (connected: 12/29)
2026-09-12 22:12:05.956 DEBUG  Queuing item for routing: Pin on net '/Eight ring pods/Pod 1 {slash} U19/UART_TX_LOCAL' (connected: 9/12)
2026-09-12 22:12:05.956 DEBUG  Queuing item for routing: Pin on net 'GND' (connected: 16/27)
2026-09-12 22:12:05.956 DEBUG  Queuing item for routing: Pin on net 'POD_3V3' (connected: 1/29)
2026-09-12 22:12:05.956 DEBUG  Queuing item for routing: Pin on net '/Eight ring pods/Pod 1 {slash} U19/UART_TX_LOCAL' (connected: 3/12)
2026-09-12 22:12:05.956 DEBUG  Queuing item for routing: Pin on net 'GND' (connected: 2/27)
2026-09-12 22:12:05.956 DEBUG  Queuing item for routing: Pin on net 'GND' (connected: 1/27)
2026-09-12 22:12:05.956 DEBUG  Queuing item for routing: Pin on net 'GND' (connected: 1/27)
2026-09-12 22:12:05.956 DEBUG  Queuing item for routing: Pin on net '/Eight ring pods/Pod 1 {slash} U19/LRA_N' (connected: 3/4)
2026-09-12 22:12:05.956 DEBUG  Queuing item for routing: Pin on net '/Eight ring pods/Pod 1 {slash} U19/LRA_P' (connected: 3/4)
2026-09-12 22:12:05.956 DEBUG  Queuing item for routing: Pin on net '/Eight ring pods/Pod 1 {slash} U19/LRA_N' (connected: 1/4)
2026-09-12 22:12:05.956 DEBUG  Queuing item for routing: Pin on net '/Eight ring pods/Pod 1 {slash} U19/LRA_P' (connected: 1/4)
2026-09-12 22:12:05.956 DEBUG  Queuing item for routing: Pin on net 'GND' (connected: 5/27)
2026-09-12 22:12:05.956 DEBUG  Queuing item for routing: Pin on net 'POD_3V3' (connected: 5/29)
2026-09-12 22:12:05.956 DEBUG  Queuing item for routing: Pin on net 'POD_3V3' (connected: 1/29)
2026-09-12 22:12:05.957 DEBUG  Queuing item for routing: Pin on net 'GND' (connected: 1/27)
2026-09-12 22:12:05.957 DEBUG  Queuing item for routing: Pin on net 'POD_3V3' (connected: 7/29)
2026-09-12 22:12:05.957 DEBUG  Queuing item for routing: Pin on net 'POD_3V3' (connected: 1/29)
2026-09-12 22:12:05.957 DEBUG  Queuing item for routing: Pin on net 'POD_3V3' (connected: 1/29)
2026-09-12 22:12:05.966 DEBUG  [A9694F\E3E9C0] Pass #5: 16 incompletes across 19 items to route
2026-09-12 22:12:05.966 DEBUG  [A9694F\E3E9C0]   Net 'GND' has 6 incomplete(s)
2026-09-12 22:12:05.966 DEBUG  [A9694F\E3E9C0]   Net 'POD_3V3' has 7 incomplete(s)
2026-09-12 22:12:05.966 DEBUG  [A9694F\E3E9C0]   Net '/Eight ring pods/Pod 1 {slash} U19/UART_TX_LOCAL' has 1 incomplete(s)
2026-09-12 22:12:05.966 DEBUG  [A9694F\E3E9C0]   Net '/Eight ring pods/Pod 1 {slash} U19/LRA_P' has 1 incomplete(s)
2026-09-12 22:12:05.966 DEBUG  [A9694F\E3E9C0]   Net '/Eight ring pods/Pod 1 {slash} U19/LRA_N' has 1 incomplete(s)
2026-09-12 22:12:06.652 DEBUG  FoundConnectionInserter: insert trace failed for net #14 at corner 1/9 on layer 3, trace width: 750, from corner: 0, okPoint: (889888,-678485), target: (889888,-662950)
2026-09-12 22:12:06.654 DEBUG  [A9694F\E3E9C0] Autorouter Failed to route connection between pin #2 of component #16 and polylinetrace, via, pin of component #17, because the new connection could not be inserted.
2026-09-12 22:12:07.318 INFO   [A9694F\E3E9C0] Auto-routing pass #5 on board 'a9423a7d81b76cdded376a3907ca0cb5' was completed in 1.36 seconds with score 683.63 (17 unrouted and 2 violations), using 8.73 CPU seconds and the job allocated 58.82 GB of memory so far.
2026-09-12 22:12:07.339 DEBUG  Queuing item for routing: PolylineTrace on net 'POD_3V3' (connected: 12/30)
2026-09-12 22:12:07.340 DEBUG  Queuing item for routing: Pin on net '/Eight ring pods/Pod 1 {slash} U19/UART_RX_LOCAL' (connected: 11/12)
2026-09-12 22:12:07.340 DEBUG  Queuing item for routing: Pin on net '/Eight ring pods/Pod 1 {slash} U19/UART_TX_LOCAL' (connected: 3/9)
2026-09-12 22:12:07.340 DEBUG  Queuing item for routing: Pin on net 'GND' (connected: 13/24)
2026-09-12 22:12:07.340 DEBUG  Queuing item for routing: Pin on net 'POD_3V3' (connected: 1/30)
2026-09-12 22:12:07.340 DEBUG  Queuing item for routing: Pin on net '/Eight ring pods/Pod 1 {slash} U19/UART_TX_LOCAL' (connected: 3/9)
2026-09-12 22:12:07.340 DEBUG  Queuing item for routing: Pin on net 'GND' (connected: 1/24)
2026-09-12 22:12:07.340 DEBUG  Queuing item for routing: Pin on net 'GND' (connected: 1/24)
2026-09-12 22:12:07.340 DEBUG  Queuing item for routing: Pin on net 'GND' (connected: 1/24)
2026-09-12 22:12:07.340 DEBUG  Queuing item for routing: Pin on net 'GND' (connected: 1/24)
2026-09-12 22:12:07.340 DEBUG  Queuing item for routing: Pin on net 'POD_3V3' (connected: 1/30)
2026-09-12 22:12:07.340 DEBUG  Queuing item for routing: Pin on net 'GND' (connected: 5/24)
2026-09-12 22:12:07.340 DEBUG  Queuing item for routing: Pin on net 'POD_3V3' (connected: 5/30)
2026-09-12 22:12:07.340 DEBUG  Queuing item for routing: Pin on net 'POD_3V3' (connected: 1/30)
2026-09-12 22:12:07.340 DEBUG  Queuing item for routing: Pin on net 'GND' (connected: 1/24)
2026-09-12 22:12:07.340 DEBUG  Queuing item for routing: Pin on net 'POD_3V3' (connected: 8/30)
2026-09-12 22:12:07.341 DEBUG  Queuing item for routing: Pin on net '/Eight ring pods/Pod 1 {slash} U19/UART_RX_LOCAL' (connected: 1/12)
2026-09-12 22:12:07.341 DEBUG  Queuing item for routing: Pin on net '/Eight ring pods/Pod 1 {slash} U19/UART_TX_LOCAL' (connected: 3/9)
2026-09-12 22:12:07.341 DEBUG  Queuing item for routing: Pin on net 'POD_3V3' (connected: 1/30)
2026-09-12 22:12:07.349 DEBUG  [A9694F\E3E9C0] Pass #6: 17 incompletes across 19 items to route
2026-09-12 22:12:07.349 DEBUG  [A9694F\E3E9C0]   Net 'GND' has 7 incomplete(s)
2026-09-12 22:12:07.349 DEBUG  [A9694F\E3E9C0]   Net 'POD_3V3' has 7 incomplete(s)
2026-09-12 22:12:07.349 DEBUG  [A9694F\E3E9C0]   Net '/Eight ring pods/Pod 1 {slash} U19/UART_TX_LOCAL' has 2 incomplete(s)
2026-09-12 22:12:07.349 DEBUG  [A9694F\E3E9C0]   Net '/Eight ring pods/Pod 1 {slash} U19/UART_RX_LOCAL' has 1 incomplete(s)
2026-09-12 22:12:07.741 DEBUG  FoundConnectionInserter: insert trace failed for net #4 at corner 5/31 on layer 0, trace width: 750, from corner: 0, okPoint: (806021,-804205), target: (805421,-793420)
2026-09-12 22:12:07.743 DEBUG  [A9694F\E3E9C0] Autorouter Failed to route connection between polylinetrace, polylinetrace, polylinetrace, polylinetrace, via, via, polylinetrace, via, polylinetrace, polylinetrace, via, pin #2 of component #22, pin #1 of component #5, pin of component #2 and pin #7 of component #21, because the new connection could not be inserted.
2026-09-12 22:12:07.831 DEBUG  FoundConnectionInserter: insert trace failed for net #1 at corner 7/12 on layer 3, trace width: 750, from corner: 6, okPoint: (891661,-621643), target: (892091,-622073)
2026-09-12 22:12:07.835 DEBUG  [A9694F\E3E9C0] Autorouter Failed to route connection between pin #1 of component #20 and polylinetrace, polylinetrace, polylinetrace, polylinetrace, polylinetrace, polylinetrace, polylinetrace, polylinetrace, polylinetrace, polylinetrace, polylinetrace, polylinetrace, polylinetrace, polylinetrace, pin #1 of component #22, pin #6 of component #21, pin #1 of component #19, pin #1 of component #18, pin #5 of component #16, pin #1 of component #15, pin #1 of component #14, pin #1 of component #13, pin #1 of component #12, pin #1 of component #11, pin #1 of component #10, pin #1 of component #9, pin #1 of component #8, conductionarea, because the new connection could not be inserted.
2026-09-12 22:12:08.611 INFO   [A9694F\E3E9C0] Auto-routing pass #6 on board '4696330ca17c37b65d29f069b4800a7d' was completed in 1.27 seconds with score 738.17 (14 unrouted and 2 violations), using 9.73 CPU seconds and the job allocated 66.21 GB of memory so far.
2026-09-12 22:12:08.637 DEBUG  Queuing item for routing: PolylineTrace on net 'POD_3V3' (connected: 12/29)
2026-09-12 22:12:08.637 DEBUG  Queuing item for routing: Pin on net 'GND' (connected: 18/29)
2026-09-12 22:12:08.638 DEBUG  Queuing item for routing: Pin on net 'POD_3V3' (connected: 1/29)
2026-09-12 22:12:08.638 DEBUG  Queuing item for routing: Pin on net 'GND' (connected: 2/29)
2026-09-12 22:12:08.638 DEBUG  Queuing item for routing: Pin on net '/Eight ring pods/Pod 1 {slash} U19/CELL_TEMP' (connected: 5/8)
2026-09-12 22:12:08.638 DEBUG  Queuing item for routing: Pin on net 'GND' (connected: 1/29)
2026-09-12 22:12:08.638 DEBUG  Queuing item for routing: Pin on net 'GND' (connected: 1/29)
2026-09-12 22:12:08.638 DEBUG  Queuing item for routing: Pin on net '/Eight ring pods/Pod 1 {slash} U19/CELL_TEMP' (connected: 3/8)
2026-09-12 22:12:08.638 DEBUG  Queuing item for routing: Pin on net 'GND' (connected: 5/29)
2026-09-12 22:12:08.638 DEBUG  Queuing item for routing: Pin on net 'POD_3V3' (connected: 5/29)
2026-09-12 22:12:08.638 DEBUG  Queuing item for routing: Pin on net 'POD_3V3' (connected: 1/29)
2026-09-12 22:12:08.638 DEBUG  Queuing item for routing: Pin on net 'GND' (connected: 1/29)
2026-09-12 22:12:08.638 DEBUG  Queuing item for routing: Pin on net 'POD_3V3' (connected: 7/29)
2026-09-12 22:12:08.638 DEBUG  Queuing item for routing: Pin on net 'POD_3V3' (connected: 1/29)
2026-09-12 22:12:08.638 DEBUG  Queuing item for routing: Pin on net 'POD_3V3' (connected: 1/29)
2026-09-12 22:12:08.648 DEBUG  [A9694F\E3E9C0] Pass #7: 14 incompletes across 15 items to route
2026-09-12 22:12:08.648 DEBUG  [A9694F\E3E9C0]   Net 'GND' has 6 incomplete(s)
2026-09-12 22:12:08.648 DEBUG  [A9694F\E3E9C0]   Net 'POD_3V3' has 7 incomplete(s)
2026-09-12 22:12:08.648 DEBUG  [A9694F\E3E9C0]   Net '/Eight ring pods/Pod 1 {slash} U19/CELL_TEMP' has 1 incomplete(s)
2026-09-12 22:12:09.319 DEBUG  FoundConnectionInserter: insert trace failed for net #1 at corner 8/8 on layer 3, trace width: 750, from corner: 2, okPoint: (800039,-571500), target: (781905,-586084)
2026-09-12 22:12:09.323 DEBUG  [A9694F\E3E9C0] Autorouter Failed to route connection between pin #1 of component #10 and polylinetrace, polylinetrace, polylinetrace, polylinetrace, polylinetrace, polylinetrace, polylinetrace, polylinetrace, polylinetrace, polylinetrace, polylinetrace, polylinetrace, polylinetrace, polylinetrace, polylinetrace, polylinetrace, polylinetrace, polylinetrace, polylinetrace, polylinetrace, pin #1 of component #22, pin #6 of component #21, pin #1 of component #20, pin #1 of component #19, pin #1 of component #18, pin #5 of component #16, pin #1 of component #15, pin #1 of component #14, pin #1 of component #13, pin #1 of component #12, pin #1 of component #11, pin #1 of component #9, pin #1 of component #8, conductionarea, because the new connection could not be inserted.
2026-09-12 22:12:09.323 DEBUG  [A9694F\E3E9C0] Pass #7: Failed to route Pin on net 'GND' (4 items remaining, 1 failures). State: FAILED
2026-09-12 22:12:09.498 INFO   [A9694F\E3E9C0] Auto-routing pass #7 on board 'e6d5aa40a9a1834c66d1556c73fbb3b5' was completed in 0.86 seconds with score 719.99 (15 unrouted and 2 violations), using 10.69 CPU seconds and the job allocated 73.36 GB of memory so far.
2026-09-12 22:12:09.521 DEBUG  Queuing item for routing: PolylineTrace on net 'POD_3V3' (connected: 17/34)
2026-09-12 22:12:09.521 DEBUG  Queuing item for routing: Pin on net 'RING_nRESET' (connected: 10/11)
2026-09-12 22:12:09.521 DEBUG  Queuing item for routing: Pin on net '/Eight ring pods/Pod 1 {slash} U19/UART_RX_LOCAL' (connected: 11/12)
2026-09-12 22:12:09.522 DEBUG  Queuing item for routing: Pin on net '/Eight ring pods/Pod 1 {slash} U19/UART_TX_LOCAL' (connected: 14/15)
2026-09-12 22:12:09.522 DEBUG  Queuing item for routing: Pin on net 'GND' (connected: 18/28)
2026-09-12 22:12:09.522 DEBUG  Queuing item for routing: Pin on net 'POD_3V3' (connected: 2/34)
2026-09-12 22:12:09.522 DEBUG  Queuing item for routing: Pin on net '/Eight ring pods/Pod 1 {slash} U19/UART_TX_LOCAL' (connected: 1/15)
2026-09-12 22:12:09.522 DEBUG  Queuing item for routing: Pin on net 'GND' (connected: 1/28)
2026-09-12 22:12:09.522 DEBUG  Queuing item for routing: Pin on net 'GND' (connected: 1/28)
2026-09-12 22:12:09.522 DEBUG  Queuing item for routing: Pin on net 'GND' (connected: 1/28)
2026-09-12 22:12:09.522 DEBUG  Queuing item for routing: Pin on net 'GND' (connected: 5/28)
2026-09-12 22:12:09.522 DEBUG  Queuing item for routing: Pin on net 'POD_3V3' (connected: 5/34)
2026-09-12 22:12:09.522 DEBUG  Queuing item for routing: Pin on net 'RING_nRESET' (connected: 1/11)
2026-09-12 22:12:09.522 DEBUG  Queuing item for routing: Pin on net 'POD_3V3' (connected: 1/34)
2026-09-12 22:12:09.522 DEBUG  Queuing item for routing: Pin on net 'GND' (connected: 1/28)
2026-09-12 22:12:09.522 DEBUG  Queuing item for routing: Pin on net 'POD_3V3' (connected: 7/34)
2026-09-12 22:12:09.523 DEBUG  Queuing item for routing: Pin on net '/Eight ring pods/Pod 1 {slash} U19/UART_RX_LOCAL' (connected: 1/12)
2026-09-12 22:12:09.523 DEBUG  Queuing item for routing: Pin on net 'POD_3V3' (connected: 1/34)
2026-09-12 22:12:09.532 DEBUG  [A9694F\E3E9C0] Pass #8: 15 incompletes across 18 items to route
2026-09-12 22:12:09.533 DEBUG  [A9694F\E3E9C0]   Net 'GND' has 6 incomplete(s)
2026-09-12 22:12:09.533 DEBUG  [A9694F\E3E9C0]   Net 'POD_3V3' has 6 incomplete(s)
2026-09-12 22:12:09.533 DEBUG  [A9694F\E3E9C0]   Net '/Eight ring pods/Pod 1 {slash} U19/UART_TX_LOCAL' has 1 incomplete(s)
2026-09-12 22:12:09.533 DEBUG  [A9694F\E3E9C0]   Net '/Eight ring pods/Pod 1 {slash} U19/UART_RX_LOCAL' has 1 incomplete(s)
2026-09-12 22:12:09.533 DEBUG  [A9694F\E3E9C0]   Net 'RING_nRESET' has 1 incomplete(s)
2026-09-12 22:12:10.251 DEBUG  FoundConnectionInserter: insert trace failed for net #8 at corner 21/21 on layer 3, trace width: 750, from corner: 5, okPoint: (911027,-730744), target: (779823,-772886)
2026-09-12 22:12:10.254 DEBUG  [A9694F\E3E9C0] Autorouter Failed to route connection between polylinetrace, pin #3 of component #21, pin #3 of component #10 and polylinetrace, polylinetrace, via, polylinetrace, via, pin #4 of component #22, pin #3 of component #11, because the new connection could not be inserted.
2026-09-12 22:12:10.585 DEBUG  [A9694F\E3E9C0] Restoring an earlier board that has the score of 738.17 (14 unrouted and 2 violations).
2026-09-12 22:12:10.585 INFO   [A9694F\E3E9C0] Auto-routing pass #8 on board 'e6d5aa40a9a1834c66d1556c73fbb3b5' was completed in 0.00 seconds with score 738.17 (14 unrouted and 2 violations), using 11.66 CPU seconds and the job allocated 81.14 GB of memory so far.
2026-09-12 22:12:10.598 DEBUG  Queuing item for routing: PolylineTrace on net 'POD_3V3' (connected: 12/29)
2026-09-12 22:12:10.599 DEBUG  Queuing item for routing: Pin on net 'GND' (connected: 18/29)
2026-09-12 22:12:10.599 DEBUG  Queuing item for routing: Pin on net 'POD_3V3' (connected: 1/29)
2026-09-12 22:12:10.599 DEBUG  Queuing item for routing: Pin on net 'GND' (connected: 2/29)
2026-09-12 22:12:10.599 DEBUG  Queuing item for routing: Pin on net '/Eight ring pods/Pod 1 {slash} U19/CELL_TEMP' (connected: 5/8)
2026-09-12 22:12:10.599 DEBUG  Queuing item for routing: Pin on net 'GND' (connected: 1/29)
2026-09-12 22:12:10.599 DEBUG  Queuing item for routing: Pin on net 'GND' (connected: 1/29)
2026-09-12 22:12:10.599 DEBUG  Queuing item for routing: Pin on net '/Eight ring pods/Pod 1 {slash} U19/CELL_TEMP' (connected: 3/8)
2026-09-12 22:12:10.599 DEBUG  Queuing item for routing: Pin on net 'GND' (connected: 5/29)
2026-09-12 22:12:10.600 DEBUG  Queuing item for routing: Pin on net 'POD_3V3' (connected: 5/29)
2026-09-12 22:12:10.600 DEBUG  Queuing item for routing: Pin on net 'POD_3V3' (connected: 1/29)
2026-09-12 22:12:10.600 DEBUG  Queuing item for routing: Pin on net 'GND' (connected: 1/29)
2026-09-12 22:12:10.600 DEBUG  Queuing item for routing: Pin on net 'POD_3V3' (connected: 7/29)
2026-09-12 22:12:10.600 DEBUG  Queuing item for routing: Pin on net 'POD_3V3' (connected: 1/29)
2026-09-12 22:12:10.600 DEBUG  Queuing item for routing: Pin on net 'POD_3V3' (connected: 1/29)
2026-09-12 22:12:10.609 DEBUG  [A9694F\E3E9C0] Pass #9: 14 incompletes across 15 items to route
2026-09-12 22:12:10.609 DEBUG  [A9694F\E3E9C0]   Net 'GND' has 6 incomplete(s)
2026-09-12 22:12:10.609 DEBUG  [A9694F\E3E9C0]   Net 'POD_3V3' has 7 incomplete(s)
2026-09-12 22:12:10.609 DEBUG  [A9694F\E3E9C0]   Net '/Eight ring pods/Pod 1 {slash} U19/CELL_TEMP' has 1 incomplete(s)
2026-09-12 22:12:11.278 DEBUG  FoundConnectionInserter: insert trace failed for net #1 at corner 8/8 on layer 3, trace width: 750, from corner: 2, okPoint: (800039,-571500), target: (781905,-586084)
2026-09-12 22:12:11.281 DEBUG  [A9694F\E3E9C0] Autorouter Failed to route connection between pin #1 of component #10 and polylinetrace, polylinetrace, polylinetrace, polylinetrace, polylinetrace, polylinetrace, polylinetrace, polylinetrace, polylinetrace, polylinetrace, polylinetrace, polylinetrace, polylinetrace, polylinetrace, polylinetrace, polylinetrace, polylinetrace, polylinetrace, polylinetrace, polylinetrace, pin #1 of component #22, pin #6 of component #21, pin #1 of component #20, pin #1 of component #19, pin #1 of component #18, pin #5 of component #16, pin #1 of component #15, pin #1 of component #14, pin #1 of component #13, pin #1 of component #12, pin #1 of component #11, pin #1 of component #9, pin #1 of component #8, conductionarea, because the new connection could not be inserted.
2026-09-12 22:12:11.281 DEBUG  [A9694F\E3E9C0] Pass #9: Failed to route Pin on net 'GND' (4 items remaining, 1 failures). State: FAILED
2026-09-12 22:12:11.462 INFO   [A9694F\E3E9C0] Auto-routing pass #9 on board 'e6d5aa40a9a1834c66d1556c73fbb3b5' was completed in 0.86 seconds with score 738.17 (14 unrouted and 2 violations), using 12.63 CPU seconds and the job allocated 88.57 GB of memory so far.
2026-09-12 22:12:11.488 DEBUG  Queuing item for routing: PolylineTrace on net 'POD_3V3' (connected: 17/34)
2026-09-12 22:12:11.488 DEBUG  Queuing item for routing: Pin on net 'RING_nRESET' (connected: 10/11)
2026-09-12 22:12:11.488 DEBUG  Queuing item for routing: Pin on net '/Eight ring pods/Pod 1 {slash} U19/UART_RX_LOCAL' (connected: 11/12)
2026-09-12 22:12:11.488 DEBUG  Queuing item for routing: Pin on net '/Eight ring pods/Pod 1 {slash} U19/UART_TX_LOCAL' (connected: 14/15)
2026-09-12 22:12:11.488 DEBUG  Queuing item for routing: Pin on net 'POD_3V3' (connected: 2/34)
2026-09-12 22:12:11.488 DEBUG  Queuing item for routing: Pin on net '/Eight ring pods/Pod 1 {slash} U19/UART_TX_LOCAL' (connected: 1/15)
2026-09-12 22:12:11.488 DEBUG  Queuing item for routing: Pin on net 'GND' (connected: 1/30)
2026-09-12 22:12:11.489 DEBUG  Queuing item for routing: Pin on net 'GND' (connected: 1/30)
2026-09-12 22:12:11.489 DEBUG  Queuing item for routing: Pin on net 'GND' (connected: 1/30)
2026-09-12 22:12:11.489 DEBUG  Queuing item for routing: Pin on net 'GND' (connected: 5/30)
2026-09-12 22:12:11.489 DEBUG  Queuing item for routing: Pin on net 'POD_3V3' (connected: 5/34)
2026-09-12 22:12:11.489 DEBUG  Queuing item for routing: Pin on net 'RING_nRESET' (connected: 1/11)
2026-09-12 22:12:11.489 DEBUG  Queuing item for routing: Pin on net 'POD_3V3' (connected: 1/34)
2026-09-12 22:12:11.489 DEBUG  Queuing item for routing: Pin on net 'GND' (connected: 1/30)
2026-09-12 22:12:11.489 DEBUG  Queuing item for routing: Pin on net 'POD_3V3' (connected: 7/34)
2026-09-12 22:12:11.489 DEBUG  Queuing item for routing: Pin on net '/Eight ring pods/Pod 1 {slash} U19/UART_RX_LOCAL' (connected: 1/12)
2026-09-12 22:12:11.489 DEBUG  Queuing item for routing: Pin on net 'POD_3V3' (connected: 1/34)
2026-09-12 22:12:11.500 DEBUG  [A9694F\E3E9C0] Pass #10: 14 incompletes across 17 items to route
2026-09-12 22:12:11.500 DEBUG  [A9694F\E3E9C0]   Net 'GND' has 5 incomplete(s)
2026-09-12 22:12:11.501 DEBUG  [A9694F\E3E9C0]   Net 'POD_3V3' has 6 incomplete(s)
2026-09-12 22:12:11.501 DEBUG  [A9694F\E3E9C0]   Net '/Eight ring pods/Pod 1 {slash} U19/UART_TX_LOCAL' has 1 incomplete(s)
2026-09-12 22:12:11.501 DEBUG  [A9694F\E3E9C0]   Net '/Eight ring pods/Pod 1 {slash} U19/UART_RX_LOCAL' has 1 incomplete(s)
2026-09-12 22:12:11.501 DEBUG  [A9694F\E3E9C0]   Net 'RING_nRESET' has 1 incomplete(s)
2026-09-12 22:12:12.127 DEBUG  FoundConnectionInserter: insert trace failed for net #8 at corner 25/25 on layer 3, trace width: 750, from corner: 5, okPoint: (911027,-730744), target: (779823,-772886)
2026-09-12 22:12:12.130 DEBUG  [A9694F\E3E9C0] Autorouter Failed to route connection between polylinetrace, pin #3 of component #21, pin #3 of component #10 and polylinetrace, polylinetrace, via, polylinetrace, via, pin #4 of component #22, pin #3 of component #11, because the new connection could not be inserted.
2026-09-12 22:12:12.517 INFO   [A9694F\E3E9C0] Auto-routing pass #10 on board '6a0af570065bebcc29b4fb78af1f758a' was completed in 1.03 seconds with score 647.26 (19 unrouted and 2 violations), using 13.59 CPU seconds and the job allocated 96.55 GB of memory so far.
2026-09-12 22:12:12.531 DEBUG  [A9694F\E3E9C0] Applied one-time fanout recovery cleanup (removed fanout tails/vias). Incompletes: 19 -> 19.
2026-09-12 22:12:12.547 DEBUG  Queuing item for routing: PolylineTrace on net 'POD_3V3' (connected: 12/29)
2026-09-12 22:12:12.547 DEBUG  Queuing item for routing: Pin on net 'RING_nRESET' (connected: 7/10)
2026-09-12 22:12:12.547 DEBUG  Queuing item for routing: Pin on net '/Eight ring pods/Pod 1 {slash} U19/UART_RX_LOCAL' (connected: 9/10)
2026-09-12 22:12:12.547 DEBUG  Queuing item for routing: Pin on net '/Eight ring pods/Pod 1 {slash} U19/UART_TX_LOCAL' (connected: 14/15)
2026-09-12 22:12:12.547 DEBUG  Queuing item for routing: Pin on net 'GND' (connected: 16/26)
2026-09-12 22:12:12.547 DEBUG  Queuing item for routing: Pin on net '/Eight ring pods/Pod 1 {slash} U19/UART_RX_LOCAL' (connected: 1/10)
2026-09-12 22:12:12.547 DEBUG  Queuing item for routing: Pin on net 'POD_3V3' (connected: 1/29)
2026-09-12 22:12:12.547 DEBUG  Queuing item for routing: Pin on net '/Eight ring pods/Pod 1 {slash} U19/UART_TX_LOCAL' (connected: 1/15)
2026-09-12 22:12:12.547 DEBUG  Queuing item for routing: Pin on net 'GND' (connected: 1/26)
2026-09-12 22:12:12.547 DEBUG  Queuing item for routing: Pin on net '/Eight ring pods/Pod 1 {slash} U19/LOCAL_SCL' (connected: 1/3)
2026-09-12 22:12:12.547 DEBUG  Queuing item for routing: Pin on net 'RING_nRESET' (connected: 3/10)
2026-09-12 22:12:12.547 DEBUG  Queuing item for routing: Pin on net '/Eight ring pods/Pod 1 {slash} U19/CELL_TEMP' (connected: 5/6)
2026-09-12 22:12:12.547 DEBUG  Queuing item for routing: Pin on net 'GND' (connected: 1/26)
2026-09-12 22:12:12.547 DEBUG  Queuing item for routing: Pin on net 'GND' (connected: 1/26)
2026-09-12 22:12:12.547 DEBUG  Queuing item for routing: Pin on net '/Eight ring pods/Pod 1 {slash} U19/CELL_TEMP' (connected: 1/6)
2026-09-12 22:12:12.548 DEBUG  Queuing item for routing: Pin on net '/Eight ring pods/Pod 1 {slash} U19/LOCAL_SCL' (connected: 1/3)
2026-09-12 22:12:12.548 DEBUG  Queuing item for routing: Pin on net 'GND' (connected: 5/26)
2026-09-12 22:12:12.548 DEBUG  Queuing item for routing: Pin on net 'POD_3V3' (connected: 5/29)
2026-09-12 22:12:12.548 DEBUG  Queuing item for routing: Pin on net 'POD_3V3' (connected: 1/29)
2026-09-12 22:12:12.548 DEBUG  Queuing item for routing: Pin on net 'GND' (connected: 1/26)
2026-09-12 22:12:12.548 DEBUG  Queuing item for routing: Pin on net 'POD_3V3' (connected: 7/29)
2026-09-12 22:12:12.548 DEBUG  Queuing item for routing: Pin on net 'POD_3V3' (connected: 1/29)
2026-09-12 22:12:12.548 DEBUG  Queuing item for routing: Pin on net 'POD_3V3' (connected: 1/29)
2026-09-12 22:12:12.548 DEBUG  Queuing item for routing: Pin on net '/Eight ring pods/Pod 1 {slash} U19/LOCAL_SCL' (connected: 1/3)
2026-09-12 22:12:12.555 DEBUG  [A9694F\E3E9C0] Pass #11: 19 incompletes across 24 items to route
2026-09-12 22:12:12.555 DEBUG  [A9694F\E3E9C0]   Net 'GND' has 6 incomplete(s)
2026-09-12 22:12:12.555 DEBUG  [A9694F\E3E9C0]   Net 'POD_3V3' has 7 incomplete(s)
2026-09-12 22:12:12.555 DEBUG  [A9694F\E3E9C0]   Net '/Eight ring pods/Pod 1 {slash} U19/LOCAL_SCL' has 2 incomplete(s)
2026-09-12 22:12:12.555 DEBUG  [A9694F\E3E9C0]   Net '/Eight ring pods/Pod 1 {slash} U19/UART_TX_LOCAL' has 1 incomplete(s)
2026-09-12 22:12:12.555 DEBUG  [A9694F\E3E9C0]   Net '/Eight ring pods/Pod 1 {slash} U19/UART_RX_LOCAL' has 1 incomplete(s)
2026-09-12 22:12:12.555 DEBUG  [A9694F\E3E9C0]   Net 'RING_nRESET' has 1 incomplete(s)
2026-09-12 22:12:12.555 DEBUG  [A9694F\E3E9C0]   Net '/Eight ring pods/Pod 1 {slash} U19/CELL_TEMP' has 1 incomplete(s)
2026-09-12 22:12:13.576 DEBUG  FoundConnectionInserter: insert trace failed for net #1 at corner 11/11 on layer 3, trace width: 750, from corner: 4, okPoint: (799665,-571874), target: (779880,-587898)
2026-09-12 22:12:13.579 DEBUG  [A9694F\E3E9C0] Autorouter Failed to route connection between pin #1 of component #10 and polylinetrace, polylinetrace, polylinetrace, polylinetrace, polylinetrace, polylinetrace, polylinetrace, polylinetrace, polylinetrace, polylinetrace, polylinetrace, polylinetrace, polylinetrace, polylinetrace, polylinetrace, polylinetrace, polylinetrace, polylinetrace, polylinetrace, polylinetrace, polylinetrace, pin #1 of component #22, pin #6 of component #21, pin #1 of component #20, pin #1 of component #19, pin #1 of component #18, pin #5 of component #16, pin #1 of component #15, pin #1 of component #14, pin #1 of component #13, pin #1 of component #12, pin #1 of component #11, pin #1 of component #9, pin #1 of component #8, conductionarea, because the new connection could not be inserted.
2026-09-12 22:12:13.579 DEBUG  [A9694F\E3E9C0] Pass #11: Failed to route Pin on net 'GND' (5 items remaining, 2 failures). State: FAILED
2026-09-12 22:12:13.726 INFO   [A9694F\E3E9C0] Auto-routing pass #11 on board '90d76a77b6a8983a03e135a571e24050' was completed in 1.18 seconds with score 756.35 (13 unrouted and 2 violations), using 14.58 CPU seconds and the job allocated 104.09 GB of memory so far.
2026-09-12 22:12:13.752 DEBUG  Queuing item for routing: PolylineTrace on net 'POD_3V3' (connected: 15/32)
2026-09-12 22:12:13.752 DEBUG  Queuing item for routing: Pin on net '/Eight ring pods/Pod 1 {slash} U19/UART_RX_LOCAL' (connected: 11/12)
2026-09-12 22:12:13.753 DEBUG  Queuing item for routing: Pin on net 'POD_3V3' (connected: 2/32)
2026-09-12 22:12:13.753 DEBUG  Queuing item for routing: Pin on net 'GND' (connected: 2/30)
2026-09-12 22:12:13.753 DEBUG  Queuing item for routing: Pin on net '/Eight ring pods/Pod 1 {slash} U19/LOCAL_SDA' (connected: 7/8)
2026-09-12 22:12:13.753 DEBUG  Queuing item for routing: Pin on net 'GND' (connected: 1/30)
2026-09-12 22:12:13.753 DEBUG  Queuing item for routing: Pin on net 'GND' (connected: 1/30)
2026-09-12 22:12:13.753 DEBUG  Queuing item for routing: Pin on net '/Eight ring pods/Pod 1 {slash} U19/LOCAL_SDA' (connected: 1/8)
2026-09-12 22:12:13.753 DEBUG  Queuing item for routing: Pin on net 'GND' (connected: 5/30)
2026-09-12 22:12:13.753 DEBUG  Queuing item for routing: Pin on net 'POD_3V3' (connected: 5/32)
2026-09-12 22:12:13.753 DEBUG  Queuing item for routing: Pin on net 'POD_3V3' (connected: 1/32)
2026-09-12 22:12:13.753 DEBUG  Queuing item for routing: Pin on net 'GND' (connected: 1/30)
2026-09-12 22:12:13.753 DEBUG  Queuing item for routing: Pin on net 'POD_3V3' (connected: 7/32)
2026-09-12 22:12:13.753 DEBUG  Queuing item for routing: Pin on net '/Eight ring pods/Pod 1 {slash} U19/UART_RX_LOCAL' (connected: 1/12)
2026-09-12 22:12:13.753 DEBUG  Queuing item for routing: Pin on net 'POD_3V3' (connected: 1/32)
2026-09-12 22:12:13.764 DEBUG  [A9694F\E3E9C0] Pass #12: 13 incompletes across 15 items to route
2026-09-12 22:12:13.764 DEBUG  [A9694F\E3E9C0]   Net 'GND' has 5 incomplete(s)
2026-09-12 22:12:13.764 DEBUG  [A9694F\E3E9C0]   Net 'POD_3V3' has 6 incomplete(s)
2026-09-12 22:12:13.764 DEBUG  [A9694F\E3E9C0]   Net '/Eight ring pods/Pod 1 {slash} U19/UART_RX_LOCAL' has 1 incomplete(s)
2026-09-12 22:12:13.764 DEBUG  [A9694F\E3E9C0]   Net '/Eight ring pods/Pod 1 {slash} U19/LOCAL_SDA' has 1 incomplete(s)
2026-09-12 22:12:14.594 DEBUG  FoundConnectionInserter: insert trace failed for net #1 at corner 11/11 on layer 3, trace width: 750, from corner: 4, okPoint: (799665,-571874), target: (779979,-587997)
2026-09-12 22:12:14.597 DEBUG  [A9694F\E3E9C0] Autorouter Failed to route connection between pin #1 of component #10 and polylinetrace, polylinetrace, polylinetrace, polylinetrace, polylinetrace, polylinetrace, polylinetrace, polylinetrace, polylinetrace, polylinetrace, polylinetrace, polylinetrace, polylinetrace, polylinetrace, polylinetrace, polylinetrace, polylinetrace, polylinetrace, polylinetrace, polylinetrace, via, polylinetrace, polylinetrace, polylinetrace, polylinetrace, polylinetrace, pin #1 of component #22, pin #6 of component #21, pin #1 of component #20, pin #1 of component #19, pin #1 of component #18, pin #5 of component #16, pin #1 of component #15, pin #1 of component #14, pin #1 of component #13, pin #1 of component #12, pin #1 of component #11, pin #1 of component #9, pin #1 of component #8, conductionarea, because the new connection could not be inserted.
2026-09-12 22:12:14.597 DEBUG  [A9694F\E3E9C0] Pass #12: Failed to route Pin on net 'GND' (4 items remaining, 3 failures). State: FAILED
2026-09-12 22:12:14.641 DEBUG  FoundConnectionInserter: via placement blocked by clearance/shove limits for net #2
2026-09-12 22:12:14.646 DEBUG  [A9694F\E3E9C0] Autorouter Failed to route connection between polylinetrace, polylinetrace, polylinetrace, polylinetrace, pin of component #7, pin of component #5, pin of component #1 and polylinetrace, polylinetrace, polylinetrace, polylinetrace, polylinetrace, polylinetrace, polylinetrace, polylinetrace, polylinetrace, polylinetrace, polylinetrace, polylinetrace, polylinetrace, pin of component #22, pin #8 of component #21, pin #7 of component #16, pin #4 of component #16, pin of component #15, pin of component #14, pin of component #13, pin of component #11, pin of component #10, pin of component #9, pin of component #8, pin of component #4, pin of component #3, conductionarea, because the new connection could not be inserted.
2026-09-12 22:12:14.646 DEBUG  [A9694F\E3E9C0] Pass #12: Failed to route Pin on net 'POD_3V3' (3 items remaining, 1 failures). State: FAILED
2026-09-12 22:12:14.726 DEBUG  [A9694F\E3E9C0] Restoring an earlier board that has the score of 756.35 (13 unrouted and 2 violations).
2026-09-12 22:12:14.726 INFO   [A9694F\E3E9C0] Auto-routing pass #12 on board '19d858bc3a008016a0d1b3cf381cc641' was completed in 0.97 seconds with score 756.35 (13 unrouted and 2 violations), using 15.56 CPU seconds and the job allocated 112.04 GB of memory so far.
2026-09-12 22:12:14.742 DEBUG  Queuing item for routing: PolylineTrace on net 'POD_3V3' (connected: 15/32)
2026-09-12 22:12:14.742 DEBUG  Queuing item for routing: Pin on net '/Eight ring pods/Pod 1 {slash} U19/UART_RX_LOCAL' (connected: 11/12)
2026-09-12 22:12:14.743 DEBUG  Queuing item for routing: Pin on net 'POD_3V3' (connected: 2/32)
2026-09-12 22:12:14.743 DEBUG  Queuing item for routing: Pin on net 'GND' (connected: 2/30)
2026-09-12 22:12:14.743 DEBUG  Queuing item for routing: Pin on net '/Eight ring pods/Pod 1 {slash} U19/LOCAL_SDA' (connected: 7/8)
2026-09-12 22:12:14.743 DEBUG  Queuing item for routing: Pin on net 'GND' (connected: 1/30)
2026-09-12 22:12:14.743 DEBUG  Queuing item for routing: Pin on net 'GND' (connected: 1/30)
2026-09-12 22:12:14.743 DEBUG  Queuing item for routing: Pin on net '/Eight ring pods/Pod 1 {slash} U19/LOCAL_SDA' (connected: 1/8)
2026-09-12 22:12:14.743 DEBUG  Queuing item for routing: Pin on net 'GND' (connected: 5/30)
2026-09-12 22:12:14.743 DEBUG  Queuing item for routing: Pin on net 'POD_3V3' (connected: 5/32)
2026-09-12 22:12:14.743 DEBUG  Queuing item for routing: Pin on net 'POD_3V3' (connected: 1/32)
2026-09-12 22:12:14.743 DEBUG  Queuing item for routing: Pin on net 'GND' (connected: 1/30)
2026-09-12 22:12:14.743 DEBUG  Queuing item for routing: Pin on net 'POD_3V3' (connected: 7/32)
2026-09-12 22:12:14.743 DEBUG  Queuing item for routing: Pin on net '/Eight ring pods/Pod 1 {slash} U19/UART_RX_LOCAL' (connected: 1/12)
2026-09-12 22:12:14.743 DEBUG  Queuing item for routing: Pin on net 'POD_3V3' (connected: 1/32)
2026-09-12 22:12:14.755 DEBUG  [A9694F\E3E9C0] Pass #13: 13 incompletes across 15 items to route
2026-09-12 22:12:14.755 DEBUG  [A9694F\E3E9C0]   Net 'GND' has 5 incomplete(s)
2026-09-12 22:12:14.755 DEBUG  [A9694F\E3E9C0]   Net 'POD_3V3' has 6 incomplete(s)
2026-09-12 22:12:14.755 DEBUG  [A9694F\E3E9C0]   Net '/Eight ring pods/Pod 1 {slash} U19/UART_RX_LOCAL' has 1 incomplete(s)
2026-09-12 22:12:14.755 DEBUG  [A9694F\E3E9C0]   Net '/Eight ring pods/Pod 1 {slash} U19/LOCAL_SDA' has 1 incomplete(s)
2026-09-12 22:12:15.590 DEBUG  FoundConnectionInserter: insert trace failed for net #1 at corner 11/11 on layer 3, trace width: 750, from corner: 4, okPoint: (799665,-571874), target: (779979,-587997)
2026-09-12 22:12:15.593 DEBUG  [A9694F\E3E9C0] Autorouter Failed to route connection between pin #1 of component #10 and polylinetrace, polylinetrace, polylinetrace, polylinetrace, polylinetrace, polylinetrace, polylinetrace, polylinetrace, polylinetrace, polylinetrace, polylinetrace, polylinetrace, polylinetrace, polylinetrace, polylinetrace, polylinetrace, polylinetrace, polylinetrace, polylinetrace, polylinetrace, via, polylinetrace, polylinetrace, polylinetrace, polylinetrace, polylinetrace, pin #1 of component #22, pin #6 of component #21, pin #1 of component #20, pin #1 of component #19, pin #1 of component #18, pin #5 of component #16, pin #1 of component #15, pin #1 of component #14, pin #1 of component #13, pin #1 of component #12, pin #1 of component #11, pin #1 of component #9, pin #1 of component #8, conductionarea, because the new connection could not be inserted.
2026-09-12 22:12:15.593 DEBUG  [A9694F\E3E9C0] Pass #13: Failed to route Pin on net 'GND' (4 items remaining, 3 failures). State: FAILED
2026-09-12 22:12:15.637 DEBUG  FoundConnectionInserter: via placement blocked by clearance/shove limits for net #2
2026-09-12 22:12:15.640 DEBUG  [A9694F\E3E9C0] Autorouter Failed to route connection between polylinetrace, polylinetrace, polylinetrace, polylinetrace, pin of component #7, pin of component #5, pin of component #1 and polylinetrace, polylinetrace, polylinetrace, polylinetrace, polylinetrace, polylinetrace, polylinetrace, polylinetrace, polylinetrace, polylinetrace, polylinetrace, polylinetrace, polylinetrace, pin of component #22, pin #8 of component #21, pin #7 of component #16, pin #4 of component #16, pin of component #15, pin of component #14, pin of component #13, pin of component #11, pin of component #10, pin of component #9, pin of component #8, pin of component #4, pin of component #3, conductionarea, because the new connection could not be inserted.
2026-09-12 22:12:15.640 DEBUG  [A9694F\E3E9C0] Pass #13: Failed to route Pin on net 'POD_3V3' (3 items remaining, 1 failures). State: FAILED
2026-09-12 22:12:15.701 INFO   [A9694F\E3E9C0] Auto-routing pass #13 on board '19d858bc3a008016a0d1b3cf381cc641' was completed in 0.96 seconds with score 738.17 (14 unrouted and 2 violations), using 16.56 CPU seconds and the job allocated 120.39 GB of memory so far.
2026-09-12 22:12:15.726 DEBUG  Queuing item for routing: PolylineTrace on net 'POD_3V3' (connected: 12/29)
2026-09-12 22:12:15.726 DEBUG  Queuing item for routing: Pin on net 'GND' (connected: 16/27)
2026-09-12 22:12:15.726 DEBUG  Queuing item for routing: Pin on net 'POD_3V3' (connected: 1/29)
2026-09-12 22:12:15.726 DEBUG  Queuing item for routing: Pin on net 'GND' (connected: 2/27)
2026-09-12 22:12:15.726 DEBUG  Queuing item for routing: Pin on net '/Eight ring pods/Pod 1 {slash} U19/LOCAL_SCL' (connected: 7/8)
2026-09-12 22:12:15.727 DEBUG  Queuing item for routing: Pin on net 'GND' (connected: 1/27)
2026-09-12 22:12:15.727 DEBUG  Queuing item for routing: Pin on net 'GND' (connected: 1/27)
2026-09-12 22:12:15.727 DEBUG  Queuing item for routing: Pin on net '/Eight ring pods/Pod 1 {slash} U19/LOCAL_SCL' (connected: 1/8)
2026-09-12 22:12:15.727 DEBUG  Queuing item for routing: Pin on net 'GND' (connected: 5/27)
2026-09-12 22:12:15.727 DEBUG  Queuing item for routing: Pin on net 'POD_3V3' (connected: 5/29)
2026-09-12 22:12:15.727 DEBUG  Queuing item for routing: Pin on net 'POD_3V3' (connected: 1/29)
2026-09-12 22:12:15.727 DEBUG  Queuing item for routing: Pin on net 'GND' (connected: 1/27)
2026-09-12 22:12:15.727 DEBUG  Queuing item for routing: Pin on net 'POD_3V3' (connected: 7/29)
2026-09-12 22:12:15.727 DEBUG  Queuing item for routing: Pin on net 'POD_3V3' (connected: 1/29)
2026-09-12 22:12:15.727 DEBUG  Queuing item for routing: Pin on net 'POD_3V3' (connected: 1/29)
2026-09-12 22:12:15.736 DEBUG  [A9694F\E3E9C0] Pass #14: 14 incompletes across 15 items to route
2026-09-12 22:12:15.736 DEBUG  [A9694F\E3E9C0]   Net 'GND' has 6 incomplete(s)
2026-09-12 22:12:15.736 DEBUG  [A9694F\E3E9C0]   Net 'POD_3V3' has 7 incomplete(s)
2026-09-12 22:12:15.736 DEBUG  [A9694F\E3E9C0]   Net '/Eight ring pods/Pod 1 {slash} U19/LOCAL_SCL' has 1 incomplete(s)
2026-09-12 22:12:16.178 DEBUG  FoundConnectionInserter: insert trace failed for net #3 at corner 42/42 on layer 3, trace width: 750, from corner: 13, okPoint: (911027,-735105), target: (826593,-548782)
2026-09-12 22:12:16.181 DEBUG  [A9694F\E3E9C0] Autorouter Failed to route connection between pin #6 of component #16 and polylinetrace, polylinetrace, via, via, polylinetrace, pin #5 of component #21, pin #1 of component #1, because the new connection could not be inserted.
2026-09-12 22:12:16.652 DEBUG  FoundConnectionInserter: insert trace failed for net #1 at corner 11/11 on layer 3, trace width: 750, from corner: 4, okPoint: (799665,-571874), target: (779979,-587997)
2026-09-12 22:12:16.655 DEBUG  [A9694F\E3E9C0] Autorouter Failed to route connection between pin #1 of component #10 and polylinetrace, polylinetrace, polylinetrace, polylinetrace, polylinetrace, polylinetrace, polylinetrace, polylinetrace, polylinetrace, polylinetrace, polylinetrace, polylinetrace, polylinetrace, polylinetrace, polylinetrace, polylinetrace, polylinetrace, polylinetrace, polylinetrace, polylinetrace, polylinetrace, pin #1 of component #22, pin #6 of component #21, pin #1 of component #20, pin #1 of component #19, pin #1 of component #18, pin #5 of component #16, pin #1 of component #15, pin #1 of component #14, pin #1 of component #13, pin #1 of component #12, pin #1 of component #11, pin #1 of component #9, pin #1 of component #8, conductionarea, because the new connection could not be inserted.
2026-09-12 22:12:16.655 DEBUG  [A9694F\E3E9C0] Pass #14: Failed to route Pin on net 'GND' (4 items remaining, 4 failures). State: FAILED
2026-09-12 22:12:16.823 INFO   [A9694F\E3E9C0] Auto-routing pass #14 on board '991a0de6a5ff4444bf4d9878cdce6e7f' was completed in 1.10 seconds with score 738.17 (14 unrouted and 2 violations), using 17.55 CPU seconds and the job allocated 128.67 GB of memory so far.
2026-09-12 22:12:16.847 DEBUG  Queuing item for routing: PolylineTrace on net 'POD_3V3' (connected: 17/33)
2026-09-12 22:12:16.847 DEBUG  Queuing item for routing: Pin on net '/Eight ring pods/Pod 1 {slash} U19/UART_RX_LOCAL' (connected: 11/12)
2026-09-12 22:12:16.848 DEBUG  Queuing item for routing: Pin on net 'GND' (connected: 16/26)
2026-09-12 22:12:16.848 DEBUG  Queuing item for routing: Pin on net 'POD_3V3' (connected: 1/33)
2026-09-12 22:12:16.848 DEBUG  Queuing item for routing: Pin on net 'GND' (connected: 1/26)
2026-09-12 22:12:16.848 DEBUG  Queuing item for routing: Pin on net '/Eight ring pods/Pod 1 {slash} U19/LOCAL_SDA' (connected: 7/8)
2026-09-12 22:12:16.848 DEBUG  Queuing item for routing: Pin on net 'GND' (connected: 1/26)
2026-09-12 22:12:16.848 DEBUG  Queuing item for routing: Pin on net 'GND' (connected: 1/26)
2026-09-12 22:12:16.848 DEBUG  Queuing item for routing: Pin on net '/Eight ring pods/Pod 1 {slash} U19/LOCAL_SDA' (connected: 1/8)
2026-09-12 22:12:16.848 DEBUG  Queuing item for routing: Pin on net 'GND' (connected: 5/26)
2026-09-12 22:12:16.848 DEBUG  Queuing item for routing: Pin on net 'POD_3V3' (connected: 5/33)
2026-09-12 22:12:16.848 DEBUG  Queuing item for routing: Pin on net 'POD_3V3' (connected: 1/33)
2026-09-12 22:12:16.848 DEBUG  Queuing item for routing: Pin on net 'GND' (connected: 1/26)
2026-09-12 22:12:16.848 DEBUG  Queuing item for routing: Pin on net 'POD_3V3' (connected: 7/33)
2026-09-12 22:12:16.848 DEBUG  Queuing item for routing: Pin on net '/Eight ring pods/Pod 1 {slash} U19/UART_RX_LOCAL' (connected: 1/12)
2026-09-12 22:12:16.848 DEBUG  Queuing item for routing: Pin on net 'POD_3V3' (connected: 1/33)
2026-09-12 22:12:16.857 DEBUG  [A9694F\E3E9C0] Pass #15: 14 incompletes across 16 items to route
2026-09-12 22:12:16.857 DEBUG  [A9694F\E3E9C0]   Net 'GND' has 6 incomplete(s)
2026-09-12 22:12:16.857 DEBUG  [A9694F\E3E9C0]   Net 'POD_3V3' has 6 incomplete(s)
2026-09-12 22:12:16.857 DEBUG  [A9694F\E3E9C0]   Net '/Eight ring pods/Pod 1 {slash} U19/UART_RX_LOCAL' has 1 incomplete(s)
2026-09-12 22:12:16.857 DEBUG  [A9694F\E3E9C0]   Net '/Eight ring pods/Pod 1 {slash} U19/LOCAL_SDA' has 1 incomplete(s)
2026-09-12 22:12:17.514 DEBUG  FoundConnectionInserter: forced via failed for net #2
2026-09-12 22:12:17.517 DEBUG  [A9694F\E3E9C0] Autorouter Failed to route connection between pin of component #11 and polylinetrace, polylinetrace, polylinetrace, polylinetrace, polylinetrace, polylinetrace, polylinetrace, polylinetrace, polylinetrace, polylinetrace, polylinetrace, polylinetrace, polylinetrace, polylinetrace, polylinetrace, polylinetrace, polylinetrace, pin of component #22, pin #8 of component #21, pin #7 of component #16, pin #4 of component #16, pin of component #15, pin of component #14, pin of component #13, pin of component #10, pin of component #9, pin of component #8, pin of component #7, pin of component #5, pin of component #4, pin of component #3, pin of component #1, conductionarea, because the new connection could not be inserted.
2026-09-12 22:12:17.518 DEBUG  [A9694F\E3E9C0] Pass #15: Failed to route Pin on net 'POD_3V3' (5 items remaining, 1 failures). State: FAILED
2026-09-12 22:12:17.560 DEBUG  FoundConnectionInserter: insert trace failed for net #1 at corner 11/11 on layer 3, trace width: 750, from corner: 4, okPoint: (799614,-571925), target: (779705,-588167)
2026-09-12 22:12:17.563 DEBUG  [A9694F\E3E9C0] Autorouter Failed to route connection between pin #1 of component #10 and polylinetrace, polylinetrace, polylinetrace, polylinetrace, polylinetrace, polylinetrace, polylinetrace, polylinetrace, polylinetrace, polylinetrace, polylinetrace, polylinetrace, polylinetrace, polylinetrace, polylinetrace, polylinetrace, polylinetrace, polylinetrace, polylinetrace, polylinetrace, polylinetrace, pin #1 of component #22, pin #6 of component #21, pin #1 of component #20, pin #1 of component #19, pin #1 of component #18, pin #5 of component #16, pin #1 of component #15, pin #1 of component #14, pin #1 of component #13, pin #1 of component #12, pin #1 of component #11, pin #1 of component #9, pin #1 of component #8, conductionarea, because the new connection could not be inserted.
2026-09-12 22:12:17.563 DEBUG  [A9694F\E3E9C0] Pass #15: Failed to route Pin on net 'GND' (4 items remaining, 5 failures). State: FAILED
2026-09-12 22:12:17.611 DEBUG  FoundConnectionInserter: via placement blocked by clearance/shove limits for net #2
2026-09-12 22:12:17.614 DEBUG  [A9694F\E3E9C0] Autorouter Failed to route connection between polylinetrace, polylinetrace, polylinetrace, polylinetrace, pin of component #7, pin of component #5, pin of component #1 and polylinetrace, polylinetrace, via, polylinetrace, polylinetrace, polylinetrace, polylinetrace, polylinetrace, polylinetrace, polylinetrace, polylinetrace, polylinetrace, polylinetrace, polylinetrace, polylinetrace, polylinetrace, polylinetrace, polylinetrace, pin of component #22, pin #8 of component #21, pin #7 of component #16, pin #4 of component #16, pin of component #15, pin of component #14, pin of component #13, pin of component #11, pin of component #10, pin of component #9, pin of component #8, pin of component #4, pin of component #3, conductionarea, because the new connection could not be inserted.
2026-09-12 22:12:17.615 DEBUG  [A9694F\E3E9C0] Pass #15: Failed to route Pin on net 'POD_3V3' (3 items remaining, 2 failures). State: FAILED
2026-09-12 22:12:17.708 INFO   [A9694F\E3E9C0] Auto-routing pass #15 on board '2ce26222fa123494cd64338b4a49dea3' was completed in 0.86 seconds with score 774.53 (12 unrouted and 2 violations), using 18.50 CPU seconds and the job allocated 136.42 GB of memory so far.
2026-09-12 22:12:17.733 DEBUG  Queuing item for routing: PolylineTrace on net 'POD_3V3' (connected: 12/32)
2026-09-12 22:12:17.733 DEBUG  Queuing item for routing: Pin on net 'GND' (connected: 16/26)
2026-09-12 22:12:17.733 DEBUG  Queuing item for routing: Pin on net 'POD_3V3' (connected: 2/32)
2026-09-12 22:12:17.733 DEBUG  Queuing item for routing: Pin on net 'GND' (connected: 1/26)
2026-09-12 22:12:17.733 DEBUG  Queuing item for routing: Pin on net 'GND' (connected: 1/26)
2026-09-12 22:12:17.733 DEBUG  Queuing item for routing: Pin on net 'GND' (connected: 1/26)
2026-09-12 22:12:17.733 DEBUG  Queuing item for routing: Pin on net 'GND' (connected: 5/26)
2026-09-12 22:12:17.733 DEBUG  Queuing item for routing: Pin on net 'POD_3V3' (connected: 5/32)
2026-09-12 22:12:17.733 DEBUG  Queuing item for routing: Pin on net 'POD_3V3' (connected: 1/32)
2026-09-12 22:12:17.733 DEBUG  Queuing item for routing: Pin on net 'GND' (connected: 1/26)
2026-09-12 22:12:17.733 DEBUG  Queuing item for routing: Pin on net 'POD_3V3' (connected: 7/32)
2026-09-12 22:12:17.734 DEBUG  Queuing item for routing: Pin on net 'POD_3V3' (connected: 1/32)
2026-09-12 22:12:17.743 DEBUG  [A9694F\E3E9C0] Pass #16: 12 incompletes across 12 items to route
2026-09-12 22:12:17.744 DEBUG  [A9694F\E3E9C0]   Net 'GND' has 6 incomplete(s)
2026-09-12 22:12:17.744 DEBUG  [A9694F\E3E9C0]   Net 'POD_3V3' has 6 incomplete(s)
2026-09-12 22:12:18.172 DEBUG  IntPoint: x is out of range
2026-09-12 22:12:18.172 DEBUG  IntPoint: y is out of range
2026-09-12 22:12:18.343 DEBUG  FoundConnectionInserter: insert trace failed for net #1 at corner 11/11 on layer 3, trace width: 750, from corner: 4, okPoint: (799614,-571925), target: (779979,-587997)
2026-09-12 22:12:18.346 DEBUG  [A9694F\E3E9C0] Autorouter Failed to route connection between pin #1 of component #10 and polylinetrace, polylinetrace, polylinetrace, polylinetrace, polylinetrace, polylinetrace, polylinetrace, polylinetrace, polylinetrace, polylinetrace, polylinetrace, polylinetrace, polylinetrace, polylinetrace, polylinetrace, polylinetrace, polylinetrace, polylinetrace, polylinetrace, polylinetrace, polylinetrace, pin #1 of component #22, pin #6 of component #21, pin #1 of component #20, pin #1 of component #19, pin #1 of component #18, pin #5 of component #16, pin #1 of component #15, pin #1 of component #14, pin #1 of component #13, pin #1 of component #12, pin #1 of component #11, pin #1 of component #9, pin #1 of component #8, conductionarea, because the new connection could not be inserted.
2026-09-12 22:12:18.346 DEBUG  [A9694F\E3E9C0] Pass #16: Failed to route Pin on net 'GND' (3 items remaining, 6 failures). State: FAILED
2026-09-12 22:12:18.450 INFO   [A9694F\E3E9C0] Auto-routing pass #16 on board '617636f8162620252e6737eb99e80359' was completed in 0.72 seconds with score 774.53 (12 unrouted and 2 violations), using 19.48 CPU seconds and the job allocated 143.98 GB of memory so far.
2026-09-12 22:12:18.478 DEBUG  Queuing item for routing: PolylineTrace on net 'POD_3V3' (connected: 15/31)
2026-09-12 22:12:18.478 DEBUG  Queuing item for routing: Pin on net '/Eight ring pods/Pod 1 {slash} U19/UART_RX_LOCAL' (connected: 11/12)
2026-09-12 22:12:18.478 DEBUG  Queuing item for routing: Pin on net 'POD_3V3' (connected: 1/31)
2026-09-12 22:12:18.478 DEBUG  Queuing item for routing: Pin on net 'GND' (connected: 1/30)
2026-09-12 22:12:18.478 DEBUG  Queuing item for routing: Pin on net 'GND' (connected: 1/30)
2026-09-12 22:12:18.478 DEBUG  Queuing item for routing: Pin on net 'GND' (connected: 1/30)
2026-09-12 22:12:18.479 DEBUG  Queuing item for routing: Pin on net 'GND' (connected: 5/30)
2026-09-12 22:12:18.479 DEBUG  Queuing item for routing: Pin on net 'POD_3V3' (connected: 5/31)
2026-09-12 22:12:18.479 DEBUG  Queuing item for routing: Pin on net 'POD_3V3' (connected: 1/31)
2026-09-12 22:12:18.479 DEBUG  Queuing item for routing: Pin on net 'GND' (connected: 1/30)
2026-09-12 22:12:18.479 DEBUG  Queuing item for routing: Pin on net 'POD_3V3' (connected: 7/31)
2026-09-12 22:12:18.479 DEBUG  Queuing item for routing: Pin on net '/Eight ring pods/Pod 1 {slash} U19/UART_RX_LOCAL' (connected: 1/12)
2026-09-12 22:12:18.479 DEBUG  Queuing item for routing: Pin on net 'POD_3V3' (connected: 1/31)
2026-09-12 22:12:18.489 DEBUG  [A9694F\E3E9C0] Pass #17: 12 incompletes across 13 items to route
2026-09-12 22:12:18.489 DEBUG  [A9694F\E3E9C0]   Net 'GND' has 5 incomplete(s)
2026-09-12 22:12:18.489 DEBUG  [A9694F\E3E9C0]   Net 'POD_3V3' has 6 incomplete(s)
2026-09-12 22:12:18.489 DEBUG  [A9694F\E3E9C0]   Net '/Eight ring pods/Pod 1 {slash} U19/UART_RX_LOCAL' has 1 incomplete(s)
2026-09-12 22:12:19.026 DEBUG  FoundConnectionInserter: insert trace failed for net #1 at corner 11/11 on layer 3, trace width: 750, from corner: 4, okPoint: (799614,-571925), target: (779979,-587997)
2026-09-12 22:12:19.029 DEBUG  [A9694F\E3E9C0] Autorouter Failed to route connection between pin #1 of component #10 and polylinetrace, polylinetrace, polylinetrace, polylinetrace, polylinetrace, polylinetrace, polylinetrace, polylinetrace, polylinetrace, polylinetrace, polylinetrace, polylinetrace, polylinetrace, polylinetrace, polylinetrace, polylinetrace, polylinetrace, via, polylinetrace, polylinetrace, polylinetrace, polylinetrace, polylinetrace, pin #1 of component #22, pin #6 of component #21, pin #1 of component #20, pin #1 of component #19, pin #1 of component #18, pin #5 of component #16, pin #1 of component #15, pin #1 of component #14, pin #1 of component #13, pin #1 of component #12, pin #1 of component #11, pin #1 of component #9, pin #1 of component #8, conductionarea, because the new connection could not be inserted.
2026-09-12 22:12:19.029 DEBUG  [A9694F\E3E9C0] Pass #17: Failed to route Pin on net 'GND' (4 items remaining, 7 failures). State: FAILED
2026-09-12 22:12:19.169 INFO   [A9694F\E3E9C0] Auto-routing pass #17 on board 'e1608743d5fd67f11dba46309818a165' was completed in 0.69 seconds with score 756.35 (13 unrouted and 2 violations), using 20.45 CPU seconds and the job allocated 151.92 GB of memory so far.
2026-09-12 22:12:19.193 DEBUG  Queuing item for routing: PolylineTrace on net 'POD_3V3' (connected: 12/30)
2026-09-12 22:12:19.193 DEBUG  Queuing item for routing: Pin on net 'GND' (connected: 16/26)
2026-09-12 22:12:19.193 DEBUG  Queuing item for routing: Pin on net 'POD_3V3' (connected: 2/30)
2026-09-12 22:12:19.193 DEBUG  Queuing item for routing: Pin on net 'GND' (connected: 1/26)
2026-09-12 22:12:19.193 DEBUG  Queuing item for routing: Pin on net 'GND' (connected: 1/26)
2026-09-12 22:12:19.193 DEBUG  Queuing item for routing: Pin on net 'GND' (connected: 1/26)
2026-09-12 22:12:19.194 DEBUG  Queuing item for routing: Pin on net 'GND' (connected: 5/26)
2026-09-12 22:12:19.194 DEBUG  Queuing item for routing: Pin on net 'POD_3V3' (connected: 5/30)
2026-09-12 22:12:19.194 DEBUG  Queuing item for routing: Pin on net 'POD_3V3' (connected: 1/30)
2026-09-12 22:12:19.194 DEBUG  Queuing item for routing: Pin on net 'GND' (connected: 1/26)
2026-09-12 22:12:19.194 DEBUG  Queuing item for routing: Pin on net 'POD_3V3' (connected: 7/30)
2026-09-12 22:12:19.194 DEBUG  Queuing item for routing: Pin on net 'POD_3V3' (connected: 1/30)
2026-09-12 22:12:19.194 DEBUG  Queuing item for routing: Pin on net 'POD_3V3' (connected: 1/30)
2026-09-12 22:12:19.203 DEBUG  [A9694F\E3E9C0] Pass #18: 13 incompletes across 13 items to route
2026-09-12 22:12:19.203 DEBUG  [A9694F\E3E9C0]   Net 'GND' has 6 incomplete(s)
2026-09-12 22:12:19.203 DEBUG  [A9694F\E3E9C0]   Net 'POD_3V3' has 7 incomplete(s)
2026-09-12 22:12:19.759 DEBUG  FoundConnectionInserter: via placement blocked by clearance/shove limits for net #2
2026-09-12 22:12:19.762 DEBUG  [A9694F\E3E9C0] Autorouter Failed to route connection between polylinetrace, pin of component #11 and polylinetrace, polylinetrace, polylinetrace, polylinetrace, polylinetrace, polylinetrace, polylinetrace, polylinetrace, polylinetrace, polylinetrace, polylinetrace, polylinetrace, polylinetrace, polylinetrace, polylinetrace, polylinetrace, polylinetrace, polylinetrace, polylinetrace, polylinetrace, polylinetrace, pin of component #22, pin #8 of component #21, pin #7 of component #16, pin #4 of component #16, pin of component #15, pin of component #14, pin of component #13, pin of component #10, pin of component #9, pin of component #8, pin of component #7, pin of component #5, pin of component #4, pin of component #3, pin of component #1, conductionarea, because the new connection could not be inserted.
2026-09-12 22:12:19.762 DEBUG  [A9694F\E3E9C0] Pass #18: Failed to route Pin on net 'POD_3V3' (5 items remaining, 2 failures). State: FAILED
2026-09-12 22:12:19.794 DEBUG  FoundConnectionInserter: insert trace failed for net #1 at corner 11/11 on layer 3, trace width: 750, from corner: 4, okPoint: (799614,-571925), target: (779979,-587997)
2026-09-12 22:12:19.798 DEBUG  [A9694F\E3E9C0] Autorouter Failed to route connection between pin #1 of component #10 and polylinetrace, polylinetrace, polylinetrace, polylinetrace, polylinetrace, polylinetrace, polylinetrace, polylinetrace, polylinetrace, polylinetrace, polylinetrace, polylinetrace, polylinetrace, polylinetrace, polylinetrace, polylinetrace, polylinetrace, polylinetrace, polylinetrace, polylinetrace, polylinetrace, polylinetrace, polylinetrace, polylinetrace, pin #1 of component #22, pin #6 of component #21, pin #1 of component #20, pin #1 of component #19, pin #1 of component #18, pin #5 of component #16, pin #1 of component #15, pin #1 of component #14, pin #1 of component #13, pin #1 of component #12, pin #1 of component #11, pin #1 of component #9, pin #1 of component #8, conductionarea, because the new connection could not be inserted.
2026-09-12 22:12:19.798 DEBUG  [A9694F\E3E9C0] Pass #18: Failed to route Pin on net 'GND' (4 items remaining, 8 failures). State: FAILED
2026-09-12 22:12:19.994 INFO   [A9694F\E3E9C0] Auto-routing pass #18 on board '5c997adf86c84dd6e9782c7df3d4c5c2' was completed in 0.80 seconds with score 756.35 (13 unrouted and 2 violations), using 20.45 CPU seconds and the job allocated 151.92 GB of memory so far.
2026-09-12 22:12:20.019 DEBUG  Queuing item for routing: PolylineTrace on net 'POD_3V3' (connected: 17/34)
2026-09-12 22:12:20.019 DEBUG  Queuing item for routing: Pin on net '/Eight ring pods/Pod 1 {slash} U19/UART_RX_LOCAL' (connected: 11/12)
2026-09-12 22:12:20.020 DEBUG  Queuing item for routing: Pin on net 'GND' (connected: 18/31)
2026-09-12 22:12:20.020 DEBUG  Queuing item for routing: Pin on net 'POD_3V3' (connected: 2/34)
2026-09-12 22:12:20.020 DEBUG  Queuing item for routing: Pin on net 'GND' (connected: 1/31)
2026-09-12 22:12:20.020 DEBUG  Queuing item for routing: Pin on net 'GND' (connected: 1/31)
2026-09-12 22:12:20.020 DEBUG  Queuing item for routing: Pin on net 'GND' (connected: 2/31)
2026-09-12 22:12:20.020 DEBUG  Queuing item for routing: Pin on net 'GND' (connected: 5/31)
2026-09-12 22:12:20.020 DEBUG  Queuing item for routing: Pin on net 'POD_3V3' (connected: 5/34)
2026-09-12 22:12:20.020 DEBUG  Queuing item for routing: Pin on net 'POD_3V3' (connected: 1/34)
2026-09-12 22:12:20.020 DEBUG  Queuing item for routing: Pin on net 'GND' (connected: 1/31)
2026-09-12 22:12:20.020 DEBUG  Queuing item for routing: Pin on net 'POD_3V3' (connected: 7/34)
2026-09-12 22:12:20.020 DEBUG  Queuing item for routing: Pin on net '/Eight ring pods/Pod 1 {slash} U19/UART_RX_LOCAL' (connected: 1/12)
2026-09-12 22:12:20.020 DEBUG  Queuing item for routing: Pin on net 'POD_3V3' (connected: 1/34)
2026-09-12 22:12:20.030 DEBUG  [A9694F\E3E9C0] Pass #19: 13 incompletes across 14 items to route
2026-09-12 22:12:20.030 DEBUG  [A9694F\E3E9C0]   Net 'GND' has 6 incomplete(s)
2026-09-12 22:12:20.030 DEBUG  [A9694F\E3E9C0]   Net 'POD_3V3' has 6 incomplete(s)
2026-09-12 22:12:20.030 DEBUG  [A9694F\E3E9C0]   Net '/Eight ring pods/Pod 1 {slash} U19/UART_RX_LOCAL' has 1 incomplete(s)
2026-09-12 22:12:20.635 DEBUG  FoundConnectionInserter: insert trace failed for net #1 at corner 11/11 on layer 3, trace width: 750, from corner: 4, okPoint: (799614,-571925), target: (779979,-587997)
2026-09-12 22:12:20.638 DEBUG  [A9694F\E3E9C0] Autorouter Failed to route connection between pin #1 of component #10 and polylinetrace, polylinetrace, polylinetrace, polylinetrace, polylinetrace, polylinetrace, polylinetrace, polylinetrace, polylinetrace, polylinetrace, polylinetrace, pin #1 of component #22, pin #6 of component #21, pin #1 of component #20, pin #1 of component #19, pin #1 of component #18, pin #5 of component #16, pin #1 of component #15, pin #1 of component #14, pin #1 of component #13, pin #1 of component #12, pin #1 of component #11, pin #1 of component #9, pin #1 of component #8, conductionarea, because the new connection could not be inserted.
2026-09-12 22:12:20.638 DEBUG  [A9694F\E3E9C0] Pass #19: Failed to route Pin on net 'GND' (4 items remaining, 9 failures). State: FAILED
2026-09-12 22:12:20.782 INFO   [A9694F\E3E9C0] Auto-routing pass #19 on board '9059564171f67b589ee2c4713de697f6' was completed in 0.76 seconds with score 774.53 (12 unrouted and 2 violations), using 21.42 CPU seconds and the job allocated 159.97 GB of memory so far.
2026-09-12 22:12:20.809 DEBUG  Queuing item for routing: PolylineTrace on net 'POD_3V3' (connected: 12/30)
2026-09-12 22:12:20.810 DEBUG  Queuing item for routing: Pin on net 'POD_3V3' (connected: 2/30)
2026-09-12 22:12:20.810 DEBUG  Queuing item for routing: Pin on net 'GND' (connected: 1/30)
2026-09-12 22:12:20.810 DEBUG  Queuing item for routing: Pin on net 'GND' (connected: 1/30)
2026-09-12 22:12:20.810 DEBUG  Queuing item for routing: Pin on net 'GND' (connected: 1/30)
2026-09-12 22:12:20.810 DEBUG  Queuing item for routing: Pin on net 'GND' (connected: 5/30)
2026-09-12 22:12:20.810 DEBUG  Queuing item for routing: Pin on net 'POD_3V3' (connected: 5/30)
2026-09-12 22:12:20.810 DEBUG  Queuing item for routing: Pin on net 'POD_3V3' (connected: 1/30)
2026-09-12 22:12:20.810 DEBUG  Queuing item for routing: Pin on net 'GND' (connected: 1/30)
2026-09-12 22:12:20.810 DEBUG  Queuing item for routing: Pin on net 'POD_3V3' (connected: 7/30)
2026-09-12 22:12:20.810 DEBUG  Queuing item for routing: Pin on net 'POD_3V3' (connected: 1/30)
2026-09-12 22:12:20.810 DEBUG  Queuing item for routing: Pin on net 'POD_3V3' (connected: 1/30)
2026-09-12 22:12:20.821 DEBUG  [A9694F\E3E9C0] Pass #20: 12 incompletes across 12 items to route
2026-09-12 22:12:20.821 DEBUG  [A9694F\E3E9C0]   Net 'GND' has 5 incomplete(s)
2026-09-12 22:12:20.821 DEBUG  [A9694F\E3E9C0]   Net 'POD_3V3' has 7 incomplete(s)
2026-09-12 22:12:21.339 DEBUG  FoundConnectionInserter: insert trace failed for net #1 at corner 11/11 on layer 3, trace width: 750, from corner: 4, okPoint: (799614,-571925), target: (779979,-587997)
2026-09-12 22:12:21.343 DEBUG  [A9694F\E3E9C0] Autorouter Failed to route connection between pin #1 of component #10 and polylinetrace, polylinetrace, polylinetrace, polylinetrace, polylinetrace, polylinetrace, polylinetrace, polylinetrace, polylinetrace, polylinetrace, polylinetrace, polylinetrace, polylinetrace, polylinetrace, polylinetrace, polylinetrace, polylinetrace, polylinetrace, polylinetrace, via, polylinetrace, polylinetrace, polylinetrace, polylinetrace, pin #1 of component #22, pin #6 of component #21, pin #1 of component #20, pin #1 of component #19, pin #1 of component #18, pin #5 of component #16, pin #1 of component #15, pin #1 of component #14, pin #1 of component #13, pin #1 of component #12, pin #1 of component #11, pin #1 of component #9, pin #1 of component #8, conductionarea, because the new connection could not be inserted.
2026-09-12 22:12:21.343 DEBUG  [A9694F\E3E9C0] Pass #20: Failed to route Pin on net 'GND' (4 items remaining, 10 failures). State: FAILED
2026-09-12 22:12:21.518 DEBUG  [A9694F\E3E9C0] Restoring an earlier board that has the score of 774.53 (12 unrouted and 2 violations).
2026-09-12 22:12:21.518 INFO   [A9694F\E3E9C0] Auto-routing pass #20 on board 'b41f01dc94d383535d335151bf6ba3ef' was completed in 0.71 seconds with score 774.53 (12 unrouted and 2 violations), using 22.41 CPU seconds and the job allocated 167.82 GB of memory so far.
2026-09-12 22:12:21.533 DEBUG  Queuing item for routing: PolylineTrace on net 'POD_3V3' (connected: 12/30)
2026-09-12 22:12:21.534 DEBUG  Queuing item for routing: Pin on net 'POD_3V3' (connected: 2/30)
2026-09-12 22:12:21.534 DEBUG  Queuing item for routing: Pin on net 'GND' (connected: 1/30)
2026-09-12 22:12:21.534 DEBUG  Queuing item for routing: Pin on net 'GND' (connected: 1/30)
2026-09-12 22:12:21.534 DEBUG  Queuing item for routing: Pin on net 'GND' (connected: 1/30)
2026-09-12 22:12:21.534 DEBUG  Queuing item for routing: Pin on net 'GND' (connected: 5/30)
2026-09-12 22:12:21.534 DEBUG  Queuing item for routing: Pin on net 'POD_3V3' (connected: 5/30)
2026-09-12 22:12:21.534 DEBUG  Queuing item for routing: Pin on net 'POD_3V3' (connected: 1/30)
2026-09-12 22:12:21.534 DEBUG  Queuing item for routing: Pin on net 'GND' (connected: 1/30)
2026-09-12 22:12:21.534 DEBUG  Queuing item for routing: Pin on net 'POD_3V3' (connected: 7/30)
2026-09-12 22:12:21.534 DEBUG  Queuing item for routing: Pin on net 'POD_3V3' (connected: 1/30)
2026-09-12 22:12:21.534 DEBUG  Queuing item for routing: Pin on net 'POD_3V3' (connected: 1/30)
2026-09-12 22:12:21.545 DEBUG  [A9694F\E3E9C0] Pass #21: 12 incompletes across 12 items to route
2026-09-12 22:12:21.545 DEBUG  [A9694F\E3E9C0]   Net 'GND' has 5 incomplete(s)
2026-09-12 22:12:21.545 DEBUG  [A9694F\E3E9C0]   Net 'POD_3V3' has 7 incomplete(s)
2026-09-12 22:12:22.053 DEBUG  FoundConnectionInserter: insert trace failed for net #1 at corner 11/11 on layer 3, trace width: 750, from corner: 4, okPoint: (799614,-571925), target: (779979,-587997)
2026-09-12 22:12:22.056 DEBUG  [A9694F\E3E9C0] Autorouter Failed to route connection between pin #1 of component #10 and polylinetrace, polylinetrace, polylinetrace, polylinetrace, polylinetrace, polylinetrace, polylinetrace, polylinetrace, polylinetrace, polylinetrace, polylinetrace, polylinetrace, polylinetrace, polylinetrace, polylinetrace, polylinetrace, polylinetrace, polylinetrace, polylinetrace, via, polylinetrace, polylinetrace, polylinetrace, polylinetrace, pin #1 of component #22, pin #6 of component #21, pin #1 of component #20, pin #1 of component #19, pin #1 of component #18, pin #5 of component #16, pin #1 of component #15, pin #1 of component #14, pin #1 of component #13, pin #1 of component #12, pin #1 of component #11, pin #1 of component #9, pin #1 of component #8, conductionarea, because the new connection could not be inserted.
2026-09-12 22:12:22.057 DEBUG  [A9694F\E3E9C0] Pass #21: Failed to route Pin on net 'GND' (4 items remaining, 10 failures). State: FAILED
2026-09-12 22:12:22.209 INFO   [A9694F\E3E9C0] Auto-routing pass #21 on board 'b41f01dc94d383535d335151bf6ba3ef' was completed in 0.68 seconds with score 756.35 (13 unrouted and 2 violations), using 23.39 CPU seconds and the job allocated 175.82 GB of memory so far.
2026-09-12 22:12:22.234 DEBUG  Queuing item for routing: PolylineTrace on net 'POD_3V3' (connected: 17/35)
2026-09-12 22:12:22.234 DEBUG  Queuing item for routing: Pin on net '/Eight ring pods/Pod 1 {slash} U19/UART_RX_LOCAL' (connected: 11/12)
2026-09-12 22:12:22.234 DEBUG  Queuing item for routing: Pin on net 'GND' (connected: 16/26)
2026-09-12 22:12:22.234 DEBUG  Queuing item for routing: Pin on net 'POD_3V3' (connected: 2/35)
2026-09-12 22:12:22.234 DEBUG  Queuing item for routing: Pin on net 'GND' (connected: 1/26)
2026-09-12 22:12:22.234 DEBUG  Queuing item for routing: Pin on net 'GND' (connected: 1/26)
2026-09-12 22:12:22.234 DEBUG  Queuing item for routing: Pin on net 'GND' (connected: 1/26)
2026-09-12 22:12:22.235 DEBUG  Queuing item for routing: Pin on net 'GND' (connected: 5/26)
2026-09-12 22:12:22.235 DEBUG  Queuing item for routing: Pin on net 'POD_3V3' (connected: 5/35)
2026-09-12 22:12:22.235 DEBUG  Queuing item for routing: Pin on net 'POD_3V3' (connected: 2/35)
2026-09-12 22:12:22.235 DEBUG  Queuing item for routing: Pin on net 'GND' (connected: 1/26)
2026-09-12 22:12:22.235 DEBUG  Queuing item for routing: Pin on net 'POD_3V3' (connected: 7/35)
2026-09-12 22:12:22.235 DEBUG  Queuing item for routing: Pin on net '/Eight ring pods/Pod 1 {slash} U19/UART_RX_LOCAL' (connected: 1/12)
2026-09-12 22:12:22.235 DEBUG  Queuing item for routing: Pin on net 'POD_3V3' (connected: 1/35)
2026-09-12 22:12:22.244 DEBUG  [A9694F\E3E9C0] Pass #22: 13 incompletes across 14 items to route
2026-09-12 22:12:22.244 DEBUG  [A9694F\E3E9C0]   Net 'GND' has 6 incomplete(s)
2026-09-12 22:12:22.244 DEBUG  [A9694F\E3E9C0]   Net 'POD_3V3' has 6 incomplete(s)
2026-09-12 22:12:22.244 DEBUG  [A9694F\E3E9C0]   Net '/Eight ring pods/Pod 1 {slash} U19/UART_RX_LOCAL' has 1 incomplete(s)
2026-09-12 22:12:22.843 DEBUG  FoundConnectionInserter: insert trace failed for net #1 at corner 11/11 on layer 3, trace width: 750, from corner: 4, okPoint: (799614,-571925), target: (779979,-587997)
2026-09-12 22:12:22.846 DEBUG  [A9694F\E3E9C0] Autorouter Failed to route connection between pin #1 of component #10 and polylinetrace, polylinetrace, polylinetrace, polylinetrace, polylinetrace, polylinetrace, polylinetrace, polylinetrace, polylinetrace, polylinetrace, polylinetrace, polylinetrace, polylinetrace, polylinetrace, polylinetrace, polylinetrace, polylinetrace, polylinetrace, polylinetrace, polylinetrace, polylinetrace, polylinetrace, polylinetrace, polylinetrace, pin #1 of component #22, pin #6 of component #21, pin #1 of component #20, pin #1 of component #19, pin #1 of component #18, pin #5 of component #16, pin #1 of component #15, pin #1 of component #14, pin #1 of component #13, pin #1 of component #12, pin #1 of component #11, pin #1 of component #9, pin #1 of component #8, conductionarea, because the new connection could not be inserted.
2026-09-12 22:12:22.846 DEBUG  [A9694F\E3E9C0] Pass #22: Failed to route Pin on net 'GND' (4 items remaining, 11 failures). State: FAILED
2026-09-12 22:12:22.995 INFO   [A9694F\E3E9C0] Auto-routing pass #22 on board '5f108f679d670e6827b000aa05143167' was completed in 0.76 seconds with score 756.35 (13 unrouted and 2 violations), using 23.39 CPU seconds and the job allocated 175.82 GB of memory so far.
2026-09-12 22:12:23.019 DEBUG  Queuing item for routing: PolylineTrace on net 'POD_3V3' (connected: 12/30)
2026-09-12 22:12:23.020 DEBUG  Queuing item for routing: Pin on net 'GND' (connected: 18/29)
2026-09-12 22:12:23.020 DEBUG  Queuing item for routing: Pin on net 'POD_3V3' (connected: 2/30)
2026-09-12 22:12:23.020 DEBUG  Queuing item for routing: Pin on net 'GND' (connected: 1/29)
2026-09-12 22:12:23.020 DEBUG  Queuing item for routing: Pin on net 'GND' (connected: 1/29)
2026-09-12 22:12:23.020 DEBUG  Queuing item for routing: Pin on net 'GND' (connected: 2/29)
2026-09-12 22:12:23.020 DEBUG  Queuing item for routing: Pin on net 'GND' (connected: 5/29)
2026-09-12 22:12:23.020 DEBUG  Queuing item for routing: Pin on net 'POD_3V3' (connected: 5/30)
2026-09-12 22:12:23.020 DEBUG  Queuing item for routing: Pin on net 'POD_3V3' (connected: 1/30)
2026-09-12 22:12:23.020 DEBUG  Queuing item for routing: Pin on net 'GND' (connected: 1/29)
2026-09-12 22:12:23.020 DEBUG  Queuing item for routing: Pin on net 'POD_3V3' (connected: 7/30)
2026-09-12 22:12:23.020 DEBUG  Queuing item for routing: Pin on net 'POD_3V3' (connected: 1/30)
2026-09-12 22:12:23.020 DEBUG  Queuing item for routing: Pin on net 'POD_3V3' (connected: 1/30)
2026-09-12 22:12:23.031 DEBUG  [A9694F\E3E9C0] Pass #23: 13 incompletes across 13 items to route
2026-09-12 22:12:23.031 DEBUG  [A9694F\E3E9C0]   Net 'GND' has 6 incomplete(s)
2026-09-12 22:12:23.031 DEBUG  [A9694F\E3E9C0]   Net 'POD_3V3' has 7 incomplete(s)
2026-09-12 22:12:23.426 DEBUG  IntPoint: x is out of range
2026-09-12 22:12:23.426 DEBUG  IntPoint: y is out of range
2026-09-12 22:12:23.601 DEBUG  FoundConnectionInserter: insert trace failed for net #1 at corner 11/11 on layer 3, trace width: 750, from corner: 4, okPoint: (799614,-571925), target: (779979,-587997)
2026-09-12 22:12:23.604 DEBUG  [A9694F\E3E9C0] Autorouter Failed to route connection between pin #1 of component #10 and polylinetrace, polylinetrace, polylinetrace, polylinetrace, polylinetrace, polylinetrace, polylinetrace, polylinetrace, polylinetrace, polylinetrace, polylinetrace, polylinetrace, polylinetrace, polylinetrace, polylinetrace, polylinetrace, polylinetrace, polylinetrace, polylinetrace, polylinetrace, polylinetrace, polylinetrace, polylinetrace, polylinetrace, polylinetrace, polylinetrace, pin #1 of component #22, pin #6 of component #21, pin #1 of component #20, pin #1 of component #19, pin #1 of component #18, pin #5 of component #16, pin #1 of component #15, pin #1 of component #14, pin #1 of component #13, pin #1 of component #12, pin #1 of component #11, pin #1 of component #9, pin #1 of component #8, conductionarea, because the new connection could not be inserted.
2026-09-12 22:12:23.604 DEBUG  [A9694F\E3E9C0] Pass #23: Failed to route Pin on net 'GND' (4 items remaining, 12 failures). State: FAILED
2026-09-12 22:12:23.752 INFO   [A9694F\E3E9C0] Auto-routing pass #23 on board '833b1034d9101e285b1071d9d8d0ebc5' was completed in 0.73 seconds with score 756.35 (13 unrouted and 2 violations), using 24.38 CPU seconds and the job allocated 184.11 GB of memory so far.
2026-09-12 22:12:23.777 DEBUG  Queuing item for routing: PolylineTrace on net 'POD_3V3' (connected: 15/32)
2026-09-12 22:12:23.777 DEBUG  Queuing item for routing: Pin on net '/Eight ring pods/Pod 1 {slash} U19/UART_RX_LOCAL' (connected: 11/12)
2026-09-12 22:12:23.777 DEBUG  Queuing item for routing: Pin on net 'GND' (connected: 16/27)
2026-09-12 22:12:23.777 DEBUG  Queuing item for routing: Pin on net 'POD_3V3' (connected: 2/32)
2026-09-12 22:12:23.777 DEBUG  Queuing item for routing: Pin on net 'GND' (connected: 1/27)
2026-09-12 22:12:23.778 DEBUG  Queuing item for routing: Pin on net 'GND' (connected: 1/27)
2026-09-12 22:12:23.778 DEBUG  Queuing item for routing: Pin on net 'GND' (connected: 2/27)
2026-09-12 22:12:23.778 DEBUG  Queuing item for routing: Pin on net 'GND' (connected: 5/27)
2026-09-12 22:12:23.778 DEBUG  Queuing item for routing: Pin on net 'POD_3V3' (connected: 5/32)
2026-09-12 22:12:23.778 DEBUG  Queuing item for routing: Pin on net 'POD_3V3' (connected: 1/32)
2026-09-12 22:12:23.778 DEBUG  Queuing item for routing: Pin on net 'GND' (connected: 1/27)
2026-09-12 22:12:23.778 DEBUG  Queuing item for routing: Pin on net 'POD_3V3' (connected: 7/32)
2026-09-12 22:12:23.778 DEBUG  Queuing item for routing: Pin on net '/Eight ring pods/Pod 1 {slash} U19/UART_RX_LOCAL' (connected: 1/12)
2026-09-12 22:12:23.778 DEBUG  Queuing item for routing: Pin on net 'POD_3V3' (connected: 1/32)
2026-09-12 22:12:23.788 DEBUG  [A9694F\E3E9C0] Pass #24: 13 incompletes across 14 items to route
2026-09-12 22:12:23.788 DEBUG  [A9694F\E3E9C0]   Net 'GND' has 6 incomplete(s)
2026-09-12 22:12:23.788 DEBUG  [A9694F\E3E9C0]   Net 'POD_3V3' has 6 incomplete(s)
2026-09-12 22:12:23.788 DEBUG  [A9694F\E3E9C0]   Net '/Eight ring pods/Pod 1 {slash} U19/UART_RX_LOCAL' has 1 incomplete(s)
2026-09-12 22:12:24.414 DEBUG  FoundConnectionInserter: insert trace failed for net #1 at corner 11/11 on layer 3, trace width: 750, from corner: 4, okPoint: (799614,-571925), target: (779979,-587997)
2026-09-12 22:12:24.417 DEBUG  [A9694F\E3E9C0] Autorouter Failed to route connection between pin #1 of component #10 and polylinetrace, polylinetrace, polylinetrace, polylinetrace, polylinetrace, polylinetrace, polylinetrace, polylinetrace, polylinetrace, polylinetrace, polylinetrace, polylinetrace, polylinetrace, polylinetrace, polylinetrace, polylinetrace, polylinetrace, polylinetrace, polylinetrace, polylinetrace, polylinetrace, polylinetrace, polylinetrace, polylinetrace, pin #1 of component #22, pin #6 of component #21, pin #1 of component #20, pin #1 of component #19, pin #1 of component #18, pin #5 of component #16, pin #1 of component #15, pin #1 of component #14, pin #1 of component #13, pin #1 of component #12, pin #1 of component #11, pin #1 of component #9, pin #1 of component #8, conductionarea, because the new connection could not be inserted.
2026-09-12 22:12:24.417 DEBUG  [A9694F\E3E9C0] Pass #24: Failed to route Pin on net 'GND' (4 items remaining, 13 failures). State: FAILED
2026-09-12 22:12:24.546 INFO   [A9694F\E3E9C0] Auto-routing pass #24 on board '808dde26519e9115aee45a144e659cd4' was completed in 0.77 seconds with score 774.53 (12 unrouted and 2 violations), using 25.33 CPU seconds and the job allocated 191.80 GB of memory so far.
2026-09-12 22:12:24.572 DEBUG  Queuing item for routing: PolylineTrace on net 'POD_3V3' (connected: 12/29)
2026-09-12 22:12:24.573 DEBUG  Queuing item for routing: Pin on net 'POD_3V3' (connected: 1/29)
2026-09-12 22:12:24.573 DEBUG  Queuing item for routing: Pin on net 'GND' (connected: 1/29)
2026-09-12 22:12:24.573 DEBUG  Queuing item for routing: Pin on net 'GND' (connected: 1/29)
2026-09-12 22:12:24.573 DEBUG  Queuing item for routing: Pin on net 'GND' (connected: 2/29)
2026-09-12 22:12:24.573 DEBUG  Queuing item for routing: Pin on net 'GND' (connected: 5/29)
2026-09-12 22:12:24.573 DEBUG  Queuing item for routing: Pin on net 'POD_3V3' (connected: 5/29)
2026-09-12 22:12:24.573 DEBUG  Queuing item for routing: Pin on net 'POD_3V3' (connected: 1/29)
2026-09-12 22:12:24.574 DEBUG  Queuing item for routing: Pin on net 'GND' (connected: 1/29)
2026-09-12 22:12:24.574 DEBUG  Queuing item for routing: Pin on net 'POD_3V3' (connected: 7/29)
2026-09-12 22:12:24.574 DEBUG  Queuing item for routing: Pin on net 'POD_3V3' (connected: 1/29)
2026-09-12 22:12:24.574 DEBUG  Queuing item for routing: Pin on net 'POD_3V3' (connected: 1/29)
2026-09-12 22:12:24.584 DEBUG  [A9694F\E3E9C0] Pass #25: 12 incompletes across 12 items to route
2026-09-12 22:12:24.584 DEBUG  [A9694F\E3E9C0]   Net 'GND' has 5 incomplete(s)
2026-09-12 22:12:24.584 DEBUG  [A9694F\E3E9C0]   Net 'POD_3V3' has 7 incomplete(s)
2026-09-12 22:12:25.076 DEBUG  FoundConnectionInserter: insert trace failed for net #1 at corner 11/11 on layer 3, trace width: 750, from corner: 4, okPoint: (799614,-571925), target: (779979,-587997)
2026-09-12 22:12:25.079 DEBUG  [A9694F\E3E9C0] Autorouter Failed to route connection between pin #1 of component #10 and polylinetrace, polylinetrace, polylinetrace, polylinetrace, polylinetrace, polylinetrace, polylinetrace, polylinetrace, polylinetrace, polylinetrace, polylinetrace, polylinetrace, polylinetrace, polylinetrace, polylinetrace, polylinetrace, polylinetrace, polylinetrace, polylinetrace, polylinetrace, pin #1 of component #22, pin #6 of component #21, pin #1 of component #20, pin #1 of component #19, pin #1 of component #18, pin #5 of component #16, pin #1 of component #15, pin #1 of component #14, pin #1 of component #13, pin #1 of component #12, pin #1 of component #11, pin #1 of component #9, pin #1 of component #8, conductionarea, because the new connection could not be inserted.
2026-09-12 22:12:25.079 DEBUG  [A9694F\E3E9C0] Pass #25: Failed to route Pin on net 'GND' (4 items remaining, 14 failures). State: FAILED
2026-09-12 22:12:25.235 INFO   [A9694F\E3E9C0] Auto-routing pass #25 on board '5f561976e1b1063250890bf17a1768e0' was completed in 0.66 seconds with score 774.53 (12 unrouted and 2 violations), using 26.30 CPU seconds and the job allocated 199.80 GB of memory so far.
2026-09-12 22:12:25.241 INFO   [A9694F\E3E9C0] The router's best score (774.53) has not improved by more than 0.5 points since pass #15. Stopping the auto-router after 25 passes (12 items still unconnected).
The following connections could not be routed -- please review your design (e.g. check pad clearances, trace width rules, and available routing space):
  Net 'GND' (5 unrouted connections):
    - conductionarea  ->  C113-2
    - C8-2  ->  J201-2
    - J105-2  ->  C112-2
    - U19-7  ->  conductionarea
    - J201-2  ->  J104-2
  Net 'POD_3V3' (6 unrouted connections):
    - R11-1  ->  R10-1
    - conductionarea  ->  C113-1
    - U19-9  ->  conductionarea
    - J106-1  ->  conductionarea
    - J105-1  ->  C10-1
    - J105-1  ->  R113-1
  Net '/Eight ring pods/Pod 1 {slash} U19/UART_RX_LOCAL' (1 unrouted connection):
    - R112-2  ->  R110-2
2026-09-12 22:12:25.254 DEBUG  === Performance Profile ===
2026-09-12 22:12:25.254 DEBUG  === Routing Parameters ===
2026-09-12 22:12:25.254 DEBUG    Via Costs: 50, Plane Via Costs: 5
2026-09-12 22:12:25.254 DEBUG    Layer Costs (Preferred / Against):
2026-09-12 22:12:25.254 DEBUG      Layer 1: 1.8 / 3.9
2026-09-12 22:12:25.254 DEBUG      Layer 2: 1.0 / 1.5
2026-09-12 22:12:25.254 DEBUG      Layer 3: 1.0 / 3.1
2026-09-12 22:12:25.254 DEBUG      Layer 4: 1.8 / 2.3
2026-09-12 22:12:25.254 DEBUG  
2026-09-12 22:12:25.254 DEBUG    autoroute_item                          :    21790 ms total,      444 calls,     49 ms avg
2026-09-12 22:12:25.254 DEBUG  
2026-09-12 22:12:25.254 DEBUG  === Pass History ===
2026-09-12 22:12:25.255 DEBUG    Pass 1  :   28 unrouted items,     1.85 s,   100 ripup cost
2026-09-12 22:12:25.255 DEBUG    Pass 2  :   21 unrouted items,     1.60 s,   200 ripup cost
2026-09-12 22:12:25.255 DEBUG    Pass 3  :   19 unrouted items,     1.47 s,   300 ripup cost
2026-09-12 22:12:25.255 DEBUG    Pass 4  :   16 unrouted items,     1.12 s,   400 ripup cost
2026-09-12 22:12:25.255 DEBUG    Pass 5  :   17 unrouted items,     1.35 s,   500 ripup cost
2026-09-12 22:12:25.255 DEBUG    Pass 6  :   14 unrouted items,     1.26 s,   600 ripup cost
2026-09-12 22:12:25.255 DEBUG    Pass 7  :   15 unrouted items,     0.85 s,   700 ripup cost
2026-09-12 22:12:25.255 DEBUG    Pass 8  :   19 unrouted items,     1.03 s,   800 ripup cost
2026-09-12 22:12:25.255 DEBUG    Pass 9  :   14 unrouted items,     0.85 s,   900 ripup cost
2026-09-12 22:12:25.255 DEBUG    Pass 10 :   19 unrouted items,     1.02 s,  1000 ripup cost
2026-09-12 22:12:25.255 DEBUG    Pass 11 :   13 unrouted items,     1.17 s,  1100 ripup cost
2026-09-12 22:12:25.255 DEBUG    Pass 12 :   14 unrouted items,     0.95 s,  1200 ripup cost
2026-09-12 22:12:25.255 DEBUG    Pass 13 :   14 unrouted items,     0.95 s,  1300 ripup cost
2026-09-12 22:12:25.255 DEBUG    Pass 14 :   14 unrouted items,     1.09 s,  1400 ripup cost
2026-09-12 22:12:25.255 DEBUG    Pass 15 :   12 unrouted items,     0.85 s,  1500 ripup cost
2026-09-12 22:12:25.255 DEBUG    Pass 16 :   12 unrouted items,     0.71 s,  1600 ripup cost
2026-09-12 22:12:25.255 DEBUG    Pass 17 :   13 unrouted items,     0.68 s,  1700 ripup cost
2026-09-12 22:12:25.255 DEBUG    Pass 18 :   13 unrouted items,     0.79 s,  1800 ripup cost
2026-09-12 22:12:25.255 DEBUG    Pass 19 :   12 unrouted items,     0.75 s,  1900 ripup cost
2026-09-12 22:12:25.255 DEBUG    Pass 20 :   13 unrouted items,     0.68 s,  2000 ripup cost
2026-09-12 22:12:25.255 DEBUG    Pass 21 :   13 unrouted items,     0.67 s,  2100 ripup cost
2026-09-12 22:12:25.255 DEBUG    Pass 22 :   13 unrouted items,     0.75 s,  2200 ripup cost
2026-09-12 22:12:25.255 DEBUG    Pass 23 :   13 unrouted items,     0.72 s,  2300 ripup cost
2026-09-12 22:12:25.255 DEBUG    Pass 24 :   12 unrouted items,     0.76 s,  2400 ripup cost
2026-09-12 22:12:25.255 DEBUG    Pass 25 :   12 unrouted items,     0.65 s,  2500 ripup cost
2026-09-12 22:12:25.255 DEBUG  ===========================
2026-09-12 22:12:25.267 INFO   [A9694F\E3E9C0] Auto-routing stage completed: started with 54 unrouted nets, completed in 27.15 seconds, final score: 774.53 (12 unrouted and 2 violations), using 26.30 total CPU seconds, 199.80 GB total allocated, and 1265.4 MB peak heap usage.
2026-09-12 22:12:25.268 DEBUG  [A9694F\E3E9C0] Before optimization: Via count: 25, trace length: 2938839
2026-09-12 22:12:25.277 INFO   [A9694F\E3E9C0] Optimization stage started on board 'c416af42ba3211ae6007957b052cc518' with score 647.26 (19 unrouted and 2 violations).
2026-09-12 22:12:26.096 INFO   [A9694F\E3E9C0] Optimizer pass #1 on board 'f8196b1c14f854cbe60d467ee4c05b0c' was completed in 0.79 seconds with the score of 647.26 (19 unrouted and 2 violations).
2026-09-12 22:12:26.104 INFO   [A9694F\E3E9C0] Stopping optimizer because the improvement in this pass (0.0002%) is below the threshold (1.00%).
2026-09-12 22:12:26.112 INFO   [A9694F\E3E9C0] Optimization stage completed: started with score 647.26 (19 unrouted and 2 violations), completed in 0.83 seconds, final score: 647.26 (19 unrouted and 2 violations), using 0.77 total CPU seconds, 10.20 GB total allocated, and 818.5 MB peak heap usage.
2026-09-12 22:12:26.115 INFO   [A9694F\E3E9C0] Job 'A9694F\E3E9C0' finished with state: COMPLETED (elapsed: 28.03 seconds, finished at UTC: 2026-09-13T05:12:26.114216400Z).
2026-09-12 22:12:26.332 INFO   Saving output file 'C:\Users\mmsyl\Documents\haptic-bracelet\hardware\verification\routing\pod-1\pod-1.ses' (SES)...
2026-09-12 22:12:26.335 INFO   Successfully saved output file 'C:\Users\mmsyl\Documents\haptic-bracelet\hardware\verification\routing\pod-1\pod-1.ses' (19262 bytes).
2026-09-12 22:16:13.254 INFO   Freerouting v2.4.1 (build-date: 2026-09-03)
2026-09-12 22:16:13.256 DEBUG  [startup] user-data path : hardware\verification\routing\runtime  (source: CLI argument --user_data_path)
2026-09-12 22:16:13.256 DEBUG  [startup] log file       : C:\Users\mmsyl\Documents\haptic-bracelet\hardware\verification\routing\runtime\freerouting.log
2026-09-12 22:16:13.280 DEBUG  Settings loaded from 'hardware\verification\routing\runtime\freerouting.json'.
2026-09-12 22:16:13.295 DEBUG  Version: 2.4.1,2026-09-03
2026-09-12 22:16:13.295 DEBUG  Command line arguments: '-de hardware/verification/routing/pod-1/pod-1.dsn -do hardware/verification/routing/pod-1/pod-1.ses -mp 40 -mt 2 -inc plane_rails -da --gui.enabled=false --api_server.enabled=false --user_data_path=hardware/verification/routing/runtime --router.layers.routable=true,false,false,true'
2026-09-12 22:16:13.295 DEBUG  Architecture: Windows 11,amd64,10.0
2026-09-12 22:16:13.295 DEBUG  Java: 25.0.4.1,Eclipse Adoptium
2026-09-12 22:16:13.295 DEBUG  System Language: en,en_US
2026-09-12 22:16:13.296 DEBUG  Hardware: 28 CPU cores, 379866 CPU score, 30688 MB RAM
2026-09-12 22:16:13.296 DEBUG  UTC Time: 2026-09-13T05:16:13.280783200Z
2026-09-12 22:16:13.297 DEBUG  GUI Language: en_US
2026-09-12 22:16:13.297 DEBUG  Host: N/A
2026-09-12 22:16:13.299 DEBUG  Analytics are disabled
2026-09-12 22:16:14.374 DEBUG  Loaded router settings from: hardware\verification\routing\runtime\freerouting.json
2026-09-12 22:16:14.374 DEBUG  Applied CLI router setting: router.max_passes = 40
2026-09-12 22:16:14.374 DEBUG  Applied CLI router setting: router.max_threads = 2
2026-09-12 22:16:14.374 DEBUG  Applied CLI router setting: router.layers.routable = true,false,false,true
2026-09-12 22:16:14.374 DEBUG  Applied CLI router setting: router.enabled = true (implicit from -de/-do batch mode)
2026-09-12 22:16:14.375 DEBUG  No router settings found in environment variables
2026-09-12 22:16:14.398 DEBUG  Version check skipped or timed out: java.net.ConnectException: Permission denied: getsockopt
2026-09-12 22:16:14.403 DEBUG  Set DEFAULT clearance (all layers): 1500 (0.0375 mm) from DSN value 150.0
2026-09-12 22:16:14.406 DEBUG  Set clearance (all layers): smd_smd = 375 (0.009375 mm), classes [2,2]
2026-09-12 22:16:14.407 DEBUG  Set default trace width (all layers): DSN=150.0 → board=1500 (0.0375 mm)
2026-09-12 22:16:14.414 DEBUG  Loaded router settings from DSN file: pod-1.dsn (4 layers)
2026-09-12 22:16:14.422 DEBUG  Set DEFAULT clearance (all layers): 1500 (0.0375 mm) from DSN value 150.0
2026-09-12 22:16:14.422 DEBUG  Set clearance (all layers): smd_smd = 375 (0.009375 mm), classes [2,2]
2026-09-12 22:16:14.422 DEBUG  Set default trace width (all layers): DSN=150.0 → board=1500 (0.0375 mm)
2026-09-12 22:16:14.423 DEBUG  Loaded router settings from DSN file: pod-1.dsn (4 layers)
2026-09-12 22:16:14.424 DEBUG  Merging settings from 5 sources:
2026-09-12 22:16:14.424 DEBUG    - Default Settings (priority 0): base settings
2026-09-12 22:16:14.424 DEBUG    - freerouting.json (priority 10): 0 fields changed
2026-09-12 22:16:14.425 DEBUG    - DSN file: pod-1.dsn (priority 20): 6 fields changed
2026-09-12 22:16:14.425 DEBUG    - Environment Variables (priority 55): 0 fields changed
2026-09-12 22:16:14.425 DEBUG    - CLI Arguments (priority 60): 6 fields changed
2026-09-12 22:16:14.425 DEBUG  Settings merged successfully from 5 source(s)
2026-09-12 22:16:14.670 INFO   [BD5879\33F39D] Loading board file 'pod-1.dsn'...
2026-09-12 22:16:14.676 DEBUG  Set DEFAULT clearance (all layers): 1500 (0.0375 mm) from DSN value 150.0
2026-09-12 22:16:14.676 DEBUG  Set clearance (all layers): smd_smd = 375 (0.009375 mm), classes [2,2]
2026-09-12 22:16:14.676 DEBUG  Set default trace width (all layers): DSN=150.0 → board=1500 (0.0375 mm)
2026-09-12 22:16:14.704 DEBUG  applyBoardSpecificOptimizations changed parameters:
  Layer 0: bendCost: null -> 0.0; preferredDirectionHorizontal: null -> false; preferredDirectionTraceCost: 1.0 -> 1.8; undesiredDirectionTraceCost: 1.0 -> 3.9000000000000004;
  Layer 1: bendCost: null -> 0.0; preferredDirectionHorizontal: null -> true; undesiredDirectionTraceCost: 1.0 -> 1.5;
  Layer 2: bendCost: null -> 0.0; preferredDirectionHorizontal: null -> false; undesiredDirectionTraceCost: 1.0 -> 3.1;
  Layer 3: bendCost: null -> 0.0; preferredDirectionHorizontal: null -> true; preferredDirectionTraceCost: 1.0 -> 1.8; undesiredDirectionTraceCost: 1.0 -> 2.3;
2026-09-12 22:16:14.706 DEBUG  Applied copper-to-edge clearance override: 500.0 um (5000 board units).
2026-09-12 22:16:14.713 DEBUG  Set DEFAULT clearance (all layers): 1500 (0.0375 mm) from DSN value 150.0
2026-09-12 22:16:14.713 DEBUG  Set clearance (all layers): smd_smd = 375 (0.009375 mm), classes [2,2]
2026-09-12 22:16:14.713 DEBUG  Set default trace width (all layers): DSN=150.0 → board=1500 (0.0375 mm)
2026-09-12 22:16:14.714 DEBUG  Loaded router settings from DSN file: pod-1.dsn (4 layers)
2026-09-12 22:16:14.714 DEBUG  Merging settings from 6 sources:
2026-09-12 22:16:14.714 DEBUG    - Default Settings (priority 0): base settings
2026-09-12 22:16:14.714 DEBUG    - freerouting.json (priority 10): 0 fields changed
2026-09-12 22:16:14.714 DEBUG    - DSN file: pod-1.dsn (priority 20): 6 fields changed
2026-09-12 22:16:14.714 DEBUG    - Environment Variables (priority 55): 0 fields changed
2026-09-12 22:16:14.714 DEBUG    - CLI Arguments (priority 60): 6 fields changed
2026-09-12 22:16:14.715 DEBUG    - API Settings (priority 70): 26 fields changed
2026-09-12 22:16:14.715 DEBUG  Settings merged successfully from 6 source(s)
2026-09-12 22:16:14.715 DEBUG  applyBoardSpecificOptimizations changed parameters:
  Layer 0: preferredDirectionTraceCost: 1.0 -> 1.8; undesiredDirectionTraceCost: 1.0 -> 3.9000000000000004;
  Layer 1: undesiredDirectionTraceCost: 1.0 -> 1.5;
  Layer 2: undesiredDirectionTraceCost: 1.0 -> 3.1;
  Layer 3: preferredDirectionTraceCost: 1.0 -> 1.8; undesiredDirectionTraceCost: 1.0 -> 2.3;
2026-09-12 22:16:14.716 INFO   [BD5879\33F39D] Job 'BD5879\33F39D' started at 2026-09-13T05:16:14.715203100Z.
2026-09-12 22:16:14.756 DEBUG  [BD5879\33F39D] Checking fanout pre-pass. settings.fanout.enabled=true, smdPins=82
2026-09-12 22:16:14.765 INFO   [BD5879\33F39D] Fanout stage started on board '9a680989d66aba229612b72db2354c98' with 69 of 82 SMD pins needing fanout (13 already connected, 0 netless).
2026-09-12 22:16:15.155 INFO   [BD5879\33F39D] Fanout pass #1 on board '704b50ee76342c7492a89b1d3aef51e0' completed in 0.38 seconds with 7 SMD pins fanouted, 29 not routed, 0 insert errors, +0 extra vias (0 SMD pins still to check in pass, ripup costs=100).
2026-09-12 22:16:15.363 INFO   [BD5879\33F39D] Fanout pass #2 on board '704b50ee76342c7492a89b1d3aef51e0' completed in 0.20 seconds with 0 SMD pins fanouted, 33 not routed, 0 insert errors, +0 extra vias (0 SMD pins still to check in pass, ripup costs=200).
2026-09-12 22:16:15.368 INFO   [BD5879\33F39D] Fanout stage completed: started with 82 total SMD pins, completed in 0.60 seconds, escaped pins: 43/82 (52.4%), using 0.58 total CPU seconds, 1.67 GB total allocated, and 556.6 MB peak heap usage.
2026-09-12 22:16:15.371 INFO   [BD5879\33F39D] Auto-routing stage started on board '704b50ee76342c7492a89b1d3aef51e0' for 45 unrouted items.
2026-09-12 22:16:15.394 DEBUG  Queuing item for routing: Via on net 'GND' (connected: 3/42)
2026-09-12 22:16:15.394 DEBUG  Queuing item for routing: Via on net 'POD_3V3' (connected: 5/47)
2026-09-12 22:16:15.394 DEBUG  Queuing item for routing: Via on net 'POD_3V3' (connected: 3/47)
2026-09-12 22:16:15.394 DEBUG  Queuing item for routing: Via on net 'POD_3V3' (connected: 3/47)
2026-09-12 22:16:15.394 DEBUG  Queuing item for routing: Via on net 'POD_3V3' (connected: 3/47)
2026-09-12 22:16:15.395 DEBUG  Queuing item for routing: Via on net 'POD_3V3' (connected: 3/47)
2026-09-12 22:16:15.395 DEBUG  Queuing item for routing: Via on net 'POD_3V3' (connected: 3/47)
2026-09-12 22:16:15.395 DEBUG  Queuing item for routing: Via on net 'POD_3V3' (connected: 3/47)
2026-09-12 22:16:15.395 DEBUG  Queuing item for routing: Via on net 'GND' (connected: 3/42)
2026-09-12 22:16:15.395 DEBUG  Queuing item for routing: Via on net 'POD_3V3' (connected: 3/47)
2026-09-12 22:16:15.395 DEBUG  Queuing item for routing: Via on net 'GND' (connected: 3/42)
2026-09-12 22:16:15.395 DEBUG  Queuing item for routing: Via on net 'GND' (connected: 3/42)
2026-09-12 22:16:15.395 DEBUG  Queuing item for routing: Via on net 'POD_3V3' (connected: 3/47)
2026-09-12 22:16:15.395 DEBUG  Queuing item for routing: Via on net 'GND' (connected: 3/42)
2026-09-12 22:16:15.395 DEBUG  Queuing item for routing: Via on net 'GND' (connected: 3/42)
2026-09-12 22:16:15.395 DEBUG  Queuing item for routing: Via on net 'GND' (connected: 3/42)
2026-09-12 22:16:15.395 DEBUG  Queuing item for routing: Via on net 'POD_3V3' (connected: 3/47)
2026-09-12 22:16:15.395 DEBUG  Queuing item for routing: Via on net 'POD_3V3' (connected: 3/47)
2026-09-12 22:16:15.395 DEBUG  Queuing item for routing: Via on net 'GND' (connected: 3/42)
2026-09-12 22:16:15.395 DEBUG  Queuing item for routing: Via on net 'POD_3V3' (connected: 3/47)
2026-09-12 22:16:15.395 DEBUG  Queuing item for routing: Via on net 'GND' (connected: 3/42)
2026-09-12 22:16:15.395 DEBUG  Queuing item for routing: Via on net 'POD_3V3' (connected: 3/47)
2026-09-12 22:16:15.395 DEBUG  Queuing item for routing: Via on net 'GND' (connected: 3/42)
2026-09-12 22:16:15.395 DEBUG  Queuing item for routing: Via on net 'POD_3V3' (connected: 3/47)
2026-09-12 22:16:15.396 DEBUG  Queuing item for routing: Via on net 'GND' (connected: 3/42)
2026-09-12 22:16:15.396 DEBUG  Queuing item for routing: Via on net 'POD_3V3' (connected: 3/47)
2026-09-12 22:16:15.396 DEBUG  Queuing item for routing: Via on net 'GND' (connected: 3/42)
2026-09-12 22:16:15.396 DEBUG  Queuing item for routing: Via on net 'GND' (connected: 3/42)
2026-09-12 22:16:15.396 DEBUG  Queuing item for routing: Via on net 'GND' (connected: 3/42)
2026-09-12 22:16:15.396 DEBUG  Queuing item for routing: Pin on net 'VBAT' (connected: 1/3)
2026-09-12 22:16:15.396 DEBUG  Queuing item for routing: Pin on net 'RING_nRESET' (connected: 1/4)
2026-09-12 22:16:15.396 DEBUG  Queuing item for routing: Pin on net '/Eight ring pods/Pod 1 {slash} U19/UART_RX_LOCAL' (connected: 1/8)
2026-09-12 22:16:15.396 DEBUG  Queuing item for routing: Pin on net '/Eight ring pods/Pod 1 {slash} U19/UART_TX_LOCAL' (connected: 1/5)
2026-09-12 22:16:15.396 DEBUG  Queuing item for routing: Pin on net '/Eight ring pods/Pod 1 {slash} U19/UART_RX_LOCAL' (connected: 7/8)
2026-09-12 22:16:15.397 DEBUG  Queuing item for routing: Pin on net '/Eight ring pods/Pod 1 {slash} U19/UART_TX_LOCAL' (connected: 1/5)
2026-09-12 22:16:15.397 DEBUG  Queuing item for routing: Pin on net '/Eight ring pods/Pod 1 {slash} U19/LOCAL_SCL' (connected: 1/3)
2026-09-12 22:16:15.397 DEBUG  Queuing item for routing: Pin on net '/Eight ring pods/Pod 1 {slash} U19/LOCAL_SDA' (connected: 1/3)
2026-09-12 22:16:15.397 DEBUG  Queuing item for routing: Pin on net 'RING_nRESET' (connected: 1/4)
2026-09-12 22:16:15.397 DEBUG  Queuing item for routing: Pin on net '/Eight ring pods/Pod 1 {slash} U19/CELL_TEMP' (connected: 1/5)
2026-09-12 22:16:15.397 DEBUG  Queuing item for routing: Pin on net '/Eight ring pods/Pod 1 {slash} U19/CELL_TEMP' (connected: 3/5)
2026-09-12 22:16:15.397 DEBUG  Queuing item for routing: Pin on net '/Eight ring pods/Pod 1 {slash} U19/CELL_TEMP' (connected: 1/5)
2026-09-12 22:16:15.397 DEBUG  Queuing item for routing: Pin on net '/Eight ring pods/Pod 1 {slash} U19/LRA_N' (connected: 1/2)
2026-09-12 22:16:15.397 DEBUG  Queuing item for routing: Pin on net '/Eight ring pods/Pod 1 {slash} U19/LRA_P' (connected: 1/2)
2026-09-12 22:16:15.397 DEBUG  Queuing item for routing: Pin on net '/Eight ring pods/Pod 1 {slash} U19/LRA_N' (connected: 1/2)
2026-09-12 22:16:15.397 DEBUG  Queuing item for routing: Pin on net '/Eight ring pods/Pod 1 {slash} U19/LOCAL_SCL' (connected: 1/3)
2026-09-12 22:16:15.397 DEBUG  Queuing item for routing: Pin on net '/Eight ring pods/Pod 1 {slash} U19/LOCAL_SDA' (connected: 1/3)
2026-09-12 22:16:15.397 DEBUG  Queuing item for routing: Pin on net '/Eight ring pods/Pod 1 {slash} U19/LRA_P' (connected: 1/2)
2026-09-12 22:16:15.397 DEBUG  Queuing item for routing: Pin on net 'RING_RETURN' (connected: 1/2)
2026-09-12 22:16:15.397 DEBUG  Queuing item for routing: Pin on net 'VBAT' (connected: 1/3)
2026-09-12 22:16:15.397 DEBUG  Queuing item for routing: Pin on net 'RING_nRESET' (connected: 1/4)
2026-09-12 22:16:15.398 DEBUG  Queuing item for routing: Pin on net 'RING_RETURN' (connected: 1/2)
2026-09-12 22:16:15.398 DEBUG  Queuing item for routing: Pin on net 'VBAT' (connected: 1/3)
2026-09-12 22:16:15.398 DEBUG  Queuing item for routing: Pin on net 'RING_nRESET' (connected: 1/4)
2026-09-12 22:16:15.398 DEBUG  Queuing item for routing: Pin on net 'RING_D1' (connected: 1/2)
2026-09-12 22:16:15.398 DEBUG  Queuing item for routing: Pin on net '/Eight ring pods/Pod 1 {slash} U19/UART_TX_LOCAL' (connected: 3/5)
2026-09-12 22:16:15.398 DEBUG  Queuing item for routing: Pin on net 'RING_D1' (connected: 1/2)
2026-09-12 22:16:15.398 DEBUG  Queuing item for routing: Pin on net '/Eight ring pods/Pod 1 {slash} U19/LOCAL_SDA' (connected: 1/3)
2026-09-12 22:16:15.398 DEBUG  Queuing item for routing: Pin on net '/Eight ring pods/Pod 1 {slash} U19/LOCAL_SCL' (connected: 1/3)
2026-09-12 22:16:15.404 DEBUG  [BD5879\33F39D] Pass #1: 45 incompletes across 58 items to route
2026-09-12 22:16:15.404 DEBUG  [BD5879\33F39D]   Net 'POD_3V3' has 14 incomplete(s)
2026-09-12 22:16:15.404 DEBUG  [BD5879\33F39D]   Net '/Eight ring pods/Pod 1 {slash} U19/LOCAL_SCL' has 2 incomplete(s)
2026-09-12 22:16:15.404 DEBUG  [BD5879\33F39D]   Net '/Eight ring pods/Pod 1 {slash} U19/UART_TX_LOCAL' has 2 incomplete(s)
2026-09-12 22:16:15.404 DEBUG  [BD5879\33F39D]   Net 'GND' has 13 incomplete(s)
2026-09-12 22:16:15.404 DEBUG  [BD5879\33F39D]   Net '/Eight ring pods/Pod 1 {slash} U19/UART_RX_LOCAL' has 1 incomplete(s)
2026-09-12 22:16:15.404 DEBUG  [BD5879\33F39D]   Net 'RING_D1' has 1 incomplete(s)
2026-09-12 22:16:15.405 DEBUG  [BD5879\33F39D]   Net 'RING_nRESET' has 3 incomplete(s)
2026-09-12 22:16:15.405 DEBUG  [BD5879\33F39D]   Net 'VBAT' has 2 incomplete(s)
2026-09-12 22:16:15.405 DEBUG  [BD5879\33F39D]   Net 'RING_RETURN' has 1 incomplete(s)
2026-09-12 22:16:15.405 DEBUG  [BD5879\33F39D]   Net '/Eight ring pods/Pod 1 {slash} U19/LOCAL_SDA' has 2 incomplete(s)
2026-09-12 22:16:15.405 DEBUG  [BD5879\33F39D]   Net '/Eight ring pods/Pod 1 {slash} U19/LRA_P' has 1 incomplete(s)
2026-09-12 22:16:15.405 DEBUG  [BD5879\33F39D]   Net '/Eight ring pods/Pod 1 {slash} U19/LRA_N' has 1 incomplete(s)
2026-09-12 22:16:15.405 DEBUG  [BD5879\33F39D]   Net '/Eight ring pods/Pod 1 {slash} U19/CELL_TEMP' has 2 incomplete(s)
2026-09-12 22:16:15.447 DEBUG  PolylineTrace.normalize: max normalization depth (16) reached for trace #392 on net 1 — stopping recursion, trace kept as-is.
2026-09-12 22:16:15.707 DEBUG  FoundConnectionInserter: insert trace failed for net #9 at corner 14/14 on layer 3, trace width: 2000, from corner: 0, okPoint: (788244,-577652), target: (783466,-614212)
2026-09-12 22:16:15.715 DEBUG  [BD5879\33F39D] Autorouter Failed to route connection between pin #4 of component #11, pin #4 of component #10 and pin #1 of component #23, because the new connection could not be inserted.
2026-09-12 22:16:15.882 DEBUG  FoundConnectionInserter: insert trace failed for net #6 at corner 7/7 on layer 3, trace width: 750, from corner: 4, okPoint: (868756,-731950), target: (828741,-745909)
2026-09-12 22:16:15.887 DEBUG  [BD5879\33F39D] Autorouter Failed to route connection between polylinetrace, polylinetrace, polylinetrace, polylinetrace, pin #17 of component #21, pin #1 of component #4, pin #1 of component #2 and pin #3 of component #22, because the new connection could not be inserted.
2026-09-12 22:16:15.913 DEBUG  FoundConnectionInserter: insert trace failed for net #3 at corner 38/38 on layer 0, trace width: 750, from corner: 31, okPoint: (863545,-571672), target: (845600,-572825)
2026-09-12 22:16:15.916 DEBUG  [BD5879\33F39D] Autorouter Failed to route connection between polylinetrace, pin #7 of component #21, pin #1 of component #6, pin of component #5 and pin #2 of component #22, because the new connection could not be inserted.
2026-09-12 22:16:15.979 DEBUG  FoundConnectionInserter: insert trace failed for net #6 at corner 34/34 on layer 0, trace width: 750, from corner: 13, okPoint: (788050,-741575), target: (847700,-497000)
2026-09-12 22:16:15.982 DEBUG  [BD5879\33F39D] Autorouter Failed to route connection between pin #3 of component #22 and polylinetrace, polylinetrace, polylinetrace, polylinetrace, pin #17 of component #21, pin #1 of component #4, pin #1 of component #2, because the new connection could not be inserted.
2026-09-12 22:16:16.203 DEBUG  FoundConnectionInserter: insert trace failed for net #11 at corner 42/42 on layer 0, trace width: 750, from corner: 2, okPoint: (788050,-776750), target: (847100,-562000)
2026-09-12 22:16:16.209 DEBUG  [BD5879\33F39D] Autorouter Failed to route connection between pin #3 of component #16, pin #1 of component #3 and pin #4 of component #21, because the new connection could not be inserted.
2026-09-12 22:16:16.425 DEBUG  FoundConnectionInserter: insert trace failed for net #15 at corner 28/28 on layer 3, trace width: 750, from corner: 19, okPoint: (864357,-577823), target: (845600,-572825)
2026-09-12 22:16:16.428 DEBUG  [BD5879\33F39D] Autorouter Failed to route connection between pin #8 of component #16 and pin #1 of component #17, because the new connection could not be inserted.
2026-09-12 22:16:16.531 DEBUG  FoundConnectionInserter: insert trace failed for net #14 at corner 21/21 on layer 0, trace width: 750, from corner: 16, okPoint: (856566,-534643), target: (838000,-536000)
2026-09-12 22:16:16.533 DEBUG  [BD5879\33F39D] Autorouter Failed to route connection between pin #2 of component #16 and pin of component #17, because the new connection could not be inserted.
2026-09-12 22:16:16.583 DEBUG  FoundConnectionInserter: insert trace failed for net #2 at corner 25/25 on layer 0, trace width: 750, from corner: 19, okPoint: (855308,-574722), target: (871100,-579049)
2026-09-12 22:16:16.586 DEBUG  [BD5879\33F39D] Autorouter Failed to route connection between polylinetrace, polylinetrace, via, via, pin #5 of component #21, pin #1 of component #1 and pin #6 of component #16, because the new connection could not be inserted.
2026-09-12 22:16:16.719 DEBUG  [BD5879\33F39D] Autorouter Failed to route connection between pin #4 of component #21, pin #1 of component #3 and pin #3 of component #16, because no connection was found between their nets.
2026-09-12 22:16:16.963 DEBUG  [BD5879\33F39D] Autorouter Failed to route connection between polylinetrace, via, pin #1 of component #23, pin #4 of component #10 and pin #4 of component #11, because no connection was found between their nets.
2026-09-12 22:16:17.008 DEBUG  FoundConnectionInserter: insert trace failed for net #9 at corner 18/18 on layer 0, trace width: 2000, from corner: 15, okPoint: (782147,-587744), target: (788910,-577652)
2026-09-12 22:16:17.011 DEBUG  [BD5879\33F39D] Autorouter Failed to route connection between polylinetrace, via, pin #1 of component #23, pin #4 of component #11 and pin #4 of component #10, because the new connection could not be inserted.
2026-09-12 22:16:17.032 DEBUG  FoundConnectionInserter: insert trace failed for net #7 at corner 18/18 on layer 0, trace width: 750, from corner: 15, okPoint: (782953,-731950), target: (797900,-738000)
2026-09-12 22:16:17.035 DEBUG  [BD5879\33F39D] Autorouter Failed to route connection between pin of component #4 and pin #2 of component #10, because the new connection could not be inserted.
2026-09-12 22:16:17.036 DEBUG  [BD5879\33F39D] Pass #1: Failed to route Pin on net 'RING_D1' (5 items remaining, 1 failures). State: FAILED
2026-09-12 22:16:17.165 DEBUG  FoundConnectionInserter: insert trace failed for net #7 at corner 21/21 on layer 0, trace width: 750, from corner: 5, okPoint: (787453,-737769), target: (764500,-635000)
2026-09-12 22:16:17.168 DEBUG  [BD5879\33F39D] Autorouter Failed to route connection between pin #2 of component #10 and pin of component #4, because the new connection could not be inserted.
2026-09-12 22:16:17.168 DEBUG  [BD5879\33F39D] Pass #1: Failed to route Pin on net 'RING_D1' (3 items remaining, 1 failures). State: FAILED
2026-09-12 22:16:17.341 INFO   [BD5879\33F39D] Auto-routing pass #1 on board '704b50ee76342c7492a89b1d3aef51e0' was completed in 1.95 seconds with score 599.99 (15 unrouted and 31 violations), using 1.91 CPU seconds and the job allocated 9.16 GB of memory so far.
2026-09-12 22:16:17.374 DEBUG  Queuing item for routing: Via on net 'GND' (connected: 53/56)
2026-09-12 22:16:17.374 DEBUG  Queuing item for routing: Via on net 'POD_3V3' (connected: 18/60)
2026-09-12 22:16:17.374 DEBUG  Queuing item for routing: Via on net 'POD_3V3' (connected: 36/60)
2026-09-12 22:16:17.374 DEBUG  Queuing item for routing: Via on net 'POD_3V3' (connected: 3/60)
2026-09-12 22:16:17.374 DEBUG  Queuing item for routing: Via on net 'POD_3V3' (connected: 3/60)
2026-09-12 22:16:17.374 DEBUG  Queuing item for routing: Via on net 'GND' (connected: 3/56)
2026-09-12 22:16:17.375 DEBUG  Queuing item for routing: Pin on net 'VBAT' (connected: 3/5)
2026-09-12 22:16:17.375 DEBUG  Queuing item for routing: Pin on net 'RING_nRESET' (connected: 7/10)
2026-09-12 22:16:17.375 DEBUG  Queuing item for routing: Pin on net '/Eight ring pods/Pod 1 {slash} U19/UART_RX_LOCAL' (connected: 1/8)
2026-09-12 22:16:17.375 DEBUG  Queuing item for routing: Pin on net '/Eight ring pods/Pod 1 {slash} U19/UART_TX_LOCAL' (connected: 10/11)
2026-09-12 22:16:17.375 DEBUG  Queuing item for routing: Pin on net '/Eight ring pods/Pod 1 {slash} U19/UART_RX_LOCAL' (connected: 7/8)
2026-09-12 22:16:17.376 DEBUG  Queuing item for routing: Pin on net '/Eight ring pods/Pod 1 {slash} U19/UART_TX_LOCAL' (connected: 1/11)
2026-09-12 22:16:17.376 DEBUG  Queuing item for routing: Pin on net '/Eight ring pods/Pod 1 {slash} U19/LOCAL_SCL' (connected: 3/6)
2026-09-12 22:16:17.376 DEBUG  Queuing item for routing: Pin on net '/Eight ring pods/Pod 1 {slash} U19/LOCAL_SDA' (connected: 11/12)
2026-09-12 22:16:17.376 DEBUG  Queuing item for routing: Pin on net 'RING_nRESET' (connected: 3/10)
2026-09-12 22:16:17.376 DEBUG  Queuing item for routing: Pin on net '/Eight ring pods/Pod 1 {slash} U19/CELL_TEMP' (connected: 9/12)
2026-09-12 22:16:17.376 DEBUG  Queuing item for routing: Pin on net '/Eight ring pods/Pod 1 {slash} U19/CELL_TEMP' (connected: 3/12)
2026-09-12 22:16:17.376 DEBUG  Queuing item for routing: Pin on net '/Eight ring pods/Pod 1 {slash} U19/LRA_N' (connected: 3/6)
2026-09-12 22:16:17.376 DEBUG  Queuing item for routing: Pin on net '/Eight ring pods/Pod 1 {slash} U19/LRA_P' (connected: 3/4)
2026-09-12 22:16:17.376 DEBUG  Queuing item for routing: Pin on net '/Eight ring pods/Pod 1 {slash} U19/LRA_N' (connected: 3/6)
2026-09-12 22:16:17.376 DEBUG  Queuing item for routing: Pin on net '/Eight ring pods/Pod 1 {slash} U19/LOCAL_SCL' (connected: 3/6)
2026-09-12 22:16:17.376 DEBUG  Queuing item for routing: Pin on net '/Eight ring pods/Pod 1 {slash} U19/LOCAL_SDA' (connected: 1/12)
2026-09-12 22:16:17.376 DEBUG  Queuing item for routing: Pin on net '/Eight ring pods/Pod 1 {slash} U19/LRA_P' (connected: 1/4)
2026-09-12 22:16:17.376 DEBUG  Queuing item for routing: Pin on net 'VBAT' (connected: 1/5)
2026-09-12 22:16:17.376 DEBUG  Queuing item for routing: Pin on net 'VBAT' (connected: 1/5)
2026-09-12 22:16:17.376 DEBUG  Queuing item for routing: Pin on net 'RING_D1' (connected: 1/2)
2026-09-12 22:16:17.376 DEBUG  Queuing item for routing: Pin on net 'RING_D1' (connected: 1/2)
2026-09-12 22:16:17.389 DEBUG  [BD5879\33F39D] Pass #2: 15 incompletes across 27 items to route
2026-09-12 22:16:17.389 DEBUG  [BD5879\33F39D]   Net 'POD_3V3' has 3 incomplete(s)
2026-09-12 22:16:17.389 DEBUG  [BD5879\33F39D]   Net '/Eight ring pods/Pod 1 {slash} U19/LOCAL_SCL' has 1 incomplete(s)
2026-09-12 22:16:17.389 DEBUG  [BD5879\33F39D]   Net '/Eight ring pods/Pod 1 {slash} U19/UART_TX_LOCAL' has 1 incomplete(s)
2026-09-12 22:16:17.389 DEBUG  [BD5879\33F39D]   Net 'GND' has 1 incomplete(s)
2026-09-12 22:16:17.389 DEBUG  [BD5879\33F39D]   Net '/Eight ring pods/Pod 1 {slash} U19/UART_RX_LOCAL' has 1 incomplete(s)
2026-09-12 22:16:17.389 DEBUG  [BD5879\33F39D]   Net 'RING_D1' has 1 incomplete(s)
2026-09-12 22:16:17.389 DEBUG  [BD5879\33F39D]   Net 'RING_nRESET' has 1 incomplete(s)
2026-09-12 22:16:17.389 DEBUG  [BD5879\33F39D]   Net 'VBAT' has 2 incomplete(s)
2026-09-12 22:16:17.390 DEBUG  [BD5879\33F39D]   Net '/Eight ring pods/Pod 1 {slash} U19/LOCAL_SDA' has 1 incomplete(s)
2026-09-12 22:16:17.390 DEBUG  [BD5879\33F39D]   Net '/Eight ring pods/Pod 1 {slash} U19/LRA_P' has 1 incomplete(s)
2026-09-12 22:16:17.390 DEBUG  [BD5879\33F39D]   Net '/Eight ring pods/Pod 1 {slash} U19/LRA_N' has 1 incomplete(s)
2026-09-12 22:16:17.390 DEBUG  [BD5879\33F39D]   Net '/Eight ring pods/Pod 1 {slash} U19/CELL_TEMP' has 1 incomplete(s)
2026-09-12 22:16:17.412 DEBUG  PolylineTrace.normalize: max normalization depth (16) reached for trace #5659 on net 1 — stopping recursion, trace kept as-is.
2026-09-12 22:16:17.414 DEBUG  PolylineTrace.normalize: max normalization depth (16) reached for trace #5698 on net 1 — stopping recursion, trace kept as-is.
2026-09-12 22:16:17.417 DEBUG  PolylineTrace.normalize: max normalization depth (16) reached for trace #5737 on net 1 — stopping recursion, trace kept as-is.
2026-09-12 22:16:17.419 DEBUG  PolylineTrace.normalize: max normalization depth (16) reached for trace #5771 on net 1 — stopping recursion, trace kept as-is.
2026-09-12 22:16:17.421 DEBUG  PolylineTrace.normalize: max normalization depth (16) reached for trace #5806 on net 1 — stopping recursion, trace kept as-is.
2026-09-12 22:16:17.457 DEBUG  PolylineTrace.normalize: max normalization depth (16) reached for trace #5860 on net 5 — stopping recursion, trace kept as-is.
2026-09-12 22:16:17.459 DEBUG  PolylineTrace.normalize: max normalization depth (16) reached for trace #5895 on net 5 — stopping recursion, trace kept as-is.
2026-09-12 22:16:17.473 DEBUG  FoundConnectionInserter: insert trace failed for net #9 at corner 15/15 on layer 3, trace width: 2000, from corner: 0, okPoint: (788910,-577652), target: (774206,-685000)
2026-09-12 22:16:17.476 DEBUG  [BD5879\33F39D] Autorouter Failed to route connection between pin #4 of component #11, pin #4 of component #10 and polylinetrace, via, pin #1 of component #23, because the new connection could not be inserted.
2026-09-12 22:16:17.660 DEBUG  FoundConnectionInserter: insert trace failed for net #6 at corner 12/12 on layer 0, trace width: 750, from corner: 4, okPoint: (865575,-722886), target: (843994,-761506)
2026-09-12 22:16:17.663 DEBUG  [BD5879\33F39D] Autorouter Failed to route connection between polylinetrace, polylinetrace, polylinetrace, polylinetrace, pin #17 of component #21, pin #1 of component #4, pin #1 of component #2 and pin #3 of component #22, because the new connection could not be inserted.
2026-09-12 22:16:17.894 DEBUG  FoundConnectionInserter: insert trace failed for net #3 at corner 5/19 on layer 0, trace width: 750, from corner: 4, okPoint: (830411,-776216), target: (830411,-762818)
2026-09-12 22:16:17.897 DEBUG  [BD5879\33F39D] Autorouter Failed to route connection between polylinetrace, polylinetrace, polylinetrace, via, via, polylinetrace, pin #2 of component #22, pin #1 of component #6, pin of component #5 and pin #7 of component #21, because the new connection could not be inserted.
2026-09-12 22:16:18.031 DEBUG  [BD5879\33F39D] Autorouter Failed to route connection between pin #3 of component #16 and polylinetrace, polylinetrace, polylinetrace, polylinetrace, polylinetrace, via, via, via, via, pin #4 of component #21, pin #1 of component #3, because no connection was found between their nets.
2026-09-12 22:16:18.073 DEBUG  FoundConnectionInserter: insert trace failed for net #16 at corner 24/24 on layer 3, trace width: 750, from corner: 8, okPoint: (910768,-693720), target: (885438,-524562)
2026-09-12 22:16:18.076 DEBUG  [BD5879\33F39D] Autorouter Failed to route connection between polylinetrace, via, pin of component #18 and polylinetrace, polylinetrace, polylinetrace, via, via, polylinetrace, pin #1 of component #21, pin of component #20, pin #1 of component #7, because the new connection could not be inserted.
2026-09-12 22:16:18.119 DEBUG  FoundConnectionInserter: insert trace failed for net #16 at corner 26/26 on layer 3, trace width: 750, from corner: 16, okPoint: (910768,-687720), target: (876680,-722567)
2026-09-12 22:16:18.123 DEBUG  [BD5879\33F39D] Autorouter Failed to route connection between polylinetrace, polylinetrace, polylinetrace, via, via, polylinetrace, pin #1 of component #21, pin of component #20, pin #1 of component #7 and polylinetrace, via, pin of component #18, because the new connection could not be inserted.
2026-09-12 22:16:18.161 DEBUG  FoundConnectionInserter: insert trace failed for net #15 at corner 30/30 on layer 3, trace width: 750, from corner: 21, okPoint: (867369,-593910), target: (845160,-553673)
2026-09-12 22:16:18.165 DEBUG  [BD5879\33F39D] Autorouter Failed to route connection between polylinetrace, via, pin #8 of component #16 and polylinetrace, via, pin #1 of component #17, because the new connection could not be inserted.
2026-09-12 22:16:18.207 DEBUG  FoundConnectionInserter: insert trace failed for net #14 at corner 56/56 on layer 3, trace width: 750, from corner: 10, okPoint: (910810,-693720), target: (850469,-532514)
2026-09-12 22:16:18.210 DEBUG  [BD5879\33F39D] Autorouter Failed to route connection between pin #2 of component #16 and polylinetrace, via, pin of component #17, because the new connection could not be inserted.
2026-09-12 22:16:18.523 DEBUG  [BD5879\33F39D] Autorouter Failed to route connection between polylinetrace, polylinetrace, polylinetrace, polylinetrace, polylinetrace, via, via, via, via, pin #4 of component #21, pin #1 of component #3 and pin #3 of component #16, because no connection was found between their nets.
2026-09-12 22:16:18.612 DEBUG  FoundConnectionInserter: insert trace failed for net #14 at corner 59/59 on layer 3, trace width: 750, from corner: 21, okPoint: (861950,-577683), target: (906810,-732776)
2026-09-12 22:16:18.617 DEBUG  [BD5879\33F39D] Autorouter Failed to route connection between polylinetrace, via, pin of component #17 and pin #2 of component #16, because the new connection could not be inserted.
2026-09-12 22:16:18.617 DEBUG  [BD5879\33F39D] Pass #2: Failed to route Pin on net '/Eight ring pods/Pod 1 {slash} U19/LRA_P' (5 items remaining, 1 failures). State: FAILED
2026-09-12 22:16:18.797 DEBUG  [BD5879\33F39D] Autorouter Failed to route connection between polylinetrace, via, pin #1 of component #23, pin #4 of component #10 and pin #4 of component #11, because no connection was found between their nets.
2026-09-12 22:16:18.798 DEBUG  [BD5879\33F39D] Pass #2: Failed to route Pin on net 'VBAT' (4 items remaining, 2 failures). State: FAILED
2026-09-12 22:16:18.831 DEBUG  FoundConnectionInserter: insert trace failed for net #9 at corner 14/14 on layer 3, trace width: 2000, from corner: 6, okPoint: (780752,-598042), target: (788910,-577652)
2026-09-12 22:16:18.834 DEBUG  [BD5879\33F39D] Autorouter Failed to route connection between polylinetrace, via, pin #1 of component #23, pin #4 of component #11 and pin #4 of component #10, because the new connection could not be inserted.
2026-09-12 22:16:18.834 DEBUG  [BD5879\33F39D] Pass #2: Failed to route Pin on net 'VBAT' (3 items remaining, 2 failures). State: FAILED
2026-09-12 22:16:18.848 DEBUG  FoundConnectionInserter: insert trace failed for net #7 at corner 16/16 on layer 0, trace width: 750, from corner: 13, okPoint: (785173,-731950), target: (797900,-738000)
2026-09-12 22:16:18.851 DEBUG  [BD5879\33F39D] Autorouter Failed to route connection between pin of component #4 and pin #2 of component #10, because the new connection could not be inserted.
2026-09-12 22:16:18.851 DEBUG  [BD5879\33F39D] Pass #2: Failed to route Pin on net 'RING_D1' (2 items remaining, 2 failures). State: FAILED
2026-09-12 22:16:18.905 INFO   [BD5879\33F39D] Auto-routing pass #2 on board '08573ac3b7c76855b074b9556a9d16f0' was completed in 1.53 seconds with score 675.46 (11 unrouted and 31 violations), using 3.86 CPU seconds and the job allocated 22.98 GB of memory so far.
2026-09-12 22:16:18.937 DEBUG  Queuing item for routing: Via on net 'POD_3V3' (connected: 22/61)
2026-09-12 22:16:18.937 DEBUG  Queuing item for routing: Via on net 'POD_3V3' (connected: 36/61)
2026-09-12 22:16:18.937 DEBUG  Queuing item for routing: Via on net 'POD_3V3' (connected: 3/61)
2026-09-12 22:16:18.939 DEBUG  Queuing item for routing: Pin on net 'VBAT' (connected: 3/7)
2026-09-12 22:16:18.939 DEBUG  Queuing item for routing: Pin on net 'RING_nRESET' (connected: 7/12)
2026-09-12 22:16:18.939 DEBUG  Queuing item for routing: Pin on net '/Eight ring pods/Pod 1 {slash} U19/UART_RX_LOCAL' (connected: 3/9)
2026-09-12 22:16:18.939 DEBUG  Queuing item for routing: Pin on net '/Eight ring pods/Pod 1 {slash} U19/UART_TX_LOCAL' (connected: 9/10)
2026-09-12 22:16:18.939 DEBUG  Queuing item for routing: Pin on net '/Eight ring pods/Pod 1 {slash} U19/UART_RX_LOCAL' (connected: 1/9)
2026-09-12 22:16:18.939 DEBUG  Queuing item for routing: Pin on net '/Eight ring pods/Pod 1 {slash} U19/UART_TX_LOCAL' (connected: 1/10)
2026-09-12 22:16:18.939 DEBUG  Queuing item for routing: Pin on net '/Eight ring pods/Pod 1 {slash} U19/LOCAL_SDA' (connected: 11/12)
2026-09-12 22:16:18.939 DEBUG  Queuing item for routing: Pin on net 'RING_nRESET' (connected: 5/12)
2026-09-12 22:16:18.939 DEBUG  Queuing item for routing: Pin on net '/Eight ring pods/Pod 1 {slash} U19/CELL_TEMP' (connected: 9/12)
2026-09-12 22:16:18.939 DEBUG  Queuing item for routing: Pin on net '/Eight ring pods/Pod 1 {slash} U19/CELL_TEMP' (connected: 3/12)
2026-09-12 22:16:18.939 DEBUG  Queuing item for routing: Pin on net '/Eight ring pods/Pod 1 {slash} U19/LRA_P' (connected: 3/4)
2026-09-12 22:16:18.939 DEBUG  Queuing item for routing: Pin on net '/Eight ring pods/Pod 1 {slash} U19/LOCAL_SDA' (connected: 1/12)
2026-09-12 22:16:18.939 DEBUG  Queuing item for routing: Pin on net '/Eight ring pods/Pod 1 {slash} U19/LRA_P' (connected: 1/4)
2026-09-12 22:16:18.940 DEBUG  Queuing item for routing: Pin on net 'VBAT' (connected: 1/7)
2026-09-12 22:16:18.940 DEBUG  Queuing item for routing: Pin on net 'VBAT' (connected: 3/7)
2026-09-12 22:16:18.940 DEBUG  Queuing item for routing: Pin on net '/Eight ring pods/Pod 1 {slash} U19/UART_RX_LOCAL' (connected: 5/9)
2026-09-12 22:16:18.952 DEBUG  [BD5879\33F39D] Pass #3: 11 incompletes across 19 items to route
2026-09-12 22:16:18.952 DEBUG  [BD5879\33F39D]   Net 'POD_3V3' has 2 incomplete(s)
2026-09-12 22:16:18.952 DEBUG  [BD5879\33F39D]   Net '/Eight ring pods/Pod 1 {slash} U19/UART_TX_LOCAL' has 1 incomplete(s)
2026-09-12 22:16:18.952 DEBUG  [BD5879\33F39D]   Net '/Eight ring pods/Pod 1 {slash} U19/UART_RX_LOCAL' has 2 incomplete(s)
2026-09-12 22:16:18.952 DEBUG  [BD5879\33F39D]   Net 'RING_nRESET' has 1 incomplete(s)
2026-09-12 22:16:18.952 DEBUG  [BD5879\33F39D]   Net 'VBAT' has 2 incomplete(s)
2026-09-12 22:16:18.952 DEBUG  [BD5879\33F39D]   Net '/Eight ring pods/Pod 1 {slash} U19/LOCAL_SDA' has 1 incomplete(s)
2026-09-12 22:16:18.952 DEBUG  [BD5879\33F39D]   Net '/Eight ring pods/Pod 1 {slash} U19/LRA_P' has 1 incomplete(s)
2026-09-12 22:16:18.952 DEBUG  [BD5879\33F39D]   Net '/Eight ring pods/Pod 1 {slash} U19/CELL_TEMP' has 1 incomplete(s)
2026-09-12 22:16:18.968 DEBUG  PolylineTrace.normalize: max normalization depth (16) reached for trace #14970 on net 1 — stopping recursion, trace kept as-is.
2026-09-12 22:16:18.970 DEBUG  PolylineTrace.normalize: max normalization depth (16) reached for trace #15005 on net 1 — stopping recursion, trace kept as-is.
2026-09-12 22:16:18.972 DEBUG  PolylineTrace.normalize: max normalization depth (16) reached for trace #15039 on net 1 — stopping recursion, trace kept as-is.
2026-09-12 22:16:18.974 DEBUG  PolylineTrace.normalize: max normalization depth (16) reached for trace #15074 on net 1 — stopping recursion, trace kept as-is.
2026-09-12 22:16:18.990 DEBUG  FoundConnectionInserter: insert trace failed for net #9 at corner 15/15 on layer 3, trace width: 2000, from corner: 0, okPoint: (788910,-577652), target: (774206,-685000)
2026-09-12 22:16:18.993 DEBUG  [BD5879\33F39D] Autorouter Failed to route connection between via, polylinetrace, pin #4 of component #11, pin #4 of component #10 and polylinetrace, via, pin #1 of component #23, because the new connection could not be inserted.
2026-09-12 22:16:18.993 DEBUG  [BD5879\33F39D] Pass #3: Failed to route Pin on net 'VBAT' (16 items remaining, 3 failures). State: FAILED
2026-09-12 22:16:19.040 DEBUG  FoundConnectionInserter: insert trace failed for net #8 at corner 15/15 on layer 3, trace width: 750, from corner: 8, okPoint: (792366,-733642), target: (778110,-726455)
2026-09-12 22:16:19.043 DEBUG  [BD5879\33F39D] Autorouter Failed to route connection between polylinetrace, polylinetrace, via, pin #3 of component #21, pin #3 of component #10 and polylinetrace, polylinetrace, via, polylinetrace, via, pin #4 of component #22, pin #3 of component #11, because the new connection could not be inserted.
2026-09-12 22:16:19.111 DEBUG  FoundConnectionInserter: insert trace failed for net #6 at corner 16/16 on layer 0, trace width: 750, from corner: 9, okPoint: (865575,-722886), target: (828100,-738000)
2026-09-12 22:16:19.115 DEBUG  [BD5879\33F39D] Autorouter Failed to route connection between polylinetrace, polylinetrace, polylinetrace, pin #17 of component #21, pin #1 of component #4, pin #1 of component #2 and polylinetrace, via, pin #3 of component #22, because the new connection could not be inserted.
2026-09-12 22:16:19.115 DEBUG  [BD5879\33F39D] Pass #3: Failed to route Pin on net '/Eight ring pods/Pod 1 {slash} U19/UART_RX_LOCAL' (14 items remaining, 3 failures). State: FAILED
2026-09-12 22:16:19.150 DEBUG  FoundConnectionInserter: insert trace failed for net #3 at corner 30/30 on layer 0, trace width: 750, from corner: 13, okPoint: (865575,-722886), target: (796375,-796250)
2026-09-12 22:16:19.153 DEBUG  [BD5879\33F39D] Autorouter Failed to route connection between pin #7 of component #21 and polylinetrace, polylinetrace, polylinetrace, via, via, polylinetrace, pin #2 of component #22, pin #1 of component #6, pin of component #5, because the new connection could not be inserted.
2026-09-12 22:16:19.223 DEBUG  FoundConnectionInserter: insert trace failed for net #3 at corner 6/27 on layer 0, trace width: 750, from corner: 5, okPoint: (816267,-776274), target: (828507,-764034)
2026-09-12 22:16:19.226 DEBUG  [BD5879\33F39D] Autorouter Failed to route connection between polylinetrace, polylinetrace, polylinetrace, polylinetrace, polylinetrace, via, via, pin #2 of component #22, pin #1 of component #6, pin of component #5 and pin #7 of component #21, because the new connection could not be inserted.
2026-09-12 22:16:19.231 DEBUG  [BD5879\33F39D] Autorouter Failed to route connection between pin #3 of component #16 and polylinetrace, polylinetrace, polylinetrace, polylinetrace, polylinetrace, via, via, via, via, pin #4 of component #21, pin #1 of component #3, because no connection was found between their nets.
2026-09-12 22:16:19.231 DEBUG  [BD5879\33F39D] Pass #3: Failed to route Pin on net '/Eight ring pods/Pod 1 {slash} U19/LOCAL_SDA' (10 items remaining, 3 failures). State: FAILED
2026-09-12 22:16:19.628 DEBUG  [BD5879\33F39D] Autorouter Failed to route connection between polylinetrace, polylinetrace, polylinetrace, polylinetrace, polylinetrace, via, via, via, via, pin #4 of component #21, pin #1 of component #3 and pin #3 of component #16, because no connection was found between their nets.
2026-09-12 22:16:19.628 DEBUG  [BD5879\33F39D] Pass #3: Failed to route Pin on net '/Eight ring pods/Pod 1 {slash} U19/LOCAL_SDA' (5 items remaining, 3 failures). State: FAILED
2026-09-12 22:16:19.810 DEBUG  [BD5879\33F39D] Autorouter Failed to route connection between via, polylinetrace, polylinetrace, via, pin #1 of component #23, pin #4 of component #10 and pin #4 of component #11, because no connection was found between their nets.
2026-09-12 22:16:19.810 DEBUG  [BD5879\33F39D] Pass #3: Failed to route Pin on net 'VBAT' (3 items remaining, 3 failures). State: FAILED
2026-09-12 22:16:19.818 DEBUG  FoundConnectionInserter: insert trace failed for net #9 at corner 11/11 on layer 3, trace width: 2000, from corner: 8, okPoint: (779752,-591617), target: (788910,-577652)
2026-09-12 22:16:19.821 DEBUG  [BD5879\33F39D] Autorouter Failed to route connection between polylinetrace, via, pin #1 of component #23, pin #4 of component #11 and via, polylinetrace, pin #4 of component #10, because the new connection could not be inserted.
2026-09-12 22:16:19.821 DEBUG  [BD5879\33F39D] Pass #3: Failed to route Pin on net 'VBAT' (2 items remaining, 3 failures). State: FAILED
2026-09-12 22:16:19.867 INFO   [BD5879\33F39D] Auto-routing pass #3 on board '8973c5666e46d4e000d703bbbb184f60' was completed in 0.93 seconds with score 732.06 (8 unrouted and 31 violations), using 4.83 CPU seconds and the job allocated 30.53 GB of memory so far.
2026-09-12 22:16:19.902 DEBUG  Queuing item for routing: Via on net 'POD_3V3' (connected: 59/62)
2026-09-12 22:16:19.902 DEBUG  Queuing item for routing: Via on net 'POD_3V3' (connected: 3/62)
2026-09-12 22:16:19.902 DEBUG  Queuing item for routing: Pin on net 'VBAT' (connected: 3/7)
2026-09-12 22:16:19.902 DEBUG  Queuing item for routing: Pin on net '/Eight ring pods/Pod 1 {slash} U19/UART_RX_LOCAL' (connected: 3/10)
2026-09-12 22:16:19.902 DEBUG  Queuing item for routing: Pin on net '/Eight ring pods/Pod 1 {slash} U19/UART_TX_LOCAL' (connected: 9/10)
2026-09-12 22:16:19.902 DEBUG  Queuing item for routing: Pin on net '/Eight ring pods/Pod 1 {slash} U19/UART_RX_LOCAL' (connected: 7/10)
2026-09-12 22:16:19.902 DEBUG  Queuing item for routing: Pin on net '/Eight ring pods/Pod 1 {slash} U19/UART_TX_LOCAL' (connected: 1/10)
2026-09-12 22:16:19.902 DEBUG  Queuing item for routing: Pin on net '/Eight ring pods/Pod 1 {slash} U19/LOCAL_SDA' (connected: 11/12)
2026-09-12 22:16:19.902 DEBUG  Queuing item for routing: Pin on net '/Eight ring pods/Pod 1 {slash} U19/CELL_TEMP' (connected: 9/12)
2026-09-12 22:16:19.902 DEBUG  Queuing item for routing: Pin on net '/Eight ring pods/Pod 1 {slash} U19/CELL_TEMP' (connected: 3/12)
2026-09-12 22:16:19.902 DEBUG  Queuing item for routing: Pin on net '/Eight ring pods/Pod 1 {slash} U19/LRA_N' (connected: 1/4)
2026-09-12 22:16:19.902 DEBUG  Queuing item for routing: Pin on net '/Eight ring pods/Pod 1 {slash} U19/LRA_N' (connected: 3/4)
2026-09-12 22:16:19.902 DEBUG  Queuing item for routing: Pin on net '/Eight ring pods/Pod 1 {slash} U19/LOCAL_SDA' (connected: 1/12)
2026-09-12 22:16:19.902 DEBUG  Queuing item for routing: Pin on net 'VBAT' (connected: 1/7)
2026-09-12 22:16:19.902 DEBUG  Queuing item for routing: Pin on net 'VBAT' (connected: 3/7)
2026-09-12 22:16:19.917 DEBUG  [BD5879\33F39D] Pass #4: 8 incompletes across 15 items to route
2026-09-12 22:16:19.917 DEBUG  [BD5879\33F39D]   Net 'POD_3V3' has 1 incomplete(s)
2026-09-12 22:16:19.917 DEBUG  [BD5879\33F39D]   Net '/Eight ring pods/Pod 1 {slash} U19/UART_TX_LOCAL' has 1 incomplete(s)
2026-09-12 22:16:19.917 DEBUG  [BD5879\33F39D]   Net '/Eight ring pods/Pod 1 {slash} U19/UART_RX_LOCAL' has 1 incomplete(s)
2026-09-12 22:16:19.917 DEBUG  [BD5879\33F39D]   Net 'VBAT' has 2 incomplete(s)
2026-09-12 22:16:19.917 DEBUG  [BD5879\33F39D]   Net '/Eight ring pods/Pod 1 {slash} U19/LOCAL_SDA' has 1 incomplete(s)
2026-09-12 22:16:19.917 DEBUG  [BD5879\33F39D]   Net '/Eight ring pods/Pod 1 {slash} U19/LRA_N' has 1 incomplete(s)
2026-09-12 22:16:19.917 DEBUG  [BD5879\33F39D]   Net '/Eight ring pods/Pod 1 {slash} U19/CELL_TEMP' has 1 incomplete(s)
2026-09-12 22:16:19.923 DEBUG  PolylineTrace.normalize: max normalization depth (16) reached for trace #21210 on net 1 — stopping recursion, trace kept as-is.
2026-09-12 22:16:19.925 DEBUG  PolylineTrace.normalize: max normalization depth (16) reached for trace #21245 on net 1 — stopping recursion, trace kept as-is.
2026-09-12 22:16:19.926 DEBUG  PolylineTrace.normalize: max normalization depth (16) reached for trace #21279 on net 1 — stopping recursion, trace kept as-is.
2026-09-12 22:16:19.928 DEBUG  PolylineTrace.normalize: max normalization depth (16) reached for trace #21314 on net 1 — stopping recursion, trace kept as-is.
2026-09-12 22:16:19.943 DEBUG  FoundConnectionInserter: insert trace failed for net #9 at corner 15/15 on layer 3, trace width: 2000, from corner: 0, okPoint: (788910,-577652), target: (774206,-685000)
2026-09-12 22:16:19.946 DEBUG  [BD5879\33F39D] Autorouter Failed to route connection between via, polylinetrace, pin #4 of component #11, pin #4 of component #10 and polylinetrace, via, pin #1 of component #23, because the new connection could not be inserted.
2026-09-12 22:16:19.946 DEBUG  [BD5879\33F39D] Pass #4: Failed to route Pin on net 'VBAT' (13 items remaining, 4 failures). State: FAILED
2026-09-12 22:16:20.467 DEBUG  [BD5879\33F39D] Autorouter Failed to route connection between pin #3 of component #16 and polylinetrace, polylinetrace, polylinetrace, polylinetrace, polylinetrace, via, via, via, via, pin #4 of component #21, pin #1 of component #3, because no connection was found between their nets.
2026-09-12 22:16:20.467 DEBUG  [BD5879\33F39D] Pass #4: Failed to route Pin on net '/Eight ring pods/Pod 1 {slash} U19/LOCAL_SDA' (8 items remaining, 4 failures). State: FAILED
2026-09-12 22:16:20.527 DEBUG  FoundConnectionInserter: insert trace failed for net #16 at corner 45/45 on layer 0, trace width: 750, from corner: 4, okPoint: (883703,-643224), target: (885438,-524562)
2026-09-12 22:16:20.530 DEBUG  [BD5879\33F39D] Autorouter Failed to route connection between polylinetrace, via, pin of component #18 and polylinetrace, polylinetrace, polylinetrace, via, via, polylinetrace, pin #1 of component #21, pin of component #20, pin #1 of component #7, because the new connection could not be inserted.
2026-09-12 22:16:20.573 DEBUG  FoundConnectionInserter: insert trace failed for net #16 at corner 44/44 on layer 0, trace width: 750, from corner: 36, okPoint: (886446,-641521), target: (878564,-648364)
2026-09-12 22:16:20.577 DEBUG  [BD5879\33F39D] Autorouter Failed to route connection between polylinetrace, polylinetrace, polylinetrace, polylinetrace, polylinetrace, via, via, pin #1 of component #21, pin of component #20, pin #1 of component #7 and polylinetrace, via, pin of component #18, because the new connection could not be inserted.
2026-09-12 22:16:20.677 DEBUG  FoundConnectionInserter: insert trace failed for net #15 at corner 26/26 on layer 3, trace width: 750, from corner: 16, okPoint: (866954,-593497), target: (845160,-553673)
2026-09-12 22:16:20.680 DEBUG  [BD5879\33F39D] Autorouter Failed to route connection between polylinetrace, via, pin #8 of component #16 and pin #1 of component #17, because the new connection could not be inserted.
2026-09-12 22:16:20.680 DEBUG  [BD5879\33F39D] Pass #4: Failed to route Pin on net '/Eight ring pods/Pod 1 {slash} U19/LRA_N' (5 items remaining, 3 failures). State: FAILED
2026-09-12 22:16:20.938 DEBUG  [BD5879\33F39D] Autorouter Failed to route connection between polylinetrace, polylinetrace, polylinetrace, polylinetrace, polylinetrace, via, via, via, via, pin #4 of component #21, pin #1 of component #3 and pin #3 of component #16, because no connection was found between their nets.
2026-09-12 22:16:20.938 DEBUG  [BD5879\33F39D] Pass #4: Failed to route Pin on net '/Eight ring pods/Pod 1 {slash} U19/LOCAL_SDA' (3 items remaining, 4 failures). State: FAILED
2026-09-12 22:16:20.952 DEBUG  FoundConnectionInserter: insert trace failed for net #9 at corner 33/33 on layer 0, trace width: 2000, from corner: 22, okPoint: (876100,-573544), target: (788910,-560000)
2026-09-12 22:16:20.955 DEBUG  [BD5879\33F39D] Autorouter Failed to route connection between via, polylinetrace, polylinetrace, via, pin #1 of component #23, pin #4 of component #10 and pin #4 of component #11, because the new connection could not be inserted.
2026-09-12 22:16:20.956 DEBUG  [BD5879\33F39D] Pass #4: Failed to route Pin on net 'VBAT' (2 items remaining, 4 failures). State: FAILED
2026-09-12 22:16:20.959 DEBUG  FoundConnectionInserter: insert trace failed for net #9 at corner 11/11 on layer 3, trace width: 2000, from corner: 8, okPoint: (779752,-591617), target: (788910,-577652)
2026-09-12 22:16:20.964 DEBUG  [BD5879\33F39D] Autorouter Failed to route connection between polylinetrace, polylinetrace, via, pin #1 of component #23, pin #4 of component #11 and via, polylinetrace, pin #4 of component #10, because the new connection could not be inserted.
2026-09-12 22:16:20.964 DEBUG  [BD5879\33F39D] Pass #4: Failed to route Pin on net 'VBAT' (1 items remaining, 4 failures). State: FAILED
2026-09-12 22:16:21.006 INFO   [BD5879\33F39D] Auto-routing pass #4 on board '7e5b57c0cc089dda63a1ca4e0c6fd874' was completed in 1.10 seconds with score 694.33 (10 unrouted and 31 violations), using 5.78 CPU seconds and the job allocated 38.01 GB of memory so far.
2026-09-12 22:16:21.038 DEBUG  Queuing item for routing: Via on net 'POD_3V3' (connected: 59/62)
2026-09-12 22:16:21.038 DEBUG  Queuing item for routing: Via on net 'POD_3V3' (connected: 3/62)
2026-09-12 22:16:21.038 DEBUG  Queuing item for routing: Pin on net 'VBAT' (connected: 3/7)
2026-09-12 22:16:21.038 DEBUG  Queuing item for routing: Pin on net 'RING_nRESET' (connected: 1/9)
2026-09-12 22:16:21.038 DEBUG  Queuing item for routing: Pin on net '/Eight ring pods/Pod 1 {slash} U19/UART_RX_LOCAL' (connected: 3/10)
2026-09-12 22:16:21.038 DEBUG  Queuing item for routing: Pin on net '/Eight ring pods/Pod 1 {slash} U19/UART_TX_LOCAL' (connected: 1/10)
2026-09-12 22:16:21.038 DEBUG  Queuing item for routing: Pin on net '/Eight ring pods/Pod 1 {slash} U19/UART_RX_LOCAL' (connected: 7/10)
2026-09-12 22:16:21.038 DEBUG  Queuing item for routing: Pin on net '/Eight ring pods/Pod 1 {slash} U19/UART_TX_LOCAL' (connected: 9/10)
2026-09-12 22:16:21.038 DEBUG  Queuing item for routing: Pin on net '/Eight ring pods/Pod 1 {slash} U19/LOCAL_SDA' (connected: 11/12)
2026-09-12 22:16:21.038 DEBUG  Queuing item for routing: Pin on net 'RING_nRESET' (connected: 5/9)
2026-09-12 22:16:21.038 DEBUG  Queuing item for routing: Pin on net '/Eight ring pods/Pod 1 {slash} U19/CELL_TEMP' (connected: 9/12)
2026-09-12 22:16:21.038 DEBUG  Queuing item for routing: Pin on net '/Eight ring pods/Pod 1 {slash} U19/CELL_TEMP' (connected: 3/12)
2026-09-12 22:16:21.038 DEBUG  Queuing item for routing: Pin on net '/Eight ring pods/Pod 1 {slash} U19/LOCAL_SDA' (connected: 1/12)
2026-09-12 22:16:21.040 DEBUG  Queuing item for routing: Pin on net 'VBAT' (connected: 1/7)
2026-09-12 22:16:21.040 DEBUG  Queuing item for routing: Pin on net 'RING_nRESET' (connected: 3/9)
2026-09-12 22:16:21.040 DEBUG  Queuing item for routing: Pin on net 'RING_D2' (connected: 1/2)
2026-09-12 22:16:21.040 DEBUG  Queuing item for routing: Pin on net 'VBAT' (connected: 3/7)
2026-09-12 22:16:21.040 DEBUG  Queuing item for routing: Pin on net 'RING_D2' (connected: 1/2)
2026-09-12 22:16:21.054 DEBUG  [BD5879\33F39D] Pass #5: 10 incompletes across 18 items to route
2026-09-12 22:16:21.054 DEBUG  [BD5879\33F39D]   Net 'POD_3V3' has 1 incomplete(s)
2026-09-12 22:16:21.054 DEBUG  [BD5879\33F39D]   Net '/Eight ring pods/Pod 1 {slash} U19/UART_TX_LOCAL' has 1 incomplete(s)
2026-09-12 22:16:21.054 DEBUG  [BD5879\33F39D]   Net 'RING_D2' has 1 incomplete(s)
2026-09-12 22:16:21.054 DEBUG  [BD5879\33F39D]   Net '/Eight ring pods/Pod 1 {slash} U19/UART_RX_LOCAL' has 1 incomplete(s)
2026-09-12 22:16:21.054 DEBUG  [BD5879\33F39D]   Net 'RING_nRESET' has 2 incomplete(s)
2026-09-12 22:16:21.054 DEBUG  [BD5879\33F39D]   Net 'VBAT' has 2 incomplete(s)
2026-09-12 22:16:21.054 DEBUG  [BD5879\33F39D]   Net '/Eight ring pods/Pod 1 {slash} U19/LOCAL_SDA' has 1 incomplete(s)
2026-09-12 22:16:21.054 DEBUG  [BD5879\33F39D]   Net '/Eight ring pods/Pod 1 {slash} U19/CELL_TEMP' has 1 incomplete(s)
2026-09-12 22:16:21.059 DEBUG  PolylineTrace.normalize: max normalization depth (16) reached for trace #27995 on net 1 — stopping recursion, trace kept as-is.
2026-09-12 22:16:21.062 DEBUG  PolylineTrace.normalize: max normalization depth (16) reached for trace #28030 on net 1 — stopping recursion, trace kept as-is.
2026-09-12 22:16:21.063 DEBUG  PolylineTrace.normalize: max normalization depth (16) reached for trace #28064 on net 1 — stopping recursion, trace kept as-is.
2026-09-12 22:16:21.065 DEBUG  PolylineTrace.normalize: max normalization depth (16) reached for trace #28099 on net 1 — stopping recursion, trace kept as-is.
2026-09-12 22:16:21.082 DEBUG  FoundConnectionInserter: insert trace failed for net #9 at corner 15/15 on layer 3, trace width: 2000, from corner: 0, okPoint: (788910,-577652), target: (774206,-685000)
2026-09-12 22:16:21.085 DEBUG  [BD5879\33F39D] Autorouter Failed to route connection between via, polylinetrace, pin #4 of component #11, pin #4 of component #10 and polylinetrace, via, pin #1 of component #23, because the new connection could not be inserted.
2026-09-12 22:16:21.085 DEBUG  [BD5879\33F39D] Pass #5: Failed to route Pin on net 'VBAT' (16 items remaining, 5 failures). State: FAILED
2026-09-12 22:16:21.283 DEBUG  [BD5879\33F39D] Autorouter Failed to route connection between pin #3 of component #16 and polylinetrace, polylinetrace, polylinetrace, polylinetrace, polylinetrace, via, via, via, via, pin #4 of component #21, pin #1 of component #3, because no connection was found between their nets.
2026-09-12 22:16:21.283 DEBUG  [BD5879\33F39D] Pass #5: Failed to route Pin on net '/Eight ring pods/Pod 1 {slash} U19/LOCAL_SDA' (10 items remaining, 5 failures). State: FAILED
2026-09-12 22:16:21.350 DEBUG  FoundConnectionInserter: insert trace failed for net #8 at corner 51/51 on layer 3, trace width: 750, from corner: 6, okPoint: (782200,-731950), target: (889764,-619631)
2026-09-12 22:16:21.353 DEBUG  [BD5879\33F39D] Autorouter Failed to route connection between polylinetrace, polylinetrace, via, pin #4 of component #22, pin #3 of component #11 and polylinetrace, polylinetrace, via, pin #3 of component #21, pin #3 of component #10, because the new connection could not be inserted.
2026-09-12 22:16:21.380 DEBUG  FoundConnectionInserter: insert trace failed for net #16 at corner 38/38 on layer 0, trace width: 750, from corner: 4, okPoint: (883703,-643224), target: (885438,-524562)
2026-09-12 22:16:21.383 DEBUG  [BD5879\33F39D] Autorouter Failed to route connection between polylinetrace, via, pin of component #18 and polylinetrace, polylinetrace, polylinetrace, polylinetrace, via, via, pin #1 of component #21, pin of component #20, pin #1 of component #7, because the new connection could not be inserted.
2026-09-12 22:16:21.383 DEBUG  [BD5879\33F39D] Pass #5: Failed to route Pin on net '/Eight ring pods/Pod 1 {slash} U19/CELL_TEMP' (8 items remaining, 3 failures). State: FAILED
2026-09-12 22:16:21.388 DEBUG  FoundConnectionInserter: insert trace failed for net #16 at corner 22/22 on layer 0, trace width: 750, from corner: 14, okPoint: (886446,-641521), target: (878564,-648364)
2026-09-12 22:16:21.391 DEBUG  [BD5879\33F39D] Autorouter Failed to route connection between polylinetrace, polylinetrace, polylinetrace, polylinetrace, polylinetrace, via, via, pin #1 of component #21, pin of component #20, pin #1 of component #7 and polylinetrace, via, pin of component #18, because the new connection could not be inserted.
2026-09-12 22:16:21.391 DEBUG  [BD5879\33F39D] Pass #5: Failed to route Pin on net '/Eight ring pods/Pod 1 {slash} U19/CELL_TEMP' (7 items remaining, 3 failures). State: FAILED
2026-09-12 22:16:21.586 DEBUG  [BD5879\33F39D] Autorouter Failed to route connection between polylinetrace, polylinetrace, polylinetrace, polylinetrace, polylinetrace, via, via, via, via, pin #4 of component #21, pin #1 of component #3 and pin #3 of component #16, because no connection was found between their nets.
2026-09-12 22:16:21.586 DEBUG  [BD5879\33F39D] Pass #5: Failed to route Pin on net '/Eight ring pods/Pod 1 {slash} U19/LOCAL_SDA' (6 items remaining, 5 failures). State: FAILED
2026-09-12 22:16:21.760 DEBUG  [BD5879\33F39D] Autorouter Failed to route connection between via, polylinetrace, polylinetrace, via, pin #1 of component #23, pin #4 of component #10 and pin #4 of component #11, because no connection was found between their nets.
2026-09-12 22:16:21.760 DEBUG  [BD5879\33F39D] Pass #5: Failed to route Pin on net 'VBAT' (5 items remaining, 5 failures). State: FAILED
2026-09-12 22:16:21.809 DEBUG  FoundConnectionInserter: insert trace failed for net #9 at corner 11/11 on layer 3, trace width: 2000, from corner: 8, okPoint: (779752,-591617), target: (788910,-577652)
2026-09-12 22:16:21.812 DEBUG  [BD5879\33F39D] Autorouter Failed to route connection between polylinetrace, via, pin #1 of component #23, pin #4 of component #11 and via, polylinetrace, pin #4 of component #10, because the new connection could not be inserted.
2026-09-12 22:16:21.812 DEBUG  [BD5879\33F39D] Pass #5: Failed to route Pin on net 'VBAT' (2 items remaining, 5 failures). State: FAILED
2026-09-12 22:16:21.854 INFO   [BD5879\33F39D] Auto-routing pass #5 on board '9f427dccb9e35bd9c74d67b86b44f7e7' was completed in 0.82 seconds with score 732.06 (8 unrouted and 31 violations), using 6.77 CPU seconds and the job allocated 45.63 GB of memory so far.
2026-09-12 22:16:21.889 DEBUG  Queuing item for routing: Via on net 'POD_3V3' (connected: 59/62)
2026-09-12 22:16:21.889 DEBUG  Queuing item for routing: Via on net 'POD_3V3' (connected: 3/62)
2026-09-12 22:16:21.889 DEBUG  Queuing item for routing: Pin on net 'VBAT' (connected: 3/7)
2026-09-12 22:16:21.889 DEBUG  Queuing item for routing: Pin on net 'RING_nRESET' (connected: 3/8)
2026-09-12 22:16:21.889 DEBUG  Queuing item for routing: Pin on net '/Eight ring pods/Pod 1 {slash} U19/UART_TX_LOCAL' (connected: 5/8)
2026-09-12 22:16:21.889 DEBUG  Queuing item for routing: Pin on net '/Eight ring pods/Pod 1 {slash} U19/UART_TX_LOCAL' (connected: 3/8)
2026-09-12 22:16:21.889 DEBUG  Queuing item for routing: Pin on net '/Eight ring pods/Pod 1 {slash} U19/LOCAL_SDA' (connected: 11/12)
2026-09-12 22:16:21.890 DEBUG  Queuing item for routing: Pin on net 'RING_nRESET' (connected: 5/8)
2026-09-12 22:16:21.890 DEBUG  Queuing item for routing: Pin on net '/Eight ring pods/Pod 1 {slash} U19/CELL_TEMP' (connected: 9/12)
2026-09-12 22:16:21.890 DEBUG  Queuing item for routing: Pin on net '/Eight ring pods/Pod 1 {slash} U19/CELL_TEMP' (connected: 3/12)
2026-09-12 22:16:21.890 DEBUG  Queuing item for routing: Pin on net '/Eight ring pods/Pod 1 {slash} U19/LOCAL_SDA' (connected: 1/12)
2026-09-12 22:16:21.890 DEBUG  Queuing item for routing: Pin on net 'RING_RETURN' (connected: 1/4)
2026-09-12 22:16:21.890 DEBUG  Queuing item for routing: Pin on net 'VBAT' (connected: 1/7)
2026-09-12 22:16:21.890 DEBUG  Queuing item for routing: Pin on net 'RING_RETURN' (connected: 3/4)
2026-09-12 22:16:21.890 DEBUG  Queuing item for routing: Pin on net 'VBAT' (connected: 3/7)
2026-09-12 22:16:21.904 DEBUG  [BD5879\33F39D] Pass #6: 8 incompletes across 15 items to route
2026-09-12 22:16:21.904 DEBUG  [BD5879\33F39D]   Net 'POD_3V3' has 1 incomplete(s)
2026-09-12 22:16:21.904 DEBUG  [BD5879\33F39D]   Net '/Eight ring pods/Pod 1 {slash} U19/UART_TX_LOCAL' has 1 incomplete(s)
2026-09-12 22:16:21.904 DEBUG  [BD5879\33F39D]   Net 'RING_nRESET' has 1 incomplete(s)
2026-09-12 22:16:21.904 DEBUG  [BD5879\33F39D]   Net 'VBAT' has 2 incomplete(s)
2026-09-12 22:16:21.904 DEBUG  [BD5879\33F39D]   Net 'RING_RETURN' has 1 incomplete(s)
2026-09-12 22:16:21.904 DEBUG  [BD5879\33F39D]   Net '/Eight ring pods/Pod 1 {slash} U19/LOCAL_SDA' has 1 incomplete(s)
2026-09-12 22:16:21.904 DEBUG  [BD5879\33F39D]   Net '/Eight ring pods/Pod 1 {slash} U19/CELL_TEMP' has 1 incomplete(s)
2026-09-12 22:16:21.909 DEBUG  PolylineTrace.normalize: max normalization depth (16) reached for trace #33145 on net 1 — stopping recursion, trace kept as-is.
2026-09-12 22:16:21.910 DEBUG  PolylineTrace.normalize: max normalization depth (16) reached for trace #33180 on net 1 — stopping recursion, trace kept as-is.
2026-09-12 22:16:21.912 DEBUG  PolylineTrace.normalize: max normalization depth (16) reached for trace #33214 on net 1 — stopping recursion, trace kept as-is.
2026-09-12 22:16:21.913 DEBUG  PolylineTrace.normalize: max normalization depth (16) reached for trace #33249 on net 1 — stopping recursion, trace kept as-is.
2026-09-12 22:16:21.933 DEBUG  FoundConnectionInserter: insert trace failed for net #9 at corner 15/15 on layer 3, trace width: 2000, from corner: 0, okPoint: (788910,-577652), target: (774206,-685000)
2026-09-12 22:16:21.936 DEBUG  [BD5879\33F39D] Autorouter Failed to route connection between via, polylinetrace, pin #4 of component #11, pin #4 of component #10 and polylinetrace, via, pin #1 of component #23, because the new connection could not be inserted.
2026-09-12 22:16:21.936 DEBUG  [BD5879\33F39D] Pass #6: Failed to route Pin on net 'VBAT' (13 items remaining, 6 failures). State: FAILED
2026-09-12 22:16:22.006 DEBUG  FoundConnectionInserter: insert trace failed for net #8 at corner 42/42 on layer 3, trace width: 750, from corner: 27, okPoint: (872637,-716884), target: (778110,-726455)
2026-09-12 22:16:22.011 DEBUG  [BD5879\33F39D] Autorouter Failed to route connection between polylinetrace, polylinetrace, via, pin #3 of component #21, pin #3 of component #10 and polylinetrace, pin #4 of component #22, pin #3 of component #11, because the new connection could not be inserted.
2026-09-12 22:16:22.102 DEBUG  [BD5879\33F39D] Autorouter Failed to route connection between pin #3 of component #16 and polylinetrace, polylinetrace, polylinetrace, polylinetrace, polylinetrace, via, via, via, via, pin #4 of component #21, pin #1 of component #3, because no connection was found between their nets.
2026-09-12 22:16:22.102 DEBUG  [BD5879\33F39D] Pass #6: Failed to route Pin on net '/Eight ring pods/Pod 1 {slash} U19/LOCAL_SDA' (9 items remaining, 6 failures). State: FAILED
2026-09-12 22:16:22.203 DEBUG  FoundConnectionInserter: insert trace failed for net #8 at corner 45/45 on layer 3, trace width: 750, from corner: 6, okPoint: (782200,-731950), target: (889896,-621829)
2026-09-12 22:16:22.206 DEBUG  [BD5879\33F39D] Autorouter Failed to route connection between polylinetrace, polylinetrace, polylinetrace, via, pin #4 of component #22, pin #3 of component #11 and polylinetrace, polylinetrace, via, pin #3 of component #21, pin #3 of component #10, because the new connection could not be inserted.
2026-09-12 22:16:22.532 DEBUG  [BD5879\33F39D] Autorouter Failed to route connection between polylinetrace, polylinetrace, polylinetrace, polylinetrace, polylinetrace, via, via, via, via, pin #4 of component #21, pin #1 of component #3 and pin #3 of component #16, because no connection was found between their nets.
2026-09-12 22:16:22.532 DEBUG  [BD5879\33F39D] Pass #6: Failed to route Pin on net '/Eight ring pods/Pod 1 {slash} U19/LOCAL_SDA' (5 items remaining, 6 failures). State: FAILED
2026-09-12 22:16:22.563 DEBUG  FoundConnectionInserter: insert trace failed for net #10 at corner 23/23 on layer 3, trace width: 750, from corner: 3, okPoint: (872637,-714486), target: (764500,-723766)
2026-09-12 22:16:22.566 DEBUG  [BD5879\33F39D] Autorouter Failed to route connection between polylinetrace, via, pin #5 of component #10 and pin #5 of component #11, because the new connection could not be inserted.
2026-09-12 22:16:22.566 DEBUG  [BD5879\33F39D] Pass #6: Failed to route Pin on net 'RING_RETURN' (4 items remaining, 1 failures). State: FAILED
2026-09-12 22:16:22.760 DEBUG  [BD5879\33F39D] Autorouter Failed to route connection between via, polylinetrace, polylinetrace, via, pin #1 of component #23, pin #4 of component #10 and pin #4 of component #11, because no connection was found between their nets.
2026-09-12 22:16:22.760 DEBUG  [BD5879\33F39D] Pass #6: Failed to route Pin on net 'VBAT' (3 items remaining, 6 failures). State: FAILED
2026-09-12 22:16:22.765 DEBUG  FoundConnectionInserter: insert trace failed for net #10 at corner 15/15 on layer 3, trace width: 750, from corner: 4, okPoint: (772412,-731950), target: (897018,-690993)
2026-09-12 22:16:22.768 DEBUG  [BD5879\33F39D] Autorouter Failed to route connection between via, polylinetrace, pin #5 of component #11 and polylinetrace, via, pin #5 of component #10, because the new connection could not be inserted.
2026-09-12 22:16:22.768 DEBUG  [BD5879\33F39D] Pass #6: Failed to route Pin on net 'RING_RETURN' (2 items remaining, 1 failures). State: FAILED
2026-09-12 22:16:22.772 DEBUG  FoundConnectionInserter: insert trace failed for net #9 at corner 11/11 on layer 3, trace width: 2000, from corner: 8, okPoint: (779752,-591617), target: (788910,-577652)
2026-09-12 22:16:22.775 DEBUG  [BD5879\33F39D] Autorouter Failed to route connection between polylinetrace, via, pin #1 of component #23, pin #4 of component #11 and via, polylinetrace, pin #4 of component #10, because the new connection could not be inserted.
2026-09-12 22:16:22.775 DEBUG  [BD5879\33F39D] Pass #6: Failed to route Pin on net 'VBAT' (1 items remaining, 6 failures). State: FAILED
2026-09-12 22:16:22.820 INFO   [BD5879\33F39D] Auto-routing pass #6 on board 'ba03c2013126fdbbf90dda76200dfbe9' was completed in 0.93 seconds with score 750.93 (7 unrouted and 31 violations), using 7.75 CPU seconds and the job allocated 53.44 GB of memory so far.
2026-09-12 22:16:22.856 DEBUG  Queuing item for routing: Via on net 'POD_3V3' (connected: 59/62)
2026-09-12 22:16:22.856 DEBUG  Queuing item for routing: Via on net 'POD_3V3' (connected: 3/62)
2026-09-12 22:16:22.856 DEBUG  Queuing item for routing: Pin on net 'VBAT' (connected: 3/7)
2026-09-12 22:16:22.856 DEBUG  Queuing item for routing: Pin on net 'RING_nRESET' (connected: 3/8)
2026-09-12 22:16:22.856 DEBUG  Queuing item for routing: Pin on net '/Eight ring pods/Pod 1 {slash} U19/UART_TX_LOCAL' (connected: 5/8)
2026-09-12 22:16:22.856 DEBUG  Queuing item for routing: Pin on net '/Eight ring pods/Pod 1 {slash} U19/UART_TX_LOCAL' (connected: 3/8)
2026-09-12 22:16:22.856 DEBUG  Queuing item for routing: Pin on net '/Eight ring pods/Pod 1 {slash} U19/LOCAL_SDA' (connected: 11/12)
2026-09-12 22:16:22.856 DEBUG  Queuing item for routing: Pin on net 'RING_nRESET' (connected: 5/8)
2026-09-12 22:16:22.856 DEBUG  Queuing item for routing: Pin on net '/Eight ring pods/Pod 1 {slash} U19/LOCAL_SDA' (connected: 1/12)
2026-09-12 22:16:22.857 DEBUG  Queuing item for routing: Pin on net 'RING_RETURN' (connected: 3/6)
2026-09-12 22:16:22.857 DEBUG  Queuing item for routing: Pin on net 'VBAT' (connected: 1/7)
2026-09-12 22:16:22.857 DEBUG  Queuing item for routing: Pin on net 'RING_RETURN' (connected: 3/6)
2026-09-12 22:16:22.857 DEBUG  Queuing item for routing: Pin on net 'VBAT' (connected: 3/7)
2026-09-12 22:16:22.872 DEBUG  [BD5879\33F39D] Pass #7: 7 incompletes across 13 items to route
2026-09-12 22:16:22.872 DEBUG  [BD5879\33F39D]   Net 'POD_3V3' has 1 incomplete(s)
2026-09-12 22:16:22.872 DEBUG  [BD5879\33F39D]   Net '/Eight ring pods/Pod 1 {slash} U19/UART_TX_LOCAL' has 1 incomplete(s)
2026-09-12 22:16:22.872 DEBUG  [BD5879\33F39D]   Net 'RING_nRESET' has 1 incomplete(s)
2026-09-12 22:16:22.872 DEBUG  [BD5879\33F39D]   Net 'VBAT' has 2 incomplete(s)
2026-09-12 22:16:22.872 DEBUG  [BD5879\33F39D]   Net 'RING_RETURN' has 1 incomplete(s)
2026-09-12 22:16:22.872 DEBUG  [BD5879\33F39D]   Net '/Eight ring pods/Pod 1 {slash} U19/LOCAL_SDA' has 1 incomplete(s)
2026-09-12 22:16:22.876 DEBUG  PolylineTrace.normalize: max normalization depth (16) reached for trace #40161 on net 1 — stopping recursion, trace kept as-is.
2026-09-12 22:16:22.878 DEBUG  PolylineTrace.normalize: max normalization depth (16) reached for trace #40196 on net 1 — stopping recursion, trace kept as-is.
2026-09-12 22:16:22.879 DEBUG  PolylineTrace.normalize: max normalization depth (16) reached for trace #40230 on net 1 — stopping recursion, trace kept as-is.
2026-09-12 22:16:22.881 DEBUG  PolylineTrace.normalize: max normalization depth (16) reached for trace #40265 on net 1 — stopping recursion, trace kept as-is.
2026-09-12 22:16:22.901 DEBUG  FoundConnectionInserter: insert trace failed for net #9 at corner 15/15 on layer 3, trace width: 2000, from corner: 0, okPoint: (788910,-577652), target: (774206,-685000)
2026-09-12 22:16:22.904 DEBUG  [BD5879\33F39D] Autorouter Failed to route connection between via, polylinetrace, pin #4 of component #11, pin #4 of component #10 and polylinetrace, via, pin #1 of component #23, because the new connection could not be inserted.
2026-09-12 22:16:22.904 DEBUG  [BD5879\33F39D] Pass #7: Failed to route Pin on net 'VBAT' (11 items remaining, 7 failures). State: FAILED
2026-09-12 22:16:23.027 DEBUG  FoundConnectionInserter: insert trace failed for net #8 at corner 29/29 on layer 3, trace width: 750, from corner: 14, okPoint: (872637,-708944), target: (778110,-726455)
2026-09-12 22:16:23.030 DEBUG  [BD5879\33F39D] Autorouter Failed to route connection between polylinetrace, polylinetrace, via, pin #3 of component #21, pin #3 of component #10 and polylinetrace, pin #4 of component #22, pin #3 of component #11, because the new connection could not be inserted.
2026-09-12 22:16:23.030 DEBUG  [BD5879\33F39D] Pass #7: Failed to route Pin on net 'RING_nRESET' (10 items remaining, 3 failures). State: FAILED
2026-09-12 22:16:23.133 DEBUG  [BD5879\33F39D] Autorouter Failed to route connection between pin #3 of component #16 and polylinetrace, polylinetrace, polylinetrace, polylinetrace, polylinetrace, via, via, via, via, pin #4 of component #21, pin #1 of component #3, because no connection was found between their nets.
2026-09-12 22:16:23.133 DEBUG  [BD5879\33F39D] Pass #7: Failed to route Pin on net '/Eight ring pods/Pod 1 {slash} U19/LOCAL_SDA' (7 items remaining, 7 failures). State: FAILED
2026-09-12 22:16:23.231 DEBUG  FoundConnectionInserter: insert trace failed for net #8 at corner 44/44 on layer 3, trace width: 750, from corner: 2, okPoint: (782325,-731950), target: (890079,-621717)
2026-09-12 22:16:23.234 DEBUG  [BD5879\33F39D] Autorouter Failed to route connection between polylinetrace, polylinetrace, via, pin #4 of component #22, pin #3 of component #11 and polylinetrace, polylinetrace, via, pin #3 of component #21, pin #3 of component #10, because the new connection could not be inserted.
2026-09-12 22:16:23.234 DEBUG  [BD5879\33F39D] Pass #7: Failed to route Pin on net 'RING_nRESET' (6 items remaining, 3 failures). State: FAILED
2026-09-12 22:16:23.451 DEBUG  [BD5879\33F39D] Autorouter Failed to route connection between polylinetrace, polylinetrace, polylinetrace, polylinetrace, polylinetrace, via, via, via, via, pin #4 of component #21, pin #1 of component #3 and pin #3 of component #16, because no connection was found between their nets.
2026-09-12 22:16:23.451 DEBUG  [BD5879\33F39D] Pass #7: Failed to route Pin on net '/Eight ring pods/Pod 1 {slash} U19/LOCAL_SDA' (5 items remaining, 7 failures). State: FAILED
2026-09-12 22:16:23.468 DEBUG  FoundConnectionInserter: insert trace failed for net #10 at corner 26/26 on layer 3, trace width: 750, from corner: 1, okPoint: (901856,-688729), target: (764500,-707136)
2026-09-12 22:16:23.470 DEBUG  [BD5879\33F39D] Autorouter Failed to route connection between polylinetrace, via, pin #5 of component #10 and pin #5 of component #11, because the new connection could not be inserted.
2026-09-12 22:16:23.470 DEBUG  [BD5879\33F39D] Pass #7: Failed to route Pin on net 'RING_RETURN' (4 items remaining, 2 failures). State: FAILED
2026-09-12 22:16:23.660 DEBUG  [BD5879\33F39D] Autorouter Failed to route connection between via, polylinetrace, polylinetrace, via, pin #1 of component #23, pin #4 of component #10 and pin #4 of component #11, because no connection was found between their nets.
2026-09-12 22:16:23.660 DEBUG  [BD5879\33F39D] Pass #7: Failed to route Pin on net 'VBAT' (3 items remaining, 7 failures). State: FAILED
2026-09-12 22:16:23.673 DEBUG  FoundConnectionInserter: insert trace failed for net #10 at corner 23/23 on layer 3, trace width: 750, from corner: 12, okPoint: (772412,-731950), target: (903559,-688729)
2026-09-12 22:16:23.676 DEBUG  [BD5879\33F39D] Autorouter Failed to route connection between via, polylinetrace, pin #5 of component #11 and polylinetrace, via, pin #5 of component #10, because the new connection could not be inserted.
2026-09-12 22:16:23.676 DEBUG  [BD5879\33F39D] Pass #7: Failed to route Pin on net 'RING_RETURN' (2 items remaining, 2 failures). State: FAILED
2026-09-12 22:16:23.680 DEBUG  FoundConnectionInserter: insert trace failed for net #9 at corner 11/11 on layer 3, trace width: 2000, from corner: 8, okPoint: (779752,-591617), target: (788910,-577652)
2026-09-12 22:16:23.683 DEBUG  [BD5879\33F39D] Autorouter Failed to route connection between polylinetrace, via, pin #1 of component #23, pin #4 of component #11 and via, polylinetrace, pin #4 of component #10, because the new connection could not be inserted.
2026-09-12 22:16:23.683 DEBUG  [BD5879\33F39D] Pass #7: Failed to route Pin on net 'VBAT' (1 items remaining, 7 failures). State: FAILED
2026-09-12 22:16:23.727 INFO   [BD5879\33F39D] Auto-routing pass #7 on board '70b08a4a6e844d98b9a547bd40fb0bde' was completed in 0.87 seconds with score 732.06 (8 unrouted and 31 violations), using 8.75 CPU seconds and the job allocated 61.33 GB of memory so far.
2026-09-12 22:16:23.762 DEBUG  Queuing item for routing: Via on net 'POD_3V3' (connected: 59/62)
2026-09-12 22:16:23.762 DEBUG  Queuing item for routing: Via on net 'POD_3V3' (connected: 3/62)
2026-09-12 22:16:23.762 DEBUG  Queuing item for routing: Pin on net 'VBAT' (connected: 3/7)
2026-09-12 22:16:23.762 DEBUG  Queuing item for routing: Pin on net 'RING_nRESET' (connected: 5/10)
2026-09-12 22:16:23.762 DEBUG  Queuing item for routing: Pin on net '/Eight ring pods/Pod 1 {slash} U19/UART_TX_LOCAL' (connected: 5/8)
2026-09-12 22:16:23.762 DEBUG  Queuing item for routing: Pin on net '/Eight ring pods/Pod 1 {slash} U19/UART_TX_LOCAL' (connected: 3/8)
2026-09-12 22:16:23.762 DEBUG  Queuing item for routing: Pin on net '/Eight ring pods/Pod 1 {slash} U19/LOCAL_SDA' (connected: 11/12)
2026-09-12 22:16:23.762 DEBUG  Queuing item for routing: Pin on net 'RING_nRESET' (connected: 5/10)
2026-09-12 22:16:23.762 DEBUG  Queuing item for routing: Pin on net '/Eight ring pods/Pod 1 {slash} U19/CELL_TEMP' (connected: 9/12)
2026-09-12 22:16:23.762 DEBUG  Queuing item for routing: Pin on net '/Eight ring pods/Pod 1 {slash} U19/CELL_TEMP' (connected: 3/12)
2026-09-12 22:16:23.762 DEBUG  Queuing item for routing: Pin on net '/Eight ring pods/Pod 1 {slash} U19/LOCAL_SDA' (connected: 1/12)
2026-09-12 22:16:23.762 DEBUG  Queuing item for routing: Pin on net 'RING_RETURN' (connected: 3/6)
2026-09-12 22:16:23.762 DEBUG  Queuing item for routing: Pin on net 'VBAT' (connected: 1/7)
2026-09-12 22:16:23.762 DEBUG  Queuing item for routing: Pin on net 'RING_RETURN' (connected: 3/6)
2026-09-12 22:16:23.762 DEBUG  Queuing item for routing: Pin on net 'VBAT' (connected: 3/7)
2026-09-12 22:16:23.776 DEBUG  [BD5879\33F39D] Pass #8: 8 incompletes across 15 items to route
2026-09-12 22:16:23.777 DEBUG  [BD5879\33F39D]   Net 'POD_3V3' has 1 incomplete(s)
2026-09-12 22:16:23.777 DEBUG  [BD5879\33F39D]   Net '/Eight ring pods/Pod 1 {slash} U19/UART_TX_LOCAL' has 1 incomplete(s)
2026-09-12 22:16:23.777 DEBUG  [BD5879\33F39D]   Net 'RING_nRESET' has 1 incomplete(s)
2026-09-12 22:16:23.777 DEBUG  [BD5879\33F39D]   Net 'VBAT' has 2 incomplete(s)
2026-09-12 22:16:23.777 DEBUG  [BD5879\33F39D]   Net 'RING_RETURN' has 1 incomplete(s)
2026-09-12 22:16:23.777 DEBUG  [BD5879\33F39D]   Net '/Eight ring pods/Pod 1 {slash} U19/LOCAL_SDA' has 1 incomplete(s)
2026-09-12 22:16:23.777 DEBUG  [BD5879\33F39D]   Net '/Eight ring pods/Pod 1 {slash} U19/CELL_TEMP' has 1 incomplete(s)
2026-09-12 22:16:23.781 DEBUG  PolylineTrace.normalize: max normalization depth (16) reached for trace #46448 on net 1 — stopping recursion, trace kept as-is.
2026-09-12 22:16:23.782 DEBUG  PolylineTrace.normalize: max normalization depth (16) reached for trace #46483 on net 1 — stopping recursion, trace kept as-is.
2026-09-12 22:16:23.784 DEBUG  PolylineTrace.normalize: max normalization depth (16) reached for trace #46517 on net 1 — stopping recursion, trace kept as-is.
2026-09-12 22:16:23.785 DEBUG  PolylineTrace.normalize: max normalization depth (16) reached for trace #46552 on net 1 — stopping recursion, trace kept as-is.
2026-09-12 22:16:23.801 DEBUG  FoundConnectionInserter: insert trace failed for net #9 at corner 15/15 on layer 3, trace width: 2000, from corner: 0, okPoint: (788910,-577652), target: (774206,-685000)
2026-09-12 22:16:23.804 DEBUG  [BD5879\33F39D] Autorouter Failed to route connection between via, polylinetrace, pin #4 of component #11, pin #4 of component #10 and polylinetrace, via, pin #1 of component #23, because the new connection could not be inserted.
2026-09-12 22:16:23.804 DEBUG  [BD5879\33F39D] Pass #8: Failed to route Pin on net 'VBAT' (13 items remaining, 8 failures). State: FAILED
2026-09-12 22:16:23.822 DEBUG  FoundConnectionInserter: insert trace failed for net #8 at corner 42/42 on layer 3, trace width: 750, from corner: 27, okPoint: (872637,-712529), target: (778110,-726455)
2026-09-12 22:16:23.825 DEBUG  [BD5879\33F39D] Autorouter Failed to route connection between polylinetrace, polylinetrace, via, pin #3 of component #21, pin #3 of component #10 and polylinetrace, polylinetrace, via, pin #4 of component #22, pin #3 of component #11, because the new connection could not be inserted.
2026-09-12 22:16:23.825 DEBUG  [BD5879\33F39D] Pass #8: Failed to route Pin on net 'RING_nRESET' (12 items remaining, 4 failures). State: FAILED
2026-09-12 22:16:23.923 DEBUG  [BD5879\33F39D] Autorouter Failed to route connection between pin #3 of component #16 and polylinetrace, polylinetrace, polylinetrace, polylinetrace, polylinetrace, via, via, via, via, pin #4 of component #21, pin #1 of component #3, because no connection was found between their nets.
2026-09-12 22:16:23.923 DEBUG  [BD5879\33F39D] Pass #8: Failed to route Pin on net '/Eight ring pods/Pod 1 {slash} U19/LOCAL_SDA' (9 items remaining, 8 failures). State: FAILED
2026-09-12 22:16:24.024 DEBUG  FoundConnectionInserter: insert trace failed for net #8 at corner 44/44 on layer 3, trace width: 750, from corner: 2, okPoint: (782325,-731950), target: (890079,-621717)
2026-09-12 22:16:24.028 DEBUG  [BD5879\33F39D] Autorouter Failed to route connection between polylinetrace, polylinetrace, via, pin #4 of component #22, pin #3 of component #11 and polylinetrace, polylinetrace, via, pin #3 of component #21, pin #3 of component #10, because the new connection could not be inserted.
2026-09-12 22:16:24.028 DEBUG  [BD5879\33F39D] Pass #8: Failed to route Pin on net 'RING_nRESET' (8 items remaining, 4 failures). State: FAILED
2026-09-12 22:16:24.329 DEBUG  [BD5879\33F39D] Autorouter Failed to route connection between polylinetrace, polylinetrace, polylinetrace, polylinetrace, polylinetrace, via, via, via, via, pin #4 of component #21, pin #1 of component #3 and pin #3 of component #16, because no connection was found between their nets.
2026-09-12 22:16:24.329 DEBUG  [BD5879\33F39D] Pass #8: Failed to route Pin on net '/Eight ring pods/Pod 1 {slash} U19/LOCAL_SDA' (5 items remaining, 8 failures). State: FAILED
2026-09-12 22:16:24.350 DEBUG  FoundConnectionInserter: insert trace failed for net #10 at corner 26/26 on layer 3, trace width: 750, from corner: 1, okPoint: (872637,-715011), target: (764500,-707136)
2026-09-12 22:16:24.353 DEBUG  [BD5879\33F39D] Autorouter Failed to route connection between polylinetrace, via, pin #5 of component #10 and pin #5 of component #11, because the new connection could not be inserted.
2026-09-12 22:16:24.353 DEBUG  [BD5879\33F39D] Pass #8: Failed to route Pin on net 'RING_RETURN' (4 items remaining, 3 failures). State: FAILED
2026-09-12 22:16:24.568 DEBUG  [BD5879\33F39D] Autorouter Failed to route connection between via, polylinetrace, polylinetrace, via, pin #1 of component #23, pin #4 of component #10 and pin #4 of component #11, because no connection was found between their nets.
2026-09-12 22:16:24.568 DEBUG  [BD5879\33F39D] Pass #8: Failed to route Pin on net 'VBAT' (3 items remaining, 8 failures). State: FAILED
2026-09-12 22:16:24.581 DEBUG  FoundConnectionInserter: insert trace failed for net #10 at corner 23/23 on layer 3, trace width: 750, from corner: 12, okPoint: (772402,-731950), target: (901309,-686339)
2026-09-12 22:16:24.589 DEBUG  [BD5879\33F39D] Autorouter Failed to route connection between via, polylinetrace, pin #5 of component #11 and polylinetrace, via, pin #5 of component #10, because the new connection could not be inserted.
2026-09-12 22:16:24.589 DEBUG  [BD5879\33F39D] Pass #8: Failed to route Pin on net 'RING_RETURN' (2 items remaining, 3 failures). State: FAILED
2026-09-12 22:16:24.604 DEBUG  FoundConnectionInserter: insert trace failed for net #9 at corner 11/11 on layer 3, trace width: 2000, from corner: 8, okPoint: (779752,-591617), target: (788910,-577652)
2026-09-12 22:16:24.607 DEBUG  [BD5879\33F39D] Autorouter Failed to route connection between polylinetrace, via, pin #1 of component #23, pin #4 of component #11 and via, polylinetrace, pin #4 of component #10, because the new connection could not be inserted.
2026-09-12 22:16:24.607 DEBUG  [BD5879\33F39D] Pass #8: Failed to route Pin on net 'VBAT' (1 items remaining, 8 failures). State: FAILED
2026-09-12 22:16:24.690 DEBUG  [BD5879\33F39D] Restoring an earlier board that has the score of 750.93 (7 unrouted and 31 violations).
2026-09-12 22:16:24.690 INFO   [BD5879\33F39D] Auto-routing pass #8 on board '70b08a4a6e844d98b9a547bd40fb0bde' was completed in 0.00 seconds with score 750.93 (7 unrouted and 31 violations), using 8.75 CPU seconds and the job allocated 61.33 GB of memory so far.
2026-09-12 22:16:24.714 DEBUG  Queuing item for routing: Via on net 'POD_3V3' (connected: 59/62)
2026-09-12 22:16:24.714 DEBUG  Queuing item for routing: Via on net 'POD_3V3' (connected: 3/62)
2026-09-12 22:16:24.714 DEBUG  Queuing item for routing: Pin on net 'VBAT' (connected: 3/7)
2026-09-12 22:16:24.714 DEBUG  Queuing item for routing: Pin on net 'RING_nRESET' (connected: 3/8)
2026-09-12 22:16:24.714 DEBUG  Queuing item for routing: Pin on net '/Eight ring pods/Pod 1 {slash} U19/UART_TX_LOCAL' (connected: 5/8)
2026-09-12 22:16:24.714 DEBUG  Queuing item for routing: Pin on net '/Eight ring pods/Pod 1 {slash} U19/UART_TX_LOCAL' (connected: 3/8)
2026-09-12 22:16:24.714 DEBUG  Queuing item for routing: Pin on net '/Eight ring pods/Pod 1 {slash} U19/LOCAL_SDA' (connected: 11/12)
2026-09-12 22:16:24.714 DEBUG  Queuing item for routing: Pin on net 'RING_nRESET' (connected: 5/8)
2026-09-12 22:16:24.714 DEBUG  Queuing item for routing: Pin on net '/Eight ring pods/Pod 1 {slash} U19/LOCAL_SDA' (connected: 1/12)
2026-09-12 22:16:24.714 DEBUG  Queuing item for routing: Pin on net 'RING_RETURN' (connected: 3/6)
2026-09-12 22:16:24.714 DEBUG  Queuing item for routing: Pin on net 'VBAT' (connected: 1/7)
2026-09-12 22:16:24.714 DEBUG  Queuing item for routing: Pin on net 'RING_RETURN' (connected: 3/6)
2026-09-12 22:16:24.714 DEBUG  Queuing item for routing: Pin on net 'VBAT' (connected: 3/7)
2026-09-12 22:16:24.732 DEBUG  [BD5879\33F39D] Pass #9: 7 incompletes across 13 items to route
2026-09-12 22:16:24.732 DEBUG  [BD5879\33F39D]   Net 'POD_3V3' has 1 incomplete(s)
2026-09-12 22:16:24.732 DEBUG  [BD5879\33F39D]   Net '/Eight ring pods/Pod 1 {slash} U19/UART_TX_LOCAL' has 1 incomplete(s)
2026-09-12 22:16:24.732 DEBUG  [BD5879\33F39D]   Net 'RING_nRESET' has 1 incomplete(s)
2026-09-12 22:16:24.732 DEBUG  [BD5879\33F39D]   Net 'VBAT' has 2 incomplete(s)
2026-09-12 22:16:24.732 DEBUG  [BD5879\33F39D]   Net 'RING_RETURN' has 1 incomplete(s)
2026-09-12 22:16:24.732 DEBUG  [BD5879\33F39D]   Net '/Eight ring pods/Pod 1 {slash} U19/LOCAL_SDA' has 1 incomplete(s)
2026-09-12 22:16:24.737 DEBUG  PolylineTrace.normalize: max normalization depth (16) reached for trace #40161 on net 1 — stopping recursion, trace kept as-is.
2026-09-12 22:16:24.739 DEBUG  PolylineTrace.normalize: max normalization depth (16) reached for trace #40196 on net 1 — stopping recursion, trace kept as-is.
2026-09-12 22:16:24.740 DEBUG  PolylineTrace.normalize: max normalization depth (16) reached for trace #40230 on net 1 — stopping recursion, trace kept as-is.
2026-09-12 22:16:24.742 DEBUG  PolylineTrace.normalize: max normalization depth (16) reached for trace #40265 on net 1 — stopping recursion, trace kept as-is.
2026-09-12 22:16:24.759 DEBUG  FoundConnectionInserter: insert trace failed for net #9 at corner 15/15 on layer 3, trace width: 2000, from corner: 0, okPoint: (788910,-577652), target: (774206,-685000)
2026-09-12 22:16:24.762 DEBUG  [BD5879\33F39D] Autorouter Failed to route connection between via, polylinetrace, pin #4 of component #11, pin #4 of component #10 and polylinetrace, via, pin #1 of component #23, because the new connection could not be inserted.
2026-09-12 22:16:24.762 DEBUG  [BD5879\33F39D] Pass #9: Failed to route Pin on net 'VBAT' (11 items remaining, 7 failures). State: FAILED
2026-09-12 22:16:24.910 DEBUG  FoundConnectionInserter: insert trace failed for net #8 at corner 29/29 on layer 3, trace width: 750, from corner: 14, okPoint: (872637,-708944), target: (778110,-726455)
2026-09-12 22:16:24.913 DEBUG  [BD5879\33F39D] Autorouter Failed to route connection between polylinetrace, polylinetrace, via, pin #3 of component #21, pin #3 of component #10 and polylinetrace, pin #4 of component #22, pin #3 of component #11, because the new connection could not be inserted.
2026-09-12 22:16:24.913 DEBUG  [BD5879\33F39D] Pass #9: Failed to route Pin on net 'RING_nRESET' (10 items remaining, 3 failures). State: FAILED
2026-09-12 22:16:25.026 DEBUG  [BD5879\33F39D] Autorouter Failed to route connection between pin #3 of component #16 and polylinetrace, polylinetrace, polylinetrace, polylinetrace, polylinetrace, via, via, via, via, pin #4 of component #21, pin #1 of component #3, because no connection was found between their nets.
2026-09-12 22:16:25.026 DEBUG  [BD5879\33F39D] Pass #9: Failed to route Pin on net '/Eight ring pods/Pod 1 {slash} U19/LOCAL_SDA' (7 items remaining, 7 failures). State: FAILED
2026-09-12 22:16:25.147 DEBUG  FoundConnectionInserter: insert trace failed for net #8 at corner 44/44 on layer 3, trace width: 750, from corner: 2, okPoint: (782325,-731950), target: (890079,-621717)
2026-09-12 22:16:25.150 DEBUG  [BD5879\33F39D] Autorouter Failed to route connection between polylinetrace, polylinetrace, via, pin #4 of component #22, pin #3 of component #11 and polylinetrace, polylinetrace, via, pin #3 of component #21, pin #3 of component #10, because the new connection could not be inserted.
2026-09-12 22:16:25.150 DEBUG  [BD5879\33F39D] Pass #9: Failed to route Pin on net 'RING_nRESET' (6 items remaining, 3 failures). State: FAILED
2026-09-12 22:16:25.377 DEBUG  [BD5879\33F39D] Autorouter Failed to route connection between polylinetrace, polylinetrace, polylinetrace, polylinetrace, polylinetrace, via, via, via, via, pin #4 of component #21, pin #1 of component #3 and pin #3 of component #16, because no connection was found between their nets.
2026-09-12 22:16:25.377 DEBUG  [BD5879\33F39D] Pass #9: Failed to route Pin on net '/Eight ring pods/Pod 1 {slash} U19/LOCAL_SDA' (5 items remaining, 7 failures). State: FAILED
2026-09-12 22:16:25.398 DEBUG  FoundConnectionInserter: insert trace failed for net #10 at corner 26/26 on layer 3, trace width: 750, from corner: 1, okPoint: (901856,-688729), target: (764500,-707136)
2026-09-12 22:16:25.400 DEBUG  [BD5879\33F39D] Autorouter Failed to route connection between polylinetrace, via, pin #5 of component #10 and pin #5 of component #11, because the new connection could not be inserted.
2026-09-12 22:16:25.400 DEBUG  [BD5879\33F39D] Pass #9: Failed to route Pin on net 'RING_RETURN' (4 items remaining, 2 failures). State: FAILED
2026-09-12 22:16:25.598 DEBUG  [BD5879\33F39D] Autorouter Failed to route connection between via, polylinetrace, polylinetrace, via, pin #1 of component #23, pin #4 of component #10 and pin #4 of component #11, because no connection was found between their nets.
2026-09-12 22:16:25.598 DEBUG  [BD5879\33F39D] Pass #9: Failed to route Pin on net 'VBAT' (3 items remaining, 7 failures). State: FAILED
2026-09-12 22:16:25.605 DEBUG  FoundConnectionInserter: insert trace failed for net #10 at corner 23/23 on layer 3, trace width: 750, from corner: 12, okPoint: (772412,-731950), target: (903559,-688729)
2026-09-12 22:16:25.609 DEBUG  [BD5879\33F39D] Autorouter Failed to route connection between via, polylinetrace, pin #5 of component #11 and polylinetrace, via, pin #5 of component #10, because the new connection could not be inserted.
2026-09-12 22:16:25.609 DEBUG  [BD5879\33F39D] Pass #9: Failed to route Pin on net 'RING_RETURN' (2 items remaining, 2 failures). State: FAILED
2026-09-12 22:16:25.612 DEBUG  FoundConnectionInserter: insert trace failed for net #9 at corner 11/11 on layer 3, trace width: 2000, from corner: 8, okPoint: (779752,-591617), target: (788910,-577652)
2026-09-12 22:16:25.615 DEBUG  [BD5879\33F39D] Autorouter Failed to route connection between polylinetrace, via, pin #1 of component #23, pin #4 of component #11 and via, polylinetrace, pin #4 of component #10, because the new connection could not be inserted.
2026-09-12 22:16:25.615 DEBUG  [BD5879\33F39D] Pass #9: Failed to route Pin on net 'VBAT' (1 items remaining, 7 failures). State: FAILED
2026-09-12 22:16:25.656 INFO   [BD5879\33F39D] Auto-routing pass #9 on board '70b08a4a6e844d98b9a547bd40fb0bde' was completed in 0.94 seconds with score 732.06 (8 unrouted and 31 violations), using 9.73 CPU seconds and the job allocated 68.76 GB of memory so far.
2026-09-12 22:16:25.691 DEBUG  Queuing item for routing: Via on net 'POD_3V3' (connected: 59/62)
2026-09-12 22:16:25.691 DEBUG  Queuing item for routing: Via on net 'POD_3V3' (connected: 3/62)
2026-09-12 22:16:25.691 DEBUG  Queuing item for routing: Pin on net 'VBAT' (connected: 3/7)
2026-09-12 22:16:25.691 DEBUG  Queuing item for routing: Pin on net 'RING_nRESET' (connected: 5/10)
2026-09-12 22:16:25.691 DEBUG  Queuing item for routing: Pin on net '/Eight ring pods/Pod 1 {slash} U19/UART_TX_LOCAL' (connected: 5/8)
2026-09-12 22:16:25.691 DEBUG  Queuing item for routing: Pin on net '/Eight ring pods/Pod 1 {slash} U19/UART_TX_LOCAL' (connected: 3/8)
2026-09-12 22:16:25.691 DEBUG  Queuing item for routing: Pin on net '/Eight ring pods/Pod 1 {slash} U19/LOCAL_SDA' (connected: 11/12)
2026-09-12 22:16:25.691 DEBUG  Queuing item for routing: Pin on net 'RING_nRESET' (connected: 5/10)
2026-09-12 22:16:25.691 DEBUG  Queuing item for routing: Pin on net '/Eight ring pods/Pod 1 {slash} U19/CELL_TEMP' (connected: 9/12)
2026-09-12 22:16:25.691 DEBUG  Queuing item for routing: Pin on net '/Eight ring pods/Pod 1 {slash} U19/CELL_TEMP' (connected: 3/12)
2026-09-12 22:16:25.691 DEBUG  Queuing item for routing: Pin on net '/Eight ring pods/Pod 1 {slash} U19/LOCAL_SDA' (connected: 1/12)
2026-09-12 22:16:25.691 DEBUG  Queuing item for routing: Pin on net 'RING_RETURN' (connected: 3/6)
2026-09-12 22:16:25.691 DEBUG  Queuing item for routing: Pin on net 'VBAT' (connected: 1/7)
2026-09-12 22:16:25.691 DEBUG  Queuing item for routing: Pin on net 'RING_RETURN' (connected: 3/6)
2026-09-12 22:16:25.691 DEBUG  Queuing item for routing: Pin on net 'VBAT' (connected: 3/7)
2026-09-12 22:16:25.705 DEBUG  [BD5879\33F39D] Pass #10: 8 incompletes across 15 items to route
2026-09-12 22:16:25.705 DEBUG  [BD5879\33F39D]   Net 'POD_3V3' has 1 incomplete(s)
2026-09-12 22:16:25.705 DEBUG  [BD5879\33F39D]   Net '/Eight ring pods/Pod 1 {slash} U19/UART_TX_LOCAL' has 1 incomplete(s)
2026-09-12 22:16:25.705 DEBUG  [BD5879\33F39D]   Net 'RING_nRESET' has 1 incomplete(s)
2026-09-12 22:16:25.705 DEBUG  [BD5879\33F39D]   Net 'VBAT' has 2 incomplete(s)
2026-09-12 22:16:25.705 DEBUG  [BD5879\33F39D]   Net 'RING_RETURN' has 1 incomplete(s)
2026-09-12 22:16:25.705 DEBUG  [BD5879\33F39D]   Net '/Eight ring pods/Pod 1 {slash} U19/LOCAL_SDA' has 1 incomplete(s)
2026-09-12 22:16:25.706 DEBUG  [BD5879\33F39D]   Net '/Eight ring pods/Pod 1 {slash} U19/CELL_TEMP' has 1 incomplete(s)
2026-09-12 22:16:25.710 DEBUG  PolylineTrace.normalize: max normalization depth (16) reached for trace #46741 on net 1 — stopping recursion, trace kept as-is.
2026-09-12 22:16:25.711 DEBUG  PolylineTrace.normalize: max normalization depth (16) reached for trace #46776 on net 1 — stopping recursion, trace kept as-is.
2026-09-12 22:16:25.713 DEBUG  PolylineTrace.normalize: max normalization depth (16) reached for trace #46810 on net 1 — stopping recursion, trace kept as-is.
2026-09-12 22:16:25.714 DEBUG  PolylineTrace.normalize: max normalization depth (16) reached for trace #46845 on net 1 — stopping recursion, trace kept as-is.
2026-09-12 22:16:25.735 DEBUG  FoundConnectionInserter: insert trace failed for net #9 at corner 15/15 on layer 3, trace width: 2000, from corner: 0, okPoint: (788910,-577652), target: (774206,-685000)
2026-09-12 22:16:25.738 DEBUG  [BD5879\33F39D] Autorouter Failed to route connection between via, polylinetrace, pin #4 of component #11, pin #4 of component #10 and polylinetrace, via, pin #1 of component #23, because the new connection could not be inserted.
2026-09-12 22:16:25.738 DEBUG  [BD5879\33F39D] Pass #10: Failed to route Pin on net 'VBAT' (13 items remaining, 8 failures). State: FAILED
2026-09-12 22:16:25.756 DEBUG  FoundConnectionInserter: insert trace failed for net #8 at corner 42/42 on layer 3, trace width: 750, from corner: 27, okPoint: (872637,-712529), target: (778110,-726455)
2026-09-12 22:16:25.759 DEBUG  [BD5879\33F39D] Autorouter Failed to route connection between polylinetrace, polylinetrace, via, pin #3 of component #21, pin #3 of component #10 and polylinetrace, polylinetrace, via, pin #4 of component #22, pin #3 of component #11, because the new connection could not be inserted.
2026-09-12 22:16:25.759 DEBUG  [BD5879\33F39D] Pass #10: Failed to route Pin on net 'RING_nRESET' (12 items remaining, 4 failures). State: FAILED
2026-09-12 22:16:25.852 DEBUG  [BD5879\33F39D] Autorouter Failed to route connection between pin #3 of component #16 and polylinetrace, polylinetrace, polylinetrace, polylinetrace, polylinetrace, via, via, via, via, pin #4 of component #21, pin #1 of component #3, because no connection was found between their nets.
2026-09-12 22:16:25.852 DEBUG  [BD5879\33F39D] Pass #10: Failed to route Pin on net '/Eight ring pods/Pod 1 {slash} U19/LOCAL_SDA' (9 items remaining, 8 failures). State: FAILED
2026-09-12 22:16:25.976 DEBUG  FoundConnectionInserter: insert trace failed for net #8 at corner 44/44 on layer 3, trace width: 750, from corner: 2, okPoint: (782325,-731950), target: (890079,-621717)
2026-09-12 22:16:25.979 DEBUG  [BD5879\33F39D] Autorouter Failed to route connection between polylinetrace, polylinetrace, via, pin #4 of component #22, pin #3 of component #11 and polylinetrace, polylinetrace, via, pin #3 of component #21, pin #3 of component #10, because the new connection could not be inserted.
2026-09-12 22:16:25.979 DEBUG  [BD5879\33F39D] Pass #10: Failed to route Pin on net 'RING_nRESET' (8 items remaining, 4 failures). State: FAILED
2026-09-12 22:16:26.277 DEBUG  [BD5879\33F39D] Autorouter Failed to route connection between polylinetrace, polylinetrace, polylinetrace, polylinetrace, polylinetrace, via, via, via, via, pin #4 of component #21, pin #1 of component #3 and pin #3 of component #16, because no connection was found between their nets.
2026-09-12 22:16:26.277 DEBUG  [BD5879\33F39D] Pass #10: Failed to route Pin on net '/Eight ring pods/Pod 1 {slash} U19/LOCAL_SDA' (5 items remaining, 8 failures). State: FAILED
2026-09-12 22:16:26.296 DEBUG  FoundConnectionInserter: insert trace failed for net #10 at corner 26/26 on layer 3, trace width: 750, from corner: 1, okPoint: (872637,-715011), target: (764500,-707136)
2026-09-12 22:16:26.299 DEBUG  [BD5879\33F39D] Autorouter Failed to route connection between polylinetrace, via, pin #5 of component #10 and pin #5 of component #11, because the new connection could not be inserted.
2026-09-12 22:16:26.299 DEBUG  [BD5879\33F39D] Pass #10: Failed to route Pin on net 'RING_RETURN' (4 items remaining, 3 failures). State: FAILED
2026-09-12 22:16:26.485 DEBUG  [BD5879\33F39D] Autorouter Failed to route connection between via, polylinetrace, polylinetrace, via, pin #1 of component #23, pin #4 of component #10 and pin #4 of component #11, because no connection was found between their nets.
2026-09-12 22:16:26.485 DEBUG  [BD5879\33F39D] Pass #10: Failed to route Pin on net 'VBAT' (3 items remaining, 8 failures). State: FAILED
2026-09-12 22:16:26.493 DEBUG  FoundConnectionInserter: insert trace failed for net #10 at corner 23/23 on layer 3, trace width: 750, from corner: 12, okPoint: (772402,-731950), target: (901309,-686339)
2026-09-12 22:16:26.496 DEBUG  [BD5879\33F39D] Autorouter Failed to route connection between via, polylinetrace, pin #5 of component #11 and polylinetrace, via, pin #5 of component #10, because the new connection could not be inserted.
2026-09-12 22:16:26.496 DEBUG  [BD5879\33F39D] Pass #10: Failed to route Pin on net 'RING_RETURN' (2 items remaining, 3 failures). State: FAILED
2026-09-12 22:16:26.499 DEBUG  FoundConnectionInserter: insert trace failed for net #9 at corner 11/11 on layer 3, trace width: 2000, from corner: 8, okPoint: (779752,-591617), target: (788910,-577652)
2026-09-12 22:16:26.503 DEBUG  [BD5879\33F39D] Autorouter Failed to route connection between polylinetrace, via, pin #1 of component #23, pin #4 of component #11 and via, polylinetrace, pin #4 of component #10, because the new connection could not be inserted.
2026-09-12 22:16:26.503 DEBUG  [BD5879\33F39D] Pass #10: Failed to route Pin on net 'VBAT' (1 items remaining, 8 failures). State: FAILED
2026-09-12 22:16:26.548 INFO   [BD5879\33F39D] Auto-routing pass #10 on board 'cab0076e87c1a7c250ee190afd428ca8' was completed in 0.86 seconds with score 750.93 (7 unrouted and 31 violations), using 10.72 CPU seconds and the job allocated 76.16 GB of memory so far.
2026-09-12 22:16:26.569 DEBUG  [BD5879\33F39D] Applied one-time fanout recovery cleanup (removed fanout tails/vias). Incompletes: 7 -> 7.
2026-09-12 22:16:26.598 DEBUG  Queuing item for routing: Via on net 'POD_3V3' (connected: 59/62)
2026-09-12 22:16:26.599 DEBUG  Queuing item for routing: Via on net 'POD_3V3' (connected: 3/62)
2026-09-12 22:16:26.599 DEBUG  Queuing item for routing: Pin on net 'VBAT' (connected: 1/3)
2026-09-12 22:16:26.599 DEBUG  Queuing item for routing: Pin on net 'RING_nRESET' (connected: 3/6)
2026-09-12 22:16:26.599 DEBUG  Queuing item for routing: Pin on net '/Eight ring pods/Pod 1 {slash} U19/UART_TX_LOCAL' (connected: 5/6)
2026-09-12 22:16:26.599 DEBUG  Queuing item for routing: Pin on net '/Eight ring pods/Pod 1 {slash} U19/UART_TX_LOCAL' (connected: 1/6)
2026-09-12 22:16:26.599 DEBUG  Queuing item for routing: Pin on net '/Eight ring pods/Pod 1 {slash} U19/LOCAL_SDA' (connected: 11/12)
2026-09-12 22:16:26.599 DEBUG  Queuing item for routing: Pin on net 'RING_nRESET' (connected: 3/6)
2026-09-12 22:16:26.599 DEBUG  Queuing item for routing: Pin on net '/Eight ring pods/Pod 1 {slash} U19/LOCAL_SDA' (connected: 1/12)
2026-09-12 22:16:26.599 DEBUG  Queuing item for routing: Pin on net 'RING_RETURN' (connected: 1/2)
2026-09-12 22:16:26.599 DEBUG  Queuing item for routing: Pin on net 'VBAT' (connected: 1/3)
2026-09-12 22:16:26.599 DEBUG  Queuing item for routing: Pin on net 'RING_RETURN' (connected: 1/2)
2026-09-12 22:16:26.599 DEBUG  Queuing item for routing: Pin on net 'VBAT' (connected: 1/3)
2026-09-12 22:16:26.613 DEBUG  [BD5879\33F39D] Pass #11: 7 incompletes across 13 items to route
2026-09-12 22:16:26.613 DEBUG  [BD5879\33F39D]   Net 'POD_3V3' has 1 incomplete(s)
2026-09-12 22:16:26.613 DEBUG  [BD5879\33F39D]   Net '/Eight ring pods/Pod 1 {slash} U19/UART_TX_LOCAL' has 1 incomplete(s)
2026-09-12 22:16:26.613 DEBUG  [BD5879\33F39D]   Net 'RING_nRESET' has 1 incomplete(s)
2026-09-12 22:16:26.613 DEBUG  [BD5879\33F39D]   Net 'VBAT' has 2 incomplete(s)
2026-09-12 22:16:26.613 DEBUG  [BD5879\33F39D]   Net 'RING_RETURN' has 1 incomplete(s)
2026-09-12 22:16:26.613 DEBUG  [BD5879\33F39D]   Net '/Eight ring pods/Pod 1 {slash} U19/LOCAL_SDA' has 1 incomplete(s)
2026-09-12 22:16:26.617 DEBUG  PolylineTrace.normalize: max normalization depth (16) reached for trace #52910 on net 1 — stopping recursion, trace kept as-is.
2026-09-12 22:16:26.619 DEBUG  PolylineTrace.normalize: max normalization depth (16) reached for trace #52945 on net 1 — stopping recursion, trace kept as-is.
2026-09-12 22:16:26.620 DEBUG  PolylineTrace.normalize: max normalization depth (16) reached for trace #52979 on net 1 — stopping recursion, trace kept as-is.
2026-09-12 22:16:26.621 DEBUG  PolylineTrace.normalize: max normalization depth (16) reached for trace #53014 on net 1 — stopping recursion, trace kept as-is.
2026-09-12 22:16:26.654 DEBUG  FoundConnectionInserter: insert trace failed for net #9 at corner 15/15 on layer 3, trace width: 2000, from corner: 0, okPoint: (788244,-576953), target: (776336,-654331)
2026-09-12 22:16:26.657 DEBUG  [BD5879\33F39D] Autorouter Failed to route connection between pin #4 of component #11, pin #4 of component #10 and pin #1 of component #23, because the new connection could not be inserted.
2026-09-12 22:16:26.657 DEBUG  [BD5879\33F39D] Pass #11: Failed to route Pin on net 'VBAT' (11 items remaining, 9 failures). State: FAILED
2026-09-12 22:16:26.745 DEBUG  FoundConnectionInserter: insert trace failed for net #8 at corner 32/32 on layer 3, trace width: 750, from corner: 19, okPoint: (872637,-714788), target: (782451,-742173)
2026-09-12 22:16:26.748 DEBUG  [BD5879\33F39D] Autorouter Failed to route connection between pin #3 of component #21, pin #3 of component #10 and polylinetrace, pin #4 of component #22, pin #3 of component #11, because the new connection could not be inserted.
2026-09-12 22:16:26.748 DEBUG  [BD5879\33F39D] Pass #11: Failed to route Pin on net 'RING_nRESET' (10 items remaining, 5 failures). State: FAILED
2026-09-12 22:16:26.830 DEBUG  FoundConnectionInserter: insert trace failed for net #3 at corner 16/16 on layer 3, trace width: 750, from corner: 4, okPoint: (872637,-669477), target: (766245,-729341)
2026-09-12 22:16:26.834 DEBUG  [BD5879\33F39D] Autorouter Failed to route connection between pin #7 of component #21 and polylinetrace, polylinetrace, pin #2 of component #22, pin #1 of component #6, pin of component #5, because the new connection could not be inserted.
2026-09-12 22:16:26.834 DEBUG  [BD5879\33F39D] Pass #11: Failed to route Pin on net '/Eight ring pods/Pod 1 {slash} U19/UART_TX_LOCAL' (9 items remaining, 3 failures). State: FAILED
2026-09-12 22:16:26.895 DEBUG  FoundConnectionInserter: insert trace failed for net #3 at corner 11/11 on layer 3, trace width: 750, from corner: 1, okPoint: (766245,-731950), target: (865117,-639248)
2026-09-12 22:16:26.898 DEBUG  [BD5879\33F39D] Autorouter Failed to route connection between via, polylinetrace, polylinetrace, polylinetrace, pin #2 of component #22, pin #1 of component #6, pin of component #5 and pin #7 of component #21, because the new connection could not be inserted.
2026-09-12 22:16:26.898 DEBUG  [BD5879\33F39D] Pass #11: Failed to route Pin on net '/Eight ring pods/Pod 1 {slash} U19/UART_TX_LOCAL' (8 items remaining, 3 failures). State: FAILED
2026-09-12 22:16:26.907 DEBUG  [BD5879\33F39D] Autorouter Failed to route connection between pin #3 of component #16 and polylinetrace, polylinetrace, polylinetrace, polylinetrace, polylinetrace, via, via, via, via, pin #4 of component #21, pin #1 of component #3, because no connection was found between their nets.
2026-09-12 22:16:26.907 DEBUG  [BD5879\33F39D] Pass #11: Failed to route Pin on net '/Eight ring pods/Pod 1 {slash} U19/LOCAL_SDA' (7 items remaining, 9 failures). State: FAILED
2026-09-12 22:16:27.138 DEBUG  [BD5879\33F39D] Autorouter Failed to route connection between polylinetrace, polylinetrace, polylinetrace, polylinetrace, polylinetrace, via, via, via, via, pin #4 of component #21, pin #1 of component #3 and pin #3 of component #16, because no connection was found between their nets.
2026-09-12 22:16:27.138 DEBUG  [BD5879\33F39D] Pass #11: Failed to route Pin on net '/Eight ring pods/Pod 1 {slash} U19/LOCAL_SDA' (5 items remaining, 9 failures). State: FAILED
2026-09-12 22:16:27.153 DEBUG  FoundConnectionInserter: insert trace failed for net #10 at corner 18/18 on layer 3, trace width: 750, from corner: 3, okPoint: (872637,-714123), target: (774862,-717527)
2026-09-12 22:16:27.156 DEBUG  [BD5879\33F39D] Autorouter Failed to route connection between pin #5 of component #10 and pin #5 of component #11, because the new connection could not be inserted.
2026-09-12 22:16:27.156 DEBUG  [BD5879\33F39D] Pass #11: Failed to route Pin on net 'RING_RETURN' (4 items remaining, 4 failures). State: FAILED
2026-09-12 22:16:27.350 DEBUG  [BD5879\33F39D] Autorouter Failed to route connection between polylinetrace, via, pin #1 of component #23, pin #4 of component #10 and pin #4 of component #11, because no connection was found between their nets.
2026-09-12 22:16:27.350 DEBUG  [BD5879\33F39D] Pass #11: Failed to route Pin on net 'VBAT' (3 items remaining, 9 failures). State: FAILED
2026-09-12 22:16:27.374 DEBUG  FoundConnectionInserter: insert trace failed for net #10 at corner 21/21 on layer 3, trace width: 750, from corner: 7, okPoint: (780616,-731950), target: (901309,-685385)
2026-09-12 22:16:27.377 DEBUG  [BD5879\33F39D] Autorouter Failed to route connection between via, polylinetrace, pin #5 of component #11 and pin #5 of component #10, because the new connection could not be inserted.
2026-09-12 22:16:27.377 DEBUG  [BD5879\33F39D] Pass #11: Failed to route Pin on net 'RING_RETURN' (2 items remaining, 4 failures). State: FAILED
2026-09-12 22:16:27.395 DEBUG  FoundConnectionInserter: insert trace failed for net #9 at corner 11/11 on layer 3, trace width: 2000, from corner: 8, okPoint: (779752,-591399), target: (788910,-576953)
2026-09-12 22:16:27.398 DEBUG  [BD5879\33F39D] Autorouter Failed to route connection between polylinetrace, via, pin #1 of component #23, pin #4 of component #11 and pin #4 of component #10, because the new connection could not be inserted.
2026-09-12 22:16:27.398 DEBUG  [BD5879\33F39D] Pass #11: Failed to route Pin on net 'VBAT' (1 items remaining, 9 failures). State: FAILED
2026-09-12 22:16:27.444 INFO   [BD5879\33F39D] Auto-routing pass #11 on board '7355d0af8c1528dd2e84951e8d41e370' was completed in 0.85 seconds with score 750.93 (7 unrouted and 31 violations), using 11.72 CPU seconds and the job allocated 83.98 GB of memory so far.
2026-09-12 22:16:27.479 DEBUG  Queuing item for routing: Via on net 'POD_3V3' (connected: 59/62)
2026-09-12 22:16:27.479 DEBUG  Queuing item for routing: Via on net 'POD_3V3' (connected: 3/62)
2026-09-12 22:16:27.479 DEBUG  Queuing item for routing: Pin on net 'VBAT' (connected: 3/7)
2026-09-12 22:16:27.479 DEBUG  Queuing item for routing: Pin on net 'RING_nRESET' (connected: 3/6)
2026-09-12 22:16:27.480 DEBUG  Queuing item for routing: Pin on net '/Eight ring pods/Pod 1 {slash} U19/UART_TX_LOCAL' (connected: 5/8)
2026-09-12 22:16:27.480 DEBUG  Queuing item for routing: Pin on net '/Eight ring pods/Pod 1 {slash} U19/UART_TX_LOCAL' (connected: 3/8)
2026-09-12 22:16:27.480 DEBUG  Queuing item for routing: Pin on net '/Eight ring pods/Pod 1 {slash} U19/LOCAL_SDA' (connected: 11/12)
2026-09-12 22:16:27.480 DEBUG  Queuing item for routing: Pin on net 'RING_nRESET' (connected: 3/6)
2026-09-12 22:16:27.480 DEBUG  Queuing item for routing: Pin on net '/Eight ring pods/Pod 1 {slash} U19/LOCAL_SDA' (connected: 1/12)
2026-09-12 22:16:27.480 DEBUG  Queuing item for routing: Pin on net 'RING_RETURN' (connected: 3/6)
2026-09-12 22:16:27.480 DEBUG  Queuing item for routing: Pin on net 'VBAT' (connected: 1/7)
2026-09-12 22:16:27.480 DEBUG  Queuing item for routing: Pin on net 'RING_RETURN' (connected: 3/6)
2026-09-12 22:16:27.480 DEBUG  Queuing item for routing: Pin on net 'VBAT' (connected: 3/7)
2026-09-12 22:16:27.494 DEBUG  [BD5879\33F39D] Pass #12: 7 incompletes across 13 items to route
2026-09-12 22:16:27.494 DEBUG  [BD5879\33F39D]   Net 'POD_3V3' has 1 incomplete(s)
2026-09-12 22:16:27.494 DEBUG  [BD5879\33F39D]   Net '/Eight ring pods/Pod 1 {slash} U19/UART_TX_LOCAL' has 1 incomplete(s)
2026-09-12 22:16:27.494 DEBUG  [BD5879\33F39D]   Net 'RING_nRESET' has 1 incomplete(s)
2026-09-12 22:16:27.494 DEBUG  [BD5879\33F39D]   Net 'VBAT' has 2 incomplete(s)
2026-09-12 22:16:27.494 DEBUG  [BD5879\33F39D]   Net 'RING_RETURN' has 1 incomplete(s)
2026-09-12 22:16:27.494 DEBUG  [BD5879\33F39D]   Net '/Eight ring pods/Pod 1 {slash} U19/LOCAL_SDA' has 1 incomplete(s)
2026-09-12 22:16:27.498 DEBUG  PolylineTrace.normalize: max normalization depth (16) reached for trace #58928 on net 1 — stopping recursion, trace kept as-is.
2026-09-12 22:16:27.499 DEBUG  PolylineTrace.normalize: max normalization depth (16) reached for trace #58963 on net 1 — stopping recursion, trace kept as-is.
2026-09-12 22:16:27.501 DEBUG  PolylineTrace.normalize: max normalization depth (16) reached for trace #58997 on net 1 — stopping recursion, trace kept as-is.
2026-09-12 22:16:27.502 DEBUG  PolylineTrace.normalize: max normalization depth (16) reached for trace #59032 on net 1 — stopping recursion, trace kept as-is.
2026-09-12 22:16:27.616 DEBUG  FoundConnectionInserter: insert trace failed for net #8 at corner 34/34 on layer 3, trace width: 750, from corner: 21, okPoint: (900698,-689887), target: (782425,-742227)
2026-09-12 22:16:27.618 DEBUG  [BD5879\33F39D] Autorouter Failed to route connection between polylinetrace, pin #3 of component #21, pin #3 of component #10 and polylinetrace, pin #4 of component #22, pin #3 of component #11, because the new connection could not be inserted.
2026-09-12 22:16:27.618 DEBUG  [BD5879\33F39D] Pass #12: Failed to route Pin on net 'RING_nRESET' (10 items remaining, 6 failures). State: FAILED
2026-09-12 22:16:27.719 DEBUG  FoundConnectionInserter: insert trace failed for net #3 at corner 14/14 on layer 3, trace width: 750, from corner: 5, okPoint: (868045,-720416), target: (769194,-739967)
2026-09-12 22:16:27.721 DEBUG  [BD5879\33F39D] Autorouter Failed to route connection between polylinetrace, via, pin #7 of component #21 and polylinetrace, polylinetrace, pin #2 of component #22, pin #1 of component #6, pin of component #5, because the new connection could not be inserted.
2026-09-12 22:16:27.721 DEBUG  [BD5879\33F39D] Pass #12: Failed to route Pin on net '/Eight ring pods/Pod 1 {slash} U19/UART_TX_LOCAL' (9 items remaining, 4 failures). State: FAILED
2026-09-12 22:16:27.793 DEBUG  [BD5879\33F39D] Autorouter Failed to route connection between pin #3 of component #16 and polylinetrace, polylinetrace, polylinetrace, polylinetrace, polylinetrace, via, via, via, via, pin #4 of component #21, pin #1 of component #3, because no connection was found between their nets.
2026-09-12 22:16:27.793 DEBUG  [BD5879\33F39D] Pass #12: Failed to route Pin on net '/Eight ring pods/Pod 1 {slash} U19/LOCAL_SDA' (7 items remaining, 10 failures). State: FAILED
2026-09-12 22:16:28.174 DEBUG  [BD5879\33F39D] Autorouter Failed to route connection between polylinetrace, polylinetrace, polylinetrace, polylinetrace, polylinetrace, via, via, via, via, pin #4 of component #21, pin #1 of component #3 and pin #3 of component #16, because no connection was found between their nets.
2026-09-12 22:16:28.174 DEBUG  [BD5879\33F39D] Pass #12: Failed to route Pin on net '/Eight ring pods/Pod 1 {slash} U19/LOCAL_SDA' (5 items remaining, 10 failures). State: FAILED
2026-09-12 22:16:28.466 DEBUG  [BD5879\33F39D] Autorouter Failed to route connection between polylinetrace, polylinetrace, via, polylinetrace, via, pin #1 of component #23, pin #4 of component #10 and pin #4 of component #11, because no connection was found between their nets.
2026-09-12 22:16:28.466 DEBUG  [BD5879\33F39D] Pass #12: Failed to route Pin on net 'VBAT' (3 items remaining, 10 failures). State: FAILED
2026-09-12 22:16:28.582 DEBUG  [BD5879\33F39D] Restoring an earlier board that has the score of 750.93 (7 unrouted and 31 violations).
2026-09-12 22:16:28.582 INFO   [BD5879\33F39D] Auto-routing pass #12 on board '7355d0af8c1528dd2e84951e8d41e370' was completed in 0.00 seconds with score 750.93 (7 unrouted and 31 violations), using 12.67 CPU seconds and the job allocated 91.65 GB of memory so far.
2026-09-12 22:16:28.601 DEBUG  Queuing item for routing: Via on net 'POD_3V3' (connected: 59/62)
2026-09-12 22:16:28.601 DEBUG  Queuing item for routing: Via on net 'POD_3V3' (connected: 3/62)
2026-09-12 22:16:28.601 DEBUG  Queuing item for routing: Pin on net 'VBAT' (connected: 1/3)
2026-09-12 22:16:28.601 DEBUG  Queuing item for routing: Pin on net 'RING_nRESET' (connected: 3/6)
2026-09-12 22:16:28.601 DEBUG  Queuing item for routing: Pin on net '/Eight ring pods/Pod 1 {slash} U19/UART_TX_LOCAL' (connected: 5/6)
2026-09-12 22:16:28.601 DEBUG  Queuing item for routing: Pin on net '/Eight ring pods/Pod 1 {slash} U19/UART_TX_LOCAL' (connected: 1/6)
2026-09-12 22:16:28.601 DEBUG  Queuing item for routing: Pin on net '/Eight ring pods/Pod 1 {slash} U19/LOCAL_SDA' (connected: 11/12)
2026-09-12 22:16:28.601 DEBUG  Queuing item for routing: Pin on net 'RING_nRESET' (connected: 3/6)
2026-09-12 22:16:28.602 DEBUG  Queuing item for routing: Pin on net '/Eight ring pods/Pod 1 {slash} U19/LOCAL_SDA' (connected: 1/12)
2026-09-12 22:16:28.602 DEBUG  Queuing item for routing: Pin on net 'RING_RETURN' (connected: 1/2)
2026-09-12 22:16:28.602 DEBUG  Queuing item for routing: Pin on net 'VBAT' (connected: 1/3)
2026-09-12 22:16:28.602 DEBUG  Queuing item for routing: Pin on net 'RING_RETURN' (connected: 1/2)
2026-09-12 22:16:28.602 DEBUG  Queuing item for routing: Pin on net 'VBAT' (connected: 1/3)
2026-09-12 22:16:28.616 DEBUG  [BD5879\33F39D] Pass #13: 7 incompletes across 13 items to route
2026-09-12 22:16:28.616 DEBUG  [BD5879\33F39D]   Net 'POD_3V3' has 1 incomplete(s)
2026-09-12 22:16:28.616 DEBUG  [BD5879\33F39D]   Net '/Eight ring pods/Pod 1 {slash} U19/UART_TX_LOCAL' has 1 incomplete(s)
2026-09-12 22:16:28.616 DEBUG  [BD5879\33F39D]   Net 'RING_nRESET' has 1 incomplete(s)
2026-09-12 22:16:28.616 DEBUG  [BD5879\33F39D]   Net 'VBAT' has 2 incomplete(s)
2026-09-12 22:16:28.616 DEBUG  [BD5879\33F39D]   Net 'RING_RETURN' has 1 incomplete(s)
2026-09-12 22:16:28.616 DEBUG  [BD5879\33F39D]   Net '/Eight ring pods/Pod 1 {slash} U19/LOCAL_SDA' has 1 incomplete(s)
2026-09-12 22:16:28.620 DEBUG  PolylineTrace.normalize: max normalization depth (16) reached for trace #52910 on net 1 — stopping recursion, trace kept as-is.
2026-09-12 22:16:28.622 DEBUG  PolylineTrace.normalize: max normalization depth (16) reached for trace #52945 on net 1 — stopping recursion, trace kept as-is.
2026-09-12 22:16:28.623 DEBUG  PolylineTrace.normalize: max normalization depth (16) reached for trace #52979 on net 1 — stopping recursion, trace kept as-is.
2026-09-12 22:16:28.624 DEBUG  PolylineTrace.normalize: max normalization depth (16) reached for trace #53014 on net 1 — stopping recursion, trace kept as-is.
2026-09-12 22:16:28.653 DEBUG  FoundConnectionInserter: insert trace failed for net #9 at corner 15/15 on layer 3, trace width: 2000, from corner: 0, okPoint: (788244,-576953), target: (776336,-654331)
2026-09-12 22:16:28.656 DEBUG  [BD5879\33F39D] Autorouter Failed to route connection between pin #4 of component #11, pin #4 of component #10 and pin #1 of component #23, because the new connection could not be inserted.
2026-09-12 22:16:28.656 DEBUG  [BD5879\33F39D] Pass #13: Failed to route Pin on net 'VBAT' (11 items remaining, 9 failures). State: FAILED
2026-09-12 22:16:28.746 DEBUG  FoundConnectionInserter: insert trace failed for net #8 at corner 28/28 on layer 3, trace width: 750, from corner: 19, okPoint: (872637,-714788), target: (782451,-742173)
2026-09-12 22:16:28.749 DEBUG  [BD5879\33F39D] Autorouter Failed to route connection between pin #3 of component #21, pin #3 of component #10 and polylinetrace, pin #4 of component #22, pin #3 of component #11, because the new connection could not be inserted.
2026-09-12 22:16:28.749 DEBUG  [BD5879\33F39D] Pass #13: Failed to route Pin on net 'RING_nRESET' (10 items remaining, 5 failures). State: FAILED
2026-09-12 22:16:28.835 DEBUG  FoundConnectionInserter: insert trace failed for net #3 at corner 18/18 on layer 3, trace width: 750, from corner: 4, okPoint: (872637,-669477), target: (766245,-729341)
2026-09-12 22:16:28.838 DEBUG  [BD5879\33F39D] Autorouter Failed to route connection between pin #7 of component #21 and polylinetrace, polylinetrace, pin #2 of component #22, pin #1 of component #6, pin of component #5, because the new connection could not be inserted.
2026-09-12 22:16:28.838 DEBUG  [BD5879\33F39D] Pass #13: Failed to route Pin on net '/Eight ring pods/Pod 1 {slash} U19/UART_TX_LOCAL' (9 items remaining, 3 failures). State: FAILED
2026-09-12 22:16:28.895 DEBUG  FoundConnectionInserter: insert trace failed for net #3 at corner 11/11 on layer 3, trace width: 750, from corner: 1, okPoint: (766245,-731950), target: (865117,-639248)
2026-09-12 22:16:28.898 DEBUG  [BD5879\33F39D] Autorouter Failed to route connection between via, polylinetrace, polylinetrace, polylinetrace, pin #2 of component #22, pin #1 of component #6, pin of component #5 and pin #7 of component #21, because the new connection could not be inserted.
2026-09-12 22:16:28.898 DEBUG  [BD5879\33F39D] Pass #13: Failed to route Pin on net '/Eight ring pods/Pod 1 {slash} U19/UART_TX_LOCAL' (8 items remaining, 3 failures). State: FAILED
2026-09-12 22:16:28.902 DEBUG  [BD5879\33F39D] Autorouter Failed to route connection between pin #3 of component #16 and polylinetrace, polylinetrace, polylinetrace, polylinetrace, polylinetrace, via, via, via, via, pin #4 of component #21, pin #1 of component #3, because no connection was found between their nets.
2026-09-12 22:16:28.902 DEBUG  [BD5879\33F39D] Pass #13: Failed to route Pin on net '/Eight ring pods/Pod 1 {slash} U19/LOCAL_SDA' (7 items remaining, 9 failures). State: FAILED
2026-09-12 22:16:29.133 DEBUG  [BD5879\33F39D] Autorouter Failed to route connection between polylinetrace, polylinetrace, polylinetrace, polylinetrace, polylinetrace, via, via, via, via, pin #4 of component #21, pin #1 of component #3 and pin #3 of component #16, because no connection was found between their nets.
2026-09-12 22:16:29.134 DEBUG  [BD5879\33F39D] Pass #13: Failed to route Pin on net '/Eight ring pods/Pod 1 {slash} U19/LOCAL_SDA' (5 items remaining, 9 failures). State: FAILED
2026-09-12 22:16:29.153 DEBUG  FoundConnectionInserter: insert trace failed for net #10 at corner 18/18 on layer 3, trace width: 750, from corner: 3, okPoint: (872637,-714123), target: (774862,-717527)
2026-09-12 22:16:29.155 DEBUG  [BD5879\33F39D] Autorouter Failed to route connection between pin #5 of component #10 and pin #5 of component #11, because the new connection could not be inserted.
2026-09-12 22:16:29.155 DEBUG  [BD5879\33F39D] Pass #13: Failed to route Pin on net 'RING_RETURN' (4 items remaining, 4 failures). State: FAILED
2026-09-12 22:16:29.338 DEBUG  [BD5879\33F39D] Autorouter Failed to route connection between polylinetrace, via, pin #1 of component #23, pin #4 of component #10 and pin #4 of component #11, because no connection was found between their nets.
2026-09-12 22:16:29.338 DEBUG  [BD5879\33F39D] Pass #13: Failed to route Pin on net 'VBAT' (3 items remaining, 9 failures). State: FAILED
2026-09-12 22:16:29.362 DEBUG  FoundConnectionInserter: insert trace failed for net #10 at corner 21/21 on layer 3, trace width: 750, from corner: 7, okPoint: (780616,-731950), target: (901309,-685385)
2026-09-12 22:16:29.365 DEBUG  [BD5879\33F39D] Autorouter Failed to route connection between via, polylinetrace, pin #5 of component #11 and pin #5 of component #10, because the new connection could not be inserted.
2026-09-12 22:16:29.365 DEBUG  [BD5879\33F39D] Pass #13: Failed to route Pin on net 'RING_RETURN' (2 items remaining, 4 failures). State: FAILED
2026-09-12 22:16:29.383 DEBUG  FoundConnectionInserter: insert trace failed for net #9 at corner 11/11 on layer 3, trace width: 2000, from corner: 8, okPoint: (779752,-591399), target: (788910,-576953)
2026-09-12 22:16:29.385 DEBUG  [BD5879\33F39D] Autorouter Failed to route connection between polylinetrace, via, pin #1 of component #23, pin #4 of component #11 and pin #4 of component #10, because the new connection could not be inserted.
2026-09-12 22:16:29.385 DEBUG  [BD5879\33F39D] Pass #13: Failed to route Pin on net 'VBAT' (1 items remaining, 9 failures). State: FAILED
2026-09-12 22:16:29.437 INFO   [BD5879\33F39D] Auto-routing pass #13 on board '7355d0af8c1528dd2e84951e8d41e370' was completed in 0.84 seconds with score 750.93 (7 unrouted and 31 violations), using 13.66 CPU seconds and the job allocated 99.16 GB of memory so far.
2026-09-12 22:16:29.471 DEBUG  Queuing item for routing: Via on net 'POD_3V3' (connected: 59/62)
2026-09-12 22:16:29.471 DEBUG  Queuing item for routing: Via on net 'POD_3V3' (connected: 3/62)
2026-09-12 22:16:29.471 DEBUG  Queuing item for routing: Pin on net 'VBAT' (connected: 3/7)
2026-09-12 22:16:29.471 DEBUG  Queuing item for routing: Pin on net 'RING_nRESET' (connected: 3/6)
2026-09-12 22:16:29.471 DEBUG  Queuing item for routing: Pin on net '/Eight ring pods/Pod 1 {slash} U19/UART_TX_LOCAL' (connected: 5/8)
2026-09-12 22:16:29.471 DEBUG  Queuing item for routing: Pin on net '/Eight ring pods/Pod 1 {slash} U19/UART_TX_LOCAL' (connected: 3/8)
2026-09-12 22:16:29.471 DEBUG  Queuing item for routing: Pin on net '/Eight ring pods/Pod 1 {slash} U19/LOCAL_SDA' (connected: 11/12)
2026-09-12 22:16:29.471 DEBUG  Queuing item for routing: Pin on net 'RING_nRESET' (connected: 3/6)
2026-09-12 22:16:29.471 DEBUG  Queuing item for routing: Pin on net '/Eight ring pods/Pod 1 {slash} U19/LOCAL_SDA' (connected: 1/12)
2026-09-12 22:16:29.471 DEBUG  Queuing item for routing: Pin on net 'RING_RETURN' (connected: 3/6)
2026-09-12 22:16:29.471 DEBUG  Queuing item for routing: Pin on net 'VBAT' (connected: 1/7)
2026-09-12 22:16:29.472 DEBUG  Queuing item for routing: Pin on net 'RING_RETURN' (connected: 3/6)
2026-09-12 22:16:29.472 DEBUG  Queuing item for routing: Pin on net 'VBAT' (connected: 3/7)
2026-09-12 22:16:29.486 DEBUG  [BD5879\33F39D] Pass #14: 7 incompletes across 13 items to route
2026-09-12 22:16:29.486 DEBUG  [BD5879\33F39D]   Net 'POD_3V3' has 1 incomplete(s)
2026-09-12 22:16:29.486 DEBUG  [BD5879\33F39D]   Net '/Eight ring pods/Pod 1 {slash} U19/UART_TX_LOCAL' has 1 incomplete(s)
2026-09-12 22:16:29.486 DEBUG  [BD5879\33F39D]   Net 'RING_nRESET' has 1 incomplete(s)
2026-09-12 22:16:29.486 DEBUG  [BD5879\33F39D]   Net 'VBAT' has 2 incomplete(s)
2026-09-12 22:16:29.486 DEBUG  [BD5879\33F39D]   Net 'RING_RETURN' has 1 incomplete(s)
2026-09-12 22:16:29.486 DEBUG  [BD5879\33F39D]   Net '/Eight ring pods/Pod 1 {slash} U19/LOCAL_SDA' has 1 incomplete(s)
2026-09-12 22:16:29.491 DEBUG  PolylineTrace.normalize: max normalization depth (16) reached for trace #58992 on net 1 — stopping recursion, trace kept as-is.
2026-09-12 22:16:29.492 DEBUG  PolylineTrace.normalize: max normalization depth (16) reached for trace #59027 on net 1 — stopping recursion, trace kept as-is.
2026-09-12 22:16:29.493 DEBUG  PolylineTrace.normalize: max normalization depth (16) reached for trace #59061 on net 1 — stopping recursion, trace kept as-is.
2026-09-12 22:16:29.495 DEBUG  PolylineTrace.normalize: max normalization depth (16) reached for trace #59096 on net 1 — stopping recursion, trace kept as-is.
2026-09-12 22:16:29.604 DEBUG  FoundConnectionInserter: insert trace failed for net #8 at corner 30/30 on layer 3, trace width: 750, from corner: 21, okPoint: (900698,-689887), target: (782425,-742227)
2026-09-12 22:16:29.606 DEBUG  [BD5879\33F39D] Autorouter Failed to route connection between polylinetrace, pin #3 of component #21, pin #3 of component #10 and polylinetrace, pin #4 of component #22, pin #3 of component #11, because the new connection could not be inserted.
2026-09-12 22:16:29.607 DEBUG  [BD5879\33F39D] Pass #14: Failed to route Pin on net 'RING_nRESET' (10 items remaining, 6 failures). State: FAILED
2026-09-12 22:16:29.703 DEBUG  FoundConnectionInserter: insert trace failed for net #3 at corner 20/20 on layer 3, trace width: 750, from corner: 5, okPoint: (868045,-720416), target: (769194,-739967)
2026-09-12 22:16:29.706 DEBUG  [BD5879\33F39D] Autorouter Failed to route connection between polylinetrace, via, pin #7 of component #21 and polylinetrace, polylinetrace, pin #2 of component #22, pin #1 of component #6, pin of component #5, because the new connection could not be inserted.
2026-09-12 22:16:29.706 DEBUG  [BD5879\33F39D] Pass #14: Failed to route Pin on net '/Eight ring pods/Pod 1 {slash} U19/UART_TX_LOCAL' (9 items remaining, 4 failures). State: FAILED
2026-09-12 22:16:29.776 DEBUG  [BD5879\33F39D] Autorouter Failed to route connection between pin #3 of component #16 and polylinetrace, polylinetrace, polylinetrace, polylinetrace, polylinetrace, via, via, via, via, pin #4 of component #21, pin #1 of component #3, because no connection was found between their nets.
2026-09-12 22:16:29.776 DEBUG  [BD5879\33F39D] Pass #14: Failed to route Pin on net '/Eight ring pods/Pod 1 {slash} U19/LOCAL_SDA' (7 items remaining, 10 failures). State: FAILED
2026-09-12 22:16:30.138 DEBUG  [BD5879\33F39D] Autorouter Failed to route connection between polylinetrace, polylinetrace, polylinetrace, polylinetrace, polylinetrace, via, via, via, via, pin #4 of component #21, pin #1 of component #3 and pin #3 of component #16, because no connection was found between their nets.
2026-09-12 22:16:30.138 DEBUG  [BD5879\33F39D] Pass #14: Failed to route Pin on net '/Eight ring pods/Pod 1 {slash} U19/LOCAL_SDA' (5 items remaining, 10 failures). State: FAILED
2026-09-12 22:16:30.426 DEBUG  [BD5879\33F39D] Autorouter Failed to route connection between polylinetrace, polylinetrace, via, polylinetrace, via, pin #1 of component #23, pin #4 of component #10 and pin #4 of component #11, because no connection was found between their nets.
2026-09-12 22:16:30.426 DEBUG  [BD5879\33F39D] Pass #14: Failed to route Pin on net 'VBAT' (3 items remaining, 10 failures). State: FAILED
2026-09-12 22:16:30.471 DEBUG  FoundConnectionInserter: insert trace failed for net #9 at corner 10/10 on layer 0, trace width: 2000, from corner: 3, okPoint: (853759,-571791), target: (870405,-582325)
2026-09-12 22:16:30.474 DEBUG  [BD5879\33F39D] Autorouter Failed to route connection between pin #4 of component #11 and polylinetrace, polylinetrace, via, polylinetrace, via, pin #1 of component #23, pin #4 of component #10, because the new connection could not be inserted.
2026-09-12 22:16:30.474 DEBUG  [BD5879\33F39D] Pass #14: Failed to route Pin on net 'VBAT' (1 items remaining, 10 failures). State: FAILED
2026-09-12 22:16:30.510 INFO   [BD5879\33F39D] Auto-routing pass #14 on board 'd5bd097c58b96df5eeb00bae71300f90' was completed in 1.04 seconds with score 732.06 (8 unrouted and 31 violations), using 14.66 CPU seconds and the job allocated 106.96 GB of memory so far.
2026-09-12 22:16:30.539 DEBUG  Queuing item for routing: Via on net 'POD_3V3' (connected: 31/61)
2026-09-12 22:16:30.540 DEBUG  Queuing item for routing: Via on net 'POD_3V3' (connected: 27/61)
2026-09-12 22:16:30.540 DEBUG  Queuing item for routing: Via on net 'POD_3V3' (connected: 3/61)
2026-09-12 22:16:30.540 DEBUG  Queuing item for routing: Pin on net 'VBAT' (connected: 8/9)
2026-09-12 22:16:30.540 DEBUG  Queuing item for routing: Pin on net 'RING_nRESET' (connected: 4/9)
2026-09-12 22:16:30.540 DEBUG  Queuing item for routing: Pin on net '/Eight ring pods/Pod 1 {slash} U19/UART_TX_LOCAL' (connected: 5/8)
2026-09-12 22:16:30.540 DEBUG  Queuing item for routing: Pin on net '/Eight ring pods/Pod 1 {slash} U19/UART_TX_LOCAL' (connected: 3/8)
2026-09-12 22:16:30.540 DEBUG  Queuing item for routing: Pin on net '/Eight ring pods/Pod 1 {slash} U19/LOCAL_SDA' (connected: 11/12)
2026-09-12 22:16:30.540 DEBUG  Queuing item for routing: Pin on net 'RING_nRESET' (connected: 5/9)
2026-09-12 22:16:30.540 DEBUG  Queuing item for routing: Pin on net '/Eight ring pods/Pod 1 {slash} U19/CELL_TEMP' (connected: 3/9)
2026-09-12 22:16:30.540 DEBUG  Queuing item for routing: Pin on net '/Eight ring pods/Pod 1 {slash} U19/CELL_TEMP' (connected: 3/9)
2026-09-12 22:16:30.540 DEBUG  Queuing item for routing: Pin on net '/Eight ring pods/Pod 1 {slash} U19/CELL_TEMP' (connected: 3/9)
2026-09-12 22:16:30.540 DEBUG  Queuing item for routing: Pin on net '/Eight ring pods/Pod 1 {slash} U19/LOCAL_SDA' (connected: 1/12)
2026-09-12 22:16:30.540 DEBUG  Queuing item for routing: Pin on net 'VBAT' (connected: 1/9)
2026-09-12 22:16:30.552 DEBUG  [BD5879\33F39D] Pass #15: 8 incompletes across 14 items to route
2026-09-12 22:16:30.552 DEBUG  [BD5879\33F39D]   Net 'POD_3V3' has 2 incomplete(s)
2026-09-12 22:16:30.552 DEBUG  [BD5879\33F39D]   Net '/Eight ring pods/Pod 1 {slash} U19/UART_TX_LOCAL' has 1 incomplete(s)
2026-09-12 22:16:30.552 DEBUG  [BD5879\33F39D]   Net 'RING_nRESET' has 1 incomplete(s)
2026-09-12 22:16:30.552 DEBUG  [BD5879\33F39D]   Net 'VBAT' has 1 incomplete(s)
2026-09-12 22:16:30.552 DEBUG  [BD5879\33F39D]   Net '/Eight ring pods/Pod 1 {slash} U19/LOCAL_SDA' has 1 incomplete(s)
2026-09-12 22:16:30.552 DEBUG  [BD5879\33F39D]   Net '/Eight ring pods/Pod 1 {slash} U19/CELL_TEMP' has 2 incomplete(s)
2026-09-12 22:16:30.557 DEBUG  PolylineTrace.normalize: max normalization depth (16) reached for trace #67128 on net 1 — stopping recursion, trace kept as-is.
2026-09-12 22:16:30.558 DEBUG  PolylineTrace.normalize: max normalization depth (16) reached for trace #67163 on net 1 — stopping recursion, trace kept as-is.
2026-09-12 22:16:30.560 DEBUG  PolylineTrace.normalize: max normalization depth (16) reached for trace #67197 on net 1 — stopping recursion, trace kept as-is.
2026-09-12 22:16:30.561 DEBUG  PolylineTrace.normalize: max normalization depth (16) reached for trace #67232 on net 1 — stopping recursion, trace kept as-is.
2026-09-12 22:16:30.625 DEBUG  FoundConnectionInserter: insert trace failed for net #9 at corner 9/9 on layer 0, trace width: 2000, from corner: 4, okPoint: (865982,-582969), target: (866040,-601223)
2026-09-12 22:16:30.628 DEBUG  [BD5879\33F39D] Autorouter Failed to route connection between pin #4 of component #11 and polylinetrace, polylinetrace, polylinetrace, polylinetrace, via, via, pin #1 of component #23, pin #4 of component #10, because the new connection could not be inserted.
2026-09-12 22:16:30.628 DEBUG  [BD5879\33F39D] Pass #15: Failed to route Pin on net 'VBAT' (11 items remaining, 10 failures). State: FAILED
2026-09-12 22:16:30.790 DEBUG  [BD5879\33F39D] Autorouter Failed to route connection between pin #3 of component #16 and polylinetrace, polylinetrace, polylinetrace, polylinetrace, polylinetrace, via, via, via, via, pin #4 of component #21, pin #1 of component #3, because no connection was found between their nets.
2026-09-12 22:16:30.790 DEBUG  [BD5879\33F39D] Pass #15: Failed to route Pin on net '/Eight ring pods/Pod 1 {slash} U19/LOCAL_SDA' (7 items remaining, 11 failures). State: FAILED
2026-09-12 22:16:31.222 DEBUG  [BD5879\33F39D] Autorouter Failed to route connection between polylinetrace, polylinetrace, polylinetrace, polylinetrace, polylinetrace, via, via, via, via, pin #4 of component #21, pin #1 of component #3 and pin #3 of component #16, because no connection was found between their nets.
2026-09-12 22:16:31.223 DEBUG  [BD5879\33F39D] Pass #15: Failed to route Pin on net '/Eight ring pods/Pod 1 {slash} U19/LOCAL_SDA' (2 items remaining, 11 failures). State: FAILED
2026-09-12 22:16:31.402 DEBUG  [BD5879\33F39D] Autorouter Failed to route connection between polylinetrace, polylinetrace, polylinetrace, polylinetrace, polylinetrace, via, via, pin #1 of component #23, pin #4 of component #10 and pin #4 of component #11, because no connection was found between their nets.
2026-09-12 22:16:31.402 DEBUG  [BD5879\33F39D] Pass #15: Failed to route Pin on net 'VBAT' (1 items remaining, 11 failures). State: FAILED
2026-09-12 22:16:31.445 INFO   [BD5879\33F39D] Auto-routing pass #15 on board '1f287136734bf47f24c6fc2836f8f41a' was completed in 0.91 seconds with score 788.66 (5 unrouted and 31 violations), using 15.61 CPU seconds and the job allocated 114.68 GB of memory so far.
2026-09-12 22:16:31.479 DEBUG  Queuing item for routing: Via on net 'POD_3V3' (connected: 59/62)
2026-09-12 22:16:31.479 DEBUG  Queuing item for routing: Via on net 'POD_3V3' (connected: 3/62)
2026-09-12 22:16:31.479 DEBUG  Queuing item for routing: Pin on net 'VBAT' (connected: 9/10)
2026-09-12 22:16:31.479 DEBUG  Queuing item for routing: Pin on net '/Eight ring pods/Pod 1 {slash} U19/UART_RX_LOCAL' (connected: 1/8)
2026-09-12 22:16:31.480 DEBUG  Queuing item for routing: Pin on net '/Eight ring pods/Pod 1 {slash} U19/UART_RX_LOCAL' (connected: 7/8)
2026-09-12 22:16:31.480 DEBUG  Queuing item for routing: Pin on net '/Eight ring pods/Pod 1 {slash} U19/LOCAL_SDA' (connected: 11/12)
2026-09-12 22:16:31.480 DEBUG  Queuing item for routing: Pin on net '/Eight ring pods/Pod 1 {slash} U19/LRA_N' (connected: 3/6)
2026-09-12 22:16:31.480 DEBUG  Queuing item for routing: Pin on net '/Eight ring pods/Pod 1 {slash} U19/LRA_N' (connected: 3/6)
2026-09-12 22:16:31.480 DEBUG  Queuing item for routing: Pin on net '/Eight ring pods/Pod 1 {slash} U19/LOCAL_SDA' (connected: 1/12)
2026-09-12 22:16:31.480 DEBUG  Queuing item for routing: Pin on net 'VBAT' (connected: 1/10)
2026-09-12 22:16:31.494 DEBUG  [BD5879\33F39D] Pass #16: 5 incompletes across 10 items to route
2026-09-12 22:16:31.494 DEBUG  [BD5879\33F39D]   Net 'POD_3V3' has 1 incomplete(s)
2026-09-12 22:16:31.494 DEBUG  [BD5879\33F39D]   Net '/Eight ring pods/Pod 1 {slash} U19/UART_RX_LOCAL' has 1 incomplete(s)
2026-09-12 22:16:31.494 DEBUG  [BD5879\33F39D]   Net 'VBAT' has 1 incomplete(s)
2026-09-12 22:16:31.494 DEBUG  [BD5879\33F39D]   Net '/Eight ring pods/Pod 1 {slash} U19/LOCAL_SDA' has 1 incomplete(s)
2026-09-12 22:16:31.494 DEBUG  [BD5879\33F39D]   Net '/Eight ring pods/Pod 1 {slash} U19/LRA_N' has 1 incomplete(s)
2026-09-12 22:16:31.610 DEBUG  FoundConnectionInserter: insert trace failed for net #9 at corner 29/29 on layer 3, trace width: 2000, from corner: 6, okPoint: (785088,-708805), target: (880410,-617728)
2026-09-12 22:16:31.613 DEBUG  [BD5879\33F39D] Autorouter Failed to route connection between pin #4 of component #11 and polylinetrace, polylinetrace, polylinetrace, polylinetrace, polylinetrace, via, via, pin #1 of component #23, pin #4 of component #10, because the new connection could not be inserted.
2026-09-12 22:16:31.613 DEBUG  [BD5879\33F39D] Pass #16: Failed to route Pin on net 'VBAT' (8 items remaining, 11 failures). State: FAILED
2026-09-12 22:16:31.700 DEBUG  FoundConnectionInserter: insert trace failed for net #6 at corner 32/32 on layer 0, trace width: 750, from corner: 3, okPoint: (856647,-490493), target: (890375,-614228)
2026-09-12 22:16:31.703 DEBUG  [BD5879\33F39D] Autorouter Failed to route connection between polylinetrace, polylinetrace, polylinetrace, polylinetrace, pin #17 of component #21, pin #1 of component #4, pin #1 of component #2 and pin #3 of component #22, because the new connection could not be inserted.
2026-09-12 22:16:31.703 DEBUG  [BD5879\33F39D] Pass #16: Failed to route Pin on net '/Eight ring pods/Pod 1 {slash} U19/UART_RX_LOCAL' (7 items remaining, 4 failures). State: FAILED
2026-09-12 22:16:31.759 DEBUG  [BD5879\33F39D] Autorouter Failed to route connection between pin #3 of component #16 and polylinetrace, polylinetrace, polylinetrace, polylinetrace, polylinetrace, via, via, via, via, pin #4 of component #21, pin #1 of component #3, because no connection was found between their nets.
2026-09-12 22:16:31.759 DEBUG  [BD5879\33F39D] Pass #16: Failed to route Pin on net '/Eight ring pods/Pod 1 {slash} U19/LOCAL_SDA' (5 items remaining, 12 failures). State: FAILED
2026-09-12 22:16:31.768 DEBUG  FoundConnectionInserter: insert trace failed for net #15 at corner 21/21 on layer 3, trace width: 750, from corner: 12, okPoint: (871975,-593514), target: (845160,-553982)
2026-09-12 22:16:31.770 DEBUG  [BD5879\33F39D] Autorouter Failed to route connection between polylinetrace, via, pin #8 of component #16 and polylinetrace, via, pin #1 of component #17, because the new connection could not be inserted.
2026-09-12 22:16:31.771 DEBUG  [BD5879\33F39D] Pass #16: Failed to route Pin on net '/Eight ring pods/Pod 1 {slash} U19/LRA_N' (4 items remaining, 4 failures). State: FAILED
2026-09-12 22:16:31.774 DEBUG  FoundConnectionInserter: insert trace failed for net #15 at corner 18/18 on layer 3, trace width: 750, from corner: 6, okPoint: (847087,-560553), target: (892921,-696121)
2026-09-12 22:16:31.777 DEBUG  [BD5879\33F39D] Autorouter Failed to route connection between polylinetrace, via, pin #1 of component #17 and polylinetrace, via, pin #8 of component #16, because the new connection could not be inserted.
2026-09-12 22:16:31.777 DEBUG  [BD5879\33F39D] Pass #16: Failed to route Pin on net '/Eight ring pods/Pod 1 {slash} U19/LRA_N' (3 items remaining, 1 failures). State: FAILED
2026-09-12 22:16:32.002 DEBUG  [BD5879\33F39D] Autorouter Failed to route connection between polylinetrace, polylinetrace, polylinetrace, polylinetrace, polylinetrace, via, via, via, via, pin #4 of component #21, pin #1 of component #3 and pin #3 of component #16, because no connection was found between their nets.
2026-09-12 22:16:32.002 DEBUG  [BD5879\33F39D] Pass #16: Failed to route Pin on net '/Eight ring pods/Pod 1 {slash} U19/LOCAL_SDA' (2 items remaining, 12 failures). State: FAILED
2026-09-12 22:16:32.169 DEBUG  FoundConnectionInserter: insert trace failed for net #9 at corner 17/17 on layer 0, trace width: 2000, from corner: 5, okPoint: (865508,-573544), target: (788910,-572996)
2026-09-12 22:16:32.172 DEBUG  [BD5879\33F39D] Autorouter Failed to route connection between polylinetrace, polylinetrace, polylinetrace, polylinetrace, polylinetrace, via, via, pin #1 of component #23, pin #4 of component #10 and pin #4 of component #11, because the new connection could not be inserted.
2026-09-12 22:16:32.172 DEBUG  [BD5879\33F39D] Pass #16: Failed to route Pin on net 'VBAT' (1 items remaining, 12 failures). State: FAILED
2026-09-12 22:16:32.251 DEBUG  [BD5879\33F39D] Restoring an earlier board that has the score of 788.66 (5 unrouted and 31 violations).
2026-09-12 22:16:32.251 INFO   [BD5879\33F39D] Auto-routing pass #16 on board 'cf34b79109c576ad8155e2aa1d3a90f5' was completed in 0.77 seconds with score 788.66 (5 unrouted and 31 violations), using 16.59 CPU seconds and the job allocated 122.25 GB of memory so far.
2026-09-12 22:16:32.271 DEBUG  Queuing item for routing: Via on net 'POD_3V3' (connected: 59/62)
2026-09-12 22:16:32.271 DEBUG  Queuing item for routing: Via on net 'POD_3V3' (connected: 3/62)
2026-09-12 22:16:32.272 DEBUG  Queuing item for routing: Pin on net 'VBAT' (connected: 9/10)
2026-09-12 22:16:32.272 DEBUG  Queuing item for routing: Pin on net '/Eight ring pods/Pod 1 {slash} U19/UART_RX_LOCAL' (connected: 1/8)
2026-09-12 22:16:32.272 DEBUG  Queuing item for routing: Pin on net '/Eight ring pods/Pod 1 {slash} U19/UART_RX_LOCAL' (connected: 7/8)
2026-09-12 22:16:32.272 DEBUG  Queuing item for routing: Pin on net '/Eight ring pods/Pod 1 {slash} U19/LOCAL_SDA' (connected: 11/12)
2026-09-12 22:16:32.272 DEBUG  Queuing item for routing: Pin on net '/Eight ring pods/Pod 1 {slash} U19/LRA_N' (connected: 3/6)
2026-09-12 22:16:32.272 DEBUG  Queuing item for routing: Pin on net '/Eight ring pods/Pod 1 {slash} U19/LRA_N' (connected: 3/6)
2026-09-12 22:16:32.272 DEBUG  Queuing item for routing: Pin on net '/Eight ring pods/Pod 1 {slash} U19/LOCAL_SDA' (connected: 1/12)
2026-09-12 22:16:32.272 DEBUG  Queuing item for routing: Pin on net 'VBAT' (connected: 1/10)
2026-09-12 22:16:32.287 DEBUG  [BD5879\33F39D] Pass #17: 5 incompletes across 10 items to route
2026-09-12 22:16:32.287 DEBUG  [BD5879\33F39D]   Net 'POD_3V3' has 1 incomplete(s)
2026-09-12 22:16:32.287 DEBUG  [BD5879\33F39D]   Net '/Eight ring pods/Pod 1 {slash} U19/UART_RX_LOCAL' has 1 incomplete(s)
2026-09-12 22:16:32.287 DEBUG  [BD5879\33F39D]   Net 'VBAT' has 1 incomplete(s)
2026-09-12 22:16:32.287 DEBUG  [BD5879\33F39D]   Net '/Eight ring pods/Pod 1 {slash} U19/LOCAL_SDA' has 1 incomplete(s)
2026-09-12 22:16:32.287 DEBUG  [BD5879\33F39D]   Net '/Eight ring pods/Pod 1 {slash} U19/LRA_N' has 1 incomplete(s)
2026-09-12 22:16:32.402 DEBUG  FoundConnectionInserter: insert trace failed for net #9 at corner 29/29 on layer 3, trace width: 2000, from corner: 6, okPoint: (785088,-708805), target: (880410,-617728)
2026-09-12 22:16:32.404 DEBUG  [BD5879\33F39D] Autorouter Failed to route connection between pin #4 of component #11 and polylinetrace, polylinetrace, polylinetrace, polylinetrace, polylinetrace, via, via, pin #1 of component #23, pin #4 of component #10, because the new connection could not be inserted.
2026-09-12 22:16:32.404 DEBUG  [BD5879\33F39D] Pass #17: Failed to route Pin on net 'VBAT' (8 items remaining, 11 failures). State: FAILED
2026-09-12 22:16:32.497 DEBUG  FoundConnectionInserter: insert trace failed for net #6 at corner 13/13 on layer 0, trace width: 750, from corner: 4, okPoint: (868725,-719736), target: (843994,-763750)
2026-09-12 22:16:32.499 DEBUG  [BD5879\33F39D] Autorouter Failed to route connection between polylinetrace, polylinetrace, polylinetrace, polylinetrace, pin #17 of component #21, pin #1 of component #4, pin #1 of component #2 and pin #3 of component #22, because the new connection could not be inserted.
2026-09-12 22:16:32.499 DEBUG  [BD5879\33F39D] Pass #17: Failed to route Pin on net '/Eight ring pods/Pod 1 {slash} U19/UART_RX_LOCAL' (7 items remaining, 4 failures). State: FAILED
2026-09-12 22:16:32.525 DEBUG  [BD5879\33F39D] Autorouter Failed to route connection between pin #3 of component #16 and polylinetrace, polylinetrace, polylinetrace, polylinetrace, polylinetrace, via, via, via, via, pin #4 of component #21, pin #1 of component #3, because no connection was found between their nets.
2026-09-12 22:16:32.525 DEBUG  [BD5879\33F39D] Pass #17: Failed to route Pin on net '/Eight ring pods/Pod 1 {slash} U19/LOCAL_SDA' (5 items remaining, 12 failures). State: FAILED
2026-09-12 22:16:32.575 DEBUG  FoundConnectionInserter: insert trace failed for net #15 at corner 14/14 on layer 3, trace width: 750, from corner: 5, okPoint: (871975,-593514), target: (845160,-553982)
2026-09-12 22:16:32.578 DEBUG  [BD5879\33F39D] Autorouter Failed to route connection between polylinetrace, via, pin #8 of component #16 and polylinetrace, via, pin #1 of component #17, because the new connection could not be inserted.
2026-09-12 22:16:32.578 DEBUG  [BD5879\33F39D] Pass #17: Failed to route Pin on net '/Eight ring pods/Pod 1 {slash} U19/LRA_N' (4 items remaining, 4 failures). State: FAILED
2026-09-12 22:16:32.580 DEBUG  FoundConnectionInserter: insert trace failed for net #15 at corner 11/11 on layer 3, trace width: 750, from corner: 6, okPoint: (847087,-560553), target: (867748,-644075)
2026-09-12 22:16:32.583 DEBUG  [BD5879\33F39D] Autorouter Failed to route connection between via, polylinetrace, via, polylinetrace, polylinetrace, via, pin #1 of component #17 and polylinetrace, via, pin #8 of component #16, because the new connection could not be inserted.
2026-09-12 22:16:32.583 DEBUG  [BD5879\33F39D] Pass #17: Failed to route Pin on net '/Eight ring pods/Pod 1 {slash} U19/LRA_N' (3 items remaining, 1 failures). State: FAILED
2026-09-12 22:16:32.817 DEBUG  [BD5879\33F39D] Autorouter Failed to route connection between polylinetrace, polylinetrace, polylinetrace, polylinetrace, polylinetrace, via, via, via, via, pin #4 of component #21, pin #1 of component #3 and pin #3 of component #16, because no connection was found between their nets.
2026-09-12 22:16:32.817 DEBUG  [BD5879\33F39D] Pass #17: Failed to route Pin on net '/Eight ring pods/Pod 1 {slash} U19/LOCAL_SDA' (2 items remaining, 12 failures). State: FAILED
2026-09-12 22:16:33.007 DEBUG  [BD5879\33F39D] Autorouter Failed to route connection between polylinetrace, polylinetrace, polylinetrace, polylinetrace, polylinetrace, via, via, pin #1 of component #23, pin #4 of component #10 and pin #4 of component #11, because no connection was found between their nets.
2026-09-12 22:16:33.007 DEBUG  [BD5879\33F39D] Pass #17: Failed to route Pin on net 'VBAT' (1 items remaining, 12 failures). State: FAILED
2026-09-12 22:16:33.067 INFO   [BD5879\33F39D] Auto-routing pass #17 on board 'cf34b79109c576ad8155e2aa1d3a90f5' was completed in 0.80 seconds with score 769.80 (6 unrouted and 31 violations), using 17.58 CPU seconds and the job allocated 129.84 GB of memory so far.
2026-09-12 22:16:33.100 DEBUG  Queuing item for routing: Pin on net 'VBAT' (connected: 7/8)
2026-09-12 22:16:33.100 DEBUG  Queuing item for routing: Pin on net 'RING_nRESET' (connected: 3/8)
2026-09-12 22:16:33.100 DEBUG  Queuing item for routing: Pin on net '/Eight ring pods/Pod 1 {slash} U19/LOCAL_SDA' (connected: 11/12)
2026-09-12 22:16:33.100 DEBUG  Queuing item for routing: Pin on net 'RING_nRESET' (connected: 5/8)
2026-09-12 22:16:33.100 DEBUG  Queuing item for routing: Pin on net '/Eight ring pods/Pod 1 {slash} U19/CELL_TEMP' (connected: 3/7)
2026-09-12 22:16:33.100 DEBUG  Queuing item for routing: Pin on net '/Eight ring pods/Pod 1 {slash} U19/CELL_TEMP' (connected: 3/7)
2026-09-12 22:16:33.100 DEBUG  Queuing item for routing: Pin on net '/Eight ring pods/Pod 1 {slash} U19/CELL_TEMP' (connected: 1/7)
2026-09-12 22:16:33.100 DEBUG  Queuing item for routing: Pin on net '/Eight ring pods/Pod 1 {slash} U19/LRA_N' (connected: 3/6)
2026-09-12 22:16:33.100 DEBUG  Queuing item for routing: Pin on net '/Eight ring pods/Pod 1 {slash} U19/LRA_N' (connected: 3/6)
2026-09-12 22:16:33.100 DEBUG  Queuing item for routing: Pin on net '/Eight ring pods/Pod 1 {slash} U19/LOCAL_SDA' (connected: 1/12)
2026-09-12 22:16:33.100 DEBUG  Queuing item for routing: Pin on net 'VBAT' (connected: 1/8)
2026-09-12 22:16:33.128 DEBUG  [BD5879\33F39D] Pass #18: 6 incompletes across 11 items to route
2026-09-12 22:16:33.128 DEBUG  [BD5879\33F39D]   Net 'RING_nRESET' has 1 incomplete(s)
2026-09-12 22:16:33.128 DEBUG  [BD5879\33F39D]   Net 'VBAT' has 1 incomplete(s)
2026-09-12 22:16:33.128 DEBUG  [BD5879\33F39D]   Net '/Eight ring pods/Pod 1 {slash} U19/LOCAL_SDA' has 1 incomplete(s)
2026-09-12 22:16:33.128 DEBUG  [BD5879\33F39D]   Net '/Eight ring pods/Pod 1 {slash} U19/LRA_N' has 1 incomplete(s)
2026-09-12 22:16:33.128 DEBUG  [BD5879\33F39D]   Net '/Eight ring pods/Pod 1 {slash} U19/CELL_TEMP' has 2 incomplete(s)
2026-09-12 22:16:33.155 DEBUG  FoundConnectionInserter: insert trace failed for net #9 at corner 38/38 on layer 3, trace width: 2000, from corner: 10, okPoint: (844386,-573471), target: (891838,-629255)
2026-09-12 22:16:33.162 DEBUG  [BD5879\33F39D] Autorouter Failed to route connection between pin #4 of component #11 and polylinetrace, polylinetrace, polylinetrace, via, via, pin #1 of component #23, pin #4 of component #10, because the new connection could not be inserted.
2026-09-12 22:16:33.162 DEBUG  [BD5879\33F39D] Pass #18: Failed to route Pin on net 'VBAT' (11 items remaining, 12 failures). State: FAILED
2026-09-12 22:16:33.237 DEBUG  [BD5879\33F39D] Autorouter Failed to route connection between pin #3 of component #16 and polylinetrace, polylinetrace, polylinetrace, polylinetrace, polylinetrace, via, via, via, via, pin #4 of component #21, pin #1 of component #3, because no connection was found between their nets.
2026-09-12 22:16:33.237 DEBUG  [BD5879\33F39D] Pass #18: Failed to route Pin on net '/Eight ring pods/Pod 1 {slash} U19/LOCAL_SDA' (9 items remaining, 13 failures). State: FAILED
2026-09-12 22:16:33.337 DEBUG  FoundConnectionInserter: insert trace failed for net #16 at corner 18/18 on layer 0, trace width: 750, from corner: 4, okPoint: (883703,-643224), target: (890179,-629864)
2026-09-12 22:16:33.341 DEBUG  [BD5879\33F39D] Autorouter Failed to route connection between pin of component #18 and polylinetrace, polylinetrace, polylinetrace, via, via, polylinetrace, polylinetrace, via, pin #1 of component #21, pin of component #20, pin #1 of component #7, because the new connection could not be inserted.
2026-09-12 22:16:33.369 DEBUG  FoundConnectionInserter: insert trace failed for net #16 at corner 16/16 on layer 0, trace width: 750, from corner: 8, okPoint: (886446,-641521), target: (878564,-648364)
2026-09-12 22:16:33.372 DEBUG  [BD5879\33F39D] Autorouter Failed to route connection between polylinetrace, polylinetrace, polylinetrace, polylinetrace, polylinetrace, via, via, polylinetrace, via, pin #1 of component #21, pin of component #20, pin #1 of component #7 and pin of component #18, because the new connection could not be inserted.
2026-09-12 22:16:33.372 DEBUG  [BD5879\33F39D] Pass #18: Failed to route Pin on net '/Eight ring pods/Pod 1 {slash} U19/CELL_TEMP' (5 items remaining, 4 failures). State: FAILED
2026-09-12 22:16:33.376 DEBUG  FoundConnectionInserter: insert trace failed for net #15 at corner 24/24 on layer 3, trace width: 750, from corner: 15, okPoint: (871975,-593514), target: (845160,-553629)
2026-09-12 22:16:33.382 DEBUG  [BD5879\33F39D] Autorouter Failed to route connection between polylinetrace, via, pin #8 of component #16 and polylinetrace, via, pin #1 of component #17, because the new connection could not be inserted.
2026-09-12 22:16:33.382 DEBUG  [BD5879\33F39D] Pass #18: Failed to route Pin on net '/Eight ring pods/Pod 1 {slash} U19/LRA_N' (4 items remaining, 5 failures). State: FAILED
2026-09-12 22:16:33.387 DEBUG  FoundConnectionInserter: insert trace failed for net #15 at corner 19/19 on layer 3, trace width: 750, from corner: 7, okPoint: (847087,-560553), target: (892921,-696121)
2026-09-12 22:16:33.390 DEBUG  [BD5879\33F39D] Autorouter Failed to route connection between polylinetrace, via, pin #1 of component #17 and polylinetrace, via, pin #8 of component #16, because the new connection could not be inserted.
2026-09-12 22:16:33.390 DEBUG  [BD5879\33F39D] Pass #18: Failed to route Pin on net '/Eight ring pods/Pod 1 {slash} U19/LRA_N' (3 items remaining, 2 failures). State: FAILED
2026-09-12 22:16:33.624 DEBUG  [BD5879\33F39D] Autorouter Failed to route connection between polylinetrace, polylinetrace, polylinetrace, polylinetrace, polylinetrace, via, via, via, via, pin #4 of component #21, pin #1 of component #3 and pin #3 of component #16, because no connection was found between their nets.
2026-09-12 22:16:33.624 DEBUG  [BD5879\33F39D] Pass #18: Failed to route Pin on net '/Eight ring pods/Pod 1 {slash} U19/LOCAL_SDA' (2 items remaining, 13 failures). State: FAILED
2026-09-12 22:16:33.843 DEBUG  [BD5879\33F39D] Autorouter Failed to route connection between polylinetrace, polylinetrace, polylinetrace, via, via, pin #1 of component #23, pin #4 of component #10 and pin #4 of component #11, because no connection was found between their nets.
2026-09-12 22:16:33.843 DEBUG  [BD5879\33F39D] Pass #18: Failed to route Pin on net 'VBAT' (1 items remaining, 13 failures). State: FAILED
2026-09-12 22:16:33.895 INFO   [BD5879\33F39D] Auto-routing pass #18 on board '0c05bd1315c9cbed7c63edead9ea23f0' was completed in 0.80 seconds with score 788.66 (5 unrouted and 31 violations), using 18.56 CPU seconds and the job allocated 137.16 GB of memory so far.
2026-09-12 22:16:33.930 DEBUG  Queuing item for routing: Pin on net 'VBAT' (connected: 7/8)
2026-09-12 22:16:33.931 DEBUG  Queuing item for routing: Pin on net '/Eight ring pods/Pod 1 {slash} U19/UART_RX_LOCAL' (connected: 1/8)
2026-09-12 22:16:33.931 DEBUG  Queuing item for routing: Pin on net '/Eight ring pods/Pod 1 {slash} U19/UART_RX_LOCAL' (connected: 7/8)
2026-09-12 22:16:33.931 DEBUG  Queuing item for routing: Pin on net '/Eight ring pods/Pod 1 {slash} U19/LOCAL_SDA' (connected: 11/12)
2026-09-12 22:16:33.931 DEBUG  Queuing item for routing: Pin on net '/Eight ring pods/Pod 1 {slash} U19/CELL_TEMP' (connected: 11/14)
2026-09-12 22:16:33.931 DEBUG  Queuing item for routing: Pin on net '/Eight ring pods/Pod 1 {slash} U19/CELL_TEMP' (connected: 3/14)
2026-09-12 22:16:33.931 DEBUG  Queuing item for routing: Pin on net '/Eight ring pods/Pod 1 {slash} U19/LRA_N' (connected: 3/6)
2026-09-12 22:16:33.931 DEBUG  Queuing item for routing: Pin on net '/Eight ring pods/Pod 1 {slash} U19/LRA_N' (connected: 3/6)
2026-09-12 22:16:33.931 DEBUG  Queuing item for routing: Pin on net '/Eight ring pods/Pod 1 {slash} U19/LOCAL_SDA' (connected: 1/12)
2026-09-12 22:16:33.931 DEBUG  Queuing item for routing: Pin on net 'VBAT' (connected: 1/8)
2026-09-12 22:16:33.947 DEBUG  [BD5879\33F39D] Pass #19: 5 incompletes across 10 items to route
2026-09-12 22:16:33.947 DEBUG  [BD5879\33F39D]   Net '/Eight ring pods/Pod 1 {slash} U19/UART_RX_LOCAL' has 1 incomplete(s)
2026-09-12 22:16:33.947 DEBUG  [BD5879\33F39D]   Net 'VBAT' has 1 incomplete(s)
2026-09-12 22:16:33.947 DEBUG  [BD5879\33F39D]   Net '/Eight ring pods/Pod 1 {slash} U19/LOCAL_SDA' has 1 incomplete(s)
2026-09-12 22:16:33.947 DEBUG  [BD5879\33F39D]   Net '/Eight ring pods/Pod 1 {slash} U19/LRA_N' has 1 incomplete(s)
2026-09-12 22:16:33.947 DEBUG  [BD5879\33F39D]   Net '/Eight ring pods/Pod 1 {slash} U19/CELL_TEMP' has 1 incomplete(s)
2026-09-12 22:16:33.957 DEBUG  FoundConnectionInserter: insert trace failed for net #9 at corner 17/17 on layer 3, trace width: 2000, from corner: 10, okPoint: (844386,-573471), target: (879190,-613311)
2026-09-12 22:16:33.960 DEBUG  [BD5879\33F39D] Autorouter Failed to route connection between pin #4 of component #11 and polylinetrace, polylinetrace, polylinetrace, via, via, pin #1 of component #23, pin #4 of component #10, because the new connection could not be inserted.
2026-09-12 22:16:33.960 DEBUG  [BD5879\33F39D] Pass #19: Failed to route Pin on net 'VBAT' (10 items remaining, 13 failures). State: FAILED
2026-09-12 22:16:34.143 DEBUG  [BD5879\33F39D] Autorouter Failed to route connection between pin #3 of component #16 and polylinetrace, polylinetrace, polylinetrace, polylinetrace, polylinetrace, via, via, via, via, pin #4 of component #21, pin #1 of component #3, because no connection was found between their nets.
2026-09-12 22:16:34.143 DEBUG  [BD5879\33F39D] Pass #19: Failed to route Pin on net '/Eight ring pods/Pod 1 {slash} U19/LOCAL_SDA' (7 items remaining, 14 failures). State: FAILED
2026-09-12 22:16:34.224 DEBUG  FoundConnectionInserter: insert trace failed for net #15 at corner 24/24 on layer 3, trace width: 750, from corner: 15, okPoint: (871623,-593162), target: (845160,-553629)
2026-09-12 22:16:34.227 DEBUG  [BD5879\33F39D] Autorouter Failed to route connection between polylinetrace, via, pin #8 of component #16 and polylinetrace, via, pin #1 of component #17, because the new connection could not be inserted.
2026-09-12 22:16:34.227 DEBUG  [BD5879\33F39D] Pass #19: Failed to route Pin on net '/Eight ring pods/Pod 1 {slash} U19/LRA_N' (4 items remaining, 6 failures). State: FAILED
2026-09-12 22:16:34.231 DEBUG  FoundConnectionInserter: insert trace failed for net #15 at corner 19/19 on layer 3, trace width: 750, from corner: 7, okPoint: (847087,-560553), target: (892921,-696121)
2026-09-12 22:16:34.234 DEBUG  [BD5879\33F39D] Autorouter Failed to route connection between polylinetrace, via, pin #1 of component #17 and polylinetrace, via, pin #8 of component #16, because the new connection could not be inserted.
2026-09-12 22:16:34.234 DEBUG  [BD5879\33F39D] Pass #19: Failed to route Pin on net '/Eight ring pods/Pod 1 {slash} U19/LRA_N' (3 items remaining, 3 failures). State: FAILED
2026-09-12 22:16:34.472 DEBUG  [BD5879\33F39D] Autorouter Failed to route connection between polylinetrace, polylinetrace, polylinetrace, polylinetrace, polylinetrace, via, via, via, via, pin #4 of component #21, pin #1 of component #3 and pin #3 of component #16, because no connection was found between their nets.
2026-09-12 22:16:34.472 DEBUG  [BD5879\33F39D] Pass #19: Failed to route Pin on net '/Eight ring pods/Pod 1 {slash} U19/LOCAL_SDA' (2 items remaining, 14 failures). State: FAILED
2026-09-12 22:16:34.667 DEBUG  [BD5879\33F39D] Autorouter Failed to route connection between polylinetrace, polylinetrace, polylinetrace, via, via, pin #1 of component #23, pin #4 of component #10 and pin #4 of component #11, because no connection was found between their nets.
2026-09-12 22:16:34.667 DEBUG  [BD5879\33F39D] Pass #19: Failed to route Pin on net 'VBAT' (1 items remaining, 14 failures). State: FAILED
2026-09-12 22:16:34.724 INFO   [BD5879\33F39D] Auto-routing pass #19 on board 'aebda926a6fd892247ae305c2a907a9a' was completed in 0.79 seconds with score 826.40 (3 unrouted and 31 violations), using 18.56 CPU seconds and the job allocated 137.16 GB of memory so far.
2026-09-12 22:16:34.760 DEBUG  Queuing item for routing: Pin on net 'VBAT' (connected: 7/8)
2026-09-12 22:16:34.760 DEBUG  Queuing item for routing: Pin on net '/Eight ring pods/Pod 1 {slash} U19/LOCAL_SDA' (connected: 11/12)
2026-09-12 22:16:34.760 DEBUG  Queuing item for routing: Pin on net '/Eight ring pods/Pod 1 {slash} U19/LRA_N' (connected: 3/6)
2026-09-12 22:16:34.760 DEBUG  Queuing item for routing: Pin on net '/Eight ring pods/Pod 1 {slash} U19/LRA_N' (connected: 3/6)
2026-09-12 22:16:34.760 DEBUG  Queuing item for routing: Pin on net '/Eight ring pods/Pod 1 {slash} U19/LOCAL_SDA' (connected: 1/12)
2026-09-12 22:16:34.761 DEBUG  Queuing item for routing: Pin on net 'VBAT' (connected: 1/8)
2026-09-12 22:16:34.778 DEBUG  [BD5879\33F39D] Pass #20: 3 incompletes across 6 items to route
2026-09-12 22:16:34.778 DEBUG  [BD5879\33F39D]   Net 'VBAT' has 1 incomplete(s)
2026-09-12 22:16:34.778 DEBUG  [BD5879\33F39D]   Net '/Eight ring pods/Pod 1 {slash} U19/LOCAL_SDA' has 1 incomplete(s)
2026-09-12 22:16:34.778 DEBUG  [BD5879\33F39D]   Net '/Eight ring pods/Pod 1 {slash} U19/LRA_N' has 1 incomplete(s)
2026-09-12 22:16:34.805 DEBUG  FoundConnectionInserter: insert trace failed for net #9 at corner 36/36 on layer 3, trace width: 2000, from corner: 10, okPoint: (844386,-573471), target: (891545,-630261)
2026-09-12 22:16:34.808 DEBUG  [BD5879\33F39D] Autorouter Failed to route connection between pin #4 of component #11 and polylinetrace, polylinetrace, polylinetrace, via, via, pin #1 of component #23, pin #4 of component #10, because the new connection could not be inserted.
2026-09-12 22:16:34.808 DEBUG  [BD5879\33F39D] Pass #20: Failed to route Pin on net 'VBAT' (6 items remaining, 14 failures). State: FAILED
2026-09-12 22:16:34.816 DEBUG  [BD5879\33F39D] Autorouter Failed to route connection between pin #3 of component #16 and polylinetrace, polylinetrace, polylinetrace, polylinetrace, polylinetrace, via, via, via, via, pin #4 of component #21, pin #1 of component #3, because no connection was found between their nets.
2026-09-12 22:16:34.816 DEBUG  [BD5879\33F39D] Pass #20: Failed to route Pin on net '/Eight ring pods/Pod 1 {slash} U19/LOCAL_SDA' (5 items remaining, 15 failures). State: FAILED
2026-09-12 22:16:34.820 DEBUG  FoundConnectionInserter: insert trace failed for net #15 at corner 21/21 on layer 3, trace width: 750, from corner: 12, okPoint: (871623,-593162), target: (845160,-553629)
2026-09-12 22:16:34.824 DEBUG  [BD5879\33F39D] Autorouter Failed to route connection between polylinetrace, via, pin #8 of component #16 and polylinetrace, via, pin #1 of component #17, because the new connection could not be inserted.
2026-09-12 22:16:34.824 DEBUG  [BD5879\33F39D] Pass #20: Failed to route Pin on net '/Eight ring pods/Pod 1 {slash} U19/LRA_N' (4 items remaining, 7 failures). State: FAILED
2026-09-12 22:16:34.828 DEBUG  FoundConnectionInserter: insert trace failed for net #15 at corner 18/18 on layer 3, trace width: 750, from corner: 7, okPoint: (847087,-560553), target: (892921,-696121)
2026-09-12 22:16:34.831 DEBUG  [BD5879\33F39D] Autorouter Failed to route connection between polylinetrace, via, pin #1 of component #17 and polylinetrace, via, pin #8 of component #16, because the new connection could not be inserted.
2026-09-12 22:16:34.831 DEBUG  [BD5879\33F39D] Pass #20: Failed to route Pin on net '/Eight ring pods/Pod 1 {slash} U19/LRA_N' (3 items remaining, 4 failures). State: FAILED
2026-09-12 22:16:35.072 DEBUG  [BD5879\33F39D] Autorouter Failed to route connection between polylinetrace, polylinetrace, polylinetrace, polylinetrace, polylinetrace, via, via, via, via, pin #4 of component #21, pin #1 of component #3 and pin #3 of component #16, because no connection was found between their nets.
2026-09-12 22:16:35.072 DEBUG  [BD5879\33F39D] Pass #20: Failed to route Pin on net '/Eight ring pods/Pod 1 {slash} U19/LOCAL_SDA' (2 items remaining, 15 failures). State: FAILED
2026-09-12 22:16:35.263 DEBUG  [BD5879\33F39D] Autorouter Failed to route connection between polylinetrace, polylinetrace, polylinetrace, via, via, pin #1 of component #23, pin #4 of component #10 and pin #4 of component #11, because no connection was found between their nets.
2026-09-12 22:16:35.263 DEBUG  [BD5879\33F39D] Pass #20: Failed to route Pin on net 'VBAT' (1 items remaining, 15 failures). State: FAILED
2026-09-12 22:16:35.333 DEBUG  [BD5879\33F39D] Restoring an earlier board that has the score of 826.40 (3 unrouted and 31 violations).
2026-09-12 22:16:35.333 INFO   [BD5879\33F39D] Auto-routing pass #20 on board '1fd087b23f54a2274e158f1472dd2c92' was completed in 0.57 seconds with score 826.40 (3 unrouted and 31 violations), using 19.56 CPU seconds and the job allocated 145.13 GB of memory so far.
2026-09-12 22:16:35.354 DEBUG  Queuing item for routing: Pin on net 'VBAT' (connected: 7/8)
2026-09-12 22:16:35.354 DEBUG  Queuing item for routing: Pin on net '/Eight ring pods/Pod 1 {slash} U19/LOCAL_SDA' (connected: 11/12)
2026-09-12 22:16:35.354 DEBUG  Queuing item for routing: Pin on net '/Eight ring pods/Pod 1 {slash} U19/LRA_N' (connected: 3/6)
2026-09-12 22:16:35.354 DEBUG  Queuing item for routing: Pin on net '/Eight ring pods/Pod 1 {slash} U19/LRA_N' (connected: 3/6)
2026-09-12 22:16:35.354 DEBUG  Queuing item for routing: Pin on net '/Eight ring pods/Pod 1 {slash} U19/LOCAL_SDA' (connected: 1/12)
2026-09-12 22:16:35.354 DEBUG  Queuing item for routing: Pin on net 'VBAT' (connected: 1/8)
2026-09-12 22:16:35.370 DEBUG  [BD5879\33F39D] Pass #21: 3 incompletes across 6 items to route
2026-09-12 22:16:35.370 DEBUG  [BD5879\33F39D]   Net 'VBAT' has 1 incomplete(s)
2026-09-12 22:16:35.370 DEBUG  [BD5879\33F39D]   Net '/Eight ring pods/Pod 1 {slash} U19/LOCAL_SDA' has 1 incomplete(s)
2026-09-12 22:16:35.370 DEBUG  [BD5879\33F39D]   Net '/Eight ring pods/Pod 1 {slash} U19/LRA_N' has 1 incomplete(s)
2026-09-12 22:16:35.397 DEBUG  FoundConnectionInserter: insert trace failed for net #9 at corner 36/36 on layer 3, trace width: 2000, from corner: 10, okPoint: (844386,-573471), target: (891545,-630261)
2026-09-12 22:16:35.400 DEBUG  [BD5879\33F39D] Autorouter Failed to route connection between pin #4 of component #11 and polylinetrace, polylinetrace, polylinetrace, via, via, pin #1 of component #23, pin #4 of component #10, because the new connection could not be inserted.
2026-09-12 22:16:35.400 DEBUG  [BD5879\33F39D] Pass #21: Failed to route Pin on net 'VBAT' (6 items remaining, 14 failures). State: FAILED
2026-09-12 22:16:35.411 DEBUG  [BD5879\33F39D] Autorouter Failed to route connection between pin #3 of component #16 and polylinetrace, polylinetrace, polylinetrace, polylinetrace, polylinetrace, via, via, via, via, pin #4 of component #21, pin #1 of component #3, because no connection was found between their nets.
2026-09-12 22:16:35.411 DEBUG  [BD5879\33F39D] Pass #21: Failed to route Pin on net '/Eight ring pods/Pod 1 {slash} U19/LOCAL_SDA' (5 items remaining, 15 failures). State: FAILED
2026-09-12 22:16:35.415 DEBUG  FoundConnectionInserter: insert trace failed for net #15 at corner 21/21 on layer 3, trace width: 750, from corner: 12, okPoint: (871623,-593162), target: (845160,-553629)
2026-09-12 22:16:35.418 DEBUG  [BD5879\33F39D] Autorouter Failed to route connection between polylinetrace, via, pin #8 of component #16 and polylinetrace, via, pin #1 of component #17, because the new connection could not be inserted.
2026-09-12 22:16:35.418 DEBUG  [BD5879\33F39D] Pass #21: Failed to route Pin on net '/Eight ring pods/Pod 1 {slash} U19/LRA_N' (4 items remaining, 7 failures). State: FAILED
2026-09-12 22:16:35.423 DEBUG  FoundConnectionInserter: insert trace failed for net #15 at corner 18/18 on layer 3, trace width: 750, from corner: 7, okPoint: (847087,-560553), target: (892921,-696121)
2026-09-12 22:16:35.426 DEBUG  [BD5879\33F39D] Autorouter Failed to route connection between polylinetrace, via, pin #1 of component #17 and polylinetrace, via, pin #8 of component #16, because the new connection could not be inserted.
2026-09-12 22:16:35.426 DEBUG  [BD5879\33F39D] Pass #21: Failed to route Pin on net '/Eight ring pods/Pod 1 {slash} U19/LRA_N' (3 items remaining, 4 failures). State: FAILED
2026-09-12 22:16:35.661 DEBUG  [BD5879\33F39D] Autorouter Failed to route connection between polylinetrace, polylinetrace, polylinetrace, polylinetrace, polylinetrace, via, via, via, via, pin #4 of component #21, pin #1 of component #3 and pin #3 of component #16, because no connection was found between their nets.
2026-09-12 22:16:35.661 DEBUG  [BD5879\33F39D] Pass #21: Failed to route Pin on net '/Eight ring pods/Pod 1 {slash} U19/LOCAL_SDA' (2 items remaining, 15 failures). State: FAILED
2026-09-12 22:16:35.858 DEBUG  [BD5879\33F39D] Autorouter Failed to route connection between polylinetrace, polylinetrace, polylinetrace, via, via, pin #1 of component #23, pin #4 of component #10 and pin #4 of component #11, because no connection was found between their nets.
2026-09-12 22:16:35.858 DEBUG  [BD5879\33F39D] Pass #21: Failed to route Pin on net 'VBAT' (1 items remaining, 15 failures). State: FAILED
2026-09-12 22:16:35.904 INFO   [BD5879\33F39D] Auto-routing pass #21 on board '1fd087b23f54a2274e158f1472dd2c92' was completed in 0.55 seconds with score 807.53 (4 unrouted and 31 violations), using 20.48 CPU seconds and the job allocated 152.79 GB of memory so far.
2026-09-12 22:16:35.941 DEBUG  Queuing item for routing: Pin on net 'VBAT' (connected: 7/8)
2026-09-12 22:16:35.941 DEBUG  Queuing item for routing: Pin on net '/Eight ring pods/Pod 1 {slash} U19/UART_RX_LOCAL' (connected: 3/10)
2026-09-12 22:16:35.942 DEBUG  Queuing item for routing: Pin on net '/Eight ring pods/Pod 1 {slash} U19/UART_RX_LOCAL' (connected: 7/10)
2026-09-12 22:16:35.942 DEBUG  Queuing item for routing: Pin on net '/Eight ring pods/Pod 1 {slash} U19/LOCAL_SDA' (connected: 11/12)
2026-09-12 22:16:35.942 DEBUG  Queuing item for routing: Pin on net '/Eight ring pods/Pod 1 {slash} U19/LRA_N' (connected: 3/6)
2026-09-12 22:16:35.942 DEBUG  Queuing item for routing: Pin on net '/Eight ring pods/Pod 1 {slash} U19/LRA_N' (connected: 3/6)
2026-09-12 22:16:35.942 DEBUG  Queuing item for routing: Pin on net '/Eight ring pods/Pod 1 {slash} U19/LOCAL_SDA' (connected: 1/12)
2026-09-12 22:16:35.942 DEBUG  Queuing item for routing: Pin on net 'VBAT' (connected: 1/8)
2026-09-12 22:16:35.957 DEBUG  [BD5879\33F39D] Pass #22: 4 incompletes across 8 items to route
2026-09-12 22:16:35.957 DEBUG  [BD5879\33F39D]   Net '/Eight ring pods/Pod 1 {slash} U19/UART_RX_LOCAL' has 1 incomplete(s)
2026-09-12 22:16:35.957 DEBUG  [BD5879\33F39D]   Net 'VBAT' has 1 incomplete(s)
2026-09-12 22:16:35.957 DEBUG  [BD5879\33F39D]   Net '/Eight ring pods/Pod 1 {slash} U19/LOCAL_SDA' has 1 incomplete(s)
2026-09-12 22:16:35.957 DEBUG  [BD5879\33F39D]   Net '/Eight ring pods/Pod 1 {slash} U19/LRA_N' has 1 incomplete(s)
2026-09-12 22:16:35.966 DEBUG  FoundConnectionInserter: insert trace failed for net #9 at corner 22/22 on layer 3, trace width: 2000, from corner: 10, okPoint: (844386,-573471), target: (889532,-630645)
2026-09-12 22:16:35.969 DEBUG  [BD5879\33F39D] Autorouter Failed to route connection between pin #4 of component #11 and polylinetrace, polylinetrace, polylinetrace, via, via, pin #1 of component #23, pin #4 of component #10, because the new connection could not be inserted.
2026-09-12 22:16:35.969 DEBUG  [BD5879\33F39D] Pass #22: Failed to route Pin on net 'VBAT' (8 items remaining, 15 failures). State: FAILED
2026-09-12 22:16:36.068 DEBUG  [BD5879\33F39D] Autorouter Failed to route connection between pin #3 of component #16 and polylinetrace, polylinetrace, polylinetrace, polylinetrace, polylinetrace, via, via, via, via, pin #4 of component #21, pin #1 of component #3, because no connection was found between their nets.
2026-09-12 22:16:36.068 DEBUG  [BD5879\33F39D] Pass #22: Failed to route Pin on net '/Eight ring pods/Pod 1 {slash} U19/LOCAL_SDA' (5 items remaining, 16 failures). State: FAILED
2026-09-12 22:16:36.073 DEBUG  FoundConnectionInserter: insert trace failed for net #15 at corner 27/27 on layer 3, trace width: 750, from corner: 18, okPoint: (872220,-593759), target: (845160,-553629)
2026-09-12 22:16:36.076 DEBUG  [BD5879\33F39D] Autorouter Failed to route connection between polylinetrace, via, pin #8 of component #16 and polylinetrace, via, pin #1 of component #17, because the new connection could not be inserted.
2026-09-12 22:16:36.076 DEBUG  [BD5879\33F39D] Pass #22: Failed to route Pin on net '/Eight ring pods/Pod 1 {slash} U19/LRA_N' (4 items remaining, 8 failures). State: FAILED
2026-09-12 22:16:36.081 DEBUG  FoundConnectionInserter: insert trace failed for net #15 at corner 20/20 on layer 3, trace width: 750, from corner: 7, okPoint: (847087,-560553), target: (892921,-696121)
2026-09-12 22:16:36.084 DEBUG  [BD5879\33F39D] Autorouter Failed to route connection between polylinetrace, via, pin #1 of component #17 and polylinetrace, via, pin #8 of component #16, because the new connection could not be inserted.
2026-09-12 22:16:36.084 DEBUG  [BD5879\33F39D] Pass #22: Failed to route Pin on net '/Eight ring pods/Pod 1 {slash} U19/LRA_N' (3 items remaining, 5 failures). State: FAILED
2026-09-12 22:16:36.317 DEBUG  [BD5879\33F39D] Autorouter Failed to route connection between polylinetrace, polylinetrace, polylinetrace, polylinetrace, polylinetrace, via, via, via, via, pin #4 of component #21, pin #1 of component #3 and pin #3 of component #16, because no connection was found between their nets.
2026-09-12 22:16:36.317 DEBUG  [BD5879\33F39D] Pass #22: Failed to route Pin on net '/Eight ring pods/Pod 1 {slash} U19/LOCAL_SDA' (2 items remaining, 16 failures). State: FAILED
2026-09-12 22:16:36.512 DEBUG  [BD5879\33F39D] Autorouter Failed to route connection between polylinetrace, polylinetrace, polylinetrace, via, via, pin #1 of component #23, pin #4 of component #10 and pin #4 of component #11, because no connection was found between their nets.
2026-09-12 22:16:36.512 DEBUG  [BD5879\33F39D] Pass #22: Failed to route Pin on net 'VBAT' (1 items remaining, 16 failures). State: FAILED
2026-09-12 22:16:36.550 INFO   [BD5879\33F39D] Auto-routing pass #22 on board '7351ea971f2e9bb1502b90ceb4ecb370' was completed in 0.61 seconds with score 807.53 (4 unrouted and 31 violations), using 20.48 CPU seconds and the job allocated 152.79 GB of memory so far.
2026-09-12 22:16:36.582 DEBUG  Queuing item for routing: Via on net 'POD_3V3' (connected: 35/62)
2026-09-12 22:16:36.582 DEBUG  Queuing item for routing: Via on net 'POD_3V3' (connected: 27/62)
2026-09-12 22:16:36.582 DEBUG  Queuing item for routing: Pin on net 'VBAT' (connected: 7/8)
2026-09-12 22:16:36.583 DEBUG  Queuing item for routing: Pin on net '/Eight ring pods/Pod 1 {slash} U19/LOCAL_SDA' (connected: 11/12)
2026-09-12 22:16:36.583 DEBUG  Queuing item for routing: Pin on net '/Eight ring pods/Pod 1 {slash} U19/LRA_N' (connected: 3/6)
2026-09-12 22:16:36.583 DEBUG  Queuing item for routing: Pin on net '/Eight ring pods/Pod 1 {slash} U19/LRA_N' (connected: 3/6)
2026-09-12 22:16:36.583 DEBUG  Queuing item for routing: Pin on net '/Eight ring pods/Pod 1 {slash} U19/LOCAL_SDA' (connected: 1/12)
2026-09-12 22:16:36.583 DEBUG  Queuing item for routing: Pin on net 'VBAT' (connected: 1/8)
2026-09-12 22:16:36.596 DEBUG  [BD5879\33F39D] Pass #23: 4 incompletes across 8 items to route
2026-09-12 22:16:36.596 DEBUG  [BD5879\33F39D]   Net 'POD_3V3' has 1 incomplete(s)
2026-09-12 22:16:36.596 DEBUG  [BD5879\33F39D]   Net 'VBAT' has 1 incomplete(s)
2026-09-12 22:16:36.596 DEBUG  [BD5879\33F39D]   Net '/Eight ring pods/Pod 1 {slash} U19/LOCAL_SDA' has 1 incomplete(s)
2026-09-12 22:16:36.596 DEBUG  [BD5879\33F39D]   Net '/Eight ring pods/Pod 1 {slash} U19/LRA_N' has 1 incomplete(s)
2026-09-12 22:16:36.651 DEBUG  FoundConnectionInserter: insert trace failed for net #9 at corner 37/37 on layer 3, trace width: 2000, from corner: 10, okPoint: (844386,-573471), target: (891696,-630261)
2026-09-12 22:16:36.654 DEBUG  [BD5879\33F39D] Autorouter Failed to route connection between pin #4 of component #11 and polylinetrace, polylinetrace, polylinetrace, via, via, pin #1 of component #23, pin #4 of component #10, because the new connection could not be inserted.
2026-09-12 22:16:36.654 DEBUG  [BD5879\33F39D] Pass #23: Failed to route Pin on net 'VBAT' (6 items remaining, 16 failures). State: FAILED
2026-09-12 22:16:36.659 DEBUG  [BD5879\33F39D] Autorouter Failed to route connection between pin #3 of component #16 and polylinetrace, polylinetrace, polylinetrace, polylinetrace, polylinetrace, via, via, via, via, pin #4 of component #21, pin #1 of component #3, because no connection was found between their nets.
2026-09-12 22:16:36.659 DEBUG  [BD5879\33F39D] Pass #23: Failed to route Pin on net '/Eight ring pods/Pod 1 {slash} U19/LOCAL_SDA' (5 items remaining, 17 failures). State: FAILED
2026-09-12 22:16:36.662 DEBUG  FoundConnectionInserter: insert trace failed for net #15 at corner 20/20 on layer 3, trace width: 750, from corner: 11, okPoint: (870119,-591657), target: (845160,-553629)
2026-09-12 22:16:36.665 DEBUG  [BD5879\33F39D] Autorouter Failed to route connection between polylinetrace, via, pin #8 of component #16 and polylinetrace, via, pin #1 of component #17, because the new connection could not be inserted.
2026-09-12 22:16:36.665 DEBUG  [BD5879\33F39D] Pass #23: Failed to route Pin on net '/Eight ring pods/Pod 1 {slash} U19/LRA_N' (4 items remaining, 9 failures). State: FAILED
2026-09-12 22:16:36.669 DEBUG  FoundConnectionInserter: insert trace failed for net #15 at corner 19/19 on layer 3, trace width: 750, from corner: 7, okPoint: (847087,-560553), target: (892921,-696121)
2026-09-12 22:16:36.673 DEBUG  [BD5879\33F39D] Autorouter Failed to route connection between polylinetrace, via, pin #1 of component #17 and polylinetrace, via, pin #8 of component #16, because the new connection could not be inserted.
2026-09-12 22:16:36.673 DEBUG  [BD5879\33F39D] Pass #23: Failed to route Pin on net '/Eight ring pods/Pod 1 {slash} U19/LRA_N' (3 items remaining, 6 failures). State: FAILED
2026-09-12 22:16:36.897 DEBUG  [BD5879\33F39D] Autorouter Failed to route connection between polylinetrace, polylinetrace, polylinetrace, polylinetrace, polylinetrace, via, via, via, via, pin #4 of component #21, pin #1 of component #3 and pin #3 of component #16, because no connection was found between their nets.
2026-09-12 22:16:36.897 DEBUG  [BD5879\33F39D] Pass #23: Failed to route Pin on net '/Eight ring pods/Pod 1 {slash} U19/LOCAL_SDA' (2 items remaining, 17 failures). State: FAILED
2026-09-12 22:16:37.090 DEBUG  [BD5879\33F39D] Autorouter Failed to route connection between polylinetrace, polylinetrace, polylinetrace, via, via, pin #1 of component #23, pin #4 of component #10 and pin #4 of component #11, because no connection was found between their nets.
2026-09-12 22:16:37.090 DEBUG  [BD5879\33F39D] Pass #23: Failed to route Pin on net 'VBAT' (1 items remaining, 17 failures). State: FAILED
2026-09-12 22:16:37.138 INFO   [BD5879\33F39D] Auto-routing pass #23 on board 'dd9ab819e5eeb26ceaea39b4ac843f3b' was completed in 0.56 seconds with score 807.53 (4 unrouted and 31 violations), using 21.48 CPU seconds and the job allocated 161.09 GB of memory so far.
2026-09-12 22:16:37.174 DEBUG  Queuing item for routing: Pin on net 'VBAT' (connected: 7/8)
2026-09-12 22:16:37.174 DEBUG  Queuing item for routing: Pin on net '/Eight ring pods/Pod 1 {slash} U19/UART_RX_LOCAL' (connected: 3/10)
2026-09-12 22:16:37.174 DEBUG  Queuing item for routing: Pin on net '/Eight ring pods/Pod 1 {slash} U19/UART_RX_LOCAL' (connected: 7/10)
2026-09-12 22:16:37.174 DEBUG  Queuing item for routing: Pin on net '/Eight ring pods/Pod 1 {slash} U19/LOCAL_SDA' (connected: 11/12)
2026-09-12 22:16:37.174 DEBUG  Queuing item for routing: Pin on net '/Eight ring pods/Pod 1 {slash} U19/LRA_N' (connected: 3/6)
2026-09-12 22:16:37.174 DEBUG  Queuing item for routing: Pin on net '/Eight ring pods/Pod 1 {slash} U19/LRA_N' (connected: 3/6)
2026-09-12 22:16:37.174 DEBUG  Queuing item for routing: Pin on net '/Eight ring pods/Pod 1 {slash} U19/LOCAL_SDA' (connected: 1/12)
2026-09-12 22:16:37.174 DEBUG  Queuing item for routing: Pin on net 'VBAT' (connected: 1/8)
2026-09-12 22:16:37.189 DEBUG  [BD5879\33F39D] Pass #24: 4 incompletes across 8 items to route
2026-09-12 22:16:37.189 DEBUG  [BD5879\33F39D]   Net '/Eight ring pods/Pod 1 {slash} U19/UART_RX_LOCAL' has 1 incomplete(s)
2026-09-12 22:16:37.189 DEBUG  [BD5879\33F39D]   Net 'VBAT' has 1 incomplete(s)
2026-09-12 22:16:37.189 DEBUG  [BD5879\33F39D]   Net '/Eight ring pods/Pod 1 {slash} U19/LOCAL_SDA' has 1 incomplete(s)
2026-09-12 22:16:37.189 DEBUG  [BD5879\33F39D]   Net '/Eight ring pods/Pod 1 {slash} U19/LRA_N' has 1 incomplete(s)
2026-09-12 22:16:37.278 DEBUG  FoundConnectionInserter: insert trace failed for net #9 at corner 13/13 on layer 0, trace width: 2000, from corner: 7, okPoint: (890733,-559840), target: (895052,-580000)
2026-09-12 22:16:37.281 DEBUG  [BD5879\33F39D] Autorouter Failed to route connection between pin #4 of component #11 and polylinetrace, polylinetrace, polylinetrace, via, via, pin #1 of component #23, pin #4 of component #10, because the new connection could not be inserted.
2026-09-12 22:16:37.281 DEBUG  [BD5879\33F39D] Pass #24: Failed to route Pin on net 'VBAT' (8 items remaining, 17 failures). State: FAILED
2026-09-12 22:16:37.462 DEBUG  [BD5879\33F39D] Autorouter Failed to route connection between pin #3 of component #16 and polylinetrace, polylinetrace, polylinetrace, polylinetrace, polylinetrace, via, via, via, via, pin #4 of component #21, pin #1 of component #3, because no connection was found between their nets.
2026-09-12 22:16:37.462 DEBUG  [BD5879\33F39D] Pass #24: Failed to route Pin on net '/Eight ring pods/Pod 1 {slash} U19/LOCAL_SDA' (5 items remaining, 18 failures). State: FAILED
2026-09-12 22:16:37.467 DEBUG  FoundConnectionInserter: insert trace failed for net #15 at corner 29/29 on layer 3, trace width: 750, from corner: 20, okPoint: (871975,-593514), target: (845160,-553629)
2026-09-12 22:16:37.470 DEBUG  [BD5879\33F39D] Autorouter Failed to route connection between polylinetrace, via, pin #8 of component #16 and polylinetrace, via, pin #1 of component #17, because the new connection could not be inserted.
2026-09-12 22:16:37.470 DEBUG  [BD5879\33F39D] Pass #24: Failed to route Pin on net '/Eight ring pods/Pod 1 {slash} U19/LRA_N' (4 items remaining, 10 failures). State: FAILED
2026-09-12 22:16:37.475 DEBUG  FoundConnectionInserter: insert trace failed for net #15 at corner 24/24 on layer 3, trace width: 750, from corner: 7, okPoint: (847087,-560553), target: (892921,-696121)
2026-09-12 22:16:37.478 DEBUG  [BD5879\33F39D] Autorouter Failed to route connection between polylinetrace, via, pin #1 of component #17 and polylinetrace, via, pin #8 of component #16, because the new connection could not be inserted.
2026-09-12 22:16:37.478 DEBUG  [BD5879\33F39D] Pass #24: Failed to route Pin on net '/Eight ring pods/Pod 1 {slash} U19/LRA_N' (3 items remaining, 7 failures). State: FAILED
2026-09-12 22:16:37.687 DEBUG  [BD5879\33F39D] Autorouter Failed to route connection between polylinetrace, polylinetrace, polylinetrace, polylinetrace, polylinetrace, via, via, via, via, pin #4 of component #21, pin #1 of component #3 and pin #3 of component #16, because no connection was found between their nets.
2026-09-12 22:16:37.687 DEBUG  [BD5879\33F39D] Pass #24: Failed to route Pin on net '/Eight ring pods/Pod 1 {slash} U19/LOCAL_SDA' (2 items remaining, 18 failures). State: FAILED
2026-09-12 22:16:37.841 DEBUG  FoundConnectionInserter: insert trace failed for net #9 at corner 12/12 on layer 0, trace width: 2000, from corner: 6, okPoint: (894990,-624373), target: (886258,-570214)
2026-09-12 22:16:37.845 DEBUG  [BD5879\33F39D] Autorouter Failed to route connection between polylinetrace, polylinetrace, polylinetrace, polylinetrace, via, via, pin #1 of component #23, pin #4 of component #10 and pin #4 of component #11, because the new connection could not be inserted.
2026-09-12 22:16:37.845 DEBUG  [BD5879\33F39D] Pass #24: Failed to route Pin on net 'VBAT' (1 items remaining, 18 failures). State: FAILED
2026-09-12 22:16:37.909 DEBUG  [BD5879\33F39D] Restoring an earlier board that has the score of 826.40 (3 unrouted and 31 violations).
2026-09-12 22:16:37.909 INFO   [BD5879\33F39D] Auto-routing pass #24 on board '1fd087b23f54a2274e158f1472dd2c92' was completed in 0.00 seconds with score 826.40 (3 unrouted and 31 violations), using 22.45 CPU seconds and the job allocated 168.70 GB of memory so far.
2026-09-12 22:16:37.929 DEBUG  Queuing item for routing: Pin on net 'VBAT' (connected: 7/8)
2026-09-12 22:16:37.930 DEBUG  Queuing item for routing: Pin on net '/Eight ring pods/Pod 1 {slash} U19/LOCAL_SDA' (connected: 11/12)
2026-09-12 22:16:37.930 DEBUG  Queuing item for routing: Pin on net '/Eight ring pods/Pod 1 {slash} U19/LRA_N' (connected: 3/6)
2026-09-12 22:16:37.930 DEBUG  Queuing item for routing: Pin on net '/Eight ring pods/Pod 1 {slash} U19/LRA_N' (connected: 3/6)
2026-09-12 22:16:37.930 DEBUG  Queuing item for routing: Pin on net '/Eight ring pods/Pod 1 {slash} U19/LOCAL_SDA' (connected: 1/12)
2026-09-12 22:16:37.930 DEBUG  Queuing item for routing: Pin on net 'VBAT' (connected: 1/8)
2026-09-12 22:16:37.946 DEBUG  [BD5879\33F39D] Pass #25: 3 incompletes across 6 items to route
2026-09-12 22:16:37.946 DEBUG  [BD5879\33F39D]   Net 'VBAT' has 1 incomplete(s)
2026-09-12 22:16:37.946 DEBUG  [BD5879\33F39D]   Net '/Eight ring pods/Pod 1 {slash} U19/LOCAL_SDA' has 1 incomplete(s)
2026-09-12 22:16:37.946 DEBUG  [BD5879\33F39D]   Net '/Eight ring pods/Pod 1 {slash} U19/LRA_N' has 1 incomplete(s)
2026-09-12 22:16:37.972 DEBUG  FoundConnectionInserter: insert trace failed for net #9 at corner 36/36 on layer 3, trace width: 2000, from corner: 10, okPoint: (844386,-573471), target: (891545,-630261)
2026-09-12 22:16:37.976 DEBUG  [BD5879\33F39D] Autorouter Failed to route connection between pin #4 of component #11 and polylinetrace, polylinetrace, polylinetrace, via, via, pin #1 of component #23, pin #4 of component #10, because the new connection could not be inserted.
2026-09-12 22:16:37.976 DEBUG  [BD5879\33F39D] Pass #25: Failed to route Pin on net 'VBAT' (6 items remaining, 14 failures). State: FAILED
2026-09-12 22:16:37.985 DEBUG  [BD5879\33F39D] Autorouter Failed to route connection between pin #3 of component #16 and polylinetrace, polylinetrace, polylinetrace, polylinetrace, polylinetrace, via, via, via, via, pin #4 of component #21, pin #1 of component #3, because no connection was found between their nets.
2026-09-12 22:16:37.985 DEBUG  [BD5879\33F39D] Pass #25: Failed to route Pin on net '/Eight ring pods/Pod 1 {slash} U19/LOCAL_SDA' (5 items remaining, 15 failures). State: FAILED
2026-09-12 22:16:37.990 DEBUG  FoundConnectionInserter: insert trace failed for net #15 at corner 21/21 on layer 3, trace width: 750, from corner: 12, okPoint: (871623,-593162), target: (845160,-553629)
2026-09-12 22:16:37.993 DEBUG  [BD5879\33F39D] Autorouter Failed to route connection between polylinetrace, via, pin #8 of component #16 and polylinetrace, via, pin #1 of component #17, because the new connection could not be inserted.
2026-09-12 22:16:37.993 DEBUG  [BD5879\33F39D] Pass #25: Failed to route Pin on net '/Eight ring pods/Pod 1 {slash} U19/LRA_N' (4 items remaining, 7 failures). State: FAILED
2026-09-12 22:16:37.998 DEBUG  FoundConnectionInserter: insert trace failed for net #15 at corner 18/18 on layer 3, trace width: 750, from corner: 7, okPoint: (847087,-560553), target: (892921,-696121)
2026-09-12 22:16:38.001 DEBUG  [BD5879\33F39D] Autorouter Failed to route connection between polylinetrace, via, pin #1 of component #17 and polylinetrace, via, pin #8 of component #16, because the new connection could not be inserted.
2026-09-12 22:16:38.001 DEBUG  [BD5879\33F39D] Pass #25: Failed to route Pin on net '/Eight ring pods/Pod 1 {slash} U19/LRA_N' (3 items remaining, 4 failures). State: FAILED
2026-09-12 22:16:38.234 DEBUG  [BD5879\33F39D] Autorouter Failed to route connection between polylinetrace, polylinetrace, polylinetrace, polylinetrace, polylinetrace, via, via, via, via, pin #4 of component #21, pin #1 of component #3 and pin #3 of component #16, because no connection was found between their nets.
2026-09-12 22:16:38.234 DEBUG  [BD5879\33F39D] Pass #25: Failed to route Pin on net '/Eight ring pods/Pod 1 {slash} U19/LOCAL_SDA' (2 items remaining, 15 failures). State: FAILED
2026-09-12 22:16:38.429 DEBUG  [BD5879\33F39D] Autorouter Failed to route connection between polylinetrace, polylinetrace, polylinetrace, via, via, pin #1 of component #23, pin #4 of component #10 and pin #4 of component #11, because no connection was found between their nets.
2026-09-12 22:16:38.429 DEBUG  [BD5879\33F39D] Pass #25: Failed to route Pin on net 'VBAT' (1 items remaining, 15 failures). State: FAILED
2026-09-12 22:16:38.476 INFO   [BD5879\33F39D] Auto-routing pass #25 on board '1fd087b23f54a2274e158f1472dd2c92' was completed in 0.55 seconds with score 807.53 (4 unrouted and 31 violations), using 22.45 CPU seconds and the job allocated 168.70 GB of memory so far.
2026-09-12 22:16:38.511 DEBUG  Queuing item for routing: Pin on net 'VBAT' (connected: 7/8)
2026-09-12 22:16:38.512 DEBUG  Queuing item for routing: Pin on net '/Eight ring pods/Pod 1 {slash} U19/UART_RX_LOCAL' (connected: 3/10)
2026-09-12 22:16:38.512 DEBUG  Queuing item for routing: Pin on net '/Eight ring pods/Pod 1 {slash} U19/UART_RX_LOCAL' (connected: 7/10)
2026-09-12 22:16:38.512 DEBUG  Queuing item for routing: Pin on net '/Eight ring pods/Pod 1 {slash} U19/LOCAL_SDA' (connected: 11/12)
2026-09-12 22:16:38.512 DEBUG  Queuing item for routing: Pin on net '/Eight ring pods/Pod 1 {slash} U19/LRA_N' (connected: 3/6)
2026-09-12 22:16:38.512 DEBUG  Queuing item for routing: Pin on net '/Eight ring pods/Pod 1 {slash} U19/LRA_N' (connected: 3/6)
2026-09-12 22:16:38.512 DEBUG  Queuing item for routing: Pin on net '/Eight ring pods/Pod 1 {slash} U19/LOCAL_SDA' (connected: 1/12)
2026-09-12 22:16:38.512 DEBUG  Queuing item for routing: Pin on net 'VBAT' (connected: 1/8)
2026-09-12 22:16:38.527 DEBUG  [BD5879\33F39D] Pass #26: 4 incompletes across 8 items to route
2026-09-12 22:16:38.527 DEBUG  [BD5879\33F39D]   Net '/Eight ring pods/Pod 1 {slash} U19/UART_RX_LOCAL' has 1 incomplete(s)
2026-09-12 22:16:38.527 DEBUG  [BD5879\33F39D]   Net 'VBAT' has 1 incomplete(s)
2026-09-12 22:16:38.527 DEBUG  [BD5879\33F39D]   Net '/Eight ring pods/Pod 1 {slash} U19/LOCAL_SDA' has 1 incomplete(s)
2026-09-12 22:16:38.527 DEBUG  [BD5879\33F39D]   Net '/Eight ring pods/Pod 1 {slash} U19/LRA_N' has 1 incomplete(s)
2026-09-12 22:16:38.537 DEBUG  FoundConnectionInserter: insert trace failed for net #9 at corner 22/22 on layer 3, trace width: 2000, from corner: 10, okPoint: (844386,-573471), target: (889532,-630645)
2026-09-12 22:16:38.539 DEBUG  [BD5879\33F39D] Autorouter Failed to route connection between pin #4 of component #11 and polylinetrace, polylinetrace, polylinetrace, via, via, pin #1 of component #23, pin #4 of component #10, because the new connection could not be inserted.
2026-09-12 22:16:38.539 DEBUG  [BD5879\33F39D] Pass #26: Failed to route Pin on net 'VBAT' (8 items remaining, 15 failures). State: FAILED
2026-09-12 22:16:38.635 DEBUG  [BD5879\33F39D] Autorouter Failed to route connection between pin #3 of component #16 and polylinetrace, polylinetrace, polylinetrace, polylinetrace, polylinetrace, via, via, via, via, pin #4 of component #21, pin #1 of component #3, because no connection was found between their nets.
2026-09-12 22:16:38.635 DEBUG  [BD5879\33F39D] Pass #26: Failed to route Pin on net '/Eight ring pods/Pod 1 {slash} U19/LOCAL_SDA' (5 items remaining, 16 failures). State: FAILED
2026-09-12 22:16:38.640 DEBUG  FoundConnectionInserter: insert trace failed for net #15 at corner 27/27 on layer 3, trace width: 750, from corner: 18, okPoint: (872220,-593759), target: (845160,-553629)
2026-09-12 22:16:38.643 DEBUG  [BD5879\33F39D] Autorouter Failed to route connection between polylinetrace, via, pin #8 of component #16 and polylinetrace, via, pin #1 of component #17, because the new connection could not be inserted.
2026-09-12 22:16:38.643 DEBUG  [BD5879\33F39D] Pass #26: Failed to route Pin on net '/Eight ring pods/Pod 1 {slash} U19/LRA_N' (4 items remaining, 8 failures). State: FAILED
2026-09-12 22:16:38.647 DEBUG  FoundConnectionInserter: insert trace failed for net #15 at corner 20/20 on layer 3, trace width: 750, from corner: 7, okPoint: (847087,-560553), target: (892921,-696121)
2026-09-12 22:16:38.652 DEBUG  [BD5879\33F39D] Autorouter Failed to route connection between polylinetrace, via, pin #1 of component #17 and polylinetrace, via, pin #8 of component #16, because the new connection could not be inserted.
2026-09-12 22:16:38.652 DEBUG  [BD5879\33F39D] Pass #26: Failed to route Pin on net '/Eight ring pods/Pod 1 {slash} U19/LRA_N' (3 items remaining, 5 failures). State: FAILED
2026-09-12 22:16:38.884 DEBUG  [BD5879\33F39D] Autorouter Failed to route connection between polylinetrace, polylinetrace, polylinetrace, polylinetrace, polylinetrace, via, via, via, via, pin #4 of component #21, pin #1 of component #3 and pin #3 of component #16, because no connection was found between their nets.
2026-09-12 22:16:38.884 DEBUG  [BD5879\33F39D] Pass #26: Failed to route Pin on net '/Eight ring pods/Pod 1 {slash} U19/LOCAL_SDA' (2 items remaining, 16 failures). State: FAILED
2026-09-12 22:16:39.078 DEBUG  [BD5879\33F39D] Autorouter Failed to route connection between polylinetrace, polylinetrace, polylinetrace, via, via, pin #1 of component #23, pin #4 of component #10 and pin #4 of component #11, because no connection was found between their nets.
2026-09-12 22:16:39.078 DEBUG  [BD5879\33F39D] Pass #26: Failed to route Pin on net 'VBAT' (1 items remaining, 16 failures). State: FAILED
2026-09-12 22:16:39.117 INFO   [BD5879\33F39D] Auto-routing pass #26 on board '64f4daf21d6512f32a0d0b5f5fd81511' was completed in 0.61 seconds with score 807.53 (4 unrouted and 31 violations), using 23.41 CPU seconds and the job allocated 176.93 GB of memory so far.
2026-09-12 22:16:39.151 DEBUG  Queuing item for routing: Via on net 'POD_3V3' (connected: 35/62)
2026-09-12 22:16:39.151 DEBUG  Queuing item for routing: Via on net 'POD_3V3' (connected: 27/62)
2026-09-12 22:16:39.151 DEBUG  Queuing item for routing: Pin on net 'VBAT' (connected: 7/8)
2026-09-12 22:16:39.152 DEBUG  Queuing item for routing: Pin on net '/Eight ring pods/Pod 1 {slash} U19/LOCAL_SDA' (connected: 11/12)
2026-09-12 22:16:39.152 DEBUG  Queuing item for routing: Pin on net '/Eight ring pods/Pod 1 {slash} U19/LRA_N' (connected: 3/6)
2026-09-12 22:16:39.152 DEBUG  Queuing item for routing: Pin on net '/Eight ring pods/Pod 1 {slash} U19/LRA_N' (connected: 3/6)
2026-09-12 22:16:39.152 DEBUG  Queuing item for routing: Pin on net '/Eight ring pods/Pod 1 {slash} U19/LOCAL_SDA' (connected: 1/12)
2026-09-12 22:16:39.152 DEBUG  Queuing item for routing: Pin on net 'VBAT' (connected: 1/8)
2026-09-12 22:16:39.165 DEBUG  [BD5879\33F39D] Pass #27: 4 incompletes across 8 items to route
2026-09-12 22:16:39.165 DEBUG  [BD5879\33F39D]   Net 'POD_3V3' has 1 incomplete(s)
2026-09-12 22:16:39.165 DEBUG  [BD5879\33F39D]   Net 'VBAT' has 1 incomplete(s)
2026-09-12 22:16:39.165 DEBUG  [BD5879\33F39D]   Net '/Eight ring pods/Pod 1 {slash} U19/LOCAL_SDA' has 1 incomplete(s)
2026-09-12 22:16:39.165 DEBUG  [BD5879\33F39D]   Net '/Eight ring pods/Pod 1 {slash} U19/LRA_N' has 1 incomplete(s)
2026-09-12 22:16:39.219 DEBUG  FoundConnectionInserter: insert trace failed for net #9 at corner 37/37 on layer 3, trace width: 2000, from corner: 10, okPoint: (844386,-573471), target: (891696,-630261)
2026-09-12 22:16:39.222 DEBUG  [BD5879\33F39D] Autorouter Failed to route connection between pin #4 of component #11 and polylinetrace, polylinetrace, polylinetrace, via, via, pin #1 of component #23, pin #4 of component #10, because the new connection could not be inserted.
2026-09-12 22:16:39.222 DEBUG  [BD5879\33F39D] Pass #27: Failed to route Pin on net 'VBAT' (6 items remaining, 16 failures). State: FAILED
2026-09-12 22:16:39.227 DEBUG  [BD5879\33F39D] Autorouter Failed to route connection between pin #3 of component #16 and polylinetrace, polylinetrace, polylinetrace, polylinetrace, polylinetrace, via, via, via, via, pin #4 of component #21, pin #1 of component #3, because no connection was found between their nets.
2026-09-12 22:16:39.227 DEBUG  [BD5879\33F39D] Pass #27: Failed to route Pin on net '/Eight ring pods/Pod 1 {slash} U19/LOCAL_SDA' (5 items remaining, 17 failures). State: FAILED
2026-09-12 22:16:39.231 DEBUG  FoundConnectionInserter: insert trace failed for net #15 at corner 20/20 on layer 3, trace width: 750, from corner: 11, okPoint: (870119,-591657), target: (845160,-553629)
2026-09-12 22:16:39.234 DEBUG  [BD5879\33F39D] Autorouter Failed to route connection between polylinetrace, via, pin #8 of component #16 and polylinetrace, via, pin #1 of component #17, because the new connection could not be inserted.
2026-09-12 22:16:39.234 DEBUG  [BD5879\33F39D] Pass #27: Failed to route Pin on net '/Eight ring pods/Pod 1 {slash} U19/LRA_N' (4 items remaining, 9 failures). State: FAILED
2026-09-12 22:16:39.238 DEBUG  FoundConnectionInserter: insert trace failed for net #15 at corner 19/19 on layer 3, trace width: 750, from corner: 7, okPoint: (847087,-560553), target: (892921,-696121)
2026-09-12 22:16:39.241 DEBUG  [BD5879\33F39D] Autorouter Failed to route connection between polylinetrace, via, pin #1 of component #17 and polylinetrace, via, pin #8 of component #16, because the new connection could not be inserted.
2026-09-12 22:16:39.241 DEBUG  [BD5879\33F39D] Pass #27: Failed to route Pin on net '/Eight ring pods/Pod 1 {slash} U19/LRA_N' (3 items remaining, 6 failures). State: FAILED
2026-09-12 22:16:39.464 DEBUG  [BD5879\33F39D] Autorouter Failed to route connection between polylinetrace, polylinetrace, polylinetrace, polylinetrace, polylinetrace, via, via, via, via, pin #4 of component #21, pin #1 of component #3 and pin #3 of component #16, because no connection was found between their nets.
2026-09-12 22:16:39.464 DEBUG  [BD5879\33F39D] Pass #27: Failed to route Pin on net '/Eight ring pods/Pod 1 {slash} U19/LOCAL_SDA' (2 items remaining, 17 failures). State: FAILED
2026-09-12 22:16:39.657 DEBUG  [BD5879\33F39D] Autorouter Failed to route connection between polylinetrace, polylinetrace, polylinetrace, via, via, pin #1 of component #23, pin #4 of component #10 and pin #4 of component #11, because no connection was found between their nets.
2026-09-12 22:16:39.658 DEBUG  [BD5879\33F39D] Pass #27: Failed to route Pin on net 'VBAT' (1 items remaining, 17 failures). State: FAILED
2026-09-12 22:16:39.703 INFO   [BD5879\33F39D] Auto-routing pass #27 on board 'f08fe5a11b9e7fd12d2ddd928162d12e' was completed in 0.55 seconds with score 807.53 (4 unrouted and 31 violations), using 23.41 CPU seconds and the job allocated 176.93 GB of memory so far.
2026-09-12 22:16:39.738 DEBUG  Queuing item for routing: Pin on net 'VBAT' (connected: 7/8)
2026-09-12 22:16:39.738 DEBUG  Queuing item for routing: Pin on net '/Eight ring pods/Pod 1 {slash} U19/UART_RX_LOCAL' (connected: 3/10)
2026-09-12 22:16:39.738 DEBUG  Queuing item for routing: Pin on net '/Eight ring pods/Pod 1 {slash} U19/UART_RX_LOCAL' (connected: 7/10)
2026-09-12 22:16:39.738 DEBUG  Queuing item for routing: Pin on net '/Eight ring pods/Pod 1 {slash} U19/LOCAL_SDA' (connected: 11/12)
2026-09-12 22:16:39.738 DEBUG  Queuing item for routing: Pin on net '/Eight ring pods/Pod 1 {slash} U19/LRA_N' (connected: 3/6)
2026-09-12 22:16:39.738 DEBUG  Queuing item for routing: Pin on net '/Eight ring pods/Pod 1 {slash} U19/LRA_N' (connected: 3/6)
2026-09-12 22:16:39.738 DEBUG  Queuing item for routing: Pin on net '/Eight ring pods/Pod 1 {slash} U19/LOCAL_SDA' (connected: 1/12)
2026-09-12 22:16:39.738 DEBUG  Queuing item for routing: Pin on net 'VBAT' (connected: 1/8)
2026-09-12 22:16:39.754 DEBUG  [BD5879\33F39D] Pass #28: 4 incompletes across 8 items to route
2026-09-12 22:16:39.754 DEBUG  [BD5879\33F39D]   Net '/Eight ring pods/Pod 1 {slash} U19/UART_RX_LOCAL' has 1 incomplete(s)
2026-09-12 22:16:39.754 DEBUG  [BD5879\33F39D]   Net 'VBAT' has 1 incomplete(s)
2026-09-12 22:16:39.754 DEBUG  [BD5879\33F39D]   Net '/Eight ring pods/Pod 1 {slash} U19/LOCAL_SDA' has 1 incomplete(s)
2026-09-12 22:16:39.754 DEBUG  [BD5879\33F39D]   Net '/Eight ring pods/Pod 1 {slash} U19/LRA_N' has 1 incomplete(s)
2026-09-12 22:16:39.837 DEBUG  FoundConnectionInserter: insert trace failed for net #9 at corner 13/13 on layer 0, trace width: 2000, from corner: 7, okPoint: (890733,-559840), target: (895052,-580000)
2026-09-12 22:16:39.840 DEBUG  [BD5879\33F39D] Autorouter Failed to route connection between pin #4 of component #11 and polylinetrace, polylinetrace, polylinetrace, via, via, pin #1 of component #23, pin #4 of component #10, because the new connection could not be inserted.
2026-09-12 22:16:39.840 DEBUG  [BD5879\33F39D] Pass #28: Failed to route Pin on net 'VBAT' (8 items remaining, 17 failures). State: FAILED
2026-09-12 22:16:40.024 DEBUG  [BD5879\33F39D] Autorouter Failed to route connection between pin #3 of component #16 and polylinetrace, polylinetrace, polylinetrace, polylinetrace, polylinetrace, via, via, via, via, pin #4 of component #21, pin #1 of component #3, because no connection was found between their nets.
2026-09-12 22:16:40.024 DEBUG  [BD5879\33F39D] Pass #28: Failed to route Pin on net '/Eight ring pods/Pod 1 {slash} U19/LOCAL_SDA' (5 items remaining, 18 failures). State: FAILED
2026-09-12 22:16:40.029 DEBUG  FoundConnectionInserter: insert trace failed for net #15 at corner 29/29 on layer 3, trace width: 750, from corner: 20, okPoint: (871975,-593514), target: (845160,-553629)
2026-09-12 22:16:40.032 DEBUG  [BD5879\33F39D] Autorouter Failed to route connection between polylinetrace, via, pin #8 of component #16 and polylinetrace, via, pin #1 of component #17, because the new connection could not be inserted.
2026-09-12 22:16:40.032 DEBUG  [BD5879\33F39D] Pass #28: Failed to route Pin on net '/Eight ring pods/Pod 1 {slash} U19/LRA_N' (4 items remaining, 10 failures). State: FAILED
2026-09-12 22:16:40.037 DEBUG  FoundConnectionInserter: insert trace failed for net #15 at corner 24/24 on layer 3, trace width: 750, from corner: 7, okPoint: (847087,-560553), target: (892921,-696121)
2026-09-12 22:16:40.040 DEBUG  [BD5879\33F39D] Autorouter Failed to route connection between polylinetrace, via, pin #1 of component #17 and polylinetrace, via, pin #8 of component #16, because the new connection could not be inserted.
2026-09-12 22:16:40.040 DEBUG  [BD5879\33F39D] Pass #28: Failed to route Pin on net '/Eight ring pods/Pod 1 {slash} U19/LRA_N' (3 items remaining, 7 failures). State: FAILED
2026-09-12 22:16:40.251 DEBUG  [BD5879\33F39D] Autorouter Failed to route connection between polylinetrace, polylinetrace, polylinetrace, polylinetrace, polylinetrace, via, via, via, via, pin #4 of component #21, pin #1 of component #3 and pin #3 of component #16, because no connection was found between their nets.
2026-09-12 22:16:40.251 DEBUG  [BD5879\33F39D] Pass #28: Failed to route Pin on net '/Eight ring pods/Pod 1 {slash} U19/LOCAL_SDA' (2 items remaining, 18 failures). State: FAILED
2026-09-12 22:16:40.406 DEBUG  FoundConnectionInserter: insert trace failed for net #9 at corner 12/12 on layer 0, trace width: 2000, from corner: 6, okPoint: (894990,-624373), target: (886258,-570214)
2026-09-12 22:16:40.409 DEBUG  [BD5879\33F39D] Autorouter Failed to route connection between polylinetrace, polylinetrace, polylinetrace, polylinetrace, via, via, pin #1 of component #23, pin #4 of component #10 and pin #4 of component #11, because the new connection could not be inserted.
2026-09-12 22:16:40.409 DEBUG  [BD5879\33F39D] Pass #28: Failed to route Pin on net 'VBAT' (1 items remaining, 18 failures). State: FAILED
2026-09-12 22:16:40.472 DEBUG  [BD5879\33F39D] Restoring an earlier board that has the score of 826.40 (3 unrouted and 31 violations).
2026-09-12 22:16:40.472 INFO   [BD5879\33F39D] Auto-routing pass #28 on board '1fd087b23f54a2274e158f1472dd2c92' was completed in 0.00 seconds with score 826.40 (3 unrouted and 31 violations), using 24.38 CPU seconds and the job allocated 184.97 GB of memory so far.
2026-09-12 22:16:40.495 DEBUG  Queuing item for routing: Pin on net 'VBAT' (connected: 7/8)
2026-09-12 22:16:40.495 DEBUG  Queuing item for routing: Pin on net '/Eight ring pods/Pod 1 {slash} U19/LOCAL_SDA' (connected: 11/12)
2026-09-12 22:16:40.495 DEBUG  Queuing item for routing: Pin on net '/Eight ring pods/Pod 1 {slash} U19/LRA_N' (connected: 3/6)
2026-09-12 22:16:40.495 DEBUG  Queuing item for routing: Pin on net '/Eight ring pods/Pod 1 {slash} U19/LRA_N' (connected: 3/6)
2026-09-12 22:16:40.495 DEBUG  Queuing item for routing: Pin on net '/Eight ring pods/Pod 1 {slash} U19/LOCAL_SDA' (connected: 1/12)
2026-09-12 22:16:40.496 DEBUG  Queuing item for routing: Pin on net 'VBAT' (connected: 1/8)
2026-09-12 22:16:40.511 DEBUG  [BD5879\33F39D] Pass #29: 3 incompletes across 6 items to route
2026-09-12 22:16:40.511 DEBUG  [BD5879\33F39D]   Net 'VBAT' has 1 incomplete(s)
2026-09-12 22:16:40.511 DEBUG  [BD5879\33F39D]   Net '/Eight ring pods/Pod 1 {slash} U19/LOCAL_SDA' has 1 incomplete(s)
2026-09-12 22:16:40.511 DEBUG  [BD5879\33F39D]   Net '/Eight ring pods/Pod 1 {slash} U19/LRA_N' has 1 incomplete(s)
2026-09-12 22:16:40.535 DEBUG  FoundConnectionInserter: insert trace failed for net #9 at corner 36/36 on layer 3, trace width: 2000, from corner: 10, okPoint: (844386,-573471), target: (891545,-630261)
2026-09-12 22:16:40.539 DEBUG  [BD5879\33F39D] Autorouter Failed to route connection between pin #4 of component #11 and polylinetrace, polylinetrace, polylinetrace, via, via, pin #1 of component #23, pin #4 of component #10, because the new connection could not be inserted.
2026-09-12 22:16:40.539 DEBUG  [BD5879\33F39D] Pass #29: Failed to route Pin on net 'VBAT' (6 items remaining, 14 failures). State: FAILED
2026-09-12 22:16:40.548 DEBUG  [BD5879\33F39D] Autorouter Failed to route connection between pin #3 of component #16 and polylinetrace, polylinetrace, polylinetrace, polylinetrace, polylinetrace, via, via, via, via, pin #4 of component #21, pin #1 of component #3, because no connection was found between their nets.
2026-09-12 22:16:40.548 DEBUG  [BD5879\33F39D] Pass #29: Failed to route Pin on net '/Eight ring pods/Pod 1 {slash} U19/LOCAL_SDA' (5 items remaining, 15 failures). State: FAILED
2026-09-12 22:16:40.553 DEBUG  FoundConnectionInserter: insert trace failed for net #15 at corner 21/21 on layer 3, trace width: 750, from corner: 12, okPoint: (871623,-593162), target: (845160,-553629)
2026-09-12 22:16:40.555 DEBUG  [BD5879\33F39D] Autorouter Failed to route connection between polylinetrace, via, pin #8 of component #16 and polylinetrace, via, pin #1 of component #17, because the new connection could not be inserted.
2026-09-12 22:16:40.556 DEBUG  [BD5879\33F39D] Pass #29: Failed to route Pin on net '/Eight ring pods/Pod 1 {slash} U19/LRA_N' (4 items remaining, 7 failures). State: FAILED
2026-09-12 22:16:40.560 DEBUG  FoundConnectionInserter: insert trace failed for net #15 at corner 18/18 on layer 3, trace width: 750, from corner: 7, okPoint: (847087,-560553), target: (892921,-696121)
2026-09-12 22:16:40.563 DEBUG  [BD5879\33F39D] Autorouter Failed to route connection between polylinetrace, via, pin #1 of component #17 and polylinetrace, via, pin #8 of component #16, because the new connection could not be inserted.
2026-09-12 22:16:40.563 DEBUG  [BD5879\33F39D] Pass #29: Failed to route Pin on net '/Eight ring pods/Pod 1 {slash} U19/LRA_N' (3 items remaining, 4 failures). State: FAILED
2026-09-12 22:16:40.797 DEBUG  [BD5879\33F39D] Autorouter Failed to route connection between polylinetrace, polylinetrace, polylinetrace, polylinetrace, polylinetrace, via, via, via, via, pin #4 of component #21, pin #1 of component #3 and pin #3 of component #16, because no connection was found between their nets.
2026-09-12 22:16:40.797 DEBUG  [BD5879\33F39D] Pass #29: Failed to route Pin on net '/Eight ring pods/Pod 1 {slash} U19/LOCAL_SDA' (2 items remaining, 15 failures). State: FAILED
2026-09-12 22:16:40.996 DEBUG  [BD5879\33F39D] Autorouter Failed to route connection between polylinetrace, polylinetrace, polylinetrace, via, via, pin #1 of component #23, pin #4 of component #10 and pin #4 of component #11, because no connection was found between their nets.
2026-09-12 22:16:40.996 DEBUG  [BD5879\33F39D] Pass #29: Failed to route Pin on net 'VBAT' (1 items remaining, 15 failures). State: FAILED
2026-09-12 22:16:41.043 INFO   [BD5879\33F39D] Auto-routing pass #29 on board '1fd087b23f54a2274e158f1472dd2c92' was completed in 0.55 seconds with score 807.53 (4 unrouted and 31 violations), using 25.34 CPU seconds and the job allocated 192.73 GB of memory so far.
2026-09-12 22:16:41.050 INFO   [BD5879\33F39D] The router's best score (826.40) has not improved by more than 0.5 points since pass #19. Stopping the auto-router after 29 passes (3 items still unconnected).
The following connections could not be routed -- please review your design (e.g. check pad clearances, trace width rules, and available routing space):
  Net '/Eight ring pods/Pod 1 {slash} U19/UART_RX_LOCAL' (1 unrouted connection):
    - R112-2  ->  J106-4
  Net 'VBAT' (1 unrouted connection):
    - J105-5  ->  via
  Net '/Eight ring pods/Pod 1 {slash} U19/LOCAL_SDA' (1 unrouted connection):
    - U4-B1  ->  via
  Net '/Eight ring pods/Pod 1 {slash} U19/LRA_N' (1 unrouted connection):
    - U4-C3  ->  M2-2
2026-09-12 22:16:41.100 DEBUG  [BD5879\33F39D] The final board state (score 807.53 (4 unrouted and 31 violations)) is worse than the best board seen during routing (score 826.40 (3 unrouted and 31 violations)). Restoring the best board as the final result.
2026-09-12 22:16:41.100 DEBUG  === Performance Profile ===
2026-09-12 22:16:41.100 DEBUG  === Routing Parameters ===
2026-09-12 22:16:41.100 DEBUG    Via Costs: 50, Plane Via Costs: 5
2026-09-12 22:16:41.100 DEBUG    Layer Costs (Preferred / Against):
2026-09-12 22:16:41.100 DEBUG      Layer 1: 1.8 / 3.9
2026-09-12 22:16:41.100 DEBUG      Layer 2: 1.0 / 1.5
2026-09-12 22:16:41.100 DEBUG      Layer 3: 1.0 / 3.1
2026-09-12 22:16:41.100 DEBUG      Layer 4: 1.8 / 2.3
2026-09-12 22:16:41.100 DEBUG  
2026-09-12 22:16:41.101 DEBUG    autoroute_item                          :    20995 ms total,      387 calls,     54 ms avg
2026-09-12 22:16:41.101 DEBUG  
2026-09-12 22:16:41.101 DEBUG  === Pass History ===
2026-09-12 22:16:41.101 DEBUG    Pass 1  :   15 unrouted items,     1.94 s,   100 ripup cost
2026-09-12 22:16:41.101 DEBUG    Pass 2  :   11 unrouted items,     1.52 s,   200 ripup cost
2026-09-12 22:16:41.101 DEBUG    Pass 3  :    8 unrouted items,     0.92 s,   300 ripup cost
2026-09-12 22:16:41.101 DEBUG    Pass 4  :   10 unrouted items,     1.09 s,   400 ripup cost
2026-09-12 22:16:41.101 DEBUG    Pass 5  :    8 unrouted items,     0.80 s,   500 ripup cost
2026-09-12 22:16:41.101 DEBUG    Pass 6  :    7 unrouted items,     0.92 s,   600 ripup cost
2026-09-12 22:16:41.101 DEBUG    Pass 7  :    8 unrouted items,     0.86 s,   700 ripup cost
2026-09-12 22:16:41.101 DEBUG    Pass 8  :    7 unrouted items,     0.88 s,   800 ripup cost
2026-09-12 22:16:41.101 DEBUG    Pass 9  :    8 unrouted items,     0.93 s,   900 ripup cost
2026-09-12 22:16:41.101 DEBUG    Pass 10 :    7 unrouted items,     0.84 s,  1000 ripup cost
2026-09-12 22:16:41.101 DEBUG    Pass 11 :    7 unrouted items,     0.83 s,  1100 ripup cost
2026-09-12 22:16:41.101 DEBUG    Pass 12 :    7 unrouted items,     1.07 s,  1200 ripup cost
2026-09-12 22:16:41.101 DEBUG    Pass 13 :    7 unrouted items,     0.82 s,  1300 ripup cost
2026-09-12 22:16:41.101 DEBUG    Pass 14 :    8 unrouted items,     1.03 s,  1400 ripup cost
2026-09-12 22:16:41.101 DEBUG    Pass 15 :    5 unrouted items,     0.89 s,  1500 ripup cost
2026-09-12 22:16:41.101 DEBUG    Pass 16 :    7 unrouted items,     0.74 s,  1600 ripup cost
2026-09-12 22:16:41.101 DEBUG    Pass 17 :    6 unrouted items,     0.78 s,  1700 ripup cost
2026-09-12 22:16:41.101 DEBUG    Pass 18 :    5 unrouted items,     0.78 s,  1800 ripup cost
2026-09-12 22:16:41.101 DEBUG    Pass 19 :    3 unrouted items,     0.78 s,  1900 ripup cost
2026-09-12 22:16:41.101 DEBUG    Pass 20 :    4 unrouted items,     0.54 s,  2000 ripup cost
2026-09-12 22:16:41.101 DEBUG    Pass 21 :    4 unrouted items,     0.54 s,  2100 ripup cost
2026-09-12 22:16:41.101 DEBUG    Pass 22 :    4 unrouted items,     0.60 s,  2200 ripup cost
2026-09-12 22:16:41.101 DEBUG    Pass 23 :    4 unrouted items,     0.54 s,  2300 ripup cost
2026-09-12 22:16:41.101 DEBUG    Pass 24 :    6 unrouted items,     0.70 s,  2400 ripup cost
2026-09-12 22:16:41.101 DEBUG    Pass 25 :    4 unrouted items,     0.53 s,  2500 ripup cost
2026-09-12 22:16:41.101 DEBUG    Pass 26 :    4 unrouted items,     0.59 s,  2600 ripup cost
2026-09-12 22:16:41.101 DEBUG    Pass 27 :    4 unrouted items,     0.54 s,  2700 ripup cost
2026-09-12 22:16:41.101 DEBUG    Pass 28 :    6 unrouted items,     0.70 s,  2800 ripup cost
2026-09-12 22:16:41.101 DEBUG    Pass 29 :    4 unrouted items,     0.53 s,  2900 ripup cost
2026-09-12 22:16:41.101 DEBUG  ===========================
2026-09-12 22:16:41.118 INFO   [BD5879\33F39D] Auto-routing stage completed: started with 52 unrouted nets, completed in 26.36 seconds, final score: 826.40 (3 unrouted and 31 violations), using 25.34 total CPU seconds, 192.73 GB total allocated, and 1797.6 MB peak heap usage.
2026-09-12 22:16:41.119 DEBUG  [BD5879\33F39D] Before optimization: Via count: 52, trace length: 4338124
2026-09-12 22:16:41.134 INFO   [BD5879\33F39D] Optimization stage started on board '5888b9b6964793694d2075cf86656aa7' with score 750.93 (7 unrouted and 31 violations).
2026-09-12 22:16:42.652 INFO   [BD5879\33F39D] Stopping optimization pass #1 early after 50 consecutive items could not be improved.
2026-09-12 22:16:42.667 INFO   [BD5879\33F39D] Optimizer pass #1 on board 'b4489457d5a14f1d498bb241dd9af3b8' was completed in 1.48 seconds with the score of 750.93 (7 unrouted and 31 violations).
2026-09-12 22:16:42.681 INFO   [BD5879\33F39D] Stopping optimizer because the improvement in this pass (0.0002%) is below the threshold (1.00%).
2026-09-12 22:16:42.695 INFO   [BD5879\33F39D] Optimization stage completed: started with score 750.93 (7 unrouted and 31 violations), completed in 1.55 seconds, final score: 750.93 (7 unrouted and 31 violations), using 1.53 total CPU seconds, 20.96 GB total allocated, and 1783.3 MB peak heap usage.
2026-09-12 22:16:42.698 INFO   [BD5879\33F39D] Job 'BD5879\33F39D' finished with state: COMPLETED (elapsed: 27.98 seconds, finished at UTC: 2026-09-13T05:16:42.697973300Z).
2026-09-12 22:16:42.955 INFO   Saving output file 'C:\Users\mmsyl\Documents\haptic-bracelet\hardware\verification\routing\pod-1\pod-1.ses' (SES)...
2026-09-12 22:16:42.961 INFO   Successfully saved output file 'C:\Users\mmsyl\Documents\haptic-bracelet\hardware\verification\routing\pod-1\pod-1.ses' (18237 bytes).
2026-09-12 22:17:48.718 INFO   Freerouting v2.4.1 (build-date: 2026-09-03)
2026-09-12 22:17:48.719 DEBUG  [startup] user-data path : hardware\verification\routing\runtime  (source: CLI argument --user_data_path)
2026-09-12 22:17:48.719 DEBUG  [startup] log file       : C:\Users\mmsyl\Documents\haptic-bracelet\hardware\verification\routing\runtime\freerouting.log
2026-09-12 22:17:48.742 DEBUG  Settings loaded from 'hardware\verification\routing\runtime\freerouting.json'.
2026-09-12 22:17:48.757 DEBUG  Version: 2.4.1,2026-09-03
2026-09-12 22:17:48.757 DEBUG  Command line arguments: '-de hardware/verification/routing/pod-1/pod-1.dsn -do hardware/verification/routing/pod-1/pod-1.ses -mp 50 -mt 2 -da --gui.enabled=false --api_server.enabled=false --user_data_path=hardware/verification/routing/runtime --router.layers.routable=true,false,false,true'
2026-09-12 22:17:48.757 DEBUG  Architecture: Windows 11,amd64,10.0
2026-09-12 22:17:48.757 DEBUG  Java: 25.0.4.1,Eclipse Adoptium
2026-09-12 22:17:48.757 DEBUG  System Language: en,en_US
2026-09-12 22:17:48.758 DEBUG  Hardware: 28 CPU cores, 374233 CPU score, 30688 MB RAM
2026-09-12 22:17:48.758 DEBUG  UTC Time: 2026-09-13T05:17:48.742224200Z
2026-09-12 22:17:48.758 DEBUG  GUI Language: en_US
2026-09-12 22:17:48.758 DEBUG  Host: N/A
2026-09-12 22:17:48.760 DEBUG  Analytics are disabled
2026-09-12 22:17:49.831 DEBUG  Loaded router settings from: hardware\verification\routing\runtime\freerouting.json
2026-09-12 22:17:49.831 DEBUG  Applied CLI router setting: router.max_passes = 50
2026-09-12 22:17:49.831 DEBUG  Applied CLI router setting: router.max_threads = 2
2026-09-12 22:17:49.831 DEBUG  Applied CLI router setting: router.layers.routable = true,false,false,true
2026-09-12 22:17:49.832 DEBUG  Applied CLI router setting: router.enabled = true (implicit from -de/-do batch mode)
2026-09-12 22:17:49.832 DEBUG  No router settings found in environment variables
2026-09-12 22:17:49.854 DEBUG  Version check skipped or timed out: java.net.ConnectException: Permission denied: getsockopt
2026-09-12 22:17:49.860 DEBUG  Set DEFAULT clearance (all layers): 1500 (0.0375 mm) from DSN value 150.0
2026-09-12 22:17:49.862 DEBUG  Set clearance (all layers): smd_smd = 375 (0.009375 mm), classes [2,2]
2026-09-12 22:17:49.863 DEBUG  Set default trace width (all layers): DSN=150.0 → board=1500 (0.0375 mm)
2026-09-12 22:17:49.872 DEBUG  Loaded router settings from DSN file: pod-1.dsn (4 layers)
2026-09-12 22:17:49.879 DEBUG  Set DEFAULT clearance (all layers): 1500 (0.0375 mm) from DSN value 150.0
2026-09-12 22:17:49.879 DEBUG  Set clearance (all layers): smd_smd = 375 (0.009375 mm), classes [2,2]
2026-09-12 22:17:49.879 DEBUG  Set default trace width (all layers): DSN=150.0 → board=1500 (0.0375 mm)
2026-09-12 22:17:49.881 DEBUG  Loaded router settings from DSN file: pod-1.dsn (4 layers)
2026-09-12 22:17:49.882 DEBUG  Merging settings from 5 sources:
2026-09-12 22:17:49.882 DEBUG    - Default Settings (priority 0): base settings
2026-09-12 22:17:49.882 DEBUG    - freerouting.json (priority 10): 0 fields changed
2026-09-12 22:17:49.883 DEBUG    - DSN file: pod-1.dsn (priority 20): 6 fields changed
2026-09-12 22:17:49.883 DEBUG    - Environment Variables (priority 55): 0 fields changed
2026-09-12 22:17:49.883 DEBUG    - CLI Arguments (priority 60): 6 fields changed
2026-09-12 22:17:49.883 DEBUG  Settings merged successfully from 5 source(s)
2026-09-12 22:17:50.125 INFO   [69FC79\F02AE7] Loading board file 'pod-1.dsn'...
2026-09-12 22:17:50.131 DEBUG  Set DEFAULT clearance (all layers): 1500 (0.0375 mm) from DSN value 150.0
2026-09-12 22:17:50.131 DEBUG  Set clearance (all layers): smd_smd = 375 (0.009375 mm), classes [2,2]
2026-09-12 22:17:50.131 DEBUG  Set default trace width (all layers): DSN=150.0 → board=1500 (0.0375 mm)
2026-09-12 22:17:50.155 INFO   Layer 'In1.Cu' has been automatically configured as a dedicated power plane because it contains a large conduction area covering >50% of the board.
2026-09-12 22:17:50.155 INFO   Layer 'In2.Cu' has been automatically configured as a dedicated power plane because it contains a large conduction area covering >50% of the board.
2026-09-12 22:17:50.155 DEBUG  applyBoardSpecificOptimizations changed parameters:
  Layer 0: bendCost: null -> 0.0; preferredDirectionHorizontal: null -> false; preferredDirectionTraceCost: 1.0 -> 1.8; undesiredDirectionTraceCost: 1.0 -> 3.9000000000000004;
  Layer 1: bendCost: null -> 0.0; preferredDirectionHorizontal: null -> true; undesiredDirectionTraceCost: 1.0 -> 1.5;
  Layer 2: bendCost: null -> 0.0; preferredDirectionHorizontal: null -> false; undesiredDirectionTraceCost: 1.0 -> 3.1;
  Layer 3: bendCost: null -> 0.0; preferredDirectionHorizontal: null -> true; preferredDirectionTraceCost: 1.0 -> 1.8; undesiredDirectionTraceCost: 1.0 -> 2.3;
2026-09-12 22:17:50.156 DEBUG  Applied copper-to-edge clearance override: 500.0 um (5000 board units).
2026-09-12 22:17:50.164 DEBUG  Set DEFAULT clearance (all layers): 1500 (0.0375 mm) from DSN value 150.0
2026-09-12 22:17:50.164 DEBUG  Set clearance (all layers): smd_smd = 375 (0.009375 mm), classes [2,2]
2026-09-12 22:17:50.165 DEBUG  Set default trace width (all layers): DSN=150.0 → board=1500 (0.0375 mm)
2026-09-12 22:17:50.165 DEBUG  Loaded router settings from DSN file: pod-1.dsn (4 layers)
2026-09-12 22:17:50.166 DEBUG  Merging settings from 6 sources:
2026-09-12 22:17:50.166 DEBUG    - Default Settings (priority 0): base settings
2026-09-12 22:17:50.167 DEBUG    - freerouting.json (priority 10): 0 fields changed
2026-09-12 22:17:50.167 DEBUG    - DSN file: pod-1.dsn (priority 20): 6 fields changed
2026-09-12 22:17:50.167 DEBUG    - Environment Variables (priority 55): 0 fields changed
2026-09-12 22:17:50.167 DEBUG    - CLI Arguments (priority 60): 6 fields changed
2026-09-12 22:17:50.167 DEBUG    - API Settings (priority 70): 26 fields changed
2026-09-12 22:17:50.167 DEBUG  Settings merged successfully from 6 source(s)
2026-09-12 22:17:50.168 DEBUG  applyBoardSpecificOptimizations changed parameters:
  Layer 0: preferredDirectionTraceCost: 1.0 -> 1.8; undesiredDirectionTraceCost: 1.0 -> 3.9000000000000004;
  Layer 1: undesiredDirectionTraceCost: 1.0 -> 1.5;
  Layer 2: undesiredDirectionTraceCost: 1.0 -> 3.1;
  Layer 3: preferredDirectionTraceCost: 1.0 -> 1.8; undesiredDirectionTraceCost: 1.0 -> 2.3;
2026-09-12 22:17:50.168 INFO   [69FC79\F02AE7] Job '69FC79\F02AE7' started at 2026-09-13T05:17:50.168382400Z.
2026-09-12 22:17:50.211 DEBUG  [69FC79\F02AE7] Checking fanout pre-pass. settings.fanout.enabled=true, smdPins=82
2026-09-12 22:17:50.242 INFO   [69FC79\F02AE7] Fanout stage started on board 'd63a02d48dc2b703251000bb04296660' with 39 of 82 SMD pins needing fanout (43 already connected, 0 netless).
2026-09-12 22:17:50.694 INFO   [69FC79\F02AE7] Fanout pass #1 on board '6b74e43a759c6b06818b5cf2c4653a4a' completed in 0.42 seconds with 7 SMD pins fanouted, 29 not routed, 0 insert errors, +0 extra vias (0 SMD pins still to check in pass, ripup costs=100).
2026-09-12 22:17:50.909 INFO   [69FC79\F02AE7] Fanout pass #2 on board '6b74e43a759c6b06818b5cf2c4653a4a' completed in 0.21 seconds with 0 SMD pins fanouted, 33 not routed, 0 insert errors, +0 extra vias (0 SMD pins still to check in pass, ripup costs=200).
2026-09-12 22:17:50.923 INFO   [69FC79\F02AE7] Fanout stage completed: started with 82 total SMD pins, completed in 0.66 seconds, escaped pins: 43/82 (52.4%), using 0.69 total CPU seconds, 2.86 GB total allocated, and 839.0 MB peak heap usage.
2026-09-12 22:17:50.926 INFO   [69FC79\F02AE7] Auto-routing stage started on board '6b74e43a759c6b06818b5cf2c4653a4a' for 18 unrouted items.
2026-09-12 22:17:50.976 DEBUG  Queuing item for routing: Pin on net 'VBAT' (connected: 1/3)
2026-09-12 22:17:50.976 DEBUG  Queuing item for routing: Pin on net 'RING_nRESET' (connected: 1/4)
2026-09-12 22:17:50.976 DEBUG  Queuing item for routing: Pin on net '/Eight ring pods/Pod 1 {slash} U19/UART_RX_LOCAL' (connected: 1/8)
2026-09-12 22:17:50.976 DEBUG  Queuing item for routing: Pin on net '/Eight ring pods/Pod 1 {slash} U19/UART_TX_LOCAL' (connected: 1/5)
2026-09-12 22:17:50.976 DEBUG  Queuing item for routing: Pin on net '/Eight ring pods/Pod 1 {slash} U19/UART_RX_LOCAL' (connected: 7/8)
2026-09-12 22:17:50.976 DEBUG  Queuing item for routing: Pin on net '/Eight ring pods/Pod 1 {slash} U19/UART_TX_LOCAL' (connected: 1/5)
2026-09-12 22:17:50.976 DEBUG  Queuing item for routing: Pin on net '/Eight ring pods/Pod 1 {slash} U19/LOCAL_SCL' (connected: 1/3)
2026-09-12 22:17:50.976 DEBUG  Queuing item for routing: Pin on net '/Eight ring pods/Pod 1 {slash} U19/LOCAL_SDA' (connected: 1/3)
2026-09-12 22:17:50.976 DEBUG  Queuing item for routing: Pin on net 'RING_nRESET' (connected: 1/4)
2026-09-12 22:17:50.976 DEBUG  Queuing item for routing: Pin on net '/Eight ring pods/Pod 1 {slash} U19/CELL_TEMP' (connected: 1/5)
2026-09-12 22:17:50.977 DEBUG  Queuing item for routing: Pin on net '/Eight ring pods/Pod 1 {slash} U19/CELL_TEMP' (connected: 3/5)
2026-09-12 22:17:50.977 DEBUG  Queuing item for routing: Pin on net '/Eight ring pods/Pod 1 {slash} U19/CELL_TEMP' (connected: 1/5)
2026-09-12 22:17:50.977 DEBUG  Queuing item for routing: Pin on net '/Eight ring pods/Pod 1 {slash} U19/LRA_N' (connected: 1/2)
2026-09-12 22:17:50.977 DEBUG  Queuing item for routing: Pin on net '/Eight ring pods/Pod 1 {slash} U19/LRA_P' (connected: 1/2)
2026-09-12 22:17:50.977 DEBUG  Queuing item for routing: Pin on net '/Eight ring pods/Pod 1 {slash} U19/LRA_N' (connected: 1/2)
2026-09-12 22:17:50.977 DEBUG  Queuing item for routing: Pin on net '/Eight ring pods/Pod 1 {slash} U19/LOCAL_SCL' (connected: 1/3)
2026-09-12 22:17:50.977 DEBUG  Queuing item for routing: Pin on net '/Eight ring pods/Pod 1 {slash} U19/LOCAL_SDA' (connected: 1/3)
2026-09-12 22:17:50.977 DEBUG  Queuing item for routing: Pin on net '/Eight ring pods/Pod 1 {slash} U19/LRA_P' (connected: 1/2)
2026-09-12 22:17:50.977 DEBUG  Queuing item for routing: Pin on net 'RING_RETURN' (connected: 1/2)
2026-09-12 22:17:50.977 DEBUG  Queuing item for routing: Pin on net 'VBAT' (connected: 1/3)
2026-09-12 22:17:50.977 DEBUG  Queuing item for routing: Pin on net 'RING_nRESET' (connected: 1/4)
2026-09-12 22:17:50.977 DEBUG  Queuing item for routing: Pin on net 'RING_RETURN' (connected: 1/2)
2026-09-12 22:17:50.977 DEBUG  Queuing item for routing: Pin on net 'VBAT' (connected: 1/3)
2026-09-12 22:17:50.977 DEBUG  Queuing item for routing: Pin on net 'RING_nRESET' (connected: 1/4)
2026-09-12 22:17:50.977 DEBUG  Queuing item for routing: Pin on net 'RING_D1' (connected: 1/2)
2026-09-12 22:17:50.977 DEBUG  Queuing item for routing: Pin on net '/Eight ring pods/Pod 1 {slash} U19/UART_TX_LOCAL' (connected: 3/5)
2026-09-12 22:17:50.977 DEBUG  Queuing item for routing: Pin on net 'RING_D1' (connected: 1/2)
2026-09-12 22:17:50.977 DEBUG  Queuing item for routing: Pin on net '/Eight ring pods/Pod 1 {slash} U19/LOCAL_SDA' (connected: 1/3)
2026-09-12 22:17:50.977 DEBUG  Queuing item for routing: Pin on net '/Eight ring pods/Pod 1 {slash} U19/LOCAL_SCL' (connected: 1/3)
2026-09-12 22:17:50.996 DEBUG  [69FC79\F02AE7] Pass #1: 18 incompletes across 29 items to route
2026-09-12 22:17:50.996 DEBUG  [69FC79\F02AE7]   Net '/Eight ring pods/Pod 1 {slash} U19/LOCAL_SCL' has 2 incomplete(s)
2026-09-12 22:17:50.996 DEBUG  [69FC79\F02AE7]   Net '/Eight ring pods/Pod 1 {slash} U19/UART_TX_LOCAL' has 2 incomplete(s)
2026-09-12 22:17:50.996 DEBUG  [69FC79\F02AE7]   Net '/Eight ring pods/Pod 1 {slash} U19/UART_RX_LOCAL' has 1 incomplete(s)
2026-09-12 22:17:50.996 DEBUG  [69FC79\F02AE7]   Net 'RING_D1' has 1 incomplete(s)
2026-09-12 22:17:50.996 DEBUG  [69FC79\F02AE7]   Net 'RING_nRESET' has 3 incomplete(s)
2026-09-12 22:17:50.996 DEBUG  [69FC79\F02AE7]   Net 'VBAT' has 2 incomplete(s)
2026-09-12 22:17:50.996 DEBUG  [69FC79\F02AE7]   Net 'RING_RETURN' has 1 incomplete(s)
2026-09-12 22:17:50.996 DEBUG  [69FC79\F02AE7]   Net '/Eight ring pods/Pod 1 {slash} U19/LOCAL_SDA' has 2 incomplete(s)
2026-09-12 22:17:50.996 DEBUG  [69FC79\F02AE7]   Net '/Eight ring pods/Pod 1 {slash} U19/LRA_P' has 1 incomplete(s)
2026-09-12 22:17:50.996 DEBUG  [69FC79\F02AE7]   Net '/Eight ring pods/Pod 1 {slash} U19/LRA_N' has 1 incomplete(s)
2026-09-12 22:17:50.996 DEBUG  [69FC79\F02AE7]   Net '/Eight ring pods/Pod 1 {slash} U19/CELL_TEMP' has 2 incomplete(s)
2026-09-12 22:17:51.124 DEBUG  FoundConnectionInserter: insert trace failed for net #6 at corner 62/62 on layer 0, trace width: 750, from corner: 33, okPoint: (786450,-578700), target: (808100,-738000)
2026-09-12 22:17:51.132 DEBUG  [69FC79\F02AE7] Autorouter Failed to route connection between polylinetrace, polylinetrace, polylinetrace, polylinetrace, pin #17 of component #21, pin #1 of component #4, pin #1 of component #2 and pin #3 of component #22, because the new connection could not be inserted.
2026-09-12 22:17:51.205 DEBUG  OptViaAlgo.opt_via_location: probably endless loop
2026-09-12 22:17:51.261 DEBUG  FoundConnectionInserter: insert trace failed for net #6 at corner 45/45 on layer 0, trace width: 750, from corner: 13, okPoint: (788050,-741575), target: (847700,-497000)
2026-09-12 22:17:51.265 DEBUG  [69FC79\F02AE7] Autorouter Failed to route connection between pin #3 of component #22 and polylinetrace, polylinetrace, polylinetrace, polylinetrace, pin #17 of component #21, pin #1 of component #4, pin #1 of component #2, because the new connection could not be inserted.
2026-09-12 22:17:51.457 DEBUG  FoundConnectionInserter: insert trace failed for net #11 at corner 10/10 on layer 3, trace width: 750, from corner: 1, okPoint: (784907,-576550), target: (845600,-572825)
2026-09-12 22:17:51.459 DEBUG  [69FC79\F02AE7] Autorouter Failed to route connection between pin #3 of component #16, pin #1 of component #3 and pin #4 of component #21, because the new connection could not be inserted.
2026-09-12 22:17:51.685 DEBUG  FoundConnectionInserter: insert trace failed for net #15 at corner 14/14 on layer 3, trace width: 750, from corner: 9, okPoint: (858690,-576548), target: (845600,-572825)
2026-09-12 22:17:51.688 DEBUG  [69FC79\F02AE7] Autorouter Failed to route connection between pin #8 of component #16 and pin #1 of component #17, because the new connection could not be inserted.
2026-09-12 22:17:52.119 DEBUG  [69FC79\F02AE7] Autorouter Failed to route connection between pin #4 of component #21, pin #1 of component #3 and pin #3 of component #16, because no connection was found between their nets.
2026-09-12 22:17:52.353 DEBUG  FoundConnectionInserter: insert trace failed for net #8 at corner 37/37 on layer 3, trace width: 750, from corner: 14, okPoint: (847908,-551000), target: (775311,-657096)
2026-09-12 22:17:52.356 DEBUG  [69FC79\F02AE7] Autorouter Failed to route connection between polylinetrace, polylinetrace, polylinetrace, via, via, pin #3 of component #21, pin #3 of component #10 and polylinetrace, polylinetrace, polylinetrace, via, via, pin #4 of component #22, pin #3 of component #11, because the new connection could not be inserted.
2026-09-12 22:17:52.453 DEBUG  FoundConnectionInserter: insert trace failed for net #7 at corner 11/11 on layer 0, trace width: 750, from corner: 8, okPoint: (785717,-733452), target: (797900,-738000)
2026-09-12 22:17:52.456 DEBUG  [69FC79\F02AE7] Autorouter Failed to route connection between pin of component #4 and pin #2 of component #10, because the new connection could not be inserted.
2026-09-12 22:17:52.457 DEBUG  [69FC79\F02AE7] Pass #1: Failed to route Pin on net 'RING_D1' (5 items remaining, 1 failures). State: FAILED
2026-09-12 22:17:52.552 DEBUG  FoundConnectionInserter: insert trace failed for net #4 at corner 27/27 on layer 0, trace width: 750, from corner: 14, okPoint: (865482,-535498), target: (835000,-497000)
2026-09-12 22:17:52.555 DEBUG  [69FC79\F02AE7] Autorouter Failed to route connection between pin #2 of component #22, pin #7 of component #21 and polylinetrace, pin #1 of component #6, pin of component #5, because the new connection could not be inserted.
2026-09-12 22:17:52.555 DEBUG  [69FC79\F02AE7] Pass #1: Failed to route Pin on net '/Eight ring pods/Pod 1 {slash} U19/UART_TX_LOCAL' (4 items remaining, 1 failures). State: FAILED
2026-09-12 22:17:52.667 DEBUG  FoundConnectionInserter: insert trace failed for net #11 at corner 15/15 on layer 3, trace width: 750, from corner: 5, okPoint: (863588,-582256), target: (873563,-671725)
2026-09-12 22:17:52.671 DEBUG  [69FC79\F02AE7] Autorouter Failed to route connection between pin #4 of component #21, pin #3 of component #16 and pin #1 of component #3, because the new connection could not be inserted.
2026-09-12 22:17:52.671 DEBUG  [69FC79\F02AE7] Pass #1: Failed to route Pin on net '/Eight ring pods/Pod 1 {slash} U19/LOCAL_SDA' (2 items remaining, 1 failures). State: FAILED
2026-09-12 22:17:52.681 DEBUG  FoundConnectionInserter: insert trace failed for net #3 at corner 22/22 on layer 3, trace width: 750, from corner: 2, okPoint: (865619,-655961), target: (817592,-759551)
2026-09-12 22:17:52.684 DEBUG  [69FC79\F02AE7] Autorouter Failed to route connection between polylinetrace, via, pin #5 of component #21 and polylinetrace, polylinetrace, polylinetrace, via, via, pin #6 of component #16, pin #1 of component #1, because the new connection could not be inserted.
2026-09-12 22:17:52.684 DEBUG  [69FC79\F02AE7] Pass #1: Failed to route Pin on net '/Eight ring pods/Pod 1 {slash} U19/LOCAL_SCL' (1 items remaining, 1 failures). State: FAILED
2026-09-12 22:17:52.744 INFO   [69FC79\F02AE7] Auto-routing pass #1 on board '6b74e43a759c6b06818b5cf2c4653a4a' was completed in 1.77 seconds with score 741.81 (8 unrouted and 31 violations), using 1.97 CPU seconds and the job allocated 9.43 GB of memory so far.
2026-09-12 22:17:52.790 DEBUG  Queuing item for routing: Pin on net '/Eight ring pods/Pod 1 {slash} U19/UART_RX_LOCAL' (connected: 1/8)
2026-09-12 22:17:52.790 DEBUG  Queuing item for routing: Pin on net '/Eight ring pods/Pod 1 {slash} U19/UART_TX_LOCAL' (connected: 1/5)
2026-09-12 22:17:52.791 DEBUG  Queuing item for routing: Pin on net '/Eight ring pods/Pod 1 {slash} U19/UART_RX_LOCAL' (connected: 7/8)
2026-09-12 22:17:52.791 DEBUG  Queuing item for routing: Pin on net '/Eight ring pods/Pod 1 {slash} U19/UART_TX_LOCAL' (connected: 1/5)
2026-09-12 22:17:52.791 DEBUG  Queuing item for routing: Pin on net '/Eight ring pods/Pod 1 {slash} U19/LOCAL_SCL' (connected: 3/10)
2026-09-12 22:17:52.791 DEBUG  Queuing item for routing: Pin on net '/Eight ring pods/Pod 1 {slash} U19/LOCAL_SDA' (connected: 1/5)
2026-09-12 22:17:52.791 DEBUG  Queuing item for routing: Pin on net '/Eight ring pods/Pod 1 {slash} U19/LRA_N' (connected: 3/6)
2026-09-12 22:17:52.791 DEBUG  Queuing item for routing: Pin on net '/Eight ring pods/Pod 1 {slash} U19/LRA_P' (connected: 3/6)
2026-09-12 22:17:52.791 DEBUG  Queuing item for routing: Pin on net '/Eight ring pods/Pod 1 {slash} U19/LRA_N' (connected: 3/6)
2026-09-12 22:17:52.791 DEBUG  Queuing item for routing: Pin on net '/Eight ring pods/Pod 1 {slash} U19/LOCAL_SCL' (connected: 7/10)
2026-09-12 22:17:52.791 DEBUG  Queuing item for routing: Pin on net '/Eight ring pods/Pod 1 {slash} U19/LOCAL_SDA' (connected: 1/5)
2026-09-12 22:17:52.791 DEBUG  Queuing item for routing: Pin on net '/Eight ring pods/Pod 1 {slash} U19/LRA_P' (connected: 3/6)
2026-09-12 22:17:52.791 DEBUG  Queuing item for routing: Pin on net '/Eight ring pods/Pod 1 {slash} U19/UART_TX_LOCAL' (connected: 3/5)
2026-09-12 22:17:52.791 DEBUG  Queuing item for routing: Pin on net '/Eight ring pods/Pod 1 {slash} U19/LOCAL_SDA' (connected: 3/5)
2026-09-12 22:17:52.810 DEBUG  [69FC79\F02AE7] Pass #2: 8 incompletes across 14 items to route
2026-09-12 22:17:52.810 DEBUG  [69FC79\F02AE7]   Net '/Eight ring pods/Pod 1 {slash} U19/LOCAL_SCL' has 1 incomplete(s)
2026-09-12 22:17:52.810 DEBUG  [69FC79\F02AE7]   Net '/Eight ring pods/Pod 1 {slash} U19/UART_TX_LOCAL' has 2 incomplete(s)
2026-09-12 22:17:52.810 DEBUG  [69FC79\F02AE7]   Net '/Eight ring pods/Pod 1 {slash} U19/UART_RX_LOCAL' has 1 incomplete(s)
2026-09-12 22:17:52.810 DEBUG  [69FC79\F02AE7]   Net '/Eight ring pods/Pod 1 {slash} U19/LOCAL_SDA' has 2 incomplete(s)
2026-09-12 22:17:52.810 DEBUG  [69FC79\F02AE7]   Net '/Eight ring pods/Pod 1 {slash} U19/LRA_P' has 1 incomplete(s)
2026-09-12 22:17:52.810 DEBUG  [69FC79\F02AE7]   Net '/Eight ring pods/Pod 1 {slash} U19/LRA_N' has 1 incomplete(s)
2026-09-12 22:17:52.903 DEBUG  FoundConnectionInserter: insert trace failed for net #6 at corner 19/19 on layer 3, trace width: 750, from corner: 3, okPoint: (869675,-721505), target: (840922,-752644)
2026-09-12 22:17:52.907 DEBUG  [69FC79\F02AE7] Autorouter Failed to route connection between polylinetrace, polylinetrace, polylinetrace, polylinetrace, pin #17 of component #21, pin #1 of component #4, pin #1 of component #2 and pin #3 of component #22, because the new connection could not be inserted.
2026-09-12 22:17:53.112 DEBUG  FoundConnectionInserter: insert trace failed for net #6 at corner 30/30 on layer 0, trace width: 750, from corner: 8, okPoint: (854278,-735657), target: (894718,-660026)
2026-09-12 22:17:53.115 DEBUG  [69FC79\F02AE7] Autorouter Failed to route connection between pin #3 of component #22 and polylinetrace, polylinetrace, polylinetrace, polylinetrace, pin #17 of component #21, pin #1 of component #4, pin #1 of component #2, because the new connection could not be inserted.
2026-09-12 22:17:53.189 DEBUG  FoundConnectionInserter: insert trace failed for net #4 at corner 24/24 on layer 3, trace width: 750, from corner: 12, okPoint: (859231,-737187), target: (882740,-622160)
2026-09-12 22:17:53.193 DEBUG  [69FC79\F02AE7] Autorouter Failed to route connection between polylinetrace, polylinetrace, polylinetrace, via, via, polylinetrace, pin #2 of component #22, pin #1 of component #6, pin of component #5 and pin #7 of component #21, because the new connection could not be inserted.
2026-09-12 22:17:53.325 DEBUG  FoundConnectionInserter: insert trace failed for net #11 at corner 25/25 on layer 3, trace width: 750, from corner: 5, okPoint: (786341,-728651), target: (849475,-570537)
2026-09-12 22:17:53.329 DEBUG  [69FC79\F02AE7] Autorouter Failed to route connection between via, polylinetrace, pin #3 of component #16, pin #1 of component #3 and pin #4 of component #21, because the new connection could not be inserted.
2026-09-12 22:17:53.454 DEBUG  FoundConnectionInserter: insert trace failed for net #14 at corner 30/30 on layer 3, trace width: 750, from corner: 8, okPoint: (911027,-688044), target: (876334,-526616)
2026-09-12 22:17:53.457 DEBUG  [69FC79\F02AE7] Autorouter Failed to route connection between polylinetrace, via, pin #2 of component #16 and polylinetrace, via, pin of component #17, because the new connection could not be inserted.
2026-09-12 22:17:53.647 DEBUG  [69FC79\F02AE7] Autorouter Failed to route connection between via, polylinetrace, via, polylinetrace, pin #4 of component #21, pin #1 of component #3 and pin #3 of component #16, because no connection was found between their nets.
2026-09-12 22:17:53.647 DEBUG  [69FC79\F02AE7] Pass #2: Failed to route Pin on net '/Eight ring pods/Pod 1 {slash} U19/LOCAL_SDA' (4 items remaining, 2 failures). State: FAILED
2026-09-12 22:17:53.791 DEBUG  FoundConnectionInserter: insert trace failed for net #11 at corner 26/26 on layer 3, trace width: 750, from corner: 11, okPoint: (800359,-568461), target: (784808,-734180)
2026-09-12 22:17:53.794 DEBUG  [69FC79\F02AE7] Autorouter Failed to route connection between via, polylinetrace, pin #4 of component #21, pin #3 of component #16 and via, polylinetrace, pin #1 of component #3, because the new connection could not be inserted.
2026-09-12 22:17:53.794 DEBUG  [69FC79\F02AE7] Pass #2: Failed to route Pin on net '/Eight ring pods/Pod 1 {slash} U19/LOCAL_SDA' (1 items remaining, 2 failures). State: FAILED
2026-09-12 22:17:53.841 INFO   [69FC79\F02AE7] Auto-routing pass #2 on board 'bd4e674e1090a068adcc0dc53fdbdfbb' was completed in 1.05 seconds with score 723.62 (9 unrouted and 31 violations), using 2.95 CPU seconds and the job allocated 16.51 GB of memory so far.
2026-09-12 22:17:53.882 DEBUG  Queuing item for routing: Pin on net 'RING_nRESET' (connected: 7/14)
2026-09-12 22:17:53.883 DEBUG  Queuing item for routing: Pin on net '/Eight ring pods/Pod 1 {slash} U19/UART_RX_LOCAL' (connected: 1/8)
2026-09-12 22:17:53.883 DEBUG  Queuing item for routing: Pin on net '/Eight ring pods/Pod 1 {slash} U19/UART_TX_LOCAL' (connected: 1/11)
2026-09-12 22:17:53.883 DEBUG  Queuing item for routing: Pin on net '/Eight ring pods/Pod 1 {slash} U19/UART_RX_LOCAL' (connected: 7/8)
2026-09-12 22:17:53.883 DEBUG  Queuing item for routing: Pin on net '/Eight ring pods/Pod 1 {slash} U19/UART_TX_LOCAL' (connected: 10/11)
2026-09-12 22:17:53.883 DEBUG  Queuing item for routing: Pin on net '/Eight ring pods/Pod 1 {slash} U19/LOCAL_SDA' (connected: 3/7)
2026-09-12 22:17:53.883 DEBUG  Queuing item for routing: Pin on net 'RING_nRESET' (connected: 7/14)
2026-09-12 22:17:53.883 DEBUG  Queuing item for routing: Pin on net '/Eight ring pods/Pod 1 {slash} U19/CELL_TEMP' (connected: 3/9)
2026-09-12 22:17:53.883 DEBUG  Queuing item for routing: Pin on net '/Eight ring pods/Pod 1 {slash} U19/CELL_TEMP' (connected: 3/9)
2026-09-12 22:17:53.883 DEBUG  Queuing item for routing: Pin on net '/Eight ring pods/Pod 1 {slash} U19/CELL_TEMP' (connected: 3/9)
2026-09-12 22:17:53.884 DEBUG  Queuing item for routing: Pin on net '/Eight ring pods/Pod 1 {slash} U19/LRA_N' (connected: 3/4)
2026-09-12 22:17:53.884 DEBUG  Queuing item for routing: Pin on net '/Eight ring pods/Pod 1 {slash} U19/LRA_N' (connected: 1/4)
2026-09-12 22:17:53.884 DEBUG  Queuing item for routing: Pin on net '/Eight ring pods/Pod 1 {slash} U19/LOCAL_SDA' (connected: 1/7)
2026-09-12 22:17:53.884 DEBUG  Queuing item for routing: Pin on net 'RING_RETURN' (connected: 3/6)
2026-09-12 22:17:53.884 DEBUG  Queuing item for routing: Pin on net 'RING_RETURN' (connected: 3/6)
2026-09-12 22:17:53.884 DEBUG  Queuing item for routing: Pin on net '/Eight ring pods/Pod 1 {slash} U19/LOCAL_SDA' (connected: 3/7)
2026-09-12 22:17:53.902 DEBUG  [69FC79\F02AE7] Pass #3: 9 incompletes across 16 items to route
2026-09-12 22:17:53.902 DEBUG  [69FC79\F02AE7]   Net '/Eight ring pods/Pod 1 {slash} U19/UART_TX_LOCAL' has 1 incomplete(s)
2026-09-12 22:17:53.902 DEBUG  [69FC79\F02AE7]   Net '/Eight ring pods/Pod 1 {slash} U19/UART_RX_LOCAL' has 1 incomplete(s)
2026-09-12 22:17:53.902 DEBUG  [69FC79\F02AE7]   Net 'RING_nRESET' has 1 incomplete(s)
2026-09-12 22:17:53.902 DEBUG  [69FC79\F02AE7]   Net 'RING_RETURN' has 1 incomplete(s)
2026-09-12 22:17:53.902 DEBUG  [69FC79\F02AE7]   Net '/Eight ring pods/Pod 1 {slash} U19/LOCAL_SDA' has 2 incomplete(s)
2026-09-12 22:17:53.902 DEBUG  [69FC79\F02AE7]   Net '/Eight ring pods/Pod 1 {slash} U19/LRA_N' has 1 incomplete(s)
2026-09-12 22:17:53.902 DEBUG  [69FC79\F02AE7]   Net '/Eight ring pods/Pod 1 {slash} U19/CELL_TEMP' has 2 incomplete(s)
2026-09-12 22:17:54.021 DEBUG  FoundConnectionInserter: insert trace failed for net #6 at corner 60/60 on layer 0, trace width: 750, from corner: 31, okPoint: (786443,-578707), target: (808100,-741404)
2026-09-12 22:17:54.024 DEBUG  [69FC79\F02AE7] Autorouter Failed to route connection between polylinetrace, polylinetrace, polylinetrace, polylinetrace, pin #17 of component #21, pin #1 of component #4, pin #1 of component #2 and pin #3 of component #22, because the new connection could not be inserted.
2026-09-12 22:17:54.024 DEBUG  [69FC79\F02AE7] Pass #3: Failed to route Pin on net '/Eight ring pods/Pod 1 {slash} U19/UART_RX_LOCAL' (15 items remaining, 3 failures). State: FAILED
2026-09-12 22:17:54.141 DEBUG  FoundConnectionInserter: insert trace failed for net #6 at corner 47/47 on layer 0, trace width: 750, from corner: 12, okPoint: (787301,-729096), target: (847700,-497000)
2026-09-12 22:17:54.144 DEBUG  [69FC79\F02AE7] Autorouter Failed to route connection between pin #3 of component #22 and polylinetrace, polylinetrace, polylinetrace, polylinetrace, pin #17 of component #21, pin #1 of component #4, pin #1 of component #2, because the new connection could not be inserted.
2026-09-12 22:17:54.144 DEBUG  [69FC79\F02AE7] Pass #3: Failed to route Pin on net '/Eight ring pods/Pod 1 {slash} U19/UART_RX_LOCAL' (13 items remaining, 3 failures). State: FAILED
2026-09-12 22:17:54.325 DEBUG  FoundConnectionInserter: insert trace failed for net #15 at corner 24/24 on layer 0, trace width: 750, from corner: 9, okPoint: (863945,-575793), target: (838000,-544000)
2026-09-12 22:17:54.329 DEBUG  [69FC79\F02AE7] Autorouter Failed to route connection between pin #8 of component #16 and polylinetrace, via, pin #1 of component #17, because the new connection could not be inserted.
2026-09-12 22:17:54.333 DEBUG  FoundConnectionInserter: insert trace failed for net #15 at corner 28/28 on layer 0, trace width: 750, from corner: 16, okPoint: (846476,-574734), target: (871908,-600375)
2026-09-12 22:17:54.336 DEBUG  [69FC79\F02AE7] Autorouter Failed to route connection between via, polylinetrace, via, polylinetrace, polylinetrace, via, pin #1 of component #17 and pin #8 of component #16, because the new connection could not be inserted.
2026-09-12 22:17:54.336 DEBUG  [69FC79\F02AE7] Pass #3: Failed to route Pin on net '/Eight ring pods/Pod 1 {slash} U19/LRA_N' (5 items remaining, 1 failures). State: FAILED
2026-09-12 22:17:54.539 DEBUG  [69FC79\F02AE7] Autorouter Failed to route connection between polylinetrace, polylinetrace, via, via, polylinetrace, pin #4 of component #21, pin #1 of component #3 and pin #3 of component #16, because no connection was found between their nets.
2026-09-12 22:17:54.539 DEBUG  [69FC79\F02AE7] Pass #3: Failed to route Pin on net '/Eight ring pods/Pod 1 {slash} U19/LOCAL_SDA' (4 items remaining, 3 failures). State: FAILED
2026-09-12 22:17:54.567 DEBUG  FoundConnectionInserter: insert trace failed for net #10 at corner 14/14 on layer 3, trace width: 750, from corner: 8, okPoint: (806942,-739908), target: (779865,-710365)
2026-09-12 22:17:54.570 DEBUG  [69FC79\F02AE7] Autorouter Failed to route connection between polylinetrace, via, pin #5 of component #10 and pin #5 of component #11, because the new connection could not be inserted.
2026-09-12 22:17:54.570 DEBUG  [69FC79\F02AE7] Pass #3: Failed to route Pin on net 'RING_RETURN' (3 items remaining, 1 failures). State: FAILED
2026-09-12 22:17:54.587 DEBUG  [69FC79\F02AE7] Autorouter Failed to route connection between pin #3 of component #16 and polylinetrace, polylinetrace, via, via, polylinetrace, pin #4 of component #21, pin #1 of component #3, because no connection was found between their nets.
2026-09-12 22:17:54.587 DEBUG  [69FC79\F02AE7] Pass #3: Failed to route Pin on net '/Eight ring pods/Pod 1 {slash} U19/LOCAL_SDA' (1 items remaining, 3 failures). State: FAILED
2026-09-12 22:17:54.637 INFO   [69FC79\F02AE7] Auto-routing pass #3 on board '7cf9cdde76c646a9ff8139ab55188598' was completed in 0.76 seconds with score 796.35 (5 unrouted and 31 violations), using 3.95 CPU seconds and the job allocated 23.86 GB of memory so far.
2026-09-12 22:17:54.681 DEBUG  Queuing item for routing: Pin on net '/Eight ring pods/Pod 1 {slash} U19/UART_RX_LOCAL' (connected: 1/9)
2026-09-12 22:17:54.681 DEBUG  Queuing item for routing: Pin on net '/Eight ring pods/Pod 1 {slash} U19/UART_RX_LOCAL' (connected: 8/9)
2026-09-12 22:17:54.682 DEBUG  Queuing item for routing: Pin on net '/Eight ring pods/Pod 1 {slash} U19/LOCAL_SDA' (connected: 7/8)
2026-09-12 22:17:54.682 DEBUG  Queuing item for routing: Pin on net '/Eight ring pods/Pod 1 {slash} U19/LRA_N' (connected: 3/4)
2026-09-12 22:17:54.682 DEBUG  Queuing item for routing: Pin on net '/Eight ring pods/Pod 1 {slash} U19/LRA_P' (connected: 3/4)
2026-09-12 22:17:54.682 DEBUG  Queuing item for routing: Pin on net '/Eight ring pods/Pod 1 {slash} U19/LRA_N' (connected: 1/4)
2026-09-12 22:17:54.682 DEBUG  Queuing item for routing: Pin on net '/Eight ring pods/Pod 1 {slash} U19/LOCAL_SDA' (connected: 1/8)
2026-09-12 22:17:54.682 DEBUG  Queuing item for routing: Pin on net '/Eight ring pods/Pod 1 {slash} U19/LRA_P' (connected: 1/4)
2026-09-12 22:17:54.682 DEBUG  Queuing item for routing: Pin on net 'RING_D1' (connected: 3/4)
2026-09-12 22:17:54.682 DEBUG  Queuing item for routing: Pin on net 'RING_D1' (connected: 1/4)
2026-09-12 22:17:54.700 DEBUG  [69FC79\F02AE7] Pass #4: 5 incompletes across 10 items to route
2026-09-12 22:17:54.700 DEBUG  [69FC79\F02AE7]   Net '/Eight ring pods/Pod 1 {slash} U19/UART_RX_LOCAL' has 1 incomplete(s)
2026-09-12 22:17:54.700 DEBUG  [69FC79\F02AE7]   Net 'RING_D1' has 1 incomplete(s)
2026-09-12 22:17:54.700 DEBUG  [69FC79\F02AE7]   Net '/Eight ring pods/Pod 1 {slash} U19/LOCAL_SDA' has 1 incomplete(s)
2026-09-12 22:17:54.701 DEBUG  [69FC79\F02AE7]   Net '/Eight ring pods/Pod 1 {slash} U19/LRA_P' has 1 incomplete(s)
2026-09-12 22:17:54.701 DEBUG  [69FC79\F02AE7]   Net '/Eight ring pods/Pod 1 {slash} U19/LRA_N' has 1 incomplete(s)
2026-09-12 22:17:54.847 DEBUG  [69FC79\F02AE7] Autorouter Failed to route connection between pin #3 of component #16 and polylinetrace, polylinetrace, via, via, polylinetrace, pin #4 of component #21, pin #1 of component #3, because no connection was found between their nets.
2026-09-12 22:17:54.847 DEBUG  [69FC79\F02AE7] Pass #4: Failed to route Pin on net '/Eight ring pods/Pod 1 {slash} U19/LOCAL_SDA' (8 items remaining, 3 failures). State: FAILED
2026-09-12 22:17:54.975 DEBUG  FoundConnectionInserter: insert trace failed for net #14 at corner 34/34 on layer 3, trace width: 750, from corner: 8, okPoint: (911027,-699327), target: (839055,-512977)
2026-09-12 22:17:54.978 DEBUG  [69FC79\F02AE7] Autorouter Failed to route connection between pin #2 of component #16 and polylinetrace, via, pin of component #17, because the new connection could not be inserted.
2026-09-12 22:17:55.233 DEBUG  [69FC79\F02AE7] Autorouter Failed to route connection between polylinetrace, polylinetrace, via, via, polylinetrace, pin #4 of component #21, pin #1 of component #3 and pin #3 of component #16, because no connection was found between their nets.
2026-09-12 22:17:55.233 DEBUG  [69FC79\F02AE7] Pass #4: Failed to route Pin on net '/Eight ring pods/Pod 1 {slash} U19/LOCAL_SDA' (4 items remaining, 4 failures). State: FAILED
2026-09-12 22:17:55.536 INFO   [69FC79\F02AE7] Auto-routing pass #4 on board '635495ef6df33b5d178c123703ec18ae' was completed in 0.86 seconds with score 850.89 (2 unrouted and 31 violations), using 4.92 CPU seconds and the job allocated 30.83 GB of memory so far.
2026-09-12 22:17:55.584 DEBUG  Queuing item for routing: Pin on net '/Eight ring pods/Pod 1 {slash} U19/LOCAL_SDA' (connected: 7/8)
2026-09-12 22:17:55.584 DEBUG  Queuing item for routing: Pin on net '/Eight ring pods/Pod 1 {slash} U19/CELL_TEMP' (connected: 9/12)
2026-09-12 22:17:55.584 DEBUG  Queuing item for routing: Pin on net '/Eight ring pods/Pod 1 {slash} U19/CELL_TEMP' (connected: 3/12)
2026-09-12 22:17:55.584 DEBUG  Queuing item for routing: Pin on net '/Eight ring pods/Pod 1 {slash} U19/LOCAL_SDA' (connected: 1/8)
2026-09-12 22:17:55.605 DEBUG  [69FC79\F02AE7] Pass #5: 2 incompletes across 4 items to route
2026-09-12 22:17:55.605 DEBUG  [69FC79\F02AE7]   Net '/Eight ring pods/Pod 1 {slash} U19/LOCAL_SDA' has 1 incomplete(s)
2026-09-12 22:17:55.605 DEBUG  [69FC79\F02AE7]   Net '/Eight ring pods/Pod 1 {slash} U19/CELL_TEMP' has 1 incomplete(s)
2026-09-12 22:17:55.611 DEBUG  [69FC79\F02AE7] Autorouter Failed to route connection between pin #3 of component #16 and polylinetrace, polylinetrace, via, via, polylinetrace, pin #4 of component #21, pin #1 of component #3, because no connection was found between their nets.
2026-09-12 22:17:55.612 DEBUG  [69FC79\F02AE7] Pass #5: Failed to route Pin on net '/Eight ring pods/Pod 1 {slash} U19/LOCAL_SDA' (4 items remaining, 4 failures). State: FAILED
2026-09-12 22:17:56.000 DEBUG  [69FC79\F02AE7] Autorouter Failed to route connection between polylinetrace, polylinetrace, via, via, polylinetrace, pin #4 of component #21, pin #1 of component #3 and pin #3 of component #16, because no connection was found between their nets.
2026-09-12 22:17:56.000 DEBUG  [69FC79\F02AE7] Pass #5: Failed to route Pin on net '/Eight ring pods/Pod 1 {slash} U19/LOCAL_SDA' (1 items remaining, 5 failures). State: FAILED
2026-09-12 22:17:56.061 INFO   [69FC79\F02AE7] Auto-routing pass #5 on board 'a2ccf38c25e99bb34db64b5ceaee4e09' was completed in 0.48 seconds with score 869.07 (1 unrouted and 31 violations), using 4.92 CPU seconds and the job allocated 30.83 GB of memory so far.
2026-09-12 22:17:56.108 DEBUG  Queuing item for routing: Pin on net '/Eight ring pods/Pod 1 {slash} U19/LOCAL_SDA' (connected: 7/8)
2026-09-12 22:17:56.109 DEBUG  Queuing item for routing: Pin on net '/Eight ring pods/Pod 1 {slash} U19/LOCAL_SDA' (connected: 1/8)
2026-09-12 22:17:56.129 DEBUG  [69FC79\F02AE7] Pass #6: 1 incompletes across 2 items to route
2026-09-12 22:17:56.129 DEBUG  [69FC79\F02AE7]   Net '/Eight ring pods/Pod 1 {slash} U19/LOCAL_SDA' has 1 incomplete(s)
2026-09-12 22:17:56.135 DEBUG  [69FC79\F02AE7] Autorouter Failed to route connection between pin #3 of component #16 and polylinetrace, polylinetrace, via, via, polylinetrace, pin #4 of component #21, pin #1 of component #3, because no connection was found between their nets.
2026-09-12 22:17:56.135 DEBUG  [69FC79\F02AE7] Pass #6: Failed to route Pin on net '/Eight ring pods/Pod 1 {slash} U19/LOCAL_SDA' (2 items remaining, 5 failures). State: FAILED
2026-09-12 22:17:56.430 DEBUG  [69FC79\F02AE7] Autorouter Failed to route connection between polylinetrace, polylinetrace, via, via, polylinetrace, pin #4 of component #21, pin #1 of component #3 and pin #3 of component #16, because no connection was found between their nets.
2026-09-12 22:17:56.430 DEBUG  [69FC79\F02AE7] Pass #6: Failed to route Pin on net '/Eight ring pods/Pod 1 {slash} U19/LOCAL_SDA' (1 items remaining, 6 failures). State: FAILED
2026-09-12 22:17:56.488 INFO   [69FC79\F02AE7] Auto-routing pass #6 on board 'faab37766d24946d2328bcd46a9ac00d' was completed in 0.38 seconds with score 869.07 (1 unrouted and 31 violations), using 5.91 CPU seconds and the job allocated 38.14 GB of memory so far.
2026-09-12 22:17:56.517 DEBUG  Queuing item for routing: Pin on net '/Eight ring pods/Pod 1 {slash} U19/LOCAL_SDA' (connected: 7/8)
2026-09-12 22:17:56.517 DEBUG  Queuing item for routing: Pin on net '/Eight ring pods/Pod 1 {slash} U19/LOCAL_SDA' (connected: 1/8)
2026-09-12 22:17:56.538 DEBUG  [69FC79\F02AE7] Pass #7: 1 incompletes across 2 items to route
2026-09-12 22:17:56.538 DEBUG  [69FC79\F02AE7]   Net '/Eight ring pods/Pod 1 {slash} U19/LOCAL_SDA' has 1 incomplete(s)
2026-09-12 22:17:56.545 DEBUG  [69FC79\F02AE7] Autorouter Failed to route connection between pin #3 of component #16 and polylinetrace, polylinetrace, via, via, polylinetrace, pin #4 of component #21, pin #1 of component #3, because no connection was found between their nets.
2026-09-12 22:17:56.545 DEBUG  [69FC79\F02AE7] Pass #7: Failed to route Pin on net '/Eight ring pods/Pod 1 {slash} U19/LOCAL_SDA' (2 items remaining, 6 failures). State: FAILED
2026-09-12 22:17:56.831 DEBUG  [69FC79\F02AE7] Autorouter Failed to route connection between polylinetrace, polylinetrace, via, via, polylinetrace, pin #4 of component #21, pin #1 of component #3 and pin #3 of component #16, because no connection was found between their nets.
2026-09-12 22:17:56.831 DEBUG  [69FC79\F02AE7] Pass #7: Failed to route Pin on net '/Eight ring pods/Pod 1 {slash} U19/LOCAL_SDA' (1 items remaining, 7 failures). State: FAILED
2026-09-12 22:17:56.892 INFO   [69FC79\F02AE7] Auto-routing pass #7 on board 'faab37766d24946d2328bcd46a9ac00d' was completed in 0.38 seconds with score 869.07 (1 unrouted and 31 violations), using 5.91 CPU seconds and the job allocated 38.14 GB of memory so far.
2026-09-12 22:17:56.918 DEBUG  Queuing item for routing: Pin on net '/Eight ring pods/Pod 1 {slash} U19/LOCAL_SDA' (connected: 7/8)
2026-09-12 22:17:56.919 DEBUG  Queuing item for routing: Pin on net '/Eight ring pods/Pod 1 {slash} U19/LOCAL_SDA' (connected: 1/8)
2026-09-12 22:17:56.939 DEBUG  [69FC79\F02AE7] Pass #8: 1 incompletes across 2 items to route
2026-09-12 22:17:56.939 DEBUG  [69FC79\F02AE7]   Net '/Eight ring pods/Pod 1 {slash} U19/LOCAL_SDA' has 1 incomplete(s)
2026-09-12 22:17:56.945 DEBUG  [69FC79\F02AE7] Autorouter Failed to route connection between pin #3 of component #16 and polylinetrace, polylinetrace, via, via, polylinetrace, pin #4 of component #21, pin #1 of component #3, because no connection was found between their nets.
2026-09-12 22:17:56.946 DEBUG  [69FC79\F02AE7] Pass #8: Failed to route Pin on net '/Eight ring pods/Pod 1 {slash} U19/LOCAL_SDA' (2 items remaining, 7 failures). State: FAILED
2026-09-12 22:17:57.234 DEBUG  [69FC79\F02AE7] Autorouter Failed to route connection between polylinetrace, polylinetrace, via, via, polylinetrace, pin #4 of component #21, pin #1 of component #3 and pin #3 of component #16, because no connection was found between their nets.
2026-09-12 22:17:57.234 DEBUG  [69FC79\F02AE7] Pass #8: Failed to route Pin on net '/Eight ring pods/Pod 1 {slash} U19/LOCAL_SDA' (1 items remaining, 8 failures). State: FAILED
2026-09-12 22:17:57.295 INFO   [69FC79\F02AE7] Auto-routing pass #8 on board 'faab37766d24946d2328bcd46a9ac00d' was completed in 0.38 seconds with score 869.07 (1 unrouted and 31 violations), using 6.88 CPU seconds and the job allocated 45.14 GB of memory so far.
2026-09-12 22:17:57.324 DEBUG  Queuing item for routing: Pin on net '/Eight ring pods/Pod 1 {slash} U19/LOCAL_SDA' (connected: 7/8)
2026-09-12 22:17:57.324 DEBUG  Queuing item for routing: Pin on net '/Eight ring pods/Pod 1 {slash} U19/LOCAL_SDA' (connected: 1/8)
2026-09-12 22:17:57.346 DEBUG  [69FC79\F02AE7] Pass #9: 1 incompletes across 2 items to route
2026-09-12 22:17:57.346 DEBUG  [69FC79\F02AE7]   Net '/Eight ring pods/Pod 1 {slash} U19/LOCAL_SDA' has 1 incomplete(s)
2026-09-12 22:17:57.353 DEBUG  [69FC79\F02AE7] Autorouter Failed to route connection between pin #3 of component #16 and polylinetrace, polylinetrace, via, via, polylinetrace, pin #4 of component #21, pin #1 of component #3, because no connection was found between their nets.
2026-09-12 22:17:57.353 DEBUG  [69FC79\F02AE7] Pass #9: Failed to route Pin on net '/Eight ring pods/Pod 1 {slash} U19/LOCAL_SDA' (2 items remaining, 8 failures). State: FAILED
2026-09-12 22:17:57.643 DEBUG  [69FC79\F02AE7] Autorouter Failed to route connection between polylinetrace, polylinetrace, via, via, polylinetrace, pin #4 of component #21, pin #1 of component #3 and pin #3 of component #16, because no connection was found between their nets.
2026-09-12 22:17:57.643 DEBUG  [69FC79\F02AE7] Pass #9: Failed to route Pin on net '/Eight ring pods/Pod 1 {slash} U19/LOCAL_SDA' (1 items remaining, 9 failures). State: FAILED
2026-09-12 22:17:57.733 INFO   [69FC79\F02AE7] Auto-routing pass #9 on board 'faab37766d24946d2328bcd46a9ac00d' was completed in 0.41 seconds with score 869.07 (1 unrouted and 31 violations), using 6.88 CPU seconds and the job allocated 45.14 GB of memory so far.
2026-09-12 22:17:57.768 DEBUG  Queuing item for routing: Pin on net '/Eight ring pods/Pod 1 {slash} U19/LOCAL_SDA' (connected: 7/8)
2026-09-12 22:17:57.768 DEBUG  Queuing item for routing: Pin on net '/Eight ring pods/Pod 1 {slash} U19/LOCAL_SDA' (connected: 1/8)
2026-09-12 22:17:57.788 DEBUG  [69FC79\F02AE7] Pass #10: 1 incompletes across 2 items to route
2026-09-12 22:17:57.788 DEBUG  [69FC79\F02AE7]   Net '/Eight ring pods/Pod 1 {slash} U19/LOCAL_SDA' has 1 incomplete(s)
2026-09-12 22:17:57.795 DEBUG  [69FC79\F02AE7] Autorouter Failed to route connection between pin #3 of component #16 and polylinetrace, polylinetrace, via, via, polylinetrace, pin #4 of component #21, pin #1 of component #3, because no connection was found between their nets.
2026-09-12 22:17:57.795 DEBUG  [69FC79\F02AE7] Pass #10: Failed to route Pin on net '/Eight ring pods/Pod 1 {slash} U19/LOCAL_SDA' (2 items remaining, 9 failures). State: FAILED
2026-09-12 22:17:58.086 DEBUG  [69FC79\F02AE7] Autorouter Failed to route connection between polylinetrace, polylinetrace, via, via, polylinetrace, pin #4 of component #21, pin #1 of component #3 and pin #3 of component #16, because no connection was found between their nets.
2026-09-12 22:17:58.086 DEBUG  [69FC79\F02AE7] Pass #10: Failed to route Pin on net '/Eight ring pods/Pod 1 {slash} U19/LOCAL_SDA' (1 items remaining, 10 failures). State: FAILED
2026-09-12 22:17:58.145 INFO   [69FC79\F02AE7] Auto-routing pass #10 on board 'faab37766d24946d2328bcd46a9ac00d' was completed in 0.38 seconds with score 869.07 (1 unrouted and 31 violations), using 6.88 CPU seconds and the job allocated 45.14 GB of memory so far.
2026-09-12 22:17:58.173 DEBUG  Queuing item for routing: Pin on net '/Eight ring pods/Pod 1 {slash} U19/LOCAL_SDA' (connected: 7/8)
2026-09-12 22:17:58.173 DEBUG  Queuing item for routing: Pin on net '/Eight ring pods/Pod 1 {slash} U19/LOCAL_SDA' (connected: 1/8)
2026-09-12 22:17:58.193 DEBUG  [69FC79\F02AE7] Pass #11: 1 incompletes across 2 items to route
2026-09-12 22:17:58.194 DEBUG  [69FC79\F02AE7]   Net '/Eight ring pods/Pod 1 {slash} U19/LOCAL_SDA' has 1 incomplete(s)
2026-09-12 22:17:58.200 DEBUG  [69FC79\F02AE7] Autorouter Failed to route connection between pin #3 of component #16 and polylinetrace, polylinetrace, via, via, polylinetrace, pin #4 of component #21, pin #1 of component #3, because no connection was found between their nets.
2026-09-12 22:17:58.200 DEBUG  [69FC79\F02AE7] Pass #11: Failed to route Pin on net '/Eight ring pods/Pod 1 {slash} U19/LOCAL_SDA' (2 items remaining, 10 failures). State: FAILED
2026-09-12 22:17:58.495 DEBUG  [69FC79\F02AE7] Autorouter Failed to route connection between polylinetrace, polylinetrace, via, via, polylinetrace, pin #4 of component #21, pin #1 of component #3 and pin #3 of component #16, because no connection was found between their nets.
2026-09-12 22:17:58.495 DEBUG  [69FC79\F02AE7] Pass #11: Failed to route Pin on net '/Eight ring pods/Pod 1 {slash} U19/LOCAL_SDA' (1 items remaining, 11 failures). State: FAILED
2026-09-12 22:17:58.554 INFO   [69FC79\F02AE7] Auto-routing pass #11 on board 'faab37766d24946d2328bcd46a9ac00d' was completed in 0.38 seconds with score 869.07 (1 unrouted and 31 violations), using 7.84 CPU seconds and the job allocated 52.32 GB of memory so far.
2026-09-12 22:17:58.579 DEBUG  [69FC79\F02AE7] Applied one-time fanout recovery cleanup (removed fanout tails/vias). Incompletes: 1 -> 1.
2026-09-12 22:17:58.623 DEBUG  Queuing item for routing: Pin on net '/Eight ring pods/Pod 1 {slash} U19/LOCAL_SDA' (connected: 7/8)
2026-09-12 22:17:58.623 DEBUG  Queuing item for routing: Pin on net '/Eight ring pods/Pod 1 {slash} U19/LOCAL_SDA' (connected: 1/8)
2026-09-12 22:17:58.644 DEBUG  [69FC79\F02AE7] Pass #12: 1 incompletes across 2 items to route
2026-09-12 22:17:58.644 DEBUG  [69FC79\F02AE7]   Net '/Eight ring pods/Pod 1 {slash} U19/LOCAL_SDA' has 1 incomplete(s)
2026-09-12 22:17:58.650 DEBUG  [69FC79\F02AE7] Autorouter Failed to route connection between pin #3 of component #16 and polylinetrace, polylinetrace, via, via, polylinetrace, pin #4 of component #21, pin #1 of component #3, because no connection was found between their nets.
2026-09-12 22:17:58.650 DEBUG  [69FC79\F02AE7] Pass #12: Failed to route Pin on net '/Eight ring pods/Pod 1 {slash} U19/LOCAL_SDA' (2 items remaining, 11 failures). State: FAILED
2026-09-12 22:17:58.944 DEBUG  [69FC79\F02AE7] Autorouter Failed to route connection between polylinetrace, polylinetrace, via, via, polylinetrace, pin #4 of component #21, pin #1 of component #3 and pin #3 of component #16, because no connection was found between their nets.
2026-09-12 22:17:58.944 DEBUG  [69FC79\F02AE7] Pass #12: Failed to route Pin on net '/Eight ring pods/Pod 1 {slash} U19/LOCAL_SDA' (1 items remaining, 12 failures). State: FAILED
2026-09-12 22:17:59.002 INFO   [69FC79\F02AE7] Auto-routing pass #12 on board '5bee9af4a82bb1dc57b086b6af2e6bd7' was completed in 0.38 seconds with score 869.08 (1 unrouted and 31 violations), using 7.84 CPU seconds and the job allocated 52.32 GB of memory so far.
2026-09-12 22:17:59.029 DEBUG  Queuing item for routing: Pin on net '/Eight ring pods/Pod 1 {slash} U19/LOCAL_SDA' (connected: 7/8)
2026-09-12 22:17:59.029 DEBUG  Queuing item for routing: Pin on net '/Eight ring pods/Pod 1 {slash} U19/LOCAL_SDA' (connected: 1/8)
2026-09-12 22:17:59.049 DEBUG  [69FC79\F02AE7] Pass #13: 1 incompletes across 2 items to route
2026-09-12 22:17:59.049 DEBUG  [69FC79\F02AE7]   Net '/Eight ring pods/Pod 1 {slash} U19/LOCAL_SDA' has 1 incomplete(s)
2026-09-12 22:17:59.055 DEBUG  [69FC79\F02AE7] Autorouter Failed to route connection between pin #3 of component #16 and polylinetrace, polylinetrace, via, via, polylinetrace, pin #4 of component #21, pin #1 of component #3, because no connection was found between their nets.
2026-09-12 22:17:59.055 DEBUG  [69FC79\F02AE7] Pass #13: Failed to route Pin on net '/Eight ring pods/Pod 1 {slash} U19/LOCAL_SDA' (2 items remaining, 12 failures). State: FAILED
2026-09-12 22:17:59.350 DEBUG  [69FC79\F02AE7] Autorouter Failed to route connection between polylinetrace, polylinetrace, via, via, polylinetrace, pin #4 of component #21, pin #1 of component #3 and pin #3 of component #16, because no connection was found between their nets.
2026-09-12 22:17:59.350 DEBUG  [69FC79\F02AE7] Pass #13: Failed to route Pin on net '/Eight ring pods/Pod 1 {slash} U19/LOCAL_SDA' (1 items remaining, 13 failures). State: FAILED
2026-09-12 22:17:59.408 INFO   [69FC79\F02AE7] Auto-routing pass #13 on board '5bee9af4a82bb1dc57b086b6af2e6bd7' was completed in 0.38 seconds with score 869.08 (1 unrouted and 31 violations), using 8.81 CPU seconds and the job allocated 59.57 GB of memory so far.
2026-09-12 22:17:59.436 DEBUG  Queuing item for routing: Pin on net '/Eight ring pods/Pod 1 {slash} U19/LOCAL_SDA' (connected: 7/8)
2026-09-12 22:17:59.436 DEBUG  Queuing item for routing: Pin on net '/Eight ring pods/Pod 1 {slash} U19/LOCAL_SDA' (connected: 1/8)
2026-09-12 22:17:59.456 DEBUG  [69FC79\F02AE7] Pass #14: 1 incompletes across 2 items to route
2026-09-12 22:17:59.456 DEBUG  [69FC79\F02AE7]   Net '/Eight ring pods/Pod 1 {slash} U19/LOCAL_SDA' has 1 incomplete(s)
2026-09-12 22:17:59.463 DEBUG  [69FC79\F02AE7] Autorouter Failed to route connection between pin #3 of component #16 and polylinetrace, polylinetrace, via, via, polylinetrace, pin #4 of component #21, pin #1 of component #3, because no connection was found between their nets.
2026-09-12 22:17:59.463 DEBUG  [69FC79\F02AE7] Pass #14: Failed to route Pin on net '/Eight ring pods/Pod 1 {slash} U19/LOCAL_SDA' (2 items remaining, 13 failures). State: FAILED
2026-09-12 22:17:59.756 DEBUG  [69FC79\F02AE7] Autorouter Failed to route connection between polylinetrace, polylinetrace, via, via, polylinetrace, pin #4 of component #21, pin #1 of component #3 and pin #3 of component #16, because no connection was found between their nets.
2026-09-12 22:17:59.756 DEBUG  [69FC79\F02AE7] Pass #14: Failed to route Pin on net '/Eight ring pods/Pod 1 {slash} U19/LOCAL_SDA' (1 items remaining, 14 failures). State: FAILED
2026-09-12 22:17:59.813 INFO   [69FC79\F02AE7] Auto-routing pass #14 on board '5bee9af4a82bb1dc57b086b6af2e6bd7' was completed in 0.38 seconds with score 869.08 (1 unrouted and 31 violations), using 8.81 CPU seconds and the job allocated 59.57 GB of memory so far.
2026-09-12 22:17:59.839 DEBUG  Queuing item for routing: Pin on net '/Eight ring pods/Pod 1 {slash} U19/LOCAL_SDA' (connected: 7/8)
2026-09-12 22:17:59.839 DEBUG  Queuing item for routing: Pin on net '/Eight ring pods/Pod 1 {slash} U19/LOCAL_SDA' (connected: 1/8)
2026-09-12 22:17:59.860 DEBUG  [69FC79\F02AE7] Pass #15: 1 incompletes across 2 items to route
2026-09-12 22:17:59.860 DEBUG  [69FC79\F02AE7]   Net '/Eight ring pods/Pod 1 {slash} U19/LOCAL_SDA' has 1 incomplete(s)
2026-09-12 22:17:59.867 DEBUG  [69FC79\F02AE7] Autorouter Failed to route connection between pin #3 of component #16 and polylinetrace, polylinetrace, via, via, polylinetrace, pin #4 of component #21, pin #1 of component #3, because no connection was found between their nets.
2026-09-12 22:17:59.867 DEBUG  [69FC79\F02AE7] Pass #15: Failed to route Pin on net '/Eight ring pods/Pod 1 {slash} U19/LOCAL_SDA' (2 items remaining, 14 failures). State: FAILED
2026-09-12 22:18:00.165 DEBUG  [69FC79\F02AE7] Autorouter Failed to route connection between polylinetrace, polylinetrace, via, via, polylinetrace, pin #4 of component #21, pin #1 of component #3 and pin #3 of component #16, because no connection was found between their nets.
2026-09-12 22:18:00.166 DEBUG  [69FC79\F02AE7] Pass #15: Failed to route Pin on net '/Eight ring pods/Pod 1 {slash} U19/LOCAL_SDA' (1 items remaining, 15 failures). State: FAILED
2026-09-12 22:18:00.223 INFO   [69FC79\F02AE7] Auto-routing pass #15 on board '5bee9af4a82bb1dc57b086b6af2e6bd7' was completed in 0.39 seconds with score 869.08 (1 unrouted and 31 violations), using 9.78 CPU seconds and the job allocated 66.62 GB of memory so far.
2026-09-12 22:18:00.249 DEBUG  Queuing item for routing: Pin on net '/Eight ring pods/Pod 1 {slash} U19/LOCAL_SDA' (connected: 7/8)
2026-09-12 22:18:00.249 DEBUG  Queuing item for routing: Pin on net '/Eight ring pods/Pod 1 {slash} U19/LOCAL_SDA' (connected: 1/8)
2026-09-12 22:18:00.269 DEBUG  [69FC79\F02AE7] Pass #16: 1 incompletes across 2 items to route
2026-09-12 22:18:00.269 DEBUG  [69FC79\F02AE7]   Net '/Eight ring pods/Pod 1 {slash} U19/LOCAL_SDA' has 1 incomplete(s)
2026-09-12 22:18:00.278 DEBUG  [69FC79\F02AE7] Autorouter Failed to route connection between pin #3 of component #16 and polylinetrace, polylinetrace, via, via, polylinetrace, pin #4 of component #21, pin #1 of component #3, because no connection was found between their nets.
2026-09-12 22:18:00.278 DEBUG  [69FC79\F02AE7] Pass #16: Failed to route Pin on net '/Eight ring pods/Pod 1 {slash} U19/LOCAL_SDA' (2 items remaining, 15 failures). State: FAILED
2026-09-12 22:18:00.565 DEBUG  [69FC79\F02AE7] Autorouter Failed to route connection between polylinetrace, polylinetrace, via, via, polylinetrace, pin #4 of component #21, pin #1 of component #3 and pin #3 of component #16, because no connection was found between their nets.
2026-09-12 22:18:00.565 DEBUG  [69FC79\F02AE7] Pass #16: Failed to route Pin on net '/Eight ring pods/Pod 1 {slash} U19/LOCAL_SDA' (1 items remaining, 16 failures). State: FAILED
2026-09-12 22:18:00.621 INFO   [69FC79\F02AE7] Auto-routing pass #16 on board '5bee9af4a82bb1dc57b086b6af2e6bd7' was completed in 0.37 seconds with score 869.08 (1 unrouted and 31 violations), using 9.78 CPU seconds and the job allocated 66.62 GB of memory so far.
2026-09-12 22:18:00.646 DEBUG  Queuing item for routing: Pin on net '/Eight ring pods/Pod 1 {slash} U19/LOCAL_SDA' (connected: 7/8)
2026-09-12 22:18:00.647 DEBUG  Queuing item for routing: Pin on net '/Eight ring pods/Pod 1 {slash} U19/LOCAL_SDA' (connected: 1/8)
2026-09-12 22:18:00.669 DEBUG  [69FC79\F02AE7] Pass #17: 1 incompletes across 2 items to route
2026-09-12 22:18:00.669 DEBUG  [69FC79\F02AE7]   Net '/Eight ring pods/Pod 1 {slash} U19/LOCAL_SDA' has 1 incomplete(s)
2026-09-12 22:18:00.674 DEBUG  [69FC79\F02AE7] Autorouter Failed to route connection between pin #3 of component #16 and polylinetrace, polylinetrace, via, via, polylinetrace, pin #4 of component #21, pin #1 of component #3, because no connection was found between their nets.
2026-09-12 22:18:00.675 DEBUG  [69FC79\F02AE7] Pass #17: Failed to route Pin on net '/Eight ring pods/Pod 1 {slash} U19/LOCAL_SDA' (2 items remaining, 16 failures). State: FAILED
2026-09-12 22:18:00.958 DEBUG  [69FC79\F02AE7] Autorouter Failed to route connection between polylinetrace, polylinetrace, via, via, polylinetrace, pin #4 of component #21, pin #1 of component #3 and pin #3 of component #16, because no connection was found between their nets.
2026-09-12 22:18:00.958 DEBUG  [69FC79\F02AE7] Pass #17: Failed to route Pin on net '/Eight ring pods/Pod 1 {slash} U19/LOCAL_SDA' (1 items remaining, 17 failures). State: FAILED
2026-09-12 22:18:01.015 INFO   [69FC79\F02AE7] Auto-routing pass #17 on board '5bee9af4a82bb1dc57b086b6af2e6bd7' was completed in 0.37 seconds with score 869.08 (1 unrouted and 31 violations), using 9.78 CPU seconds and the job allocated 66.62 GB of memory so far.
2026-09-12 22:18:01.041 DEBUG  Queuing item for routing: Pin on net '/Eight ring pods/Pod 1 {slash} U19/LOCAL_SDA' (connected: 7/8)
2026-09-12 22:18:01.042 DEBUG  Queuing item for routing: Pin on net '/Eight ring pods/Pod 1 {slash} U19/LOCAL_SDA' (connected: 1/8)
2026-09-12 22:18:01.064 DEBUG  [69FC79\F02AE7] Pass #18: 1 incompletes across 2 items to route
2026-09-12 22:18:01.064 DEBUG  [69FC79\F02AE7]   Net '/Eight ring pods/Pod 1 {slash} U19/LOCAL_SDA' has 1 incomplete(s)
2026-09-12 22:18:01.071 DEBUG  [69FC79\F02AE7] Autorouter Failed to route connection between pin #3 of component #16 and polylinetrace, polylinetrace, via, via, polylinetrace, pin #4 of component #21, pin #1 of component #3, because no connection was found between their nets.
2026-09-12 22:18:01.071 DEBUG  [69FC79\F02AE7] Pass #18: Failed to route Pin on net '/Eight ring pods/Pod 1 {slash} U19/LOCAL_SDA' (2 items remaining, 17 failures). State: FAILED
2026-09-12 22:18:01.356 DEBUG  [69FC79\F02AE7] Autorouter Failed to route connection between polylinetrace, polylinetrace, via, via, polylinetrace, pin #4 of component #21, pin #1 of component #3 and pin #3 of component #16, because no connection was found between their nets.
2026-09-12 22:18:01.356 DEBUG  [69FC79\F02AE7] Pass #18: Failed to route Pin on net '/Eight ring pods/Pod 1 {slash} U19/LOCAL_SDA' (1 items remaining, 18 failures). State: FAILED
2026-09-12 22:18:01.412 INFO   [69FC79\F02AE7] Auto-routing pass #18 on board '5bee9af4a82bb1dc57b086b6af2e6bd7' was completed in 0.37 seconds with score 869.08 (1 unrouted and 31 violations), using 10.77 CPU seconds and the job allocated 74.12 GB of memory so far.
2026-09-12 22:18:01.420 INFO   [69FC79\F02AE7] The router's best score (869.07) has not improved by more than 0.5 points since pass #8. Stopping the auto-router after 18 passes (1 item still unconnected).
The following connections could not be routed -- please review your design (e.g. check pad clearances, trace width rules, and available routing space):
  Net '/Eight ring pods/Pod 1 {slash} U19/LOCAL_SDA' (1 unrouted connection):
    - U4-B1  ->  R10-2
2026-09-12 22:18:01.441 DEBUG  === Performance Profile ===
2026-09-12 22:18:01.441 DEBUG  === Routing Parameters ===
2026-09-12 22:18:01.442 DEBUG    Via Costs: 50, Plane Via Costs: 5
2026-09-12 22:18:01.442 DEBUG    Layer Costs (Preferred / Against):
2026-09-12 22:18:01.442 DEBUG      Layer 1: 1.8 / 3.9
2026-09-12 22:18:01.442 DEBUG      Layer 2: 1.0 / 1.5
2026-09-12 22:18:01.442 DEBUG      Layer 3: 1.0 / 3.1
2026-09-12 22:18:01.442 DEBUG      Layer 4: 1.8 / 2.3
2026-09-12 22:18:01.442 DEBUG  
2026-09-12 22:18:01.442 DEBUG    autoroute_item                          :     7883 ms total,       99 calls,     79 ms avg
2026-09-12 22:18:01.442 DEBUG  
2026-09-12 22:18:01.442 DEBUG  === Pass History ===
2026-09-12 22:18:01.443 DEBUG    Pass 1  :    8 unrouted items,     1.75 s,   100 ripup cost
2026-09-12 22:18:01.443 DEBUG    Pass 2  :    9 unrouted items,     1.04 s,   200 ripup cost
2026-09-12 22:18:01.443 DEBUG    Pass 3  :    5 unrouted items,     0.74 s,   300 ripup cost
2026-09-12 22:18:01.443 DEBUG    Pass 4  :    2 unrouted items,     0.84 s,   400 ripup cost
2026-09-12 22:18:01.443 DEBUG    Pass 5  :    1 unrouted items,     0.46 s,   500 ripup cost
2026-09-12 22:18:01.443 DEBUG    Pass 6  :    1 unrouted items,     0.36 s,   600 ripup cost
2026-09-12 22:18:01.443 DEBUG    Pass 7  :    1 unrouted items,     0.36 s,   700 ripup cost
2026-09-12 22:18:01.443 DEBUG    Pass 8  :    1 unrouted items,     0.36 s,   800 ripup cost
2026-09-12 22:18:01.443 DEBUG    Pass 9  :    1 unrouted items,     0.37 s,   900 ripup cost
2026-09-12 22:18:01.443 DEBUG    Pass 10 :    1 unrouted items,     0.36 s,  1000 ripup cost
2026-09-12 22:18:01.443 DEBUG    Pass 11 :    1 unrouted items,     0.36 s,  1100 ripup cost
2026-09-12 22:18:01.443 DEBUG    Pass 12 :    1 unrouted items,     0.36 s,  1200 ripup cost
2026-09-12 22:18:01.443 DEBUG    Pass 13 :    1 unrouted items,     0.36 s,  1300 ripup cost
2026-09-12 22:18:01.443 DEBUG    Pass 14 :    1 unrouted items,     0.36 s,  1400 ripup cost
2026-09-12 22:18:01.443 DEBUG    Pass 15 :    1 unrouted items,     0.36 s,  1500 ripup cost
2026-09-12 22:18:01.443 DEBUG    Pass 16 :    1 unrouted items,     0.35 s,  1600 ripup cost
2026-09-12 22:18:01.443 DEBUG    Pass 17 :    1 unrouted items,     0.35 s,  1700 ripup cost
2026-09-12 22:18:01.443 DEBUG    Pass 18 :    1 unrouted items,     0.35 s,  1800 ripup cost
2026-09-12 22:18:01.443 DEBUG  ===========================
2026-09-12 22:18:01.466 INFO   [69FC79\F02AE7] Auto-routing stage completed: started with 25 unrouted nets, completed in 11.25 seconds, final score: 869.08 (1 unrouted and 31 violations), using 10.77 total CPU seconds, 74.12 GB total allocated, and 957.1 MB peak heap usage.
2026-09-12 22:18:01.468 DEBUG  [69FC79\F02AE7] Before optimization: Via count: 57, trace length: 3933959
2026-09-12 22:18:01.489 INFO   [69FC79\F02AE7] Optimization stage started on board '5bee9af4a82bb1dc57b086b6af2e6bd7' with score 869.08 (1 unrouted and 31 violations).
2026-09-12 22:18:03.289 INFO   [69FC79\F02AE7] Optimizer pass #1 on board 'abe1fc505f5900061f796d408333bba3' was completed in 1.73 seconds with the score of 869.08 (1 unrouted and 31 violations).
2026-09-12 22:18:03.310 INFO   [69FC79\F02AE7] Stopping optimizer because the improvement in this pass (0.0000%) is below the threshold (1.00%).
2026-09-12 22:18:03.331 INFO   [69FC79\F02AE7] Optimization stage completed: started with score 869.08 (1 unrouted and 31 violations), completed in 1.82 seconds, final score: 869.08 (1 unrouted and 31 violations), using 1.80 total CPU seconds, 19.61 GB total allocated, and 1118.2 MB peak heap usage.
2026-09-12 22:18:03.334 INFO   [69FC79\F02AE7] Job '69FC79\F02AE7' finished with state: COMPLETED (elapsed: 13.16 seconds, finished at UTC: 2026-09-13T05:18:03.333806500Z).
2026-09-12 22:18:03.401 INFO   Saving output file 'C:\Users\mmsyl\Documents\haptic-bracelet\hardware\verification\routing\pod-1\pod-1.ses' (SES)...
2026-09-12 22:18:03.404 INFO   Successfully saved output file 'C:\Users\mmsyl\Documents\haptic-bracelet\hardware\verification\routing\pod-1\pod-1.ses' (14893 bytes).
2026-09-12 22:19:39.002 INFO   Freerouting v2.4.1 (build-date: 2026-09-03)
2026-09-12 22:19:39.004 DEBUG  [startup] user-data path : hardware\verification\routing\runtime  (source: CLI argument --user_data_path)
2026-09-12 22:19:39.004 DEBUG  [startup] log file       : C:\Users\mmsyl\Documents\haptic-bracelet\hardware\verification\routing\runtime\freerouting.log
2026-09-12 22:19:39.028 DEBUG  Settings loaded from 'hardware\verification\routing\runtime\freerouting.json'.
2026-09-12 22:19:39.043 DEBUG  Version: 2.4.1,2026-09-03
2026-09-12 22:19:39.043 DEBUG  Command line arguments: '-de hardware/verification/routing/pod-1/pod-1.dsn -do hardware/verification/routing/pod-1/pod-1.ses -mp 50 -mt 2 -da --gui.enabled=false --api_server.enabled=false --user_data_path=hardware/verification/routing/runtime --router.layers.routable=true,false,false,true'
2026-09-12 22:19:39.043 DEBUG  Architecture: Windows 11,amd64,10.0
2026-09-12 22:19:39.043 DEBUG  Java: 25.0.4.1,Eclipse Adoptium
2026-09-12 22:19:39.043 DEBUG  System Language: en,en_US
2026-09-12 22:19:39.044 DEBUG  Hardware: 28 CPU cores, 386600 CPU score, 30688 MB RAM
2026-09-12 22:19:39.044 DEBUG  UTC Time: 2026-09-13T05:19:39.028665200Z
2026-09-12 22:19:39.045 DEBUG  GUI Language: en_US
2026-09-12 22:19:39.045 DEBUG  Host: N/A
2026-09-12 22:19:39.047 DEBUG  Analytics are disabled
2026-09-12 22:19:40.117 DEBUG  Loaded router settings from: hardware\verification\routing\runtime\freerouting.json
2026-09-12 22:19:40.118 DEBUG  Applied CLI router setting: router.max_passes = 50
2026-09-12 22:19:40.118 DEBUG  Applied CLI router setting: router.max_threads = 2
2026-09-12 22:19:40.118 DEBUG  Applied CLI router setting: router.layers.routable = true,false,false,true
2026-09-12 22:19:40.118 DEBUG  Applied CLI router setting: router.enabled = true (implicit from -de/-do batch mode)
2026-09-12 22:19:40.118 DEBUG  No router settings found in environment variables
2026-09-12 22:19:40.141 DEBUG  Version check skipped or timed out: java.net.ConnectException: Permission denied: getsockopt
2026-09-12 22:19:40.147 DEBUG  Set DEFAULT clearance (all layers): 1500 (0.0375 mm) from DSN value 150.0
2026-09-12 22:19:40.149 DEBUG  Set clearance (all layers): smd_smd = 375 (0.009375 mm), classes [2,2]
2026-09-12 22:19:40.150 DEBUG  Set default trace width (all layers): DSN=150.0 → board=1500 (0.0375 mm)
2026-09-12 22:19:40.158 DEBUG  Loaded router settings from DSN file: pod-1.dsn (4 layers)
2026-09-12 22:19:40.165 DEBUG  Set DEFAULT clearance (all layers): 1500 (0.0375 mm) from DSN value 150.0
2026-09-12 22:19:40.165 DEBUG  Set clearance (all layers): smd_smd = 375 (0.009375 mm), classes [2,2]
2026-09-12 22:19:40.165 DEBUG  Set default trace width (all layers): DSN=150.0 → board=1500 (0.0375 mm)
2026-09-12 22:19:40.167 DEBUG  Loaded router settings from DSN file: pod-1.dsn (4 layers)
2026-09-12 22:19:40.168 DEBUG  Merging settings from 5 sources:
2026-09-12 22:19:40.168 DEBUG    - Default Settings (priority 0): base settings
2026-09-12 22:19:40.168 DEBUG    - freerouting.json (priority 10): 0 fields changed
2026-09-12 22:19:40.168 DEBUG    - DSN file: pod-1.dsn (priority 20): 6 fields changed
2026-09-12 22:19:40.169 DEBUG    - Environment Variables (priority 55): 0 fields changed
2026-09-12 22:19:40.169 DEBUG    - CLI Arguments (priority 60): 6 fields changed
2026-09-12 22:19:40.169 DEBUG  Settings merged successfully from 5 source(s)
2026-09-12 22:19:40.411 INFO   [3173E9\88EAC7] Loading board file 'pod-1.dsn'...
2026-09-12 22:19:40.417 DEBUG  Set DEFAULT clearance (all layers): 1500 (0.0375 mm) from DSN value 150.0
2026-09-12 22:19:40.417 DEBUG  Set clearance (all layers): smd_smd = 375 (0.009375 mm), classes [2,2]
2026-09-12 22:19:40.417 DEBUG  Set default trace width (all layers): DSN=150.0 → board=1500 (0.0375 mm)
2026-09-12 22:19:40.444 INFO   Layer 'In1.Cu' has been automatically configured as a dedicated power plane because it contains a large conduction area covering >50% of the board.
2026-09-12 22:19:40.444 INFO   Layer 'In2.Cu' has been automatically configured as a dedicated power plane because it contains a large conduction area covering >50% of the board.
2026-09-12 22:19:40.444 DEBUG  applyBoardSpecificOptimizations changed parameters:
  Layer 0: bendCost: null -> 0.0; preferredDirectionHorizontal: null -> false; preferredDirectionTraceCost: 1.0 -> 1.8; undesiredDirectionTraceCost: 1.0 -> 3.9000000000000004;
  Layer 1: bendCost: null -> 0.0; preferredDirectionHorizontal: null -> true; undesiredDirectionTraceCost: 1.0 -> 1.5;
  Layer 2: bendCost: null -> 0.0; preferredDirectionHorizontal: null -> false; undesiredDirectionTraceCost: 1.0 -> 3.1;
  Layer 3: bendCost: null -> 0.0; preferredDirectionHorizontal: null -> true; preferredDirectionTraceCost: 1.0 -> 1.8; undesiredDirectionTraceCost: 1.0 -> 2.3;
2026-09-12 22:19:40.446 DEBUG  Applied copper-to-edge clearance override: 500.0 um (5000 board units).
2026-09-12 22:19:40.454 DEBUG  Set DEFAULT clearance (all layers): 1500 (0.0375 mm) from DSN value 150.0
2026-09-12 22:19:40.454 DEBUG  Set clearance (all layers): smd_smd = 375 (0.009375 mm), classes [2,2]
2026-09-12 22:19:40.454 DEBUG  Set default trace width (all layers): DSN=150.0 → board=1500 (0.0375 mm)
2026-09-12 22:19:40.454 DEBUG  Loaded router settings from DSN file: pod-1.dsn (4 layers)
2026-09-12 22:19:40.455 DEBUG  Merging settings from 6 sources:
2026-09-12 22:19:40.455 DEBUG    - Default Settings (priority 0): base settings
2026-09-12 22:19:40.455 DEBUG    - freerouting.json (priority 10): 0 fields changed
2026-09-12 22:19:40.455 DEBUG    - DSN file: pod-1.dsn (priority 20): 6 fields changed
2026-09-12 22:19:40.455 DEBUG    - Environment Variables (priority 55): 0 fields changed
2026-09-12 22:19:40.456 DEBUG    - CLI Arguments (priority 60): 6 fields changed
2026-09-12 22:19:40.456 DEBUG    - API Settings (priority 70): 26 fields changed
2026-09-12 22:19:40.456 DEBUG  Settings merged successfully from 6 source(s)
2026-09-12 22:19:40.456 DEBUG  applyBoardSpecificOptimizations changed parameters:
  Layer 0: preferredDirectionTraceCost: 1.0 -> 1.8; undesiredDirectionTraceCost: 1.0 -> 3.9000000000000004;
  Layer 1: undesiredDirectionTraceCost: 1.0 -> 1.5;
  Layer 2: undesiredDirectionTraceCost: 1.0 -> 3.1;
  Layer 3: preferredDirectionTraceCost: 1.0 -> 1.8; undesiredDirectionTraceCost: 1.0 -> 2.3;
2026-09-12 22:19:40.457 INFO   [3173E9\88EAC7] Job '3173E9\88EAC7' started at 2026-09-13T05:19:40.456980500Z.
2026-09-12 22:19:40.505 DEBUG  [3173E9\88EAC7] Checking fanout pre-pass. settings.fanout.enabled=true, smdPins=82
2026-09-12 22:19:40.543 INFO   [3173E9\88EAC7] Fanout stage started on board 'c2450854434b5db014ba792d14f43cee' with 39 of 82 SMD pins needing fanout (43 already connected, 0 netless).
2026-09-12 22:19:41.087 INFO   [3173E9\88EAC7] Fanout pass #1 on board 'ddd3cb3555f2b6e80d416e612423aed9' completed in 0.51 seconds with 8 SMD pins fanouted, 27 not routed, 0 insert errors, +0 extra vias (0 SMD pins still to check in pass, ripup costs=100).
2026-09-12 22:19:41.322 INFO   [3173E9\88EAC7] Fanout pass #2 on board 'ddd3cb3555f2b6e80d416e612423aed9' completed in 0.23 seconds with 1 SMD pin fanouted, 31 not routed, 0 insert errors, +0 extra vias (0 SMD pins still to check in pass, ripup costs=200).
2026-09-12 22:19:41.340 INFO   [3173E9\88EAC7] Fanout stage completed: started with 82 total SMD pins, completed in 0.77 seconds, escaped pins: 44/82 (53.7%), using 0.81 total CPU seconds, 2.81 GB total allocated, and 838.7 MB peak heap usage.
2026-09-12 22:19:41.344 INFO   [3173E9\88EAC7] Auto-routing stage started on board 'ddd3cb3555f2b6e80d416e612423aed9' for 18 unrouted items.
2026-09-12 22:19:41.397 DEBUG  Queuing item for routing: Via on net '/Eight ring pods/Pod 1 {slash} U19/LOCAL_SDA' (connected: 5/7)
2026-09-12 22:19:41.398 DEBUG  Queuing item for routing: Pin on net 'VBAT' (connected: 1/3)
2026-09-12 22:19:41.398 DEBUG  Queuing item for routing: Pin on net 'RING_nRESET' (connected: 1/4)
2026-09-12 22:19:41.398 DEBUG  Queuing item for routing: Pin on net '/Eight ring pods/Pod 1 {slash} U19/UART_RX_LOCAL' (connected: 1/8)
2026-09-12 22:19:41.398 DEBUG  Queuing item for routing: Pin on net '/Eight ring pods/Pod 1 {slash} U19/UART_TX_LOCAL' (connected: 1/5)
2026-09-12 22:19:41.398 DEBUG  Queuing item for routing: Pin on net '/Eight ring pods/Pod 1 {slash} U19/UART_RX_LOCAL' (connected: 7/8)
2026-09-12 22:19:41.398 DEBUG  Queuing item for routing: Pin on net '/Eight ring pods/Pod 1 {slash} U19/UART_TX_LOCAL' (connected: 1/5)
2026-09-12 22:19:41.398 DEBUG  Queuing item for routing: Pin on net '/Eight ring pods/Pod 1 {slash} U19/LOCAL_SCL' (connected: 1/3)
2026-09-12 22:19:41.398 DEBUG  Queuing item for routing: Pin on net '/Eight ring pods/Pod 1 {slash} U19/LOCAL_SDA' (connected: 1/7)
2026-09-12 22:19:41.398 DEBUG  Queuing item for routing: Pin on net 'RING_nRESET' (connected: 1/4)
2026-09-12 22:19:41.398 DEBUG  Queuing item for routing: Pin on net '/Eight ring pods/Pod 1 {slash} U19/CELL_TEMP' (connected: 1/5)
2026-09-12 22:19:41.399 DEBUG  Queuing item for routing: Pin on net '/Eight ring pods/Pod 1 {slash} U19/CELL_TEMP' (connected: 3/5)
2026-09-12 22:19:41.399 DEBUG  Queuing item for routing: Pin on net '/Eight ring pods/Pod 1 {slash} U19/CELL_TEMP' (connected: 1/5)
2026-09-12 22:19:41.399 DEBUG  Queuing item for routing: Pin on net '/Eight ring pods/Pod 1 {slash} U19/LRA_N' (connected: 1/2)
2026-09-12 22:19:41.399 DEBUG  Queuing item for routing: Pin on net '/Eight ring pods/Pod 1 {slash} U19/LRA_P' (connected: 1/2)
2026-09-12 22:19:41.399 DEBUG  Queuing item for routing: Pin on net '/Eight ring pods/Pod 1 {slash} U19/LRA_N' (connected: 1/2)
2026-09-12 22:19:41.399 DEBUG  Queuing item for routing: Pin on net '/Eight ring pods/Pod 1 {slash} U19/LOCAL_SCL' (connected: 1/3)
2026-09-12 22:19:41.399 DEBUG  Queuing item for routing: Pin on net '/Eight ring pods/Pod 1 {slash} U19/LRA_P' (connected: 1/2)
2026-09-12 22:19:41.399 DEBUG  Queuing item for routing: Pin on net 'RING_RETURN' (connected: 1/2)
2026-09-12 22:19:41.399 DEBUG  Queuing item for routing: Pin on net 'VBAT' (connected: 1/3)
2026-09-12 22:19:41.399 DEBUG  Queuing item for routing: Pin on net 'RING_nRESET' (connected: 1/4)
2026-09-12 22:19:41.399 DEBUG  Queuing item for routing: Pin on net 'RING_RETURN' (connected: 1/2)
2026-09-12 22:19:41.399 DEBUG  Queuing item for routing: Pin on net 'VBAT' (connected: 1/3)
2026-09-12 22:19:41.399 DEBUG  Queuing item for routing: Pin on net 'RING_nRESET' (connected: 1/4)
2026-09-12 22:19:41.399 DEBUG  Queuing item for routing: Pin on net 'RING_D1' (connected: 1/2)
2026-09-12 22:19:41.399 DEBUG  Queuing item for routing: Pin on net '/Eight ring pods/Pod 1 {slash} U19/UART_TX_LOCAL' (connected: 3/5)
2026-09-12 22:19:41.399 DEBUG  Queuing item for routing: Pin on net 'RING_D1' (connected: 1/2)
2026-09-12 22:19:41.399 DEBUG  Queuing item for routing: Pin on net '/Eight ring pods/Pod 1 {slash} U19/LOCAL_SDA' (connected: 1/7)
2026-09-12 22:19:41.399 DEBUG  Queuing item for routing: Pin on net '/Eight ring pods/Pod 1 {slash} U19/LOCAL_SCL' (connected: 1/3)
2026-09-12 22:19:41.414 DEBUG  [3173E9\88EAC7] Pass #1: 18 incompletes across 29 items to route
2026-09-12 22:19:41.414 DEBUG  [3173E9\88EAC7]   Net '/Eight ring pods/Pod 1 {slash} U19/LOCAL_SCL' has 2 incomplete(s)
2026-09-12 22:19:41.414 DEBUG  [3173E9\88EAC7]   Net '/Eight ring pods/Pod 1 {slash} U19/UART_TX_LOCAL' has 2 incomplete(s)
2026-09-12 22:19:41.414 DEBUG  [3173E9\88EAC7]   Net '/Eight ring pods/Pod 1 {slash} U19/UART_RX_LOCAL' has 1 incomplete(s)
2026-09-12 22:19:41.414 DEBUG  [3173E9\88EAC7]   Net 'RING_D1' has 1 incomplete(s)
2026-09-12 22:19:41.414 DEBUG  [3173E9\88EAC7]   Net 'RING_nRESET' has 3 incomplete(s)
2026-09-12 22:19:41.414 DEBUG  [3173E9\88EAC7]   Net 'VBAT' has 2 incomplete(s)
2026-09-12 22:19:41.414 DEBUG  [3173E9\88EAC7]   Net 'RING_RETURN' has 1 incomplete(s)
2026-09-12 22:19:41.414 DEBUG  [3173E9\88EAC7]   Net '/Eight ring pods/Pod 1 {slash} U19/LOCAL_SDA' has 2 incomplete(s)
2026-09-12 22:19:41.414 DEBUG  [3173E9\88EAC7]   Net '/Eight ring pods/Pod 1 {slash} U19/LRA_P' has 1 incomplete(s)
2026-09-12 22:19:41.414 DEBUG  [3173E9\88EAC7]   Net '/Eight ring pods/Pod 1 {slash} U19/LRA_N' has 1 incomplete(s)
2026-09-12 22:19:41.414 DEBUG  [3173E9\88EAC7]   Net '/Eight ring pods/Pod 1 {slash} U19/CELL_TEMP' has 2 incomplete(s)
2026-09-12 22:19:41.538 DEBUG  FoundConnectionInserter: insert trace failed for net #6 at corner 63/63 on layer 0, trace width: 750, from corner: 34, okPoint: (786450,-578700), target: (808100,-738000)
2026-09-12 22:19:41.545 DEBUG  [3173E9\88EAC7] Autorouter Failed to route connection between polylinetrace, polylinetrace, polylinetrace, polylinetrace, pin #17 of component #21, pin #1 of component #4, pin #1 of component #2 and pin #3 of component #22, because the new connection could not be inserted.
2026-09-12 22:19:41.636 DEBUG  OptViaAlgo.opt_via_location: probably endless loop
2026-09-12 22:19:41.713 DEBUG  FoundConnectionInserter: insert trace failed for net #6 at corner 45/45 on layer 0, trace width: 750, from corner: 13, okPoint: (788050,-741575), target: (847700,-497000)
2026-09-12 22:19:41.717 DEBUG  [3173E9\88EAC7] Autorouter Failed to route connection between pin #3 of component #22 and polylinetrace, polylinetrace, polylinetrace, polylinetrace, pin #17 of component #21, pin #1 of component #4, pin #1 of component #2, because the new connection could not be inserted.
2026-09-12 22:19:41.879 DEBUG  FoundConnectionInserter: insert trace failed for net #11 at corner 24/24 on layer 0, trace width: 750, from corner: 20, okPoint: (823302,-545923), target: (825740,-538740)
2026-09-12 22:19:41.882 DEBUG  [3173E9\88EAC7] Autorouter Failed to route connection between via, polylinetrace, polylinetrace, polylinetrace, pin #3 of component #16, pin #1 of component #3 and pin #4 of component #21, because the new connection could not be inserted.
2026-09-12 22:19:42.108 DEBUG  FoundConnectionInserter: insert trace failed for net #15 at corner 14/14 on layer 3, trace width: 750, from corner: 9, okPoint: (858690,-576548), target: (845600,-572825)
2026-09-12 22:19:42.111 DEBUG  [3173E9\88EAC7] Autorouter Failed to route connection between pin #8 of component #16 and pin #1 of component #17, because the new connection could not be inserted.
2026-09-12 22:19:42.805 DEBUG  FoundConnectionInserter: insert trace failed for net #4 at corner 27/27 on layer 0, trace width: 750, from corner: 14, okPoint: (865498,-535498), target: (835000,-497000)
2026-09-12 22:19:42.809 DEBUG  [3173E9\88EAC7] Autorouter Failed to route connection between pin #2 of component #22, pin #7 of component #21 and polylinetrace, pin #1 of component #6, pin of component #5, because the new connection could not be inserted.
2026-09-12 22:19:42.809 DEBUG  [3173E9\88EAC7] Pass #1: Failed to route Pin on net '/Eight ring pods/Pod 1 {slash} U19/UART_TX_LOCAL' (4 items remaining, 1 failures). State: FAILED
2026-09-12 22:19:42.903 INFO   [3173E9\88EAC7] Auto-routing pass #1 on board 'ddd3cb3555f2b6e80d416e612423aed9' was completed in 1.51 seconds with score 759.99 (7 unrouted and 31 violations), using 1.97 CPU seconds and the job allocated 8.56 GB of memory so far.
2026-09-12 22:19:42.949 DEBUG  Queuing item for routing: Via on net '/Eight ring pods/Pod 1 {slash} U19/LOCAL_SDA' (connected: 5/7)
2026-09-12 22:19:42.951 DEBUG  Queuing item for routing: Pin on net '/Eight ring pods/Pod 1 {slash} U19/UART_RX_LOCAL' (connected: 1/8)
2026-09-12 22:19:42.952 DEBUG  Queuing item for routing: Pin on net '/Eight ring pods/Pod 1 {slash} U19/UART_TX_LOCAL' (connected: 1/5)
2026-09-12 22:19:42.952 DEBUG  Queuing item for routing: Pin on net '/Eight ring pods/Pod 1 {slash} U19/UART_RX_LOCAL' (connected: 7/8)
2026-09-12 22:19:42.952 DEBUG  Queuing item for routing: Pin on net '/Eight ring pods/Pod 1 {slash} U19/UART_TX_LOCAL' (connected: 1/5)
2026-09-12 22:19:42.952 DEBUG  Queuing item for routing: Pin on net '/Eight ring pods/Pod 1 {slash} U19/LOCAL_SDA' (connected: 1/7)
2026-09-12 22:19:42.953 DEBUG  Queuing item for routing: Pin on net '/Eight ring pods/Pod 1 {slash} U19/LRA_N' (connected: 3/6)
2026-09-12 22:19:42.953 DEBUG  Queuing item for routing: Pin on net '/Eight ring pods/Pod 1 {slash} U19/LRA_P' (connected: 3/6)
2026-09-12 22:19:42.953 DEBUG  Queuing item for routing: Pin on net '/Eight ring pods/Pod 1 {slash} U19/LRA_N' (connected: 3/6)
2026-09-12 22:19:42.953 DEBUG  Queuing item for routing: Pin on net '/Eight ring pods/Pod 1 {slash} U19/LRA_P' (connected: 3/6)
2026-09-12 22:19:42.953 DEBUG  Queuing item for routing: Pin on net '/Eight ring pods/Pod 1 {slash} U19/UART_TX_LOCAL' (connected: 3/5)
2026-09-12 22:19:42.953 DEBUG  Queuing item for routing: Pin on net '/Eight ring pods/Pod 1 {slash} U19/LOCAL_SDA' (connected: 1/7)
2026-09-12 22:19:42.972 DEBUG  [3173E9\88EAC7] Pass #2: 7 incompletes across 12 items to route
2026-09-12 22:19:42.972 DEBUG  [3173E9\88EAC7]   Net '/Eight ring pods/Pod 1 {slash} U19/UART_TX_LOCAL' has 2 incomplete(s)
2026-09-12 22:19:42.972 DEBUG  [3173E9\88EAC7]   Net '/Eight ring pods/Pod 1 {slash} U19/UART_RX_LOCAL' has 1 incomplete(s)
2026-09-12 22:19:42.972 DEBUG  [3173E9\88EAC7]   Net '/Eight ring pods/Pod 1 {slash} U19/LOCAL_SDA' has 2 incomplete(s)
2026-09-12 22:19:42.972 DEBUG  [3173E9\88EAC7]   Net '/Eight ring pods/Pod 1 {slash} U19/LRA_P' has 1 incomplete(s)
2026-09-12 22:19:42.973 DEBUG  [3173E9\88EAC7]   Net '/Eight ring pods/Pod 1 {slash} U19/LRA_N' has 1 incomplete(s)
2026-09-12 22:19:42.978 DEBUG  FoundConnectionInserter: insert trace failed for net #11 at corner 5/20 on layer 0, trace width: 750, from corner: 4, okPoint: (826481,-541592), target: (826481,-548260)
2026-09-12 22:19:42.981 DEBUG  [3173E9\88EAC7] Autorouter Failed to route connection between pin #4 of component #21, pin #1 of component #3 and via, polylinetrace, polylinetrace, polylinetrace, pin #3 of component #16, because the new connection could not be inserted.
2026-09-12 22:19:44.059 INFO   [3173E9\88EAC7] Auto-routing pass #2 on board 'a671a24875016533a685bfe5a05e39da' was completed in 1.11 seconds with score 796.35 (5 unrouted and 31 violations), using 2.97 CPU seconds and the job allocated 15.17 GB of memory so far.
2026-09-12 22:19:44.105 DEBUG  Queuing item for routing: Via on net '/Eight ring pods/Pod 1 {slash} U19/LOCAL_SDA' (connected: 9/10)
2026-09-12 22:19:44.106 DEBUG  Queuing item for routing: Pin on net 'RING_nRESET' (connected: 7/14)
2026-09-12 22:19:44.106 DEBUG  Queuing item for routing: Pin on net '/Eight ring pods/Pod 1 {slash} U19/UART_RX_LOCAL' (connected: 3/13)
2026-09-12 22:19:44.107 DEBUG  Queuing item for routing: Pin on net '/Eight ring pods/Pod 1 {slash} U19/UART_RX_LOCAL' (connected: 10/13)
2026-09-12 22:19:44.107 DEBUG  Queuing item for routing: Pin on net 'RING_nRESET' (connected: 7/14)
2026-09-12 22:19:44.107 DEBUG  Queuing item for routing: Pin on net '/Eight ring pods/Pod 1 {slash} U19/CELL_TEMP' (connected: 9/12)
2026-09-12 22:19:44.107 DEBUG  Queuing item for routing: Pin on net '/Eight ring pods/Pod 1 {slash} U19/CELL_TEMP' (connected: 3/12)
2026-09-12 22:19:44.107 DEBUG  Queuing item for routing: Pin on net '/Eight ring pods/Pod 1 {slash} U19/LRA_N' (connected: 3/6)
2026-09-12 22:19:44.107 DEBUG  Queuing item for routing: Pin on net '/Eight ring pods/Pod 1 {slash} U19/LRA_N' (connected: 3/6)
2026-09-12 22:19:44.107 DEBUG  Queuing item for routing: Pin on net '/Eight ring pods/Pod 1 {slash} U19/LOCAL_SDA' (connected: 1/10)
2026-09-12 22:19:44.127 DEBUG  [3173E9\88EAC7] Pass #3: 5 incompletes across 10 items to route
2026-09-12 22:19:44.127 DEBUG  [3173E9\88EAC7]   Net '/Eight ring pods/Pod 1 {slash} U19/UART_RX_LOCAL' has 1 incomplete(s)
2026-09-12 22:19:44.127 DEBUG  [3173E9\88EAC7]   Net 'RING_nRESET' has 1 incomplete(s)
2026-09-12 22:19:44.127 DEBUG  [3173E9\88EAC7]   Net '/Eight ring pods/Pod 1 {slash} U19/LOCAL_SDA' has 1 incomplete(s)
2026-09-12 22:19:44.127 DEBUG  [3173E9\88EAC7]   Net '/Eight ring pods/Pod 1 {slash} U19/LRA_N' has 1 incomplete(s)
2026-09-12 22:19:44.127 DEBUG  [3173E9\88EAC7]   Net '/Eight ring pods/Pod 1 {slash} U19/CELL_TEMP' has 1 incomplete(s)
2026-09-12 22:19:44.205 DEBUG  FoundConnectionInserter: insert trace failed for net #8 at corner 22/22 on layer 3, trace width: 750, from corner: 7, okPoint: (848081,-575827), target: (778170,-657096)
2026-09-12 22:19:44.209 DEBUG  [3173E9\88EAC7] Autorouter Failed to route connection between polylinetrace, polylinetrace, polylinetrace, via, via, pin #3 of component #21, pin #3 of component #10 and polylinetrace, polylinetrace, polylinetrace, via, via, pin #4 of component #22, pin #3 of component #11, because the new connection could not be inserted.
2026-09-12 22:19:44.301 DEBUG  FoundConnectionInserter: insert trace failed for net #8 at corner 32/32 on layer 3, trace width: 750, from corner: 12, okPoint: (782147,-587744), target: (870834,-563935)
2026-09-12 22:19:44.305 DEBUG  [3173E9\88EAC7] Autorouter Failed to route connection between polylinetrace, polylinetrace, polylinetrace, polylinetrace, via, via, pin #4 of component #22, pin #3 of component #11 and polylinetrace, polylinetrace, polylinetrace, via, via, pin #3 of component #21, pin #3 of component #10, because the new connection could not be inserted.
2026-09-12 22:19:44.508 INFO   [3173E9\88EAC7] Auto-routing pass #3 on board 'ec91cf2e45c71fc7a85e8a12bb22aacd' was completed in 0.40 seconds with score 832.71 (3 unrouted and 31 violations), using 3.94 CPU seconds and the job allocated 22.39 GB of memory so far.
2026-09-12 22:19:44.555 DEBUG  Queuing item for routing: Pin on net 'RING_nRESET' (connected: 7/15)
2026-09-12 22:19:44.556 DEBUG  Queuing item for routing: Pin on net 'RING_nRESET' (connected: 8/15)
2026-09-12 22:19:44.556 DEBUG  Queuing item for routing: Pin on net '/Eight ring pods/Pod 1 {slash} U19/CELL_TEMP' (connected: 9/12)
2026-09-12 22:19:44.556 DEBUG  Queuing item for routing: Pin on net '/Eight ring pods/Pod 1 {slash} U19/CELL_TEMP' (connected: 3/12)
2026-09-12 22:19:44.556 DEBUG  Queuing item for routing: Pin on net '/Eight ring pods/Pod 1 {slash} U19/LRA_P' (connected: 3/6)
2026-09-12 22:19:44.556 DEBUG  Queuing item for routing: Pin on net '/Eight ring pods/Pod 1 {slash} U19/LRA_P' (connected: 3/6)
2026-09-12 22:19:44.577 DEBUG  [3173E9\88EAC7] Pass #4: 3 incompletes across 6 items to route
2026-09-12 22:19:44.577 DEBUG  [3173E9\88EAC7]   Net 'RING_nRESET' has 1 incomplete(s)
2026-09-12 22:19:44.577 DEBUG  [3173E9\88EAC7]   Net '/Eight ring pods/Pod 1 {slash} U19/LRA_P' has 1 incomplete(s)
2026-09-12 22:19:44.577 DEBUG  [3173E9\88EAC7]   Net '/Eight ring pods/Pod 1 {slash} U19/CELL_TEMP' has 1 incomplete(s)
2026-09-12 22:19:44.664 DEBUG  FoundConnectionInserter: insert trace failed for net #8 at corner 27/27 on layer 3, trace width: 750, from corner: 10, okPoint: (857895,-576187), target: (778170,-657096)
2026-09-12 22:19:44.667 DEBUG  [3173E9\88EAC7] Autorouter Failed to route connection between polylinetrace, polylinetrace, polylinetrace, polylinetrace, via, via, pin #3 of component #21, pin #3 of component #10 and polylinetrace, polylinetrace, polylinetrace, via, via, pin #4 of component #22, pin #3 of component #11, because the new connection could not be inserted.
2026-09-12 22:19:44.691 DEBUG  FoundConnectionInserter: insert trace failed for net #8 at corner 32/32 on layer 3, trace width: 750, from corner: 12, okPoint: (782147,-587744), target: (870834,-575558)
2026-09-12 22:19:44.695 DEBUG  [3173E9\88EAC7] Autorouter Failed to route connection between polylinetrace, polylinetrace, polylinetrace, polylinetrace, via, via, pin #4 of component #22, pin #3 of component #11 and polylinetrace, polylinetrace, polylinetrace, polylinetrace, via, via, pin #3 of component #21, pin #3 of component #10, because the new connection could not be inserted.
2026-09-12 22:19:44.695 DEBUG  [3173E9\88EAC7] Pass #4: Failed to route Pin on net 'RING_nRESET' (5 items remaining, 2 failures). State: FAILED
2026-09-12 22:19:44.824 INFO   [3173E9\88EAC7] Auto-routing pass #4 on board '7dee4ce0c0eef00b4a36663c6594a797' was completed in 0.27 seconds with score 850.89 (2 unrouted and 31 violations), using 3.94 CPU seconds and the job allocated 22.39 GB of memory so far.
2026-09-12 22:19:44.873 DEBUG  Queuing item for routing: Pin on net 'RING_nRESET' (connected: 8/17)
2026-09-12 22:19:44.873 DEBUG  Queuing item for routing: Pin on net 'RING_nRESET' (connected: 9/17)
2026-09-12 22:19:44.873 DEBUG  Queuing item for routing: Pin on net '/Eight ring pods/Pod 1 {slash} U19/LRA_N' (connected: 3/6)
2026-09-12 22:19:44.873 DEBUG  Queuing item for routing: Pin on net '/Eight ring pods/Pod 1 {slash} U19/LRA_N' (connected: 3/6)
2026-09-12 22:19:44.895 DEBUG  [3173E9\88EAC7] Pass #5: 2 incompletes across 4 items to route
2026-09-12 22:19:44.895 DEBUG  [3173E9\88EAC7]   Net 'RING_nRESET' has 1 incomplete(s)
2026-09-12 22:19:44.895 DEBUG  [3173E9\88EAC7]   Net '/Eight ring pods/Pod 1 {slash} U19/LRA_N' has 1 incomplete(s)
2026-09-12 22:19:45.000 DEBUG  FoundConnectionInserter: insert trace failed for net #8 at corner 25/25 on layer 3, trace width: 750, from corner: 8, okPoint: (859019,-576187), target: (778170,-657096)
2026-09-12 22:19:45.004 DEBUG  [3173E9\88EAC7] Autorouter Failed to route connection between polylinetrace, polylinetrace, polylinetrace, polylinetrace, polylinetrace, via, via, pin #3 of component #21, pin #3 of component #10 and polylinetrace, polylinetrace, polylinetrace, polylinetrace, via, via, pin #4 of component #22, pin #3 of component #11, because the new connection could not be inserted.
2026-09-12 22:19:45.004 DEBUG  [3173E9\88EAC7] Pass #5: Failed to route Pin on net 'RING_nRESET' (4 items remaining, 3 failures). State: FAILED
2026-09-12 22:19:45.029 DEBUG  FoundConnectionInserter: insert trace failed for net #8 at corner 32/32 on layer 3, trace width: 750, from corner: 12, okPoint: (782147,-587744), target: (870834,-575558)
2026-09-12 22:19:45.032 DEBUG  [3173E9\88EAC7] Autorouter Failed to route connection between polylinetrace, polylinetrace, polylinetrace, polylinetrace, via, via, pin #4 of component #22, pin #3 of component #11 and polylinetrace, polylinetrace, polylinetrace, polylinetrace, polylinetrace, via, via, pin #3 of component #21, pin #3 of component #10, because the new connection could not be inserted.
2026-09-12 22:19:45.033 DEBUG  [3173E9\88EAC7] Pass #5: Failed to route Pin on net 'RING_nRESET' (3 items remaining, 3 failures). State: FAILED
2026-09-12 22:19:45.194 INFO   [3173E9\88EAC7] Auto-routing pass #5 on board 'ee3baeb2e1d286ec406c988e0c13bd71' was completed in 0.32 seconds with score 814.53 (4 unrouted and 31 violations), using 3.94 CPU seconds and the job allocated 22.39 GB of memory so far.
2026-09-12 22:19:45.244 DEBUG  Queuing item for routing: Pin on net 'RING_nRESET' (connected: 8/18)
2026-09-12 22:19:45.244 DEBUG  Queuing item for routing: Pin on net 'RING_nRESET' (connected: 10/18)
2026-09-12 22:19:45.244 DEBUG  Queuing item for routing: Pin on net '/Eight ring pods/Pod 1 {slash} U19/CELL_TEMP' (connected: 3/9)
2026-09-12 22:19:45.245 DEBUG  Queuing item for routing: Pin on net '/Eight ring pods/Pod 1 {slash} U19/CELL_TEMP' (connected: 3/9)
2026-09-12 22:19:45.245 DEBUG  Queuing item for routing: Pin on net '/Eight ring pods/Pod 1 {slash} U19/CELL_TEMP' (connected: 3/9)
2026-09-12 22:19:45.245 DEBUG  Queuing item for routing: Pin on net '/Eight ring pods/Pod 1 {slash} U19/LRA_P' (connected: 3/6)
2026-09-12 22:19:45.245 DEBUG  Queuing item for routing: Pin on net '/Eight ring pods/Pod 1 {slash} U19/LRA_P' (connected: 3/6)
2026-09-12 22:19:45.265 DEBUG  [3173E9\88EAC7] Pass #6: 4 incompletes across 7 items to route
2026-09-12 22:19:45.265 DEBUG  [3173E9\88EAC7]   Net 'RING_nRESET' has 1 incomplete(s)
2026-09-12 22:19:45.265 DEBUG  [3173E9\88EAC7]   Net '/Eight ring pods/Pod 1 {slash} U19/LRA_P' has 1 incomplete(s)
2026-09-12 22:19:45.265 DEBUG  [3173E9\88EAC7]   Net '/Eight ring pods/Pod 1 {slash} U19/CELL_TEMP' has 2 incomplete(s)
2026-09-12 22:19:45.353 DEBUG  FoundConnectionInserter: insert trace failed for net #8 at corner 24/24 on layer 3, trace width: 750, from corner: 7, okPoint: (857889,-576187), target: (778170,-657096)
2026-09-12 22:19:45.358 DEBUG  [3173E9\88EAC7] Autorouter Failed to route connection between polylinetrace, polylinetrace, polylinetrace, polylinetrace, polylinetrace, polylinetrace, via, via, pin #3 of component #21, pin #3 of component #10 and polylinetrace, polylinetrace, polylinetrace, polylinetrace, via, via, pin #4 of component #22, pin #3 of component #11, because the new connection could not be inserted.
2026-09-12 22:19:45.358 DEBUG  [3173E9\88EAC7] Pass #6: Failed to route Pin on net 'RING_nRESET' (7 items remaining, 4 failures). State: FAILED
2026-09-12 22:19:45.382 DEBUG  FoundConnectionInserter: insert trace failed for net #8 at corner 32/32 on layer 3, trace width: 750, from corner: 12, okPoint: (782147,-587744), target: (864605,-580998)
2026-09-12 22:19:45.386 DEBUG  [3173E9\88EAC7] Autorouter Failed to route connection between polylinetrace, polylinetrace, via, via, polylinetrace, polylinetrace, polylinetrace, polylinetrace, polylinetrace, via, via, pin #4 of component #22, pin #3 of component #11 and polylinetrace, polylinetrace, polylinetrace, polylinetrace, polylinetrace, polylinetrace, via, via, pin #3 of component #21, pin #3 of component #10, because the new connection could not be inserted.
2026-09-12 22:19:45.386 DEBUG  [3173E9\88EAC7] Pass #6: Failed to route Pin on net 'RING_nRESET' (6 items remaining, 4 failures). State: FAILED
2026-09-12 22:19:45.661 INFO   [3173E9\88EAC7] Auto-routing pass #6 on board '7dd307851ca97e16a34278c3f0244ac4' was completed in 0.42 seconds with score 850.89 (2 unrouted and 31 violations), using 4.89 CPU seconds and the job allocated 30.15 GB of memory so far.
2026-09-12 22:19:45.711 DEBUG  Queuing item for routing: Pin on net 'RING_nRESET' (connected: 7/14)
2026-09-12 22:19:45.711 DEBUG  Queuing item for routing: Pin on net '/Eight ring pods/Pod 1 {slash} U19/LOCAL_SCL' (connected: 1/6)
2026-09-12 22:19:45.711 DEBUG  Queuing item for routing: Pin on net 'RING_nRESET' (connected: 7/14)
2026-09-12 22:19:45.712 DEBUG  Queuing item for routing: Pin on net '/Eight ring pods/Pod 1 {slash} U19/LOCAL_SCL' (connected: 5/6)
2026-09-12 22:19:45.733 DEBUG  [3173E9\88EAC7] Pass #7: 2 incompletes across 4 items to route
2026-09-12 22:19:45.733 DEBUG  [3173E9\88EAC7]   Net '/Eight ring pods/Pod 1 {slash} U19/LOCAL_SCL' has 1 incomplete(s)
2026-09-12 22:19:45.733 DEBUG  [3173E9\88EAC7]   Net 'RING_nRESET' has 1 incomplete(s)
2026-09-12 22:19:45.839 DEBUG  FoundConnectionInserter: insert trace failed for net #8 at corner 26/26 on layer 3, trace width: 750, from corner: 9, okPoint: (857889,-576187), target: (778170,-657096)
2026-09-12 22:19:45.843 DEBUG  [3173E9\88EAC7] Autorouter Failed to route connection between polylinetrace, polylinetrace, polylinetrace, via, via, pin #3 of component #21, pin #3 of component #10 and polylinetrace, polylinetrace, polylinetrace, via, via, pin #4 of component #22, pin #3 of component #11, because the new connection could not be inserted.
2026-09-12 22:19:45.843 DEBUG  [3173E9\88EAC7] Pass #7: Failed to route Pin on net 'RING_nRESET' (4 items remaining, 5 failures). State: FAILED
2026-09-12 22:19:46.007 DEBUG  FoundConnectionInserter: insert trace failed for net #8 at corner 34/34 on layer 3, trace width: 750, from corner: 12, okPoint: (782147,-587744), target: (886538,-600907)
2026-09-12 22:19:46.011 DEBUG  [3173E9\88EAC7] Autorouter Failed to route connection between polylinetrace, via, via, polylinetrace, polylinetrace, polylinetrace, via, via, pin #4 of component #22, pin #3 of component #11 and polylinetrace, polylinetrace, polylinetrace, via, via, pin #3 of component #21, pin #3 of component #10, because the new connection could not be inserted.
2026-09-12 22:19:46.011 DEBUG  [3173E9\88EAC7] Pass #7: Failed to route Pin on net 'RING_nRESET' (2 items remaining, 5 failures). State: FAILED
2026-09-12 22:19:46.070 INFO   [3173E9\88EAC7] Auto-routing pass #7 on board '0d1f1363ff0666d3924799d9fbed0b57' was completed in 0.36 seconds with score 869.07 (1 unrouted and 31 violations), using 4.89 CPU seconds and the job allocated 30.15 GB of memory so far.
2026-09-12 22:19:46.120 DEBUG  Queuing item for routing: Pin on net 'RING_nRESET' (connected: 7/14)
2026-09-12 22:19:46.120 DEBUG  Queuing item for routing: Pin on net 'RING_nRESET' (connected: 7/14)
2026-09-12 22:19:46.142 DEBUG  [3173E9\88EAC7] Pass #8: 1 incompletes across 2 items to route
2026-09-12 22:19:46.142 DEBUG  [3173E9\88EAC7]   Net 'RING_nRESET' has 1 incomplete(s)
2026-09-12 22:19:46.248 DEBUG  FoundConnectionInserter: insert trace failed for net #8 at corner 22/22 on layer 3, trace width: 750, from corner: 5, okPoint: (857889,-576187), target: (778170,-657096)
2026-09-12 22:19:46.252 DEBUG  [3173E9\88EAC7] Autorouter Failed to route connection between polylinetrace, polylinetrace, polylinetrace, via, via, pin #3 of component #21, pin #3 of component #10 and polylinetrace, polylinetrace, polylinetrace, via, via, pin #4 of component #22, pin #3 of component #11, because the new connection could not be inserted.
2026-09-12 22:19:46.252 DEBUG  [3173E9\88EAC7] Pass #8: Failed to route Pin on net 'RING_nRESET' (2 items remaining, 6 failures). State: FAILED
2026-09-12 22:19:46.280 DEBUG  FoundConnectionInserter: insert trace failed for net #8 at corner 31/31 on layer 3, trace width: 750, from corner: 12, okPoint: (782147,-587744), target: (869933,-584101)
2026-09-12 22:19:46.284 DEBUG  [3173E9\88EAC7] Autorouter Failed to route connection between via, polylinetrace, via, polylinetrace, polylinetrace, polylinetrace, polylinetrace, polylinetrace, via, via, pin #4 of component #22, pin #3 of component #11 and polylinetrace, polylinetrace, polylinetrace, via, via, pin #3 of component #21, pin #3 of component #10, because the new connection could not be inserted.
2026-09-12 22:19:46.284 DEBUG  [3173E9\88EAC7] Pass #8: Failed to route Pin on net 'RING_nRESET' (1 items remaining, 6 failures). State: FAILED
2026-09-12 22:19:46.344 INFO   [3173E9\88EAC7] Auto-routing pass #8 on board '3996513dc2358a4bfd2c294bb99df7aa' was completed in 0.23 seconds with score 869.07 (1 unrouted and 31 violations), using 4.89 CPU seconds and the job allocated 30.15 GB of memory so far.
2026-09-12 22:19:46.392 DEBUG  Queuing item for routing: Pin on net 'RING_nRESET' (connected: 7/14)
2026-09-12 22:19:46.393 DEBUG  Queuing item for routing: Pin on net 'RING_nRESET' (connected: 7/14)
2026-09-12 22:19:46.414 DEBUG  [3173E9\88EAC7] Pass #9: 1 incompletes across 2 items to route
2026-09-12 22:19:46.414 DEBUG  [3173E9\88EAC7]   Net 'RING_nRESET' has 1 incomplete(s)
2026-09-12 22:19:46.511 DEBUG  FoundConnectionInserter: insert trace failed for net #8 at corner 22/22 on layer 3, trace width: 750, from corner: 5, okPoint: (857889,-576187), target: (778170,-657096)
2026-09-12 22:19:46.515 DEBUG  [3173E9\88EAC7] Autorouter Failed to route connection between polylinetrace, polylinetrace, polylinetrace, via, via, pin #3 of component #21, pin #3 of component #10 and polylinetrace, polylinetrace, polylinetrace, via, via, pin #4 of component #22, pin #3 of component #11, because the new connection could not be inserted.
2026-09-12 22:19:46.515 DEBUG  [3173E9\88EAC7] Pass #9: Failed to route Pin on net 'RING_nRESET' (2 items remaining, 7 failures). State: FAILED
2026-09-12 22:19:46.545 DEBUG  FoundConnectionInserter: insert trace failed for net #8 at corner 32/32 on layer 3, trace width: 750, from corner: 12, okPoint: (782147,-587744), target: (869576,-586341)
2026-09-12 22:19:46.549 DEBUG  [3173E9\88EAC7] Autorouter Failed to route connection between via, polylinetrace, via, polylinetrace, polylinetrace, polylinetrace, polylinetrace, polylinetrace, via, via, pin #4 of component #22, pin #3 of component #11 and polylinetrace, polylinetrace, polylinetrace, via, via, pin #3 of component #21, pin #3 of component #10, because the new connection could not be inserted.
2026-09-12 22:19:46.549 DEBUG  [3173E9\88EAC7] Pass #9: Failed to route Pin on net 'RING_nRESET' (1 items remaining, 7 failures). State: FAILED
2026-09-12 22:19:46.609 INFO   [3173E9\88EAC7] Auto-routing pass #9 on board 'a1423f83e07a90e334a91d446d1e5ccf' was completed in 0.22 seconds with score 869.07 (1 unrouted and 31 violations), using 5.88 CPU seconds and the job allocated 38.03 GB of memory so far.
2026-09-12 22:19:46.657 DEBUG  Queuing item for routing: Pin on net 'RING_nRESET' (connected: 7/14)
2026-09-12 22:19:46.658 DEBUG  Queuing item for routing: Pin on net 'RING_nRESET' (connected: 7/14)
2026-09-12 22:19:46.680 DEBUG  [3173E9\88EAC7] Pass #10: 1 incompletes across 2 items to route
2026-09-12 22:19:46.680 DEBUG  [3173E9\88EAC7]   Net 'RING_nRESET' has 1 incomplete(s)
2026-09-12 22:19:46.773 DEBUG  FoundConnectionInserter: insert trace failed for net #8 at corner 22/22 on layer 3, trace width: 750, from corner: 5, okPoint: (857889,-576187), target: (778170,-657096)
2026-09-12 22:19:46.777 DEBUG  [3173E9\88EAC7] Autorouter Failed to route connection between polylinetrace, polylinetrace, polylinetrace, via, via, pin #3 of component #21, pin #3 of component #10 and polylinetrace, polylinetrace, polylinetrace, via, via, pin #4 of component #22, pin #3 of component #11, because the new connection could not be inserted.
2026-09-12 22:19:46.777 DEBUG  [3173E9\88EAC7] Pass #10: Failed to route Pin on net 'RING_nRESET' (2 items remaining, 8 failures). State: FAILED
2026-09-12 22:19:46.811 DEBUG  FoundConnectionInserter: insert trace failed for net #8 at corner 34/34 on layer 3, trace width: 750, from corner: 12, okPoint: (782147,-587744), target: (869576,-586208)
2026-09-12 22:19:46.816 DEBUG  [3173E9\88EAC7] Autorouter Failed to route connection between via, polylinetrace, via, polylinetrace, polylinetrace, polylinetrace, polylinetrace, polylinetrace, via, via, pin #4 of component #22, pin #3 of component #11 and polylinetrace, polylinetrace, polylinetrace, via, via, pin #3 of component #21, pin #3 of component #10, because the new connection could not be inserted.
2026-09-12 22:19:46.816 DEBUG  [3173E9\88EAC7] Pass #10: Failed to route Pin on net 'RING_nRESET' (1 items remaining, 8 failures). State: FAILED
2026-09-12 22:19:46.874 INFO   [3173E9\88EAC7] Auto-routing pass #10 on board '5532f67c8fbe25e6ccbc0e16d3fca1d3' was completed in 0.22 seconds with score 869.07 (1 unrouted and 31 violations), using 5.88 CPU seconds and the job allocated 38.03 GB of memory so far.
2026-09-12 22:19:46.925 DEBUG  Queuing item for routing: Pin on net 'RING_nRESET' (connected: 7/14)
2026-09-12 22:19:46.926 DEBUG  Queuing item for routing: Pin on net 'RING_nRESET' (connected: 7/14)
2026-09-12 22:19:46.949 DEBUG  [3173E9\88EAC7] Pass #11: 1 incompletes across 2 items to route
2026-09-12 22:19:46.950 DEBUG  [3173E9\88EAC7]   Net 'RING_nRESET' has 1 incomplete(s)
2026-09-12 22:19:47.067 DEBUG  FoundConnectionInserter: insert trace failed for net #8 at corner 22/22 on layer 3, trace width: 750, from corner: 5, okPoint: (857889,-576187), target: (778170,-657096)
2026-09-12 22:19:47.070 DEBUG  [3173E9\88EAC7] Autorouter Failed to route connection between polylinetrace, polylinetrace, polylinetrace, via, via, pin #3 of component #21, pin #3 of component #10 and polylinetrace, polylinetrace, polylinetrace, via, via, pin #4 of component #22, pin #3 of component #11, because the new connection could not be inserted.
2026-09-12 22:19:47.070 DEBUG  [3173E9\88EAC7] Pass #11: Failed to route Pin on net 'RING_nRESET' (2 items remaining, 9 failures). State: FAILED
2026-09-12 22:19:47.114 DEBUG  FoundConnectionInserter: insert trace failed for net #8 at corner 32/32 on layer 3, trace width: 750, from corner: 12, okPoint: (782147,-587744), target: (869576,-586175)
2026-09-12 22:19:47.121 DEBUG  [3173E9\88EAC7] Autorouter Failed to route connection between via, polylinetrace, polylinetrace, via, polylinetrace, polylinetrace, polylinetrace, polylinetrace, polylinetrace, via, via, pin #4 of component #22, pin #3 of component #11 and polylinetrace, polylinetrace, polylinetrace, via, via, pin #3 of component #21, pin #3 of component #10, because the new connection could not be inserted.
2026-09-12 22:19:47.121 DEBUG  [3173E9\88EAC7] Pass #11: Failed to route Pin on net 'RING_nRESET' (1 items remaining, 9 failures). State: FAILED
2026-09-12 22:19:47.185 INFO   [3173E9\88EAC7] Auto-routing pass #11 on board 'b1a6e6000176efc624d55788085c9524' was completed in 0.26 seconds with score 869.07 (1 unrouted and 31 violations), using 5.88 CPU seconds and the job allocated 38.03 GB of memory so far.
2026-09-12 22:19:47.214 DEBUG  [3173E9\88EAC7] Applied one-time fanout recovery cleanup (removed fanout tails/vias). Incompletes: 1 -> 1.
2026-09-12 22:19:47.261 DEBUG  Queuing item for routing: Pin on net 'RING_nRESET' (connected: 7/14)
2026-09-12 22:19:47.262 DEBUG  Queuing item for routing: Pin on net 'RING_nRESET' (connected: 7/14)
2026-09-12 22:19:47.285 DEBUG  [3173E9\88EAC7] Pass #12: 1 incompletes across 2 items to route
2026-09-12 22:19:47.285 DEBUG  [3173E9\88EAC7]   Net 'RING_nRESET' has 1 incomplete(s)
2026-09-12 22:19:47.391 DEBUG  FoundConnectionInserter: insert trace failed for net #8 at corner 22/22 on layer 3, trace width: 750, from corner: 5, okPoint: (857889,-576187), target: (778170,-657096)
2026-09-12 22:19:47.395 DEBUG  [3173E9\88EAC7] Autorouter Failed to route connection between polylinetrace, polylinetrace, polylinetrace, via, via, pin #3 of component #21, pin #3 of component #10 and polylinetrace, polylinetrace, polylinetrace, via, via, pin #4 of component #22, pin #3 of component #11, because the new connection could not be inserted.
2026-09-12 22:19:47.395 DEBUG  [3173E9\88EAC7] Pass #12: Failed to route Pin on net 'RING_nRESET' (2 items remaining, 10 failures). State: FAILED
2026-09-12 22:19:47.426 DEBUG  FoundConnectionInserter: insert trace failed for net #8 at corner 32/32 on layer 3, trace width: 750, from corner: 12, okPoint: (782147,-587744), target: (869576,-586167)
2026-09-12 22:19:47.430 DEBUG  [3173E9\88EAC7] Autorouter Failed to route connection between via, polylinetrace, via, polylinetrace, polylinetrace, polylinetrace, polylinetrace, polylinetrace, via, via, pin #4 of component #22, pin #3 of component #11 and polylinetrace, polylinetrace, polylinetrace, via, via, pin #3 of component #21, pin #3 of component #10, because the new connection could not be inserted.
2026-09-12 22:19:47.430 DEBUG  [3173E9\88EAC7] Pass #12: Failed to route Pin on net 'RING_nRESET' (1 items remaining, 10 failures). State: FAILED
2026-09-12 22:19:47.486 INFO   [3173E9\88EAC7] Auto-routing pass #12 on board '5a899888802fc0a6b723f470c382df33' was completed in 0.23 seconds with score 869.07 (1 unrouted and 31 violations), using 6.88 CPU seconds and the job allocated 45.76 GB of memory so far.
2026-09-12 22:19:47.532 DEBUG  Queuing item for routing: Pin on net 'RING_nRESET' (connected: 7/14)
2026-09-12 22:19:47.533 DEBUG  Queuing item for routing: Pin on net 'RING_nRESET' (connected: 7/14)
2026-09-12 22:19:47.553 DEBUG  [3173E9\88EAC7] Pass #13: 1 incompletes across 2 items to route
2026-09-12 22:19:47.553 DEBUG  [3173E9\88EAC7]   Net 'RING_nRESET' has 1 incomplete(s)
2026-09-12 22:19:47.654 DEBUG  FoundConnectionInserter: insert trace failed for net #8 at corner 22/22 on layer 3, trace width: 750, from corner: 5, okPoint: (857889,-576187), target: (778170,-657096)
2026-09-12 22:19:47.658 DEBUG  [3173E9\88EAC7] Autorouter Failed to route connection between polylinetrace, polylinetrace, polylinetrace, via, via, pin #3 of component #21, pin #3 of component #10 and polylinetrace, polylinetrace, polylinetrace, via, via, pin #4 of component #22, pin #3 of component #11, because the new connection could not be inserted.
2026-09-12 22:19:47.658 DEBUG  [3173E9\88EAC7] Pass #13: Failed to route Pin on net 'RING_nRESET' (2 items remaining, 11 failures). State: FAILED
2026-09-12 22:19:47.688 DEBUG  FoundConnectionInserter: insert trace failed for net #8 at corner 32/32 on layer 3, trace width: 750, from corner: 12, okPoint: (782147,-587744), target: (869576,-586165)
2026-09-12 22:19:47.692 DEBUG  [3173E9\88EAC7] Autorouter Failed to route connection between via, polylinetrace, via, polylinetrace, polylinetrace, polylinetrace, polylinetrace, polylinetrace, via, via, pin #4 of component #22, pin #3 of component #11 and polylinetrace, polylinetrace, polylinetrace, via, via, pin #3 of component #21, pin #3 of component #10, because the new connection could not be inserted.
2026-09-12 22:19:47.692 DEBUG  [3173E9\88EAC7] Pass #13: Failed to route Pin on net 'RING_nRESET' (1 items remaining, 11 failures). State: FAILED
2026-09-12 22:19:47.750 INFO   [3173E9\88EAC7] Auto-routing pass #13 on board '7f857ab23985f53bb59464b99b5b4825' was completed in 0.22 seconds with score 869.07 (1 unrouted and 31 violations), using 6.88 CPU seconds and the job allocated 45.76 GB of memory so far.
2026-09-12 22:19:47.796 DEBUG  Queuing item for routing: Pin on net 'RING_nRESET' (connected: 7/14)
2026-09-12 22:19:47.796 DEBUG  Queuing item for routing: Pin on net 'RING_nRESET' (connected: 7/14)
2026-09-12 22:19:47.817 DEBUG  [3173E9\88EAC7] Pass #14: 1 incompletes across 2 items to route
2026-09-12 22:19:47.817 DEBUG  [3173E9\88EAC7]   Net 'RING_nRESET' has 1 incomplete(s)
2026-09-12 22:19:47.915 DEBUG  FoundConnectionInserter: insert trace failed for net #8 at corner 22/22 on layer 3, trace width: 750, from corner: 5, okPoint: (857889,-576187), target: (778170,-657096)
2026-09-12 22:19:47.918 DEBUG  [3173E9\88EAC7] Autorouter Failed to route connection between polylinetrace, polylinetrace, polylinetrace, via, via, pin #3 of component #21, pin #3 of component #10 and polylinetrace, polylinetrace, polylinetrace, via, via, pin #4 of component #22, pin #3 of component #11, because the new connection could not be inserted.
2026-09-12 22:19:47.918 DEBUG  [3173E9\88EAC7] Pass #14: Failed to route Pin on net 'RING_nRESET' (2 items remaining, 12 failures). State: FAILED
2026-09-12 22:19:47.949 DEBUG  FoundConnectionInserter: insert trace failed for net #8 at corner 32/32 on layer 3, trace width: 750, from corner: 12, okPoint: (782147,-587744), target: (869576,-586164)
2026-09-12 22:19:47.953 DEBUG  [3173E9\88EAC7] Autorouter Failed to route connection between via, polylinetrace, polylinetrace, via, polylinetrace, polylinetrace, polylinetrace, polylinetrace, polylinetrace, via, via, pin #4 of component #22, pin #3 of component #11 and polylinetrace, polylinetrace, polylinetrace, via, via, pin #3 of component #21, pin #3 of component #10, because the new connection could not be inserted.
2026-09-12 22:19:47.953 DEBUG  [3173E9\88EAC7] Pass #14: Failed to route Pin on net 'RING_nRESET' (1 items remaining, 12 failures). State: FAILED
2026-09-12 22:19:48.010 INFO   [3173E9\88EAC7] Auto-routing pass #14 on board '0630469ebb7754ccc11a0a99f575f14b' was completed in 0.21 seconds with score 869.07 (1 unrouted and 31 violations), using 6.88 CPU seconds and the job allocated 45.76 GB of memory so far.
2026-09-12 22:19:48.058 DEBUG  Queuing item for routing: Pin on net 'RING_nRESET' (connected: 7/14)
2026-09-12 22:19:48.058 DEBUG  Queuing item for routing: Pin on net 'RING_nRESET' (connected: 7/14)
2026-09-12 22:19:48.079 DEBUG  [3173E9\88EAC7] Pass #15: 1 incompletes across 2 items to route
2026-09-12 22:19:48.079 DEBUG  [3173E9\88EAC7]   Net 'RING_nRESET' has 1 incomplete(s)
2026-09-12 22:19:48.161 DEBUG  FoundConnectionInserter: insert trace failed for net #8 at corner 22/22 on layer 3, trace width: 750, from corner: 5, okPoint: (857889,-576187), target: (778170,-657096)
2026-09-12 22:19:48.164 DEBUG  [3173E9\88EAC7] Autorouter Failed to route connection between polylinetrace, polylinetrace, polylinetrace, via, via, pin #3 of component #21, pin #3 of component #10 and polylinetrace, polylinetrace, polylinetrace, via, via, pin #4 of component #22, pin #3 of component #11, because the new connection could not be inserted.
2026-09-12 22:19:48.164 DEBUG  [3173E9\88EAC7] Pass #15: Failed to route Pin on net 'RING_nRESET' (2 items remaining, 13 failures). State: FAILED
2026-09-12 22:19:48.190 DEBUG  FoundConnectionInserter: insert trace failed for net #8 at corner 35/35 on layer 3, trace width: 750, from corner: 12, okPoint: (782147,-587744), target: (869576,-586164)
2026-09-12 22:19:48.194 DEBUG  [3173E9\88EAC7] Autorouter Failed to route connection between via, polylinetrace, via, polylinetrace, polylinetrace, polylinetrace, polylinetrace, polylinetrace, via, via, pin #4 of component #22, pin #3 of component #11 and polylinetrace, polylinetrace, polylinetrace, via, via, pin #3 of component #21, pin #3 of component #10, because the new connection could not be inserted.
2026-09-12 22:19:48.194 DEBUG  [3173E9\88EAC7] Pass #15: Failed to route Pin on net 'RING_nRESET' (1 items remaining, 13 failures). State: FAILED
2026-09-12 22:19:48.254 INFO   [3173E9\88EAC7] Auto-routing pass #15 on board 'bc742f584b4b9ca582facd6f51c725fc' was completed in 0.20 seconds with score 869.07 (1 unrouted and 31 violations), using 6.88 CPU seconds and the job allocated 45.76 GB of memory so far.
2026-09-12 22:19:48.303 DEBUG  Queuing item for routing: Pin on net 'RING_nRESET' (connected: 7/14)
2026-09-12 22:19:48.303 DEBUG  Queuing item for routing: Pin on net 'RING_nRESET' (connected: 7/14)
2026-09-12 22:19:48.323 DEBUG  [3173E9\88EAC7] Pass #16: 1 incompletes across 2 items to route
2026-09-12 22:19:48.323 DEBUG  [3173E9\88EAC7]   Net 'RING_nRESET' has 1 incomplete(s)
2026-09-12 22:19:48.403 DEBUG  FoundConnectionInserter: insert trace failed for net #8 at corner 22/22 on layer 3, trace width: 750, from corner: 5, okPoint: (857889,-576187), target: (778170,-657096)
2026-09-12 22:19:48.407 DEBUG  [3173E9\88EAC7] Autorouter Failed to route connection between polylinetrace, polylinetrace, polylinetrace, via, via, pin #3 of component #21, pin #3 of component #10 and polylinetrace, polylinetrace, polylinetrace, via, via, pin #4 of component #22, pin #3 of component #11, because the new connection could not be inserted.
2026-09-12 22:19:48.407 DEBUG  [3173E9\88EAC7] Pass #16: Failed to route Pin on net 'RING_nRESET' (2 items remaining, 14 failures). State: FAILED
2026-09-12 22:19:48.432 DEBUG  FoundConnectionInserter: insert trace failed for net #8 at corner 35/35 on layer 3, trace width: 750, from corner: 12, okPoint: (782147,-587744), target: (869576,-586164)
2026-09-12 22:19:48.436 DEBUG  [3173E9\88EAC7] Autorouter Failed to route connection between via, polylinetrace, via, polylinetrace, polylinetrace, polylinetrace, polylinetrace, polylinetrace, via, via, pin #4 of component #22, pin #3 of component #11 and polylinetrace, polylinetrace, polylinetrace, via, via, pin #3 of component #21, pin #3 of component #10, because the new connection could not be inserted.
2026-09-12 22:19:48.436 DEBUG  [3173E9\88EAC7] Pass #16: Failed to route Pin on net 'RING_nRESET' (1 items remaining, 14 failures). State: FAILED
2026-09-12 22:19:48.494 INFO   [3173E9\88EAC7] Auto-routing pass #16 on board '9ca012447576cc008382561790e206a8' was completed in 0.19 seconds with score 869.07 (1 unrouted and 31 violations), using 7.86 CPU seconds and the job allocated 54.12 GB of memory so far.
2026-09-12 22:19:48.541 DEBUG  Queuing item for routing: Pin on net 'RING_nRESET' (connected: 7/14)
2026-09-12 22:19:48.541 DEBUG  Queuing item for routing: Pin on net 'RING_nRESET' (connected: 7/14)
2026-09-12 22:19:48.562 DEBUG  [3173E9\88EAC7] Pass #17: 1 incompletes across 2 items to route
2026-09-12 22:19:48.562 DEBUG  [3173E9\88EAC7]   Net 'RING_nRESET' has 1 incomplete(s)
2026-09-12 22:19:48.643 DEBUG  FoundConnectionInserter: insert trace failed for net #8 at corner 22/22 on layer 3, trace width: 750, from corner: 5, okPoint: (857889,-576187), target: (778170,-657096)
2026-09-12 22:19:48.647 DEBUG  [3173E9\88EAC7] Autorouter Failed to route connection between polylinetrace, polylinetrace, polylinetrace, via, via, pin #3 of component #21, pin #3 of component #10 and polylinetrace, polylinetrace, polylinetrace, via, via, pin #4 of component #22, pin #3 of component #11, because the new connection could not be inserted.
2026-09-12 22:19:48.647 DEBUG  [3173E9\88EAC7] Pass #17: Failed to route Pin on net 'RING_nRESET' (2 items remaining, 15 failures). State: FAILED
2026-09-12 22:19:48.677 DEBUG  FoundConnectionInserter: insert trace failed for net #8 at corner 35/35 on layer 3, trace width: 750, from corner: 12, okPoint: (782147,-587744), target: (869576,-586164)
2026-09-12 22:19:48.681 DEBUG  [3173E9\88EAC7] Autorouter Failed to route connection between via, polylinetrace, via, polylinetrace, polylinetrace, polylinetrace, polylinetrace, polylinetrace, via, via, pin #4 of component #22, pin #3 of component #11 and polylinetrace, polylinetrace, polylinetrace, via, via, pin #3 of component #21, pin #3 of component #10, because the new connection could not be inserted.
2026-09-12 22:19:48.681 DEBUG  [3173E9\88EAC7] Pass #17: Failed to route Pin on net 'RING_nRESET' (1 items remaining, 15 failures). State: FAILED
2026-09-12 22:19:48.739 INFO   [3173E9\88EAC7] Auto-routing pass #17 on board 'bd4b54260ba4bd99167e2943193e2118' was completed in 0.20 seconds with score 869.07 (1 unrouted and 31 violations), using 7.86 CPU seconds and the job allocated 54.12 GB of memory so far.
2026-09-12 22:19:48.786 DEBUG  Queuing item for routing: Pin on net 'RING_nRESET' (connected: 7/14)
2026-09-12 22:19:48.786 DEBUG  Queuing item for routing: Pin on net 'RING_nRESET' (connected: 7/14)
2026-09-12 22:19:48.806 DEBUG  [3173E9\88EAC7] Pass #18: 1 incompletes across 2 items to route
2026-09-12 22:19:48.806 DEBUG  [3173E9\88EAC7]   Net 'RING_nRESET' has 1 incomplete(s)
2026-09-12 22:19:48.886 DEBUG  FoundConnectionInserter: insert trace failed for net #8 at corner 22/22 on layer 3, trace width: 750, from corner: 5, okPoint: (857889,-576187), target: (778170,-657096)
2026-09-12 22:19:48.889 DEBUG  [3173E9\88EAC7] Autorouter Failed to route connection between polylinetrace, polylinetrace, polylinetrace, via, via, pin #3 of component #21, pin #3 of component #10 and polylinetrace, polylinetrace, polylinetrace, via, via, pin #4 of component #22, pin #3 of component #11, because the new connection could not be inserted.
2026-09-12 22:19:48.889 DEBUG  [3173E9\88EAC7] Pass #18: Failed to route Pin on net 'RING_nRESET' (2 items remaining, 16 failures). State: FAILED
2026-09-12 22:19:48.913 DEBUG  FoundConnectionInserter: insert trace failed for net #8 at corner 35/35 on layer 3, trace width: 750, from corner: 12, okPoint: (782147,-587744), target: (869576,-586164)
2026-09-12 22:19:48.917 DEBUG  [3173E9\88EAC7] Autorouter Failed to route connection between via, polylinetrace, via, polylinetrace, polylinetrace, polylinetrace, polylinetrace, polylinetrace, via, via, pin #4 of component #22, pin #3 of component #11 and polylinetrace, polylinetrace, polylinetrace, via, via, pin #3 of component #21, pin #3 of component #10, because the new connection could not be inserted.
2026-09-12 22:19:48.917 DEBUG  [3173E9\88EAC7] Pass #18: Failed to route Pin on net 'RING_nRESET' (1 items remaining, 16 failures). State: FAILED
2026-09-12 22:19:48.979 INFO   [3173E9\88EAC7] Auto-routing pass #18 on board '36fa40e3e01d4e459b01d39c0230daa6' was completed in 0.19 seconds with score 869.07 (1 unrouted and 31 violations), using 7.86 CPU seconds and the job allocated 54.12 GB of memory so far.
2026-09-12 22:19:48.987 INFO   [3173E9\88EAC7] The router's best score (869.07) has not improved by more than 0.5 points since pass #8. Stopping the auto-router after 18 passes (1 item still unconnected).
The following connections could not be routed -- please review your design (e.g. check pad clearances, trace width rules, and available routing space):
  Net 'RING_nRESET' (1 unrouted connection):
    - via  ->  via
2026-09-12 22:19:49.008 DEBUG  === Performance Profile ===
2026-09-12 22:19:49.008 DEBUG  === Routing Parameters ===
2026-09-12 22:19:49.008 DEBUG    Via Costs: 50, Plane Via Costs: 5
2026-09-12 22:19:49.009 DEBUG    Layer Costs (Preferred / Against):
2026-09-12 22:19:49.009 DEBUG      Layer 1: 1.8 / 3.9
2026-09-12 22:19:49.009 DEBUG      Layer 2: 1.0 / 1.5
2026-09-12 22:19:49.009 DEBUG      Layer 3: 1.0 / 3.1
2026-09-12 22:19:49.009 DEBUG      Layer 4: 1.8 / 2.3
2026-09-12 22:19:49.009 DEBUG  
2026-09-12 22:19:49.009 DEBUG    autoroute_item                          :     4757 ms total,       94 calls,     50 ms avg
2026-09-12 22:19:49.010 DEBUG  
2026-09-12 22:19:49.010 DEBUG  === Pass History ===
2026-09-12 22:19:49.010 DEBUG    Pass 1  :    7 unrouted items,     1.49 s,   100 ripup cost
2026-09-12 22:19:49.010 DEBUG    Pass 2  :    5 unrouted items,     1.09 s,   200 ripup cost
2026-09-12 22:19:49.010 DEBUG    Pass 3  :    3 unrouted items,     0.38 s,   300 ripup cost
2026-09-12 22:19:49.010 DEBUG    Pass 4  :    2 unrouted items,     0.25 s,   400 ripup cost
2026-09-12 22:19:49.010 DEBUG    Pass 5  :    4 unrouted items,     0.30 s,   500 ripup cost
2026-09-12 22:19:49.010 DEBUG    Pass 6  :    2 unrouted items,     0.40 s,   600 ripup cost
2026-09-12 22:19:49.010 DEBUG    Pass 7  :    1 unrouted items,     0.34 s,   700 ripup cost
2026-09-12 22:19:49.010 DEBUG    Pass 8  :    1 unrouted items,     0.20 s,   800 ripup cost
2026-09-12 22:19:49.010 DEBUG    Pass 9  :    1 unrouted items,     0.20 s,   900 ripup cost
2026-09-12 22:19:49.010 DEBUG    Pass 10 :    1 unrouted items,     0.20 s,  1000 ripup cost
2026-09-12 22:19:49.010 DEBUG    Pass 11 :    1 unrouted items,     0.24 s,  1100 ripup cost
2026-09-12 22:19:49.010 DEBUG    Pass 12 :    1 unrouted items,     0.21 s,  1200 ripup cost
2026-09-12 22:19:49.010 DEBUG    Pass 13 :    1 unrouted items,     0.20 s,  1300 ripup cost
2026-09-12 22:19:49.010 DEBUG    Pass 14 :    1 unrouted items,     0.20 s,  1400 ripup cost
2026-09-12 22:19:49.010 DEBUG    Pass 15 :    1 unrouted items,     0.18 s,  1500 ripup cost
2026-09-12 22:19:49.010 DEBUG    Pass 16 :    1 unrouted items,     0.17 s,  1600 ripup cost
2026-09-12 22:19:49.010 DEBUG    Pass 17 :    1 unrouted items,     0.18 s,  1700 ripup cost
2026-09-12 22:19:49.010 DEBUG    Pass 18 :    1 unrouted items,     0.17 s,  1800 ripup cost
2026-09-12 22:19:49.010 DEBUG  ===========================
2026-09-12 22:19:49.032 INFO   [3173E9\88EAC7] Auto-routing stage completed: started with 25 unrouted nets, completed in 8.53 seconds, final score: 869.07 (1 unrouted and 31 violations), using 7.86 total CPU seconds, 54.12 GB total allocated, and 1197.9 MB peak heap usage.
2026-09-12 22:19:49.034 DEBUG  [3173E9\88EAC7] Before optimization: Via count: 59, trace length: 3669683
2026-09-12 22:19:49.055 INFO   [3173E9\88EAC7] Optimization stage started on board '3a83a430dea86a9a22a32ef4ed4508c4' with score 869.07 (1 unrouted and 31 violations).
2026-09-12 22:19:50.927 INFO   [3173E9\88EAC7] Optimizer pass #1 on board 'f9378b21bb01318e4bdbadaf99e077b8' was completed in 1.80 seconds with the score of 869.07 (1 unrouted and 31 violations).
2026-09-12 22:19:50.948 INFO   [3173E9\88EAC7] Stopping optimizer because the improvement in this pass (0.0000%) is below the threshold (1.00%).
2026-09-12 22:19:50.969 INFO   [3173E9\88EAC7] Optimization stage completed: started with score 869.07 (1 unrouted and 31 violations), completed in 1.89 seconds, final score: 869.07 (1 unrouted and 31 violations), using 1.80 total CPU seconds, 20.53 GB total allocated, and 1086.5 MB peak heap usage.
2026-09-12 22:19:50.972 INFO   [3173E9\88EAC7] Job '3173E9\88EAC7' finished with state: COMPLETED (elapsed: 10.51 seconds, finished at UTC: 2026-09-13T05:19:50.971683500Z).
2026-09-12 22:19:51.182 INFO   Saving output file 'C:\Users\mmsyl\Documents\haptic-bracelet\hardware\verification\routing\pod-1\pod-1.ses' (SES)...
2026-09-12 22:19:51.185 INFO   Successfully saved output file 'C:\Users\mmsyl\Documents\haptic-bracelet\hardware\verification\routing\pod-1\pod-1.ses' (14756 bytes).
2026-09-12 22:26:00.710 INFO   Freerouting v2.4.1 (build-date: 2026-09-03)
2026-09-12 22:26:00.712 DEBUG  [startup] user-data path : hardware\verification\routing\runtime  (source: CLI argument --user_data_path)
2026-09-12 22:26:00.712 DEBUG  [startup] log file       : C:\Users\mmsyl\Documents\haptic-bracelet\hardware\verification\routing\runtime\freerouting.log
2026-09-12 22:26:00.735 DEBUG  Settings loaded from 'hardware\verification\routing\runtime\freerouting.json'.
2026-09-12 22:26:00.750 DEBUG  Version: 2.4.1,2026-09-03
2026-09-12 22:26:00.751 DEBUG  Command line arguments: '-de hardware/verification/routing/pod-7/bridge.dsn -do hardware/verification/routing/pod-7/bridge.ses -mp 20 -mt 2 -da --gui.enabled=false --api_server.enabled=false --user_data_path=hardware/verification/routing/runtime --router.layers.routable=true,false,false,true'
2026-09-12 22:26:00.751 DEBUG  Architecture: Windows 11,amd64,10.0
2026-09-12 22:26:00.751 DEBUG  Java: 25.0.4.1,Eclipse Adoptium
2026-09-12 22:26:00.751 DEBUG  System Language: en,en_US
2026-09-12 22:26:00.751 DEBUG  Hardware: 28 CPU cores, 375300 CPU score, 30688 MB RAM
2026-09-12 22:26:00.751 DEBUG  UTC Time: 2026-09-13T05:26:00.735394600Z
2026-09-12 22:26:00.752 DEBUG  GUI Language: en_US
2026-09-12 22:26:00.752 DEBUG  Host: N/A
2026-09-12 22:26:00.754 DEBUG  Analytics are disabled
2026-09-12 22:26:01.829 DEBUG  Loaded router settings from: hardware\verification\routing\runtime\freerouting.json
2026-09-12 22:26:01.829 DEBUG  Applied CLI router setting: router.max_passes = 20
2026-09-12 22:26:01.829 DEBUG  Applied CLI router setting: router.max_threads = 2
2026-09-12 22:26:01.829 DEBUG  Applied CLI router setting: router.layers.routable = true,false,false,true
2026-09-12 22:26:01.829 DEBUG  Applied CLI router setting: router.enabled = true (implicit from -de/-do batch mode)
2026-09-12 22:26:01.830 DEBUG  No router settings found in environment variables
2026-09-12 22:26:01.853 DEBUG  Version check skipped or timed out: java.net.ConnectException: Permission denied: getsockopt
2026-09-12 22:26:01.859 DEBUG  Set DEFAULT clearance (all layers): 1500 (0.0375 mm) from DSN value 150.0
2026-09-12 22:26:01.861 DEBUG  Set clearance (all layers): smd_smd = 375 (0.009375 mm), classes [2,2]
2026-09-12 22:26:01.862 DEBUG  Set default trace width (all layers): DSN=150.0 → board=1500 (0.0375 mm)
2026-09-12 22:26:01.870 DEBUG  Loaded router settings from DSN file: bridge.dsn (4 layers)
2026-09-12 22:26:01.877 DEBUG  Set DEFAULT clearance (all layers): 1500 (0.0375 mm) from DSN value 150.0
2026-09-12 22:26:01.877 DEBUG  Set clearance (all layers): smd_smd = 375 (0.009375 mm), classes [2,2]
2026-09-12 22:26:01.878 DEBUG  Set default trace width (all layers): DSN=150.0 → board=1500 (0.0375 mm)
2026-09-12 22:26:01.879 DEBUG  Loaded router settings from DSN file: bridge.dsn (4 layers)
2026-09-12 22:26:01.880 DEBUG  Merging settings from 5 sources:
2026-09-12 22:26:01.880 DEBUG    - Default Settings (priority 0): base settings
2026-09-12 22:26:01.881 DEBUG    - freerouting.json (priority 10): 0 fields changed
2026-09-12 22:26:01.881 DEBUG    - DSN file: bridge.dsn (priority 20): 6 fields changed
2026-09-12 22:26:01.881 DEBUG    - Environment Variables (priority 55): 0 fields changed
2026-09-12 22:26:01.881 DEBUG    - CLI Arguments (priority 60): 6 fields changed
2026-09-12 22:26:01.881 DEBUG  Settings merged successfully from 5 source(s)
2026-09-12 22:26:02.124 INFO   [27BA67\FE8A1B] Loading board file 'bridge.dsn'...
2026-09-12 22:26:02.130 DEBUG  Set DEFAULT clearance (all layers): 1500 (0.0375 mm) from DSN value 150.0
2026-09-12 22:26:02.130 DEBUG  Set clearance (all layers): smd_smd = 375 (0.009375 mm), classes [2,2]
2026-09-12 22:26:02.130 DEBUG  Set default trace width (all layers): DSN=150.0 → board=1500 (0.0375 mm)
2026-09-12 22:26:02.178 INFO   Layer 'In1.Cu' has been automatically configured as a dedicated power plane because it contains a large conduction area covering >50% of the board.
2026-09-12 22:26:02.178 DEBUG  applyBoardSpecificOptimizations changed parameters:
  Layer 0: bendCost: null -> 0.0; preferredDirectionHorizontal: null -> false; preferredDirectionTraceCost: 1.0 -> 1.8; undesiredDirectionTraceCost: 1.0 -> 3.9000000000000004;
  Layer 1: bendCost: null -> 0.0; preferredDirectionHorizontal: null -> true; undesiredDirectionTraceCost: 1.0 -> 1.5;
  Layer 2: bendCost: null -> 0.0; preferredDirectionHorizontal: null -> false; undesiredDirectionTraceCost: 1.0 -> 3.1;
  Layer 3: bendCost: null -> 0.0; preferredDirectionHorizontal: null -> true; preferredDirectionTraceCost: 1.0 -> 1.8; undesiredDirectionTraceCost: 1.0 -> 2.3;
2026-09-12 22:26:02.180 DEBUG  Applied copper-to-edge clearance override: 500.0 um (5000 board units).
2026-09-12 22:26:02.187 DEBUG  Set DEFAULT clearance (all layers): 1500 (0.0375 mm) from DSN value 150.0
2026-09-12 22:26:02.188 DEBUG  Set clearance (all layers): smd_smd = 375 (0.009375 mm), classes [2,2]
2026-09-12 22:26:02.188 DEBUG  Set default trace width (all layers): DSN=150.0 → board=1500 (0.0375 mm)
2026-09-12 22:26:02.188 DEBUG  Loaded router settings from DSN file: bridge.dsn (4 layers)
2026-09-12 22:26:02.189 DEBUG  Merging settings from 6 sources:
2026-09-12 22:26:02.189 DEBUG    - Default Settings (priority 0): base settings
2026-09-12 22:26:02.189 DEBUG    - freerouting.json (priority 10): 0 fields changed
2026-09-12 22:26:02.189 DEBUG    - DSN file: bridge.dsn (priority 20): 6 fields changed
2026-09-12 22:26:02.189 DEBUG    - Environment Variables (priority 55): 0 fields changed
2026-09-12 22:26:02.189 DEBUG    - CLI Arguments (priority 60): 6 fields changed
2026-09-12 22:26:02.189 DEBUG    - API Settings (priority 70): 26 fields changed
2026-09-12 22:26:02.189 DEBUG  Settings merged successfully from 6 source(s)
2026-09-12 22:26:02.189 DEBUG  applyBoardSpecificOptimizations changed parameters:
  Layer 0: preferredDirectionTraceCost: 1.0 -> 1.8; undesiredDirectionTraceCost: 1.0 -> 3.9000000000000004;
  Layer 1: undesiredDirectionTraceCost: 1.0 -> 1.5;
  Layer 2: undesiredDirectionTraceCost: 1.0 -> 3.1;
  Layer 3: preferredDirectionTraceCost: 1.0 -> 1.8; undesiredDirectionTraceCost: 1.0 -> 2.3;
2026-09-12 22:26:02.190 INFO   [27BA67\FE8A1B] Job '27BA67\FE8A1B' started at 2026-09-13T05:26:02.190556800Z.
2026-09-12 22:26:02.250 DEBUG  [27BA67\FE8A1B] Checking fanout pre-pass. settings.fanout.enabled=true, smdPins=84
2026-09-12 22:26:02.291 INFO   [27BA67\FE8A1B] Fanout stage started on board 'a87f39feea5708299869e2bc77b5e3cf' with 58 of 84 SMD pins needing fanout (26 already connected, 0 netless).
2026-09-12 22:26:02.599 DEBUG  PolylineTrace.normalize: max normalization depth (16) reached for trace #523 on net 22 — stopping recursion, trace kept as-is.
2026-09-12 22:26:02.612 DEBUG  PolylineTrace.normalize: max normalization depth (16) reached for trace #558 on net 22 — stopping recursion, trace kept as-is.
2026-09-12 22:26:02.621 DEBUG  PolylineTrace.normalize: max normalization depth (16) reached for trace #593 on net 22 — stopping recursion, trace kept as-is.
2026-09-12 22:26:02.629 DEBUG  PolylineTrace.normalize: max normalization depth (16) reached for trace #627 on net 22 — stopping recursion, trace kept as-is.
2026-09-12 22:26:02.641 DEBUG  PolylineTrace.normalize: max normalization depth (16) reached for trace #662 on net 22 — stopping recursion, trace kept as-is.
2026-09-12 22:26:02.649 DEBUG  PolylineTrace.normalize: max normalization depth (16) reached for trace #696 on net 22 — stopping recursion, trace kept as-is.
2026-09-12 22:26:02.657 DEBUG  PolylineTrace.normalize: max normalization depth (16) reached for trace #731 on net 22 — stopping recursion, trace kept as-is.
2026-09-12 22:26:02.747 INFO   [27BA67\FE8A1B] Fanout pass #1 on board 'c62ae18336b5617bf250c89eaa065c5f' completed in 0.41 seconds with 9 SMD pins fanouted, 3 not routed, 0 insert errors, +0 extra vias (0 SMD pins still to check in pass, ripup costs=100).
2026-09-12 22:26:02.807 DEBUG  PolylineTrace.normalize: max normalization depth (16) reached for trace #777 on net 22 — stopping recursion, trace kept as-is.
2026-09-12 22:26:02.813 DEBUG  PolylineTrace.normalize: max normalization depth (16) reached for trace #812 on net 22 — stopping recursion, trace kept as-is.
2026-09-12 22:26:02.819 DEBUG  PolylineTrace.normalize: max normalization depth (16) reached for trace #847 on net 22 — stopping recursion, trace kept as-is.
2026-09-12 22:26:02.824 DEBUG  PolylineTrace.normalize: max normalization depth (16) reached for trace #881 on net 22 — stopping recursion, trace kept as-is.
2026-09-12 22:26:02.827 DEBUG  PolylineTrace.normalize: max normalization depth (16) reached for trace #916 on net 22 — stopping recursion, trace kept as-is.
2026-09-12 22:26:02.848 DEBUG  PolylineTrace.normalize: max normalization depth (16) reached for trace #957 on net 22 — stopping recursion, trace kept as-is.
2026-09-12 22:26:02.851 DEBUG  PolylineTrace.normalize: max normalization depth (16) reached for trace #992 on net 22 — stopping recursion, trace kept as-is.
2026-09-12 22:26:02.855 DEBUG  PolylineTrace.normalize: max normalization depth (16) reached for trace #1027 on net 22 — stopping recursion, trace kept as-is.
2026-09-12 22:26:02.858 DEBUG  PolylineTrace.normalize: max normalization depth (16) reached for trace #1061 on net 22 — stopping recursion, trace kept as-is.
2026-09-12 22:26:02.861 DEBUG  PolylineTrace.normalize: max normalization depth (16) reached for trace #1096 on net 22 — stopping recursion, trace kept as-is.
2026-09-12 22:26:02.931 INFO   [27BA67\FE8A1B] Fanout pass #2 on board 'cd7baad03f5bdaa86a5bbbbb7bbd76a5' completed in 0.18 seconds with 4 SMD pins fanouted, 2 not routed, 0 insert errors, +0 extra vias (0 SMD pins still to check in pass, ripup costs=200).
2026-09-12 22:26:02.982 DEBUG  PolylineTrace.normalize: max normalization depth (16) reached for trace #1142 on net 22 — stopping recursion, trace kept as-is.
2026-09-12 22:26:02.986 DEBUG  PolylineTrace.normalize: max normalization depth (16) reached for trace #1177 on net 22 — stopping recursion, trace kept as-is.
2026-09-12 22:26:02.989 DEBUG  PolylineTrace.normalize: max normalization depth (16) reached for trace #1212 on net 22 — stopping recursion, trace kept as-is.
2026-09-12 22:26:02.992 DEBUG  PolylineTrace.normalize: max normalization depth (16) reached for trace #1246 on net 22 — stopping recursion, trace kept as-is.
2026-09-12 22:26:02.995 DEBUG  PolylineTrace.normalize: max normalization depth (16) reached for trace #1281 on net 22 — stopping recursion, trace kept as-is.
2026-09-12 22:26:03.020 DEBUG  PolylineTrace.normalize: max normalization depth (16) reached for trace #1322 on net 22 — stopping recursion, trace kept as-is.
2026-09-12 22:26:03.026 DEBUG  PolylineTrace.normalize: max normalization depth (16) reached for trace #1357 on net 22 — stopping recursion, trace kept as-is.
2026-09-12 22:26:03.032 DEBUG  PolylineTrace.normalize: max normalization depth (16) reached for trace #1392 on net 22 — stopping recursion, trace kept as-is.
2026-09-12 22:26:03.036 DEBUG  PolylineTrace.normalize: max normalization depth (16) reached for trace #1426 on net 22 — stopping recursion, trace kept as-is.
2026-09-12 22:26:03.042 DEBUG  PolylineTrace.normalize: max normalization depth (16) reached for trace #1461 on net 22 — stopping recursion, trace kept as-is.
2026-09-12 22:26:03.138 INFO   [27BA67\FE8A1B] Fanout pass #3 on board '3c1dbb9c5e0c78b83eb690dbd1e295fa' completed in 0.20 seconds with 4 SMD pins fanouted, 2 not routed, 0 insert errors, +0 extra vias (0 SMD pins still to check in pass, ripup costs=300).
2026-09-12 22:26:03.187 DEBUG  PolylineTrace.normalize: max normalization depth (16) reached for trace #1507 on net 22 — stopping recursion, trace kept as-is.
2026-09-12 22:26:03.191 DEBUG  PolylineTrace.normalize: max normalization depth (16) reached for trace #1542 on net 22 — stopping recursion, trace kept as-is.
2026-09-12 22:26:03.195 DEBUG  PolylineTrace.normalize: max normalization depth (16) reached for trace #1577 on net 22 — stopping recursion, trace kept as-is.
2026-09-12 22:26:03.200 DEBUG  PolylineTrace.normalize: max normalization depth (16) reached for trace #1611 on net 22 — stopping recursion, trace kept as-is.
2026-09-12 22:26:03.206 DEBUG  PolylineTrace.normalize: max normalization depth (16) reached for trace #1646 on net 22 — stopping recursion, trace kept as-is.
2026-09-12 22:26:03.237 DEBUG  PolylineTrace.normalize: max normalization depth (16) reached for trace #1687 on net 22 — stopping recursion, trace kept as-is.
2026-09-12 22:26:03.239 DEBUG  PolylineTrace.normalize: max normalization depth (16) reached for trace #1722 on net 22 — stopping recursion, trace kept as-is.
2026-09-12 22:26:03.243 DEBUG  PolylineTrace.normalize: max normalization depth (16) reached for trace #1757 on net 22 — stopping recursion, trace kept as-is.
2026-09-12 22:26:03.247 DEBUG  PolylineTrace.normalize: max normalization depth (16) reached for trace #1791 on net 22 — stopping recursion, trace kept as-is.
2026-09-12 22:26:03.249 DEBUG  PolylineTrace.normalize: max normalization depth (16) reached for trace #1826 on net 22 — stopping recursion, trace kept as-is.
2026-09-12 22:26:03.310 INFO   [27BA67\FE8A1B] Fanout pass #4 on board '583179a90c9b62d662f715a56716fadd' completed in 0.17 seconds with 4 SMD pins fanouted, 2 not routed, 0 insert errors, +0 extra vias (0 SMD pins still to check in pass, ripup costs=400).
2026-09-12 22:26:03.356 DEBUG  PolylineTrace.normalize: max normalization depth (16) reached for trace #1872 on net 22 — stopping recursion, trace kept as-is.
2026-09-12 22:26:03.359 DEBUG  PolylineTrace.normalize: max normalization depth (16) reached for trace #1907 on net 22 — stopping recursion, trace kept as-is.
2026-09-12 22:26:03.362 DEBUG  PolylineTrace.normalize: max normalization depth (16) reached for trace #1942 on net 22 — stopping recursion, trace kept as-is.
2026-09-12 22:26:03.365 DEBUG  PolylineTrace.normalize: max normalization depth (16) reached for trace #1976 on net 22 — stopping recursion, trace kept as-is.
2026-09-12 22:26:03.368 DEBUG  PolylineTrace.normalize: max normalization depth (16) reached for trace #2011 on net 22 — stopping recursion, trace kept as-is.
2026-09-12 22:26:03.389 DEBUG  PolylineTrace.normalize: max normalization depth (16) reached for trace #2052 on net 22 — stopping recursion, trace kept as-is.
2026-09-12 22:26:03.392 DEBUG  PolylineTrace.normalize: max normalization depth (16) reached for trace #2087 on net 22 — stopping recursion, trace kept as-is.
2026-09-12 22:26:03.395 DEBUG  PolylineTrace.normalize: max normalization depth (16) reached for trace #2122 on net 22 — stopping recursion, trace kept as-is.
2026-09-12 22:26:03.398 DEBUG  PolylineTrace.normalize: max normalization depth (16) reached for trace #2156 on net 22 — stopping recursion, trace kept as-is.
2026-09-12 22:26:03.401 DEBUG  PolylineTrace.normalize: max normalization depth (16) reached for trace #2191 on net 22 — stopping recursion, trace kept as-is.
2026-09-12 22:26:03.462 INFO   [27BA67\FE8A1B] Fanout pass #5 on board '90531011ebc4dae1a459e8a59cf99bcd' completed in 0.15 seconds with 4 SMD pins fanouted, 2 not routed, 0 insert errors, +0 extra vias (0 SMD pins still to check in pass, ripup costs=500).
2026-09-12 22:26:03.462 INFO   Fanout stopped after 5 passes: no progress for 3 consecutive passes.
2026-09-12 22:26:03.487 INFO   [27BA67\FE8A1B] Fanout stage completed: started with 84 total SMD pins, completed in 1.16 seconds, escaped pins: 68/84 (81.0%), using 1.19 total CPU seconds, 6.74 GB total allocated, and 1100.9 MB peak heap usage.
2026-09-12 22:26:03.494 INFO   [27BA67\FE8A1B] Auto-routing stage started on board '90531011ebc4dae1a459e8a59cf99bcd' for 4 unrouted items.
2026-09-12 22:26:03.579 DEBUG  Queuing item for routing: Via on net 'RING_RETURN' (connected: 18/19)
2026-09-12 22:26:03.581 DEBUG  Queuing item for routing: Via on net '/Eight ring pods/Pod 7 {slash} U25/LOCAL_SDA' (connected: 19/20)
2026-09-12 22:26:03.581 DEBUG  Queuing item for routing: Via on net 'RING_nRESET' (connected: 51/52)
2026-09-12 22:26:03.582 DEBUG  Queuing item for routing: PolylineTrace on net 'RING_D8' (connected: 4/10)
2026-09-12 22:26:03.582 DEBUG  Queuing item for routing: Pin on net 'RING_RETURN' (connected: 1/19)
2026-09-12 22:26:03.583 DEBUG  Queuing item for routing: Pin on net 'RING_D8' (connected: 6/10)
2026-09-12 22:26:03.583 DEBUG  Queuing item for routing: Pin on net '/Eight ring pods/Pod 7 {slash} U25/LOCAL_SDA' (connected: 1/20)
2026-09-12 22:26:03.583 DEBUG  Queuing item for routing: Pin on net 'RING_nRESET' (connected: 1/52)
2026-09-12 22:26:03.613 DEBUG  [27BA67\FE8A1B] Pass #1: 4 incompletes across 8 items to route
2026-09-12 22:26:03.614 DEBUG  [27BA67\FE8A1B]   Net 'RING_nRESET' has 1 incomplete(s)
2026-09-12 22:26:03.614 DEBUG  [27BA67\FE8A1B]   Net '/Eight ring pods/Pod 7 {slash} U25/LOCAL_SDA' has 1 incomplete(s)
2026-09-12 22:26:03.614 DEBUG  [27BA67\FE8A1B]   Net 'RING_D8' has 1 incomplete(s)
2026-09-12 22:26:03.614 DEBUG  [27BA67\FE8A1B]   Net 'RING_RETURN' has 1 incomplete(s)
2026-09-12 22:26:03.675 DEBUG  ShapeSearchTree45Degree.completeShape: non-IntOctagon contained shape, using bounding octagon approximation
2026-09-12 22:26:03.676 DEBUG  ShapeSearchTree45Degree.completeShape: non-IntOctagon contained shape, using bounding octagon approximation
2026-09-12 22:26:03.676 DEBUG  ShapeSearchTree45Degree.completeShape: non-IntOctagon contained shape, using bounding octagon approximation
2026-09-12 22:26:03.692 DEBUG  PolylineTrace.normalize: max normalization depth (16) reached for trace #2263 on net 22 — stopping recursion, trace kept as-is.
2026-09-12 22:26:03.695 DEBUG  PolylineTrace.normalize: max normalization depth (16) reached for trace #2298 on net 22 — stopping recursion, trace kept as-is.
2026-09-12 22:26:03.699 DEBUG  PolylineTrace.normalize: max normalization depth (16) reached for trace #2333 on net 22 — stopping recursion, trace kept as-is.
2026-09-12 22:26:03.702 DEBUG  PolylineTrace.normalize: max normalization depth (16) reached for trace #2367 on net 22 — stopping recursion, trace kept as-is.
2026-09-12 22:26:03.704 DEBUG  PolylineTrace.normalize: max normalization depth (16) reached for trace #2402 on net 22 — stopping recursion, trace kept as-is.
2026-09-12 22:26:03.713 DEBUG  ShapeSearchTree45Degree.completeShape: non-IntOctagon contained shape, using bounding octagon approximation
2026-09-12 22:26:03.713 DEBUG  ShapeSearchTree45Degree.completeShape: non-IntOctagon contained shape, using bounding octagon approximation
2026-09-12 22:26:03.723 DEBUG  ShapeSearchTree45Degree.completeShape: non-IntOctagon contained shape, using bounding octagon approximation
2026-09-12 22:26:03.723 DEBUG  ShapeSearchTree45Degree.completeShape: non-IntOctagon contained shape, using bounding octagon approximation
2026-09-12 22:26:03.724 DEBUG  ShapeSearchTree45Degree.completeShape: non-IntOctagon contained shape, using bounding octagon approximation
2026-09-12 22:26:03.818 INFO   [27BA67\FE8A1B] Auto-routing pass #1 on board '90531011ebc4dae1a459e8a59cf99bcd' was completed in 0.24 seconds with score 831.57 (3 unrouted and 33 violations), using 0.98 CPU seconds and the job allocated 4.53 GB of memory so far.
2026-09-12 22:26:03.932 DEBUG  Queuing item for routing: Via on net '/Eight ring pods/Pod 7 {slash} U25/LOCAL_SDA' (connected: 19/20)
2026-09-12 22:26:03.932 DEBUG  Queuing item for routing: Via on net 'RING_nRESET' (connected: 51/52)
2026-09-12 22:26:03.933 DEBUG  Queuing item for routing: PolylineTrace on net 'RING_D8' (connected: 4/5)
2026-09-12 22:26:03.933 DEBUG  Queuing item for routing: Pin on net 'RING_D8' (connected: 1/5)
2026-09-12 22:26:03.933 DEBUG  Queuing item for routing: Pin on net '/Eight ring pods/Pod 7 {slash} U25/LOCAL_SDA' (connected: 1/20)
2026-09-12 22:26:03.933 DEBUG  Queuing item for routing: Pin on net 'RING_nRESET' (connected: 1/52)
2026-09-12 22:26:03.963 DEBUG  [27BA67\FE8A1B] Pass #2: 3 incompletes across 6 items to route
2026-09-12 22:26:03.963 DEBUG  [27BA67\FE8A1B]   Net 'RING_nRESET' has 1 incomplete(s)
2026-09-12 22:26:03.963 DEBUG  [27BA67\FE8A1B]   Net '/Eight ring pods/Pod 7 {slash} U25/LOCAL_SDA' has 1 incomplete(s)
2026-09-12 22:26:03.963 DEBUG  [27BA67\FE8A1B]   Net 'RING_D8' has 1 incomplete(s)
2026-09-12 22:26:03.995 DEBUG  FoundConnectionInserter: insert trace failed for net #22 at corner 19/19 on layer 0, trace width: 750, from corner: 3, okPoint: (1451458,-1097687), target: (1429900,-1152500)
2026-09-12 22:26:04.003 DEBUG  [27BA67\FE8A1B] Autorouter Failed to route connection between pin of component #12 and polylinetrace, polylinetrace, pin #2 of component #17, pin #1 of component #6, because the new connection could not be inserted.
2026-09-12 22:26:04.004 DEBUG  [27BA67\FE8A1B] Pass #2: Failed to route PolylineTrace on net 'RING_D8' (4 items remaining, 1 failures). State: FAILED
2026-09-12 22:26:04.013 DEBUG  FoundConnectionInserter: insert trace failed for net #22 at corner 24/24 on layer 0, trace width: 750, from corner: 12, okPoint: (1442957,-1112107), target: (1458762,-1090000)
2026-09-12 22:26:04.020 DEBUG  [27BA67\FE8A1B] Autorouter Failed to route connection between polylinetrace, polylinetrace, pin #2 of component #17, pin #1 of component #6 and pin of component #12, because the new connection could not be inserted.
2026-09-12 22:26:04.021 DEBUG  [27BA67\FE8A1B] Pass #2: Failed to route Pin on net 'RING_D8' (3 items remaining, 1 failures). State: FAILED
2026-09-12 22:26:04.021 DEBUG  ShapeSearchTree45Degree.completeShape: non-IntOctagon contained shape, using bounding octagon approximation
2026-09-12 22:26:04.021 DEBUG  ShapeSearchTree45Degree.completeShape: non-IntOctagon contained shape, using bounding octagon approximation
2026-09-12 22:26:04.032 DEBUG  ShapeSearchTree45Degree.completeShape: non-IntOctagon contained shape, using bounding octagon approximation
2026-09-12 22:26:04.032 DEBUG  ShapeSearchTree45Degree.completeShape: non-IntOctagon contained shape, using bounding octagon approximation
2026-09-12 22:26:04.032 DEBUG  ShapeSearchTree45Degree.completeShape: non-IntOctagon contained shape, using bounding octagon approximation
2026-09-12 22:26:04.120 INFO   [27BA67\FE8A1B] Auto-routing pass #2 on board 'ff4c3f37b272f16d21cb5aea0449397f' was completed in 0.19 seconds with score 831.57 (3 unrouted and 33 violations), using 0.98 CPU seconds and the job allocated 4.53 GB of memory so far.
2026-09-12 22:26:04.158 DEBUG  Queuing item for routing: Via on net '/Eight ring pods/Pod 7 {slash} U25/LOCAL_SDA' (connected: 19/20)
2026-09-12 22:26:04.158 DEBUG  Queuing item for routing: Via on net 'RING_nRESET' (connected: 51/52)
2026-09-12 22:26:04.159 DEBUG  Queuing item for routing: PolylineTrace on net 'RING_D8' (connected: 4/5)
2026-09-12 22:26:04.159 DEBUG  Queuing item for routing: Pin on net 'RING_D8' (connected: 1/5)
2026-09-12 22:26:04.159 DEBUG  Queuing item for routing: Pin on net '/Eight ring pods/Pod 7 {slash} U25/LOCAL_SDA' (connected: 1/20)
2026-09-12 22:26:04.159 DEBUG  Queuing item for routing: Pin on net 'RING_nRESET' (connected: 1/52)
2026-09-12 22:26:04.190 DEBUG  [27BA67\FE8A1B] Pass #3: 3 incompletes across 6 items to route
2026-09-12 22:26:04.190 DEBUG  [27BA67\FE8A1B]   Net 'RING_nRESET' has 1 incomplete(s)
2026-09-12 22:26:04.190 DEBUG  [27BA67\FE8A1B]   Net '/Eight ring pods/Pod 7 {slash} U25/LOCAL_SDA' has 1 incomplete(s)
2026-09-12 22:26:04.190 DEBUG  [27BA67\FE8A1B]   Net 'RING_D8' has 1 incomplete(s)
2026-09-12 22:26:04.212 DEBUG  FoundConnectionInserter: insert trace failed for net #22 at corner 19/19 on layer 0, trace width: 750, from corner: 3, okPoint: (1451458,-1097687), target: (1429900,-1152500)
2026-09-12 22:26:04.219 DEBUG  [27BA67\FE8A1B] Autorouter Failed to route connection between pin of component #12 and polylinetrace, polylinetrace, pin #2 of component #17, pin #1 of component #6, because the new connection could not be inserted.
2026-09-12 22:26:04.219 DEBUG  [27BA67\FE8A1B] Pass #3: Failed to route PolylineTrace on net 'RING_D8' (4 items remaining, 2 failures). State: FAILED
2026-09-12 22:26:04.228 DEBUG  FoundConnectionInserter: insert trace failed for net #22 at corner 24/24 on layer 0, trace width: 750, from corner: 12, okPoint: (1442957,-1112107), target: (1458762,-1090000)
2026-09-12 22:26:04.234 DEBUG  [27BA67\FE8A1B] Autorouter Failed to route connection between polylinetrace, polylinetrace, pin #2 of component #17, pin #1 of component #6 and pin of component #12, because the new connection could not be inserted.
2026-09-12 22:26:04.234 DEBUG  [27BA67\FE8A1B] Pass #3: Failed to route Pin on net 'RING_D8' (3 items remaining, 2 failures). State: FAILED
2026-09-12 22:26:04.243 DEBUG  ShapeSearchTree45Degree.completeShape: non-IntOctagon contained shape, using bounding octagon approximation
2026-09-12 22:26:04.243 DEBUG  ShapeSearchTree45Degree.completeShape: non-IntOctagon contained shape, using bounding octagon approximation
2026-09-12 22:26:04.251 DEBUG  ShapeSearchTree45Degree.completeShape: non-IntOctagon contained shape, using bounding octagon approximation
2026-09-12 22:26:04.251 DEBUG  ShapeSearchTree45Degree.completeShape: non-IntOctagon contained shape, using bounding octagon approximation
2026-09-12 22:26:04.251 DEBUG  ShapeSearchTree45Degree.completeShape: non-IntOctagon contained shape, using bounding octagon approximation
2026-09-12 22:26:04.338 INFO   [27BA67\FE8A1B] Auto-routing pass #3 on board 'ff4c3f37b272f16d21cb5aea0449397f' was completed in 0.18 seconds with score 831.57 (3 unrouted and 33 violations), using 1.94 CPU seconds and the job allocated 12.87 GB of memory so far.
2026-09-12 22:26:04.376 DEBUG  Queuing item for routing: Via on net '/Eight ring pods/Pod 7 {slash} U25/LOCAL_SDA' (connected: 19/20)
2026-09-12 22:26:04.377 DEBUG  Queuing item for routing: Via on net 'RING_nRESET' (connected: 51/52)
2026-09-12 22:26:04.377 DEBUG  Queuing item for routing: PolylineTrace on net 'RING_D8' (connected: 4/5)
2026-09-12 22:26:04.377 DEBUG  Queuing item for routing: Pin on net 'RING_D8' (connected: 1/5)
2026-09-12 22:26:04.378 DEBUG  Queuing item for routing: Pin on net '/Eight ring pods/Pod 7 {slash} U25/LOCAL_SDA' (connected: 1/20)
2026-09-12 22:26:04.378 DEBUG  Queuing item for routing: Pin on net 'RING_nRESET' (connected: 1/52)
2026-09-12 22:26:04.407 DEBUG  [27BA67\FE8A1B] Pass #4: 3 incompletes across 6 items to route
2026-09-12 22:26:04.407 DEBUG  [27BA67\FE8A1B]   Net 'RING_nRESET' has 1 incomplete(s)
2026-09-12 22:26:04.407 DEBUG  [27BA67\FE8A1B]   Net '/Eight ring pods/Pod 7 {slash} U25/LOCAL_SDA' has 1 incomplete(s)
2026-09-12 22:26:04.407 DEBUG  [27BA67\FE8A1B]   Net 'RING_D8' has 1 incomplete(s)
2026-09-12 22:26:04.428 DEBUG  FoundConnectionInserter: insert trace failed for net #22 at corner 19/19 on layer 0, trace width: 750, from corner: 3, okPoint: (1451458,-1097687), target: (1429900,-1152500)
2026-09-12 22:26:04.435 DEBUG  [27BA67\FE8A1B] Autorouter Failed to route connection between pin of component #12 and polylinetrace, polylinetrace, pin #2 of component #17, pin #1 of component #6, because the new connection could not be inserted.
2026-09-12 22:26:04.435 DEBUG  [27BA67\FE8A1B] Pass #4: Failed to route PolylineTrace on net 'RING_D8' (4 items remaining, 3 failures). State: FAILED
2026-09-12 22:26:04.443 DEBUG  FoundConnectionInserter: insert trace failed for net #22 at corner 24/24 on layer 0, trace width: 750, from corner: 12, okPoint: (1442957,-1112107), target: (1458762,-1090000)
2026-09-12 22:26:04.450 DEBUG  [27BA67\FE8A1B] Autorouter Failed to route connection between polylinetrace, polylinetrace, pin #2 of component #17, pin #1 of component #6 and pin of component #12, because the new connection could not be inserted.
2026-09-12 22:26:04.450 DEBUG  [27BA67\FE8A1B] Pass #4: Failed to route Pin on net 'RING_D8' (3 items remaining, 3 failures). State: FAILED
2026-09-12 22:26:04.450 DEBUG  ShapeSearchTree45Degree.completeShape: non-IntOctagon contained shape, using bounding octagon approximation
2026-09-12 22:26:04.451 DEBUG  ShapeSearchTree45Degree.completeShape: non-IntOctagon contained shape, using bounding octagon approximation
2026-09-12 22:26:04.458 DEBUG  ShapeSearchTree45Degree.completeShape: non-IntOctagon contained shape, using bounding octagon approximation
2026-09-12 22:26:04.458 DEBUG  ShapeSearchTree45Degree.completeShape: non-IntOctagon contained shape, using bounding octagon approximation
2026-09-12 22:26:04.458 DEBUG  ShapeSearchTree45Degree.completeShape: non-IntOctagon contained shape, using bounding octagon approximation
2026-09-12 22:26:04.542 INFO   [27BA67\FE8A1B] Auto-routing pass #4 on board 'ff4c3f37b272f16d21cb5aea0449397f' was completed in 0.17 seconds with score 831.57 (3 unrouted and 33 violations), using 1.94 CPU seconds and the job allocated 12.87 GB of memory so far.
2026-09-12 22:26:04.579 DEBUG  Queuing item for routing: Via on net '/Eight ring pods/Pod 7 {slash} U25/LOCAL_SDA' (connected: 19/20)
2026-09-12 22:26:04.580 DEBUG  Queuing item for routing: Via on net 'RING_nRESET' (connected: 51/52)
2026-09-12 22:26:04.580 DEBUG  Queuing item for routing: PolylineTrace on net 'RING_D8' (connected: 4/5)
2026-09-12 22:26:04.580 DEBUG  Queuing item for routing: Pin on net 'RING_D8' (connected: 1/5)
2026-09-12 22:26:04.580 DEBUG  Queuing item for routing: Pin on net '/Eight ring pods/Pod 7 {slash} U25/LOCAL_SDA' (connected: 1/20)
2026-09-12 22:26:04.580 DEBUG  Queuing item for routing: Pin on net 'RING_nRESET' (connected: 1/52)
2026-09-12 22:26:04.609 DEBUG  [27BA67\FE8A1B] Pass #5: 3 incompletes across 6 items to route
2026-09-12 22:26:04.609 DEBUG  [27BA67\FE8A1B]   Net 'RING_nRESET' has 1 incomplete(s)
2026-09-12 22:26:04.609 DEBUG  [27BA67\FE8A1B]   Net '/Eight ring pods/Pod 7 {slash} U25/LOCAL_SDA' has 1 incomplete(s)
2026-09-12 22:26:04.609 DEBUG  [27BA67\FE8A1B]   Net 'RING_D8' has 1 incomplete(s)
2026-09-12 22:26:04.640 DEBUG  FoundConnectionInserter: insert trace failed for net #22 at corner 19/19 on layer 0, trace width: 750, from corner: 3, okPoint: (1451458,-1097687), target: (1429900,-1152500)
2026-09-12 22:26:04.647 DEBUG  [27BA67\FE8A1B] Autorouter Failed to route connection between pin of component #12 and polylinetrace, polylinetrace, pin #2 of component #17, pin #1 of component #6, because the new connection could not be inserted.
2026-09-12 22:26:04.647 DEBUG  [27BA67\FE8A1B] Pass #5: Failed to route PolylineTrace on net 'RING_D8' (4 items remaining, 4 failures). State: FAILED
2026-09-12 22:26:04.655 DEBUG  FoundConnectionInserter: insert trace failed for net #22 at corner 24/24 on layer 0, trace width: 750, from corner: 12, okPoint: (1442957,-1112107), target: (1458762,-1090000)
2026-09-12 22:26:04.661 DEBUG  [27BA67\FE8A1B] Autorouter Failed to route connection between polylinetrace, polylinetrace, pin #2 of component #17, pin #1 of component #6 and pin of component #12, because the new connection could not be inserted.
2026-09-12 22:26:04.661 DEBUG  [27BA67\FE8A1B] Pass #5: Failed to route Pin on net 'RING_D8' (3 items remaining, 4 failures). State: FAILED
2026-09-12 22:26:04.662 DEBUG  ShapeSearchTree45Degree.completeShape: non-IntOctagon contained shape, using bounding octagon approximation
2026-09-12 22:26:04.662 DEBUG  ShapeSearchTree45Degree.completeShape: non-IntOctagon contained shape, using bounding octagon approximation
2026-09-12 22:26:04.670 DEBUG  ShapeSearchTree45Degree.completeShape: non-IntOctagon contained shape, using bounding octagon approximation
2026-09-12 22:26:04.670 DEBUG  ShapeSearchTree45Degree.completeShape: non-IntOctagon contained shape, using bounding octagon approximation
2026-09-12 22:26:04.670 DEBUG  ShapeSearchTree45Degree.completeShape: non-IntOctagon contained shape, using bounding octagon approximation
2026-09-12 22:26:04.754 INFO   [27BA67\FE8A1B] Auto-routing pass #5 on board 'ff4c3f37b272f16d21cb5aea0449397f' was completed in 0.18 seconds with score 831.57 (3 unrouted and 33 violations), using 1.94 CPU seconds and the job allocated 12.87 GB of memory so far.
2026-09-12 22:26:04.792 DEBUG  Queuing item for routing: Via on net '/Eight ring pods/Pod 7 {slash} U25/LOCAL_SDA' (connected: 19/20)
2026-09-12 22:26:04.792 DEBUG  Queuing item for routing: Via on net 'RING_nRESET' (connected: 51/52)
2026-09-12 22:26:04.793 DEBUG  Queuing item for routing: PolylineTrace on net 'RING_D8' (connected: 4/5)
2026-09-12 22:26:04.793 DEBUG  Queuing item for routing: Pin on net 'RING_D8' (connected: 1/5)
2026-09-12 22:26:04.793 DEBUG  Queuing item for routing: Pin on net '/Eight ring pods/Pod 7 {slash} U25/LOCAL_SDA' (connected: 1/20)
2026-09-12 22:26:04.793 DEBUG  Queuing item for routing: Pin on net 'RING_nRESET' (connected: 1/52)
2026-09-12 22:26:04.822 DEBUG  [27BA67\FE8A1B] Pass #6: 3 incompletes across 6 items to route
2026-09-12 22:26:04.822 DEBUG  [27BA67\FE8A1B]   Net 'RING_nRESET' has 1 incomplete(s)
2026-09-12 22:26:04.822 DEBUG  [27BA67\FE8A1B]   Net '/Eight ring pods/Pod 7 {slash} U25/LOCAL_SDA' has 1 incomplete(s)
2026-09-12 22:26:04.823 DEBUG  [27BA67\FE8A1B]   Net 'RING_D8' has 1 incomplete(s)
2026-09-12 22:26:04.844 DEBUG  FoundConnectionInserter: insert trace failed for net #22 at corner 19/19 on layer 0, trace width: 750, from corner: 3, okPoint: (1451458,-1097687), target: (1429900,-1152500)
2026-09-12 22:26:04.850 DEBUG  [27BA67\FE8A1B] Autorouter Failed to route connection between pin of component #12 and polylinetrace, polylinetrace, pin #2 of component #17, pin #1 of component #6, because the new connection could not be inserted.
2026-09-12 22:26:04.850 DEBUG  [27BA67\FE8A1B] Pass #6: Failed to route PolylineTrace on net 'RING_D8' (4 items remaining, 5 failures). State: FAILED
2026-09-12 22:26:04.859 DEBUG  FoundConnectionInserter: insert trace failed for net #22 at corner 24/24 on layer 0, trace width: 750, from corner: 12, okPoint: (1442957,-1112107), target: (1458762,-1090000)
2026-09-12 22:26:04.866 DEBUG  [27BA67\FE8A1B] Autorouter Failed to route connection between polylinetrace, polylinetrace, pin #2 of component #17, pin #1 of component #6 and pin of component #12, because the new connection could not be inserted.
2026-09-12 22:26:04.866 DEBUG  [27BA67\FE8A1B] Pass #6: Failed to route Pin on net 'RING_D8' (3 items remaining, 5 failures). State: FAILED
2026-09-12 22:26:04.867 DEBUG  ShapeSearchTree45Degree.completeShape: non-IntOctagon contained shape, using bounding octagon approximation
2026-09-12 22:26:04.867 DEBUG  ShapeSearchTree45Degree.completeShape: non-IntOctagon contained shape, using bounding octagon approximation
2026-09-12 22:26:04.882 DEBUG  ShapeSearchTree45Degree.completeShape: non-IntOctagon contained shape, using bounding octagon approximation
2026-09-12 22:26:04.883 DEBUG  ShapeSearchTree45Degree.completeShape: non-IntOctagon contained shape, using bounding octagon approximation
2026-09-12 22:26:04.883 DEBUG  ShapeSearchTree45Degree.completeShape: non-IntOctagon contained shape, using bounding octagon approximation
2026-09-12 22:26:04.968 INFO   [27BA67\FE8A1B] Auto-routing pass #6 on board 'ff4c3f37b272f16d21cb5aea0449397f' was completed in 0.18 seconds with score 831.57 (3 unrouted and 33 violations), using 1.94 CPU seconds and the job allocated 12.87 GB of memory so far.
2026-09-12 22:26:05.005 DEBUG  Queuing item for routing: Via on net '/Eight ring pods/Pod 7 {slash} U25/LOCAL_SDA' (connected: 19/20)
2026-09-12 22:26:05.005 DEBUG  Queuing item for routing: Via on net 'RING_nRESET' (connected: 51/52)
2026-09-12 22:26:05.006 DEBUG  Queuing item for routing: PolylineTrace on net 'RING_D8' (connected: 4/5)
2026-09-12 22:26:05.006 DEBUG  Queuing item for routing: Pin on net 'RING_D8' (connected: 1/5)
2026-09-12 22:26:05.006 DEBUG  Queuing item for routing: Pin on net '/Eight ring pods/Pod 7 {slash} U25/LOCAL_SDA' (connected: 1/20)
2026-09-12 22:26:05.006 DEBUG  Queuing item for routing: Pin on net 'RING_nRESET' (connected: 1/52)
2026-09-12 22:26:05.036 DEBUG  [27BA67\FE8A1B] Pass #7: 3 incompletes across 6 items to route
2026-09-12 22:26:05.036 DEBUG  [27BA67\FE8A1B]   Net 'RING_nRESET' has 1 incomplete(s)
2026-09-12 22:26:05.036 DEBUG  [27BA67\FE8A1B]   Net '/Eight ring pods/Pod 7 {slash} U25/LOCAL_SDA' has 1 incomplete(s)
2026-09-12 22:26:05.036 DEBUG  [27BA67\FE8A1B]   Net 'RING_D8' has 1 incomplete(s)
2026-09-12 22:26:05.058 DEBUG  FoundConnectionInserter: insert trace failed for net #22 at corner 19/19 on layer 0, trace width: 750, from corner: 3, okPoint: (1451458,-1097687), target: (1429900,-1152500)
2026-09-12 22:26:05.066 DEBUG  [27BA67\FE8A1B] Autorouter Failed to route connection between pin of component #12 and polylinetrace, polylinetrace, pin #2 of component #17, pin #1 of component #6, because the new connection could not be inserted.
2026-09-12 22:26:05.066 DEBUG  [27BA67\FE8A1B] Pass #7: Failed to route PolylineTrace on net 'RING_D8' (4 items remaining, 6 failures). State: FAILED
2026-09-12 22:26:05.074 DEBUG  FoundConnectionInserter: insert trace failed for net #22 at corner 24/24 on layer 0, trace width: 750, from corner: 12, okPoint: (1442957,-1112107), target: (1458762,-1090000)
2026-09-12 22:26:05.081 DEBUG  [27BA67\FE8A1B] Autorouter Failed to route connection between polylinetrace, polylinetrace, pin #2 of component #17, pin #1 of component #6 and pin of component #12, because the new connection could not be inserted.
2026-09-12 22:26:05.081 DEBUG  [27BA67\FE8A1B] Pass #7: Failed to route Pin on net 'RING_D8' (3 items remaining, 6 failures). State: FAILED
2026-09-12 22:26:05.081 DEBUG  ShapeSearchTree45Degree.completeShape: non-IntOctagon contained shape, using bounding octagon approximation
2026-09-12 22:26:05.081 DEBUG  ShapeSearchTree45Degree.completeShape: non-IntOctagon contained shape, using bounding octagon approximation
2026-09-12 22:26:05.089 DEBUG  ShapeSearchTree45Degree.completeShape: non-IntOctagon contained shape, using bounding octagon approximation
2026-09-12 22:26:05.089 DEBUG  ShapeSearchTree45Degree.completeShape: non-IntOctagon contained shape, using bounding octagon approximation
2026-09-12 22:26:05.089 DEBUG  ShapeSearchTree45Degree.completeShape: non-IntOctagon contained shape, using bounding octagon approximation
2026-09-12 22:26:05.175 INFO   [27BA67\FE8A1B] Auto-routing pass #7 on board 'ff4c3f37b272f16d21cb5aea0449397f' was completed in 0.17 seconds with score 831.57 (3 unrouted and 33 violations), using 1.94 CPU seconds and the job allocated 12.87 GB of memory so far.
2026-09-12 22:26:05.213 DEBUG  Queuing item for routing: Via on net '/Eight ring pods/Pod 7 {slash} U25/LOCAL_SDA' (connected: 19/20)
2026-09-12 22:26:05.213 DEBUG  Queuing item for routing: Via on net 'RING_nRESET' (connected: 51/52)
2026-09-12 22:26:05.214 DEBUG  Queuing item for routing: PolylineTrace on net 'RING_D8' (connected: 4/5)
2026-09-12 22:26:05.214 DEBUG  Queuing item for routing: Pin on net 'RING_D8' (connected: 1/5)
2026-09-12 22:26:05.214 DEBUG  Queuing item for routing: Pin on net '/Eight ring pods/Pod 7 {slash} U25/LOCAL_SDA' (connected: 1/20)
2026-09-12 22:26:05.214 DEBUG  Queuing item for routing: Pin on net 'RING_nRESET' (connected: 1/52)
2026-09-12 22:26:05.244 DEBUG  [27BA67\FE8A1B] Pass #8: 3 incompletes across 6 items to route
2026-09-12 22:26:05.244 DEBUG  [27BA67\FE8A1B]   Net 'RING_nRESET' has 1 incomplete(s)
2026-09-12 22:26:05.244 DEBUG  [27BA67\FE8A1B]   Net '/Eight ring pods/Pod 7 {slash} U25/LOCAL_SDA' has 1 incomplete(s)
2026-09-12 22:26:05.244 DEBUG  [27BA67\FE8A1B]   Net 'RING_D8' has 1 incomplete(s)
2026-09-12 22:26:05.273 DEBUG  FoundConnectionInserter: insert trace failed for net #22 at corner 19/19 on layer 0, trace width: 750, from corner: 3, okPoint: (1451458,-1097687), target: (1429900,-1152500)
2026-09-12 22:26:05.279 DEBUG  [27BA67\FE8A1B] Autorouter Failed to route connection between pin of component #12 and polylinetrace, polylinetrace, pin #2 of component #17, pin #1 of component #6, because the new connection could not be inserted.
2026-09-12 22:26:05.279 DEBUG  [27BA67\FE8A1B] Pass #8: Failed to route PolylineTrace on net 'RING_D8' (4 items remaining, 7 failures). State: FAILED
2026-09-12 22:26:05.287 DEBUG  FoundConnectionInserter: insert trace failed for net #22 at corner 24/24 on layer 0, trace width: 750, from corner: 12, okPoint: (1442957,-1112107), target: (1458762,-1090000)
2026-09-12 22:26:05.294 DEBUG  [27BA67\FE8A1B] Autorouter Failed to route connection between polylinetrace, polylinetrace, pin #2 of component #17, pin #1 of component #6 and pin of component #12, because the new connection could not be inserted.
2026-09-12 22:26:05.294 DEBUG  [27BA67\FE8A1B] Pass #8: Failed to route Pin on net 'RING_D8' (3 items remaining, 7 failures). State: FAILED
2026-09-12 22:26:05.294 DEBUG  ShapeSearchTree45Degree.completeShape: non-IntOctagon contained shape, using bounding octagon approximation
2026-09-12 22:26:05.294 DEBUG  ShapeSearchTree45Degree.completeShape: non-IntOctagon contained shape, using bounding octagon approximation
2026-09-12 22:26:05.303 DEBUG  ShapeSearchTree45Degree.completeShape: non-IntOctagon contained shape, using bounding octagon approximation
2026-09-12 22:26:05.303 DEBUG  ShapeSearchTree45Degree.completeShape: non-IntOctagon contained shape, using bounding octagon approximation
2026-09-12 22:26:05.303 DEBUG  ShapeSearchTree45Degree.completeShape: non-IntOctagon contained shape, using bounding octagon approximation
2026-09-12 22:26:05.389 INFO   [27BA67\FE8A1B] Auto-routing pass #8 on board 'ff4c3f37b272f16d21cb5aea0449397f' was completed in 0.18 seconds with score 831.57 (3 unrouted and 33 violations), using 2.94 CPU seconds and the job allocated 23.16 GB of memory so far.
2026-09-12 22:26:05.426 DEBUG  Queuing item for routing: Via on net '/Eight ring pods/Pod 7 {slash} U25/LOCAL_SDA' (connected: 19/20)
2026-09-12 22:26:05.426 DEBUG  Queuing item for routing: Via on net 'RING_nRESET' (connected: 51/52)
2026-09-12 22:26:05.426 DEBUG  Queuing item for routing: PolylineTrace on net 'RING_D8' (connected: 4/5)
2026-09-12 22:26:05.427 DEBUG  Queuing item for routing: Pin on net 'RING_D8' (connected: 1/5)
2026-09-12 22:26:05.427 DEBUG  Queuing item for routing: Pin on net '/Eight ring pods/Pod 7 {slash} U25/LOCAL_SDA' (connected: 1/20)
2026-09-12 22:26:05.427 DEBUG  Queuing item for routing: Pin on net 'RING_nRESET' (connected: 1/52)
2026-09-12 22:26:05.455 DEBUG  [27BA67\FE8A1B] Pass #9: 3 incompletes across 6 items to route
2026-09-12 22:26:05.455 DEBUG  [27BA67\FE8A1B]   Net 'RING_nRESET' has 1 incomplete(s)
2026-09-12 22:26:05.455 DEBUG  [27BA67\FE8A1B]   Net '/Eight ring pods/Pod 7 {slash} U25/LOCAL_SDA' has 1 incomplete(s)
2026-09-12 22:26:05.455 DEBUG  [27BA67\FE8A1B]   Net 'RING_D8' has 1 incomplete(s)
2026-09-12 22:26:05.475 DEBUG  FoundConnectionInserter: insert trace failed for net #22 at corner 19/19 on layer 0, trace width: 750, from corner: 3, okPoint: (1451458,-1097687), target: (1429900,-1152500)
2026-09-12 22:26:05.482 DEBUG  [27BA67\FE8A1B] Autorouter Failed to route connection between pin of component #12 and polylinetrace, polylinetrace, pin #2 of component #17, pin #1 of component #6, because the new connection could not be inserted.
2026-09-12 22:26:05.482 DEBUG  [27BA67\FE8A1B] Pass #9: Failed to route PolylineTrace on net 'RING_D8' (4 items remaining, 8 failures). State: FAILED
2026-09-12 22:26:05.491 DEBUG  FoundConnectionInserter: insert trace failed for net #22 at corner 24/24 on layer 0, trace width: 750, from corner: 12, okPoint: (1442957,-1112107), target: (1458762,-1090000)
2026-09-12 22:26:05.497 DEBUG  [27BA67\FE8A1B] Autorouter Failed to route connection between polylinetrace, polylinetrace, pin #2 of component #17, pin #1 of component #6 and pin of component #12, because the new connection could not be inserted.
2026-09-12 22:26:05.497 DEBUG  [27BA67\FE8A1B] Pass #9: Failed to route Pin on net 'RING_D8' (3 items remaining, 8 failures). State: FAILED
2026-09-12 22:26:05.498 DEBUG  ShapeSearchTree45Degree.completeShape: non-IntOctagon contained shape, using bounding octagon approximation
2026-09-12 22:26:05.498 DEBUG  ShapeSearchTree45Degree.completeShape: non-IntOctagon contained shape, using bounding octagon approximation
2026-09-12 22:26:05.514 DEBUG  ShapeSearchTree45Degree.completeShape: non-IntOctagon contained shape, using bounding octagon approximation
2026-09-12 22:26:05.514 DEBUG  ShapeSearchTree45Degree.completeShape: non-IntOctagon contained shape, using bounding octagon approximation
2026-09-12 22:26:05.514 DEBUG  ShapeSearchTree45Degree.completeShape: non-IntOctagon contained shape, using bounding octagon approximation
2026-09-12 22:26:05.596 INFO   [27BA67\FE8A1B] Auto-routing pass #9 on board 'ff4c3f37b272f16d21cb5aea0449397f' was completed in 0.17 seconds with score 831.57 (3 unrouted and 33 violations), using 2.94 CPU seconds and the job allocated 23.16 GB of memory so far.
2026-09-12 22:26:05.634 DEBUG  Queuing item for routing: Via on net '/Eight ring pods/Pod 7 {slash} U25/LOCAL_SDA' (connected: 19/20)
2026-09-12 22:26:05.635 DEBUG  Queuing item for routing: Via on net 'RING_nRESET' (connected: 51/52)
2026-09-12 22:26:05.635 DEBUG  Queuing item for routing: PolylineTrace on net 'RING_D8' (connected: 4/5)
2026-09-12 22:26:05.635 DEBUG  Queuing item for routing: Pin on net 'RING_D8' (connected: 1/5)
2026-09-12 22:26:05.635 DEBUG  Queuing item for routing: Pin on net '/Eight ring pods/Pod 7 {slash} U25/LOCAL_SDA' (connected: 1/20)
2026-09-12 22:26:05.635 DEBUG  Queuing item for routing: Pin on net 'RING_nRESET' (connected: 1/52)
2026-09-12 22:26:05.664 DEBUG  [27BA67\FE8A1B] Pass #10: 3 incompletes across 6 items to route
2026-09-12 22:26:05.664 DEBUG  [27BA67\FE8A1B]   Net 'RING_nRESET' has 1 incomplete(s)
2026-09-12 22:26:05.664 DEBUG  [27BA67\FE8A1B]   Net '/Eight ring pods/Pod 7 {slash} U25/LOCAL_SDA' has 1 incomplete(s)
2026-09-12 22:26:05.665 DEBUG  [27BA67\FE8A1B]   Net 'RING_D8' has 1 incomplete(s)
2026-09-12 22:26:05.684 DEBUG  FoundConnectionInserter: insert trace failed for net #22 at corner 19/19 on layer 0, trace width: 750, from corner: 3, okPoint: (1451458,-1097687), target: (1429900,-1152500)
2026-09-12 22:26:05.690 DEBUG  [27BA67\FE8A1B] Autorouter Failed to route connection between pin of component #12 and polylinetrace, polylinetrace, pin #2 of component #17, pin #1 of component #6, because the new connection could not be inserted.
2026-09-12 22:26:05.690 DEBUG  [27BA67\FE8A1B] Pass #10: Failed to route PolylineTrace on net 'RING_D8' (4 items remaining, 9 failures). State: FAILED
2026-09-12 22:26:05.698 DEBUG  FoundConnectionInserter: insert trace failed for net #22 at corner 24/24 on layer 0, trace width: 750, from corner: 12, okPoint: (1442957,-1112107), target: (1458762,-1090000)
2026-09-12 22:26:05.705 DEBUG  [27BA67\FE8A1B] Autorouter Failed to route connection between polylinetrace, polylinetrace, pin #2 of component #17, pin #1 of component #6 and pin of component #12, because the new connection could not be inserted.
2026-09-12 22:26:05.705 DEBUG  [27BA67\FE8A1B] Pass #10: Failed to route Pin on net 'RING_D8' (3 items remaining, 9 failures). State: FAILED
2026-09-12 22:26:05.705 DEBUG  ShapeSearchTree45Degree.completeShape: non-IntOctagon contained shape, using bounding octagon approximation
2026-09-12 22:26:05.705 DEBUG  ShapeSearchTree45Degree.completeShape: non-IntOctagon contained shape, using bounding octagon approximation
2026-09-12 22:26:05.714 DEBUG  ShapeSearchTree45Degree.completeShape: non-IntOctagon contained shape, using bounding octagon approximation
2026-09-12 22:26:05.714 DEBUG  ShapeSearchTree45Degree.completeShape: non-IntOctagon contained shape, using bounding octagon approximation
2026-09-12 22:26:05.714 DEBUG  ShapeSearchTree45Degree.completeShape: non-IntOctagon contained shape, using bounding octagon approximation
2026-09-12 22:26:05.798 INFO   [27BA67\FE8A1B] Auto-routing pass #10 on board 'ff4c3f37b272f16d21cb5aea0449397f' was completed in 0.17 seconds with score 831.57 (3 unrouted and 33 violations), using 2.94 CPU seconds and the job allocated 23.16 GB of memory so far.
2026-09-12 22:26:05.835 DEBUG  Queuing item for routing: Via on net '/Eight ring pods/Pod 7 {slash} U25/LOCAL_SDA' (connected: 19/20)
2026-09-12 22:26:05.835 DEBUG  Queuing item for routing: Via on net 'RING_nRESET' (connected: 51/52)
2026-09-12 22:26:05.836 DEBUG  Queuing item for routing: PolylineTrace on net 'RING_D8' (connected: 4/5)
2026-09-12 22:26:05.836 DEBUG  Queuing item for routing: Pin on net 'RING_D8' (connected: 1/5)
2026-09-12 22:26:05.836 DEBUG  Queuing item for routing: Pin on net '/Eight ring pods/Pod 7 {slash} U25/LOCAL_SDA' (connected: 1/20)
2026-09-12 22:26:05.836 DEBUG  Queuing item for routing: Pin on net 'RING_nRESET' (connected: 1/52)
2026-09-12 22:26:05.865 DEBUG  [27BA67\FE8A1B] Pass #11: 3 incompletes across 6 items to route
2026-09-12 22:26:05.865 DEBUG  [27BA67\FE8A1B]   Net 'RING_nRESET' has 1 incomplete(s)
2026-09-12 22:26:05.865 DEBUG  [27BA67\FE8A1B]   Net '/Eight ring pods/Pod 7 {slash} U25/LOCAL_SDA' has 1 incomplete(s)
2026-09-12 22:26:05.865 DEBUG  [27BA67\FE8A1B]   Net 'RING_D8' has 1 incomplete(s)
2026-09-12 22:26:05.894 DEBUG  FoundConnectionInserter: insert trace failed for net #22 at corner 19/19 on layer 0, trace width: 750, from corner: 3, okPoint: (1451458,-1097687), target: (1429900,-1152500)
2026-09-12 22:26:05.900 DEBUG  [27BA67\FE8A1B] Autorouter Failed to route connection between pin of component #12 and polylinetrace, polylinetrace, pin #2 of component #17, pin #1 of component #6, because the new connection could not be inserted.
2026-09-12 22:26:05.900 DEBUG  [27BA67\FE8A1B] Pass #11: Failed to route PolylineTrace on net 'RING_D8' (4 items remaining, 10 failures). State: FAILED
2026-09-12 22:26:05.908 DEBUG  FoundConnectionInserter: insert trace failed for net #22 at corner 24/24 on layer 0, trace width: 750, from corner: 12, okPoint: (1442957,-1112107), target: (1458762,-1090000)
2026-09-12 22:26:05.915 DEBUG  [27BA67\FE8A1B] Autorouter Failed to route connection between polylinetrace, polylinetrace, pin #2 of component #17, pin #1 of component #6 and pin of component #12, because the new connection could not be inserted.
2026-09-12 22:26:05.915 DEBUG  [27BA67\FE8A1B] Pass #11: Failed to route Pin on net 'RING_D8' (3 items remaining, 10 failures). State: FAILED
2026-09-12 22:26:05.916 DEBUG  ShapeSearchTree45Degree.completeShape: non-IntOctagon contained shape, using bounding octagon approximation
2026-09-12 22:26:05.916 DEBUG  ShapeSearchTree45Degree.completeShape: non-IntOctagon contained shape, using bounding octagon approximation
2026-09-12 22:26:05.924 DEBUG  ShapeSearchTree45Degree.completeShape: non-IntOctagon contained shape, using bounding octagon approximation
2026-09-12 22:26:05.924 DEBUG  ShapeSearchTree45Degree.completeShape: non-IntOctagon contained shape, using bounding octagon approximation
2026-09-12 22:26:05.924 DEBUG  ShapeSearchTree45Degree.completeShape: non-IntOctagon contained shape, using bounding octagon approximation
2026-09-12 22:26:06.010 INFO   [27BA67\FE8A1B] Auto-routing pass #11 on board 'ff4c3f37b272f16d21cb5aea0449397f' was completed in 0.18 seconds with score 831.57 (3 unrouted and 33 violations), using 2.94 CPU seconds and the job allocated 23.16 GB of memory so far.
2026-09-12 22:26:06.045 DEBUG  [27BA67\FE8A1B] Applied one-time fanout recovery cleanup (removed fanout tails/vias). Incompletes: 3 -> 3.
2026-09-12 22:26:06.078 DEBUG  Queuing item for routing: Via on net '/Eight ring pods/Pod 7 {slash} U25/LOCAL_SDA' (connected: 19/20)
2026-09-12 22:26:06.078 DEBUG  Queuing item for routing: Via on net 'RING_nRESET' (connected: 51/52)
2026-09-12 22:26:06.079 DEBUG  Queuing item for routing: PolylineTrace on net 'RING_D8' (connected: 4/5)
2026-09-12 22:26:06.079 DEBUG  Queuing item for routing: Pin on net 'RING_D8' (connected: 1/5)
2026-09-12 22:26:06.079 DEBUG  Queuing item for routing: Pin on net '/Eight ring pods/Pod 7 {slash} U25/LOCAL_SDA' (connected: 1/20)
2026-09-12 22:26:06.079 DEBUG  Queuing item for routing: Pin on net 'RING_nRESET' (connected: 1/52)
2026-09-12 22:26:06.107 DEBUG  [27BA67\FE8A1B] Pass #12: 3 incompletes across 6 items to route
2026-09-12 22:26:06.107 DEBUG  [27BA67\FE8A1B]   Net 'RING_nRESET' has 1 incomplete(s)
2026-09-12 22:26:06.107 DEBUG  [27BA67\FE8A1B]   Net '/Eight ring pods/Pod 7 {slash} U25/LOCAL_SDA' has 1 incomplete(s)
2026-09-12 22:26:06.107 DEBUG  [27BA67\FE8A1B]   Net 'RING_D8' has 1 incomplete(s)
2026-09-12 22:26:06.128 DEBUG  FoundConnectionInserter: insert trace failed for net #22 at corner 19/19 on layer 0, trace width: 750, from corner: 3, okPoint: (1451458,-1097687), target: (1429900,-1152500)
2026-09-12 22:26:06.135 DEBUG  [27BA67\FE8A1B] Autorouter Failed to route connection between pin of component #12 and polylinetrace, polylinetrace, pin #2 of component #17, pin #1 of component #6, because the new connection could not be inserted.
2026-09-12 22:26:06.135 DEBUG  [27BA67\FE8A1B] Pass #12: Failed to route PolylineTrace on net 'RING_D8' (4 items remaining, 11 failures). State: FAILED
2026-09-12 22:26:06.150 DEBUG  FoundConnectionInserter: insert trace failed for net #22 at corner 24/24 on layer 0, trace width: 750, from corner: 12, okPoint: (1442957,-1112107), target: (1458762,-1090000)
2026-09-12 22:26:06.156 DEBUG  [27BA67\FE8A1B] Autorouter Failed to route connection between polylinetrace, polylinetrace, pin #2 of component #17, pin #1 of component #6 and pin of component #12, because the new connection could not be inserted.
2026-09-12 22:26:06.156 DEBUG  [27BA67\FE8A1B] Pass #12: Failed to route Pin on net 'RING_D8' (3 items remaining, 11 failures). State: FAILED
2026-09-12 22:26:06.157 DEBUG  ShapeSearchTree45Degree.completeShape: non-IntOctagon contained shape, using bounding octagon approximation
2026-09-12 22:26:06.157 DEBUG  ShapeSearchTree45Degree.completeShape: non-IntOctagon contained shape, using bounding octagon approximation
2026-09-12 22:26:06.165 DEBUG  ShapeSearchTree45Degree.completeShape: non-IntOctagon contained shape, using bounding octagon approximation
2026-09-12 22:26:06.166 DEBUG  ShapeSearchTree45Degree.completeShape: non-IntOctagon contained shape, using bounding octagon approximation
2026-09-12 22:26:06.166 DEBUG  ShapeSearchTree45Degree.completeShape: non-IntOctagon contained shape, using bounding octagon approximation
2026-09-12 22:26:06.251 INFO   [27BA67\FE8A1B] Auto-routing pass #12 on board 'ff4c3f37b272f16d21cb5aea0449397f' was completed in 0.18 seconds with score 831.57 (3 unrouted and 33 violations), using 3.89 CPU seconds and the job allocated 33.61 GB of memory so far.
2026-09-12 22:26:06.288 DEBUG  Queuing item for routing: Via on net '/Eight ring pods/Pod 7 {slash} U25/LOCAL_SDA' (connected: 19/20)
2026-09-12 22:26:06.289 DEBUG  Queuing item for routing: Via on net 'RING_nRESET' (connected: 51/52)
2026-09-12 22:26:06.290 DEBUG  Queuing item for routing: PolylineTrace on net 'RING_D8' (connected: 4/5)
2026-09-12 22:26:06.290 DEBUG  Queuing item for routing: Pin on net 'RING_D8' (connected: 1/5)
2026-09-12 22:26:06.290 DEBUG  Queuing item for routing: Pin on net '/Eight ring pods/Pod 7 {slash} U25/LOCAL_SDA' (connected: 1/20)
2026-09-12 22:26:06.290 DEBUG  Queuing item for routing: Pin on net 'RING_nRESET' (connected: 1/52)
2026-09-12 22:26:06.319 DEBUG  [27BA67\FE8A1B] Pass #13: 3 incompletes across 6 items to route
2026-09-12 22:26:06.319 DEBUG  [27BA67\FE8A1B]   Net 'RING_nRESET' has 1 incomplete(s)
2026-09-12 22:26:06.319 DEBUG  [27BA67\FE8A1B]   Net '/Eight ring pods/Pod 7 {slash} U25/LOCAL_SDA' has 1 incomplete(s)
2026-09-12 22:26:06.319 DEBUG  [27BA67\FE8A1B]   Net 'RING_D8' has 1 incomplete(s)
2026-09-12 22:26:06.340 DEBUG  FoundConnectionInserter: insert trace failed for net #22 at corner 19/19 on layer 0, trace width: 750, from corner: 3, okPoint: (1451458,-1097687), target: (1429900,-1152500)
2026-09-12 22:26:06.346 DEBUG  [27BA67\FE8A1B] Autorouter Failed to route connection between pin of component #12 and polylinetrace, polylinetrace, pin #2 of component #17, pin #1 of component #6, because the new connection could not be inserted.
2026-09-12 22:26:06.346 DEBUG  [27BA67\FE8A1B] Pass #13: Failed to route PolylineTrace on net 'RING_D8' (4 items remaining, 12 failures). State: FAILED
2026-09-12 22:26:06.354 DEBUG  FoundConnectionInserter: insert trace failed for net #22 at corner 24/24 on layer 0, trace width: 750, from corner: 12, okPoint: (1442957,-1112107), target: (1458762,-1090000)
2026-09-12 22:26:06.361 DEBUG  [27BA67\FE8A1B] Autorouter Failed to route connection between polylinetrace, polylinetrace, pin #2 of component #17, pin #1 of component #6 and pin of component #12, because the new connection could not be inserted.
2026-09-12 22:26:06.361 DEBUG  [27BA67\FE8A1B] Pass #13: Failed to route Pin on net 'RING_D8' (3 items remaining, 12 failures). State: FAILED
2026-09-12 22:26:06.362 DEBUG  ShapeSearchTree45Degree.completeShape: non-IntOctagon contained shape, using bounding octagon approximation
2026-09-12 22:26:06.362 DEBUG  ShapeSearchTree45Degree.completeShape: non-IntOctagon contained shape, using bounding octagon approximation
2026-09-12 22:26:06.370 DEBUG  ShapeSearchTree45Degree.completeShape: non-IntOctagon contained shape, using bounding octagon approximation
2026-09-12 22:26:06.370 DEBUG  ShapeSearchTree45Degree.completeShape: non-IntOctagon contained shape, using bounding octagon approximation
2026-09-12 22:26:06.370 DEBUG  ShapeSearchTree45Degree.completeShape: non-IntOctagon contained shape, using bounding octagon approximation
2026-09-12 22:26:06.452 INFO   [27BA67\FE8A1B] Auto-routing pass #13 on board 'ff4c3f37b272f16d21cb5aea0449397f' was completed in 0.16 seconds with score 831.57 (3 unrouted and 33 violations), using 3.89 CPU seconds and the job allocated 33.61 GB of memory so far.
2026-09-12 22:26:06.488 DEBUG  Queuing item for routing: Via on net '/Eight ring pods/Pod 7 {slash} U25/LOCAL_SDA' (connected: 19/20)
2026-09-12 22:26:06.489 DEBUG  Queuing item for routing: Via on net 'RING_nRESET' (connected: 51/52)
2026-09-12 22:26:06.489 DEBUG  Queuing item for routing: PolylineTrace on net 'RING_D8' (connected: 4/5)
2026-09-12 22:26:06.489 DEBUG  Queuing item for routing: Pin on net 'RING_D8' (connected: 1/5)
2026-09-12 22:26:06.489 DEBUG  Queuing item for routing: Pin on net '/Eight ring pods/Pod 7 {slash} U25/LOCAL_SDA' (connected: 1/20)
2026-09-12 22:26:06.489 DEBUG  Queuing item for routing: Pin on net 'RING_nRESET' (connected: 1/52)
2026-09-12 22:26:06.519 DEBUG  [27BA67\FE8A1B] Pass #14: 3 incompletes across 6 items to route
2026-09-12 22:26:06.519 DEBUG  [27BA67\FE8A1B]   Net 'RING_nRESET' has 1 incomplete(s)
2026-09-12 22:26:06.519 DEBUG  [27BA67\FE8A1B]   Net '/Eight ring pods/Pod 7 {slash} U25/LOCAL_SDA' has 1 incomplete(s)
2026-09-12 22:26:06.519 DEBUG  [27BA67\FE8A1B]   Net 'RING_D8' has 1 incomplete(s)
2026-09-12 22:26:06.547 DEBUG  FoundConnectionInserter: insert trace failed for net #22 at corner 19/19 on layer 0, trace width: 750, from corner: 3, okPoint: (1451458,-1097687), target: (1429900,-1152500)
2026-09-12 22:26:06.554 DEBUG  [27BA67\FE8A1B] Autorouter Failed to route connection between pin of component #12 and polylinetrace, polylinetrace, pin #2 of component #17, pin #1 of component #6, because the new connection could not be inserted.
2026-09-12 22:26:06.554 DEBUG  [27BA67\FE8A1B] Pass #14: Failed to route PolylineTrace on net 'RING_D8' (4 items remaining, 13 failures). State: FAILED
2026-09-12 22:26:06.561 DEBUG  FoundConnectionInserter: insert trace failed for net #22 at corner 24/24 on layer 0, trace width: 750, from corner: 12, okPoint: (1442957,-1112107), target: (1458762,-1090000)
2026-09-12 22:26:06.568 DEBUG  [27BA67\FE8A1B] Autorouter Failed to route connection between polylinetrace, polylinetrace, pin #2 of component #17, pin #1 of component #6 and pin of component #12, because the new connection could not be inserted.
2026-09-12 22:26:06.568 DEBUG  [27BA67\FE8A1B] Pass #14: Failed to route Pin on net 'RING_D8' (3 items remaining, 13 failures). State: FAILED
2026-09-12 22:26:06.568 DEBUG  ShapeSearchTree45Degree.completeShape: non-IntOctagon contained shape, using bounding octagon approximation
2026-09-12 22:26:06.568 DEBUG  ShapeSearchTree45Degree.completeShape: non-IntOctagon contained shape, using bounding octagon approximation
2026-09-12 22:26:06.576 DEBUG  ShapeSearchTree45Degree.completeShape: non-IntOctagon contained shape, using bounding octagon approximation
2026-09-12 22:26:06.576 DEBUG  ShapeSearchTree45Degree.completeShape: non-IntOctagon contained shape, using bounding octagon approximation
2026-09-12 22:26:06.576 DEBUG  ShapeSearchTree45Degree.completeShape: non-IntOctagon contained shape, using bounding octagon approximation
2026-09-12 22:26:06.660 INFO   [27BA67\FE8A1B] Auto-routing pass #14 on board 'ff4c3f37b272f16d21cb5aea0449397f' was completed in 0.17 seconds with score 831.57 (3 unrouted and 33 violations), using 3.89 CPU seconds and the job allocated 33.61 GB of memory so far.
2026-09-12 22:26:06.698 DEBUG  Queuing item for routing: Via on net '/Eight ring pods/Pod 7 {slash} U25/LOCAL_SDA' (connected: 19/20)
2026-09-12 22:26:06.698 DEBUG  Queuing item for routing: Via on net 'RING_nRESET' (connected: 51/52)
2026-09-12 22:26:06.698 DEBUG  Queuing item for routing: PolylineTrace on net 'RING_D8' (connected: 4/5)
2026-09-12 22:26:06.698 DEBUG  Queuing item for routing: Pin on net 'RING_D8' (connected: 1/5)
2026-09-12 22:26:06.698 DEBUG  Queuing item for routing: Pin on net '/Eight ring pods/Pod 7 {slash} U25/LOCAL_SDA' (connected: 1/20)
2026-09-12 22:26:06.698 DEBUG  Queuing item for routing: Pin on net 'RING_nRESET' (connected: 1/52)
2026-09-12 22:26:06.726 DEBUG  [27BA67\FE8A1B] Pass #15: 3 incompletes across 6 items to route
2026-09-12 22:26:06.726 DEBUG  [27BA67\FE8A1B]   Net 'RING_nRESET' has 1 incomplete(s)
2026-09-12 22:26:06.726 DEBUG  [27BA67\FE8A1B]   Net '/Eight ring pods/Pod 7 {slash} U25/LOCAL_SDA' has 1 incomplete(s)
2026-09-12 22:26:06.726 DEBUG  [27BA67\FE8A1B]   Net 'RING_D8' has 1 incomplete(s)
2026-09-12 22:26:06.748 DEBUG  FoundConnectionInserter: insert trace failed for net #22 at corner 19/19 on layer 0, trace width: 750, from corner: 3, okPoint: (1451458,-1097687), target: (1429900,-1152500)
2026-09-12 22:26:06.753 DEBUG  [27BA67\FE8A1B] Autorouter Failed to route connection between pin of component #12 and polylinetrace, polylinetrace, pin #2 of component #17, pin #1 of component #6, because the new connection could not be inserted.
2026-09-12 22:26:06.753 DEBUG  [27BA67\FE8A1B] Pass #15: Failed to route PolylineTrace on net 'RING_D8' (4 items remaining, 14 failures). State: FAILED
2026-09-12 22:26:06.761 DEBUG  FoundConnectionInserter: insert trace failed for net #22 at corner 24/24 on layer 0, trace width: 750, from corner: 12, okPoint: (1442957,-1112107), target: (1458762,-1090000)
2026-09-12 22:26:06.767 DEBUG  [27BA67\FE8A1B] Autorouter Failed to route connection between polylinetrace, polylinetrace, pin #2 of component #17, pin #1 of component #6 and pin of component #12, because the new connection could not be inserted.
2026-09-12 22:26:06.767 DEBUG  [27BA67\FE8A1B] Pass #15: Failed to route Pin on net 'RING_D8' (3 items remaining, 14 failures). State: FAILED
2026-09-12 22:26:06.768 DEBUG  ShapeSearchTree45Degree.completeShape: non-IntOctagon contained shape, using bounding octagon approximation
2026-09-12 22:26:06.768 DEBUG  ShapeSearchTree45Degree.completeShape: non-IntOctagon contained shape, using bounding octagon approximation
2026-09-12 22:26:06.776 DEBUG  ShapeSearchTree45Degree.completeShape: non-IntOctagon contained shape, using bounding octagon approximation
2026-09-12 22:26:06.776 DEBUG  ShapeSearchTree45Degree.completeShape: non-IntOctagon contained shape, using bounding octagon approximation
2026-09-12 22:26:06.776 DEBUG  ShapeSearchTree45Degree.completeShape: non-IntOctagon contained shape, using bounding octagon approximation
2026-09-12 22:26:06.868 INFO   [27BA67\FE8A1B] Auto-routing pass #15 on board 'ff4c3f37b272f16d21cb5aea0449397f' was completed in 0.17 seconds with score 831.57 (3 unrouted and 33 violations), using 3.89 CPU seconds and the job allocated 33.61 GB of memory so far.
2026-09-12 22:26:06.905 DEBUG  Queuing item for routing: Via on net '/Eight ring pods/Pod 7 {slash} U25/LOCAL_SDA' (connected: 19/20)
2026-09-12 22:26:06.906 DEBUG  Queuing item for routing: Via on net 'RING_nRESET' (connected: 51/52)
2026-09-12 22:26:06.906 DEBUG  Queuing item for routing: PolylineTrace on net 'RING_D8' (connected: 4/5)
2026-09-12 22:26:06.906 DEBUG  Queuing item for routing: Pin on net 'RING_D8' (connected: 1/5)
2026-09-12 22:26:06.906 DEBUG  Queuing item for routing: Pin on net '/Eight ring pods/Pod 7 {slash} U25/LOCAL_SDA' (connected: 1/20)
2026-09-12 22:26:06.906 DEBUG  Queuing item for routing: Pin on net 'RING_nRESET' (connected: 1/52)
2026-09-12 22:26:06.936 DEBUG  [27BA67\FE8A1B] Pass #16: 3 incompletes across 6 items to route
2026-09-12 22:26:06.936 DEBUG  [27BA67\FE8A1B]   Net 'RING_nRESET' has 1 incomplete(s)
2026-09-12 22:26:06.936 DEBUG  [27BA67\FE8A1B]   Net '/Eight ring pods/Pod 7 {slash} U25/LOCAL_SDA' has 1 incomplete(s)
2026-09-12 22:26:06.936 DEBUG  [27BA67\FE8A1B]   Net 'RING_D8' has 1 incomplete(s)
2026-09-12 22:26:06.956 DEBUG  FoundConnectionInserter: insert trace failed for net #22 at corner 19/19 on layer 0, trace width: 750, from corner: 3, okPoint: (1451458,-1097687), target: (1429900,-1152500)
2026-09-12 22:26:06.963 DEBUG  [27BA67\FE8A1B] Autorouter Failed to route connection between pin of component #12 and polylinetrace, polylinetrace, pin #2 of component #17, pin #1 of component #6, because the new connection could not be inserted.
2026-09-12 22:26:06.963 DEBUG  [27BA67\FE8A1B] Pass #16: Failed to route PolylineTrace on net 'RING_D8' (4 items remaining, 15 failures). State: FAILED
2026-09-12 22:26:06.970 DEBUG  FoundConnectionInserter: insert trace failed for net #22 at corner 24/24 on layer 0, trace width: 750, from corner: 12, okPoint: (1442957,-1112107), target: (1458762,-1090000)
2026-09-12 22:26:06.977 DEBUG  [27BA67\FE8A1B] Autorouter Failed to route connection between polylinetrace, polylinetrace, pin #2 of component #17, pin #1 of component #6 and pin of component #12, because the new connection could not be inserted.
2026-09-12 22:26:06.977 DEBUG  [27BA67\FE8A1B] Pass #16: Failed to route Pin on net 'RING_D8' (3 items remaining, 15 failures). State: FAILED
2026-09-12 22:26:06.977 DEBUG  ShapeSearchTree45Degree.completeShape: non-IntOctagon contained shape, using bounding octagon approximation
2026-09-12 22:26:06.977 DEBUG  ShapeSearchTree45Degree.completeShape: non-IntOctagon contained shape, using bounding octagon approximation
2026-09-12 22:26:06.985 DEBUG  ShapeSearchTree45Degree.completeShape: non-IntOctagon contained shape, using bounding octagon approximation
2026-09-12 22:26:06.985 DEBUG  ShapeSearchTree45Degree.completeShape: non-IntOctagon contained shape, using bounding octagon approximation
2026-09-12 22:26:06.985 DEBUG  ShapeSearchTree45Degree.completeShape: non-IntOctagon contained shape, using bounding octagon approximation
2026-09-12 22:26:07.071 INFO   [27BA67\FE8A1B] Auto-routing pass #16 on board 'ff4c3f37b272f16d21cb5aea0449397f' was completed in 0.17 seconds with score 831.57 (3 unrouted and 33 violations), using 3.89 CPU seconds and the job allocated 33.61 GB of memory so far.
2026-09-12 22:26:07.110 DEBUG  Queuing item for routing: Via on net '/Eight ring pods/Pod 7 {slash} U25/LOCAL_SDA' (connected: 19/20)
2026-09-12 22:26:07.110 DEBUG  Queuing item for routing: Via on net 'RING_nRESET' (connected: 51/52)
2026-09-12 22:26:07.111 DEBUG  Queuing item for routing: PolylineTrace on net 'RING_D8' (connected: 4/5)
2026-09-12 22:26:07.111 DEBUG  Queuing item for routing: Pin on net 'RING_D8' (connected: 1/5)
2026-09-12 22:26:07.111 DEBUG  Queuing item for routing: Pin on net '/Eight ring pods/Pod 7 {slash} U25/LOCAL_SDA' (connected: 1/20)
2026-09-12 22:26:07.111 DEBUG  Queuing item for routing: Pin on net 'RING_nRESET' (connected: 1/52)
2026-09-12 22:26:07.139 DEBUG  [27BA67\FE8A1B] Pass #17: 3 incompletes across 6 items to route
2026-09-12 22:26:07.139 DEBUG  [27BA67\FE8A1B]   Net 'RING_nRESET' has 1 incomplete(s)
2026-09-12 22:26:07.139 DEBUG  [27BA67\FE8A1B]   Net '/Eight ring pods/Pod 7 {slash} U25/LOCAL_SDA' has 1 incomplete(s)
2026-09-12 22:26:07.139 DEBUG  [27BA67\FE8A1B]   Net 'RING_D8' has 1 incomplete(s)
2026-09-12 22:26:07.166 DEBUG  FoundConnectionInserter: insert trace failed for net #22 at corner 19/19 on layer 0, trace width: 750, from corner: 3, okPoint: (1451458,-1097687), target: (1429900,-1152500)
2026-09-12 22:26:07.173 DEBUG  [27BA67\FE8A1B] Autorouter Failed to route connection between pin of component #12 and polylinetrace, polylinetrace, pin #2 of component #17, pin #1 of component #6, because the new connection could not be inserted.
2026-09-12 22:26:07.173 DEBUG  [27BA67\FE8A1B] Pass #17: Failed to route PolylineTrace on net 'RING_D8' (4 items remaining, 16 failures). State: FAILED
2026-09-12 22:26:07.181 DEBUG  FoundConnectionInserter: insert trace failed for net #22 at corner 24/24 on layer 0, trace width: 750, from corner: 12, okPoint: (1442957,-1112107), target: (1458762,-1090000)
2026-09-12 22:26:07.188 DEBUG  [27BA67\FE8A1B] Autorouter Failed to route connection between polylinetrace, polylinetrace, pin #2 of component #17, pin #1 of component #6 and pin of component #12, because the new connection could not be inserted.
2026-09-12 22:26:07.188 DEBUG  [27BA67\FE8A1B] Pass #17: Failed to route Pin on net 'RING_D8' (3 items remaining, 16 failures). State: FAILED
2026-09-12 22:26:07.188 DEBUG  ShapeSearchTree45Degree.completeShape: non-IntOctagon contained shape, using bounding octagon approximation
2026-09-12 22:26:07.188 DEBUG  ShapeSearchTree45Degree.completeShape: non-IntOctagon contained shape, using bounding octagon approximation
2026-09-12 22:26:07.196 DEBUG  ShapeSearchTree45Degree.completeShape: non-IntOctagon contained shape, using bounding octagon approximation
2026-09-12 22:26:07.197 DEBUG  ShapeSearchTree45Degree.completeShape: non-IntOctagon contained shape, using bounding octagon approximation
2026-09-12 22:26:07.197 DEBUG  ShapeSearchTree45Degree.completeShape: non-IntOctagon contained shape, using bounding octagon approximation
2026-09-12 22:26:07.281 INFO   [27BA67\FE8A1B] Auto-routing pass #17 on board 'ff4c3f37b272f16d21cb5aea0449397f' was completed in 0.17 seconds with score 831.57 (3 unrouted and 33 violations), using 4.86 CPU seconds and the job allocated 44.09 GB of memory so far.
2026-09-12 22:26:07.317 DEBUG  Queuing item for routing: Via on net '/Eight ring pods/Pod 7 {slash} U25/LOCAL_SDA' (connected: 19/20)
2026-09-12 22:26:07.317 DEBUG  Queuing item for routing: Via on net 'RING_nRESET' (connected: 51/52)
2026-09-12 22:26:07.318 DEBUG  Queuing item for routing: PolylineTrace on net 'RING_D8' (connected: 4/5)
2026-09-12 22:26:07.318 DEBUG  Queuing item for routing: Pin on net 'RING_D8' (connected: 1/5)
2026-09-12 22:26:07.318 DEBUG  Queuing item for routing: Pin on net '/Eight ring pods/Pod 7 {slash} U25/LOCAL_SDA' (connected: 1/20)
2026-09-12 22:26:07.318 DEBUG  Queuing item for routing: Pin on net 'RING_nRESET' (connected: 1/52)
2026-09-12 22:26:07.346 DEBUG  [27BA67\FE8A1B] Pass #18: 3 incompletes across 6 items to route
2026-09-12 22:26:07.346 DEBUG  [27BA67\FE8A1B]   Net 'RING_nRESET' has 1 incomplete(s)
2026-09-12 22:26:07.346 DEBUG  [27BA67\FE8A1B]   Net '/Eight ring pods/Pod 7 {slash} U25/LOCAL_SDA' has 1 incomplete(s)
2026-09-12 22:26:07.346 DEBUG  [27BA67\FE8A1B]   Net 'RING_D8' has 1 incomplete(s)
2026-09-12 22:26:07.368 DEBUG  FoundConnectionInserter: insert trace failed for net #22 at corner 19/19 on layer 0, trace width: 750, from corner: 3, okPoint: (1451458,-1097687), target: (1429900,-1152500)
2026-09-12 22:26:07.375 DEBUG  [27BA67\FE8A1B] Autorouter Failed to route connection between pin of component #12 and polylinetrace, polylinetrace, pin #2 of component #17, pin #1 of component #6, because the new connection could not be inserted.
2026-09-12 22:26:07.375 DEBUG  [27BA67\FE8A1B] Pass #18: Failed to route PolylineTrace on net 'RING_D8' (4 items remaining, 17 failures). State: FAILED
2026-09-12 22:26:07.382 DEBUG  FoundConnectionInserter: insert trace failed for net #22 at corner 24/24 on layer 0, trace width: 750, from corner: 12, okPoint: (1442957,-1112107), target: (1458762,-1090000)
2026-09-12 22:26:07.388 DEBUG  [27BA67\FE8A1B] Autorouter Failed to route connection between polylinetrace, polylinetrace, pin #2 of component #17, pin #1 of component #6 and pin of component #12, because the new connection could not be inserted.
2026-09-12 22:26:07.388 DEBUG  [27BA67\FE8A1B] Pass #18: Failed to route Pin on net 'RING_D8' (3 items remaining, 17 failures). State: FAILED
2026-09-12 22:26:07.389 DEBUG  ShapeSearchTree45Degree.completeShape: non-IntOctagon contained shape, using bounding octagon approximation
2026-09-12 22:26:07.389 DEBUG  ShapeSearchTree45Degree.completeShape: non-IntOctagon contained shape, using bounding octagon approximation
2026-09-12 22:26:07.396 DEBUG  ShapeSearchTree45Degree.completeShape: non-IntOctagon contained shape, using bounding octagon approximation
2026-09-12 22:26:07.396 DEBUG  ShapeSearchTree45Degree.completeShape: non-IntOctagon contained shape, using bounding octagon approximation
2026-09-12 22:26:07.397 DEBUG  ShapeSearchTree45Degree.completeShape: non-IntOctagon contained shape, using bounding octagon approximation
2026-09-12 22:26:07.490 INFO   [27BA67\FE8A1B] Auto-routing pass #18 on board 'ff4c3f37b272f16d21cb5aea0449397f' was completed in 0.17 seconds with score 831.57 (3 unrouted and 33 violations), using 4.86 CPU seconds and the job allocated 44.09 GB of memory so far.
2026-09-12 22:26:07.504 INFO   [27BA67\FE8A1B] The router's best score (831.57) has not improved by more than 0.5 points since pass #8. Stopping the auto-router after 18 passes (3 items still unconnected).
The following connections could not be routed -- please review your design (e.g. check pad clearances, trace width rules, and available routing space):
  Net 'RING_nRESET' (1 unrouted connection):
    - via  ->  U25-4
  Net '/Eight ring pods/Pod 7 {slash} U25/LOCAL_SDA' (1 unrouted connection):
    - via  ->  U25-5
  Net 'RING_D8' (1 unrouted connection):
    - R53-1  ->  R171-2
2026-09-12 22:26:07.533 DEBUG  === Performance Profile ===
2026-09-12 22:26:07.533 DEBUG  === Routing Parameters ===
2026-09-12 22:26:07.533 DEBUG    Via Costs: 50, Plane Via Costs: 5
2026-09-12 22:26:07.533 DEBUG    Layer Costs (Preferred / Against):
2026-09-12 22:26:07.533 DEBUG      Layer 1: 1.8 / 3.9
2026-09-12 22:26:07.533 DEBUG      Layer 2: 1.0 / 1.5
2026-09-12 22:26:07.533 DEBUG      Layer 3: 1.0 / 3.1
2026-09-12 22:26:07.533 DEBUG      Layer 4: 1.8 / 2.3
2026-09-12 22:26:07.533 DEBUG  
2026-09-12 22:26:07.534 DEBUG    autoroute_item                          :      366 ms total,      110 calls,      3 ms avg
2026-09-12 22:26:07.534 DEBUG  
2026-09-12 22:26:07.534 DEBUG  === Pass History ===
2026-09-12 22:26:07.534 DEBUG    Pass 1  :    3 unrouted items,     0.21 s,   100 ripup cost
2026-09-12 22:26:07.534 DEBUG    Pass 2  :    3 unrouted items,     0.16 s,   200 ripup cost
2026-09-12 22:26:07.534 DEBUG    Pass 3  :    3 unrouted items,     0.15 s,   300 ripup cost
2026-09-12 22:26:07.534 DEBUG    Pass 4  :    3 unrouted items,     0.14 s,   400 ripup cost
2026-09-12 22:26:07.534 DEBUG    Pass 5  :    3 unrouted items,     0.15 s,   500 ripup cost
2026-09-12 22:26:07.534 DEBUG    Pass 6  :    3 unrouted items,     0.15 s,   600 ripup cost
2026-09-12 22:26:07.534 DEBUG    Pass 7  :    3 unrouted items,     0.14 s,   700 ripup cost
2026-09-12 22:26:07.534 DEBUG    Pass 8  :    3 unrouted items,     0.15 s,   800 ripup cost
2026-09-12 22:26:07.534 DEBUG    Pass 9  :    3 unrouted items,     0.15 s,   900 ripup cost
2026-09-12 22:26:07.534 DEBUG    Pass 10 :    3 unrouted items,     0.14 s,  1000 ripup cost
2026-09-12 22:26:07.534 DEBUG    Pass 11 :    3 unrouted items,     0.15 s,  1100 ripup cost
2026-09-12 22:26:07.534 DEBUG    Pass 12 :    3 unrouted items,     0.15 s,  1200 ripup cost
2026-09-12 22:26:07.534 DEBUG    Pass 13 :    3 unrouted items,     0.14 s,  1300 ripup cost
2026-09-12 22:26:07.534 DEBUG    Pass 14 :    3 unrouted items,     0.15 s,  1400 ripup cost
2026-09-12 22:26:07.534 DEBUG    Pass 15 :    3 unrouted items,     0.14 s,  1500 ripup cost
2026-09-12 22:26:07.534 DEBUG    Pass 16 :    3 unrouted items,     0.14 s,  1600 ripup cost
2026-09-12 22:26:07.534 DEBUG    Pass 17 :    3 unrouted items,     0.15 s,  1700 ripup cost
2026-09-12 22:26:07.534 DEBUG    Pass 18 :    3 unrouted items,     0.15 s,  1800 ripup cost
2026-09-12 22:26:07.534 DEBUG  ===========================
2026-09-12 22:26:07.563 INFO   [27BA67\FE8A1B] Auto-routing stage completed: started with 10 unrouted nets, completed in 5.32 seconds, final score: 831.57 (3 unrouted and 33 violations), using 4.86 total CPU seconds, 44.09 GB total allocated, and 1549.6 MB peak heap usage.
2026-09-12 22:26:07.565 DEBUG  [27BA67\FE8A1B] Before optimization: Via count: 60, trace length: 3924361
2026-09-12 22:26:07.594 INFO   [27BA67\FE8A1B] Optimization stage started on board 'ff4c3f37b272f16d21cb5aea0449397f' with score 831.57 (3 unrouted and 33 violations).
2026-09-12 22:26:08.094 INFO   [27BA67\FE8A1B] Optimizer pass #1 on board '08c8ef8255d3790847e1f3f380222f6f' was completed in 0.41 seconds with the score of 831.57 (3 unrouted and 33 violations).
2026-09-12 22:26:08.122 INFO   [27BA67\FE8A1B] Stopping optimizer because the improvement in this pass (0.0000%) is below the threshold (1.00%).
2026-09-12 22:26:08.149 INFO   [27BA67\FE8A1B] Optimization stage completed: started with score 831.57 (3 unrouted and 33 violations), completed in 0.53 seconds, final score: 831.57 (3 unrouted and 33 violations), using 0.53 total CPU seconds, 5.69 GB total allocated, and 845.7 MB peak heap usage.
2026-09-12 22:26:08.152 INFO   [27BA67\FE8A1B] Job '27BA67\FE8A1B' finished with state: COMPLETED (elapsed: 5.96 seconds, finished at UTC: 2026-09-13T05:26:08.152599100Z).
2026-09-12 22:26:08.390 INFO   Saving output file 'C:\Users\mmsyl\Documents\haptic-bracelet\hardware\verification\routing\pod-7\bridge.ses' (SES)...
2026-09-12 22:26:08.391 INFO   Successfully saved output file 'C:\Users\mmsyl\Documents\haptic-bracelet\hardware\verification\routing\pod-7\bridge.ses' (3612 bytes).
