ISO-10303-21;
HEADER;
FILE_DESCRIPTION(('Open CASCADE Model'),'2;1');
FILE_NAME('Open CASCADE Shape Model','2026-09-14T09:25:41',('Author'),(
    'Open CASCADE'),'Open CASCADE STEP processor 7.9','build123d',
  'Unknown');
FILE_SCHEMA(('AUTOMOTIVE_DESIGN { 1 0 10303 214 1 1 1 1 }'));
ENDSEC;
DATA;
#1 = APPLICATION_PROTOCOL_DEFINITION('international standard',
  'automotive_design',2000,#2);
#2 = APPLICATION_CONTEXT(
  'core data for automotive mechanical design processes');
#3 = SHAPE_DEFINITION_REPRESENTATION(#4,#10);
#4 = PRODUCT_DEFINITION_SHAPE('','',#5);
#5 = PRODUCT_DEFINITION('design','',#6,#9);
#6 = PRODUCT_DEFINITION_FORMATION('','',#7);
#7 = PRODUCT('COMPOUND','COMPOUND','',(#8));
#8 = PRODUCT_CONTEXT('',#2,'mechanical');
#9 = PRODUCT_DEFINITION_CONTEXT('part definition',#2,'design');
#10 = SHAPE_REPRESENTATION('',(#11,#15,#4108),#8424);
#11 = AXIS2_PLACEMENT_3D('',#12,#13,#14);
#12 = CARTESIAN_POINT('',(0.,0.,0.));
#13 = DIRECTION('',(0.,0.,1.));
#14 = DIRECTION('',(1.,0.,-0.));
#15 = MANIFOLD_SOLID_BREP('',#16);
#16 = CLOSED_SHELL('',(#17,#132,#850,#897,#1447,#1474,#1501,#1528,#1554,
    #1764,#1887,#1935,#1989,#2142,#2196,#2265,#2389,#2460,#2487,#2514,
    #2521,#2568,#2595,#2622,#2649,#2676,#2703,#2730,#2737,#2786,#3002,
    #3049,#3171,#3198,#3254,#3281,#3308,#3333,#3340,#3496,#3565,#3612,
    #3659,#3684,#3722,#3776,#3832,#3859,#3914,#3927,#3982,#4037,#4092,
    #4096,#4100,#4104));
#17 = ADVANCED_FACE('',(#18),#32,.T.);
#18 = FACE_BOUND('',#19,.T.);
#19 = EDGE_LOOP('',(#20,#55,#81,#108));
#20 = ORIENTED_EDGE('',*,*,#21,.F.);
#21 = EDGE_CURVE('',#22,#24,#26,.T.);
#22 = VERTEX_POINT('',#23);
#23 = CARTESIAN_POINT('',(7.460698725481E-14,-21.4,0.));
#24 = VERTEX_POINT('',#25);
#25 = CARTESIAN_POINT('',(7.460698725481E-14,21.4,0.));
#26 = SURFACE_CURVE('',#27,(#31,#43),.PCURVE_S1.);
#27 = LINE('',#28,#29);
#28 = CARTESIAN_POINT('',(7.460698725481E-14,0.,0.));
#29 = VECTOR('',#30,1.);
#30 = DIRECTION('',(0.,1.,0.));
#31 = PCURVE('',#32,#37);
#32 = PLANE('',#33);
#33 = AXIS2_PLACEMENT_3D('',#34,#35,#36);
#34 = CARTESIAN_POINT('',(7.460698725481E-14,-33.5,0.));
#35 = DIRECTION('',(-1.,0.,0.));
#36 = DIRECTION('',(0.,1.,0.));
#37 = DEFINITIONAL_REPRESENTATION('',(#38),#42);
#38 = LINE('',#39,#40);
#39 = CARTESIAN_POINT('',(33.5,0.));
#40 = VECTOR('',#41,1.);
#41 = DIRECTION('',(1.,0.));
#42 = ( GEOMETRIC_REPRESENTATION_CONTEXT(2) 
PARAMETRIC_REPRESENTATION_CONTEXT() REPRESENTATION_CONTEXT('2D SPACE',''
  ) );
#43 = PCURVE('',#44,#49);
#44 = PLANE('',#45);
#45 = AXIS2_PLACEMENT_3D('',#46,#47,#48);
#46 = CARTESIAN_POINT('',(11.999999999804,-3.788972345935E-16,0.));
#47 = DIRECTION('',(0.,0.,1.));
#48 = DIRECTION('',(1.,0.,-0.));
#49 = DEFINITIONAL_REPRESENTATION('',(#50),#54);
#50 = LINE('',#51,#52);
#51 = CARTESIAN_POINT('',(-11.9999999998,3.788972345935E-16));
#52 = VECTOR('',#53,1.);
#53 = DIRECTION('',(0.,1.));
#54 = ( GEOMETRIC_REPRESENTATION_CONTEXT(2) 
PARAMETRIC_REPRESENTATION_CONTEXT() REPRESENTATION_CONTEXT('2D SPACE',''
  ) );
#55 = ORIENTED_EDGE('',*,*,#56,.F.);
#56 = EDGE_CURVE('',#57,#22,#59,.T.);
#57 = VERTEX_POINT('',#58);
#58 = CARTESIAN_POINT('',(7.460698725481E-14,-21.4,1.));
#59 = SURFACE_CURVE('',#60,(#64,#70),.PCURVE_S1.);
#60 = LINE('',#61,#62);
#61 = CARTESIAN_POINT('',(7.460698725481E-14,-21.4,0.));
#62 = VECTOR('',#63,1.);
#63 = DIRECTION('',(0.,0.,-1.));
#64 = PCURVE('',#32,#65);
#65 = DEFINITIONAL_REPRESENTATION('',(#66),#69);
#66 = B_SPLINE_CURVE_WITH_KNOTS('',1,(#67,#68),.UNSPECIFIED.,.F.,.F.,(2,
    2),(-1.,0.),.PIECEWISE_BEZIER_KNOTS.);
#67 = CARTESIAN_POINT('',(12.1,-1.));
#68 = CARTESIAN_POINT('',(12.1,0.));
#69 = ( GEOMETRIC_REPRESENTATION_CONTEXT(2) 
PARAMETRIC_REPRESENTATION_CONTEXT() REPRESENTATION_CONTEXT('2D SPACE',''
  ) );
#70 = PCURVE('',#71,#76);
#71 = PLANE('',#72);
#72 = AXIS2_PLACEMENT_3D('',#73,#74,#75);
#73 = CARTESIAN_POINT('',(-6.000000030669E-04,-21.4,0.));
#74 = DIRECTION('',(0.,1.,0.));
#75 = DIRECTION('',(1.,0.,0.));
#76 = DEFINITIONAL_REPRESENTATION('',(#77),#80);
#77 = B_SPLINE_CURVE_WITH_KNOTS('',1,(#78,#79),.UNSPECIFIED.,.F.,.F.,(2,
    2),(-1.,0.),.PIECEWISE_BEZIER_KNOTS.);
#78 = CARTESIAN_POINT('',(6.000000031415E-04,-1.));
#79 = CARTESIAN_POINT('',(6.000000031415E-04,0.));
#80 = ( GEOMETRIC_REPRESENTATION_CONTEXT(2) 
PARAMETRIC_REPRESENTATION_CONTEXT() REPRESENTATION_CONTEXT('2D SPACE',''
  ) );
#81 = ORIENTED_EDGE('',*,*,#82,.T.);
#82 = EDGE_CURVE('',#57,#83,#85,.T.);
#83 = VERTEX_POINT('',#84);
#84 = CARTESIAN_POINT('',(7.460698725481E-14,21.4,1.));
#85 = SURFACE_CURVE('',#86,(#90,#96),.PCURVE_S1.);
#86 = LINE('',#87,#88);
#87 = CARTESIAN_POINT('',(7.460698725481E-14,-36.75,1.));
#88 = VECTOR('',#89,1.);
#89 = DIRECTION('',(0.,1.,-0.));
#90 = PCURVE('',#32,#91);
#91 = DEFINITIONAL_REPRESENTATION('',(#92),#95);
#92 = B_SPLINE_CURVE_WITH_KNOTS('',1,(#93,#94),.UNSPECIFIED.,.F.,.F.,(2,
    2),(3.25,70.25),.PIECEWISE_BEZIER_KNOTS.);
#93 = CARTESIAN_POINT('',(0.,-1.));
#94 = CARTESIAN_POINT('',(67.,-1.));
#95 = ( GEOMETRIC_REPRESENTATION_CONTEXT(2) 
PARAMETRIC_REPRESENTATION_CONTEXT() REPRESENTATION_CONTEXT('2D SPACE',''
  ) );
#96 = PCURVE('',#97,#102);
#97 = PLANE('',#98);
#98 = AXIS2_PLACEMENT_3D('',#99,#100,#101);
#99 = CARTESIAN_POINT('',(-1.,-40.,1.));
#100 = DIRECTION('',(0.,0.,1.));
#101 = DIRECTION('',(1.,0.,-0.));
#102 = DEFINITIONAL_REPRESENTATION('',(#103),#107);
#103 = LINE('',#104,#105);
#104 = CARTESIAN_POINT('',(1.,3.25));
#105 = VECTOR('',#106,1.);
#106 = DIRECTION('',(0.,1.));
#107 = ( GEOMETRIC_REPRESENTATION_CONTEXT(2) 
PARAMETRIC_REPRESENTATION_CONTEXT() REPRESENTATION_CONTEXT('2D SPACE',''
  ) );
#108 = ORIENTED_EDGE('',*,*,#109,.F.);
#109 = EDGE_CURVE('',#24,#83,#110,.T.);
#110 = SURFACE_CURVE('',#111,(#115,#121),.PCURVE_S1.);
#111 = LINE('',#112,#113);
#112 = CARTESIAN_POINT('',(7.460698725481E-14,21.4,0.));
#113 = VECTOR('',#114,1.);
#114 = DIRECTION('',(0.,0.,1.));
#115 = PCURVE('',#32,#116);
#116 = DEFINITIONAL_REPRESENTATION('',(#117),#120);
#117 = B_SPLINE_CURVE_WITH_KNOTS('',1,(#118,#119),.UNSPECIFIED.,.F.,.F.,
  (2,2),(0.,1.),.PIECEWISE_BEZIER_KNOTS.);
#118 = CARTESIAN_POINT('',(54.9,0.));
#119 = CARTESIAN_POINT('',(54.9,-1.));
#120 = ( GEOMETRIC_REPRESENTATION_CONTEXT(2) 
PARAMETRIC_REPRESENTATION_CONTEXT() REPRESENTATION_CONTEXT('2D SPACE',''
  ) );
#121 = PCURVE('',#122,#127);
#122 = PLANE('',#123);
#123 = AXIS2_PLACEMENT_3D('',#124,#125,#126);
#124 = CARTESIAN_POINT('',(6.000000030669E-04,21.4,0.));
#125 = DIRECTION('',(0.,-1.,0.));
#126 = DIRECTION('',(-1.,0.,0.));
#127 = DEFINITIONAL_REPRESENTATION('',(#128),#131);
#128 = B_SPLINE_CURVE_WITH_KNOTS('',1,(#129,#130),.UNSPECIFIED.,.F.,.F.,
  (2,2),(0.,1.),.PIECEWISE_BEZIER_KNOTS.);
#129 = CARTESIAN_POINT('',(6.000000029923E-04,0.));
#130 = CARTESIAN_POINT('',(6.000000029923E-04,-1.));
#131 = ( GEOMETRIC_REPRESENTATION_CONTEXT(2) 
PARAMETRIC_REPRESENTATION_CONTEXT() REPRESENTATION_CONTEXT('2D SPACE',''
  ) );
#132 = ADVANCED_FACE('',(#133,#612),#44,.F.);
#133 = FACE_BOUND('',#134,.F.);
#134 = EDGE_LOOP('',(#135,#136,#159,#188,#216,#244,#272,#300,#328,#361,
    #389,#422,#450,#478,#506,#534,#562,#591));
#135 = ORIENTED_EDGE('',*,*,#21,.F.);
#136 = ORIENTED_EDGE('',*,*,#137,.T.);
#137 = EDGE_CURVE('',#22,#138,#140,.T.);
#138 = VERTEX_POINT('',#139);
#139 = CARTESIAN_POINT('',(5.999641184591E-04,-21.4,0.));
#140 = SURFACE_CURVE('',#141,(#145,#152),.PCURVE_S1.);
#141 = LINE('',#142,#143);
#142 = CARTESIAN_POINT('',(3.066824572073E-12,-21.4,0.));
#143 = VECTOR('',#144,1.);
#144 = DIRECTION('',(1.,0.,0.));
#145 = PCURVE('',#44,#146);
#146 = DEFINITIONAL_REPRESENTATION('',(#147),#151);
#147 = LINE('',#148,#149);
#148 = CARTESIAN_POINT('',(-11.9999999998,-21.4));
#149 = VECTOR('',#150,1.);
#150 = DIRECTION('',(1.,0.));
#151 = ( GEOMETRIC_REPRESENTATION_CONTEXT(2) 
PARAMETRIC_REPRESENTATION_CONTEXT() REPRESENTATION_CONTEXT('2D SPACE',''
  ) );
#152 = PCURVE('',#71,#153);
#153 = DEFINITIONAL_REPRESENTATION('',(#154),#158);
#154 = LINE('',#155,#156);
#155 = CARTESIAN_POINT('',(6.000000061337E-04,0.));
#156 = VECTOR('',#157,1.);
#157 = DIRECTION('',(1.,0.));
#158 = ( GEOMETRIC_REPRESENTATION_CONTEXT(2) 
PARAMETRIC_REPRESENTATION_CONTEXT() REPRESENTATION_CONTEXT('2D SPACE',''
  ) );
#159 = ORIENTED_EDGE('',*,*,#160,.F.);
#160 = EDGE_CURVE('',#161,#138,#163,.T.);
#161 = VERTEX_POINT('',#162);
#162 = CARTESIAN_POINT('',(0.599999982061,-21.9994,0.));
#163 = SURFACE_CURVE('',#164,(#169,#176),.PCURVE_S1.);
#164 = CIRCLE('',#165,0.5994);
#165 = AXIS2_PLACEMENT_3D('',#166,#167,#168);
#166 = CARTESIAN_POINT('',(5.999641184591E-04,-21.9994,0.));
#167 = DIRECTION('',(-0.,0.,1.));
#168 = DIRECTION('',(0.,-1.,0.));
#169 = PCURVE('',#44,#170);
#170 = DEFINITIONAL_REPRESENTATION('',(#171),#175);
#171 = CIRCLE('',#172,0.5994);
#172 = AXIS2_PLACEMENT_2D('',#173,#174);
#173 = CARTESIAN_POINT('',(-11.99940003568,-21.9994));
#174 = DIRECTION('',(0.,-1.));
#175 = ( GEOMETRIC_REPRESENTATION_CONTEXT(2) 
PARAMETRIC_REPRESENTATION_CONTEXT() REPRESENTATION_CONTEXT('2D SPACE',''
  ) );
#176 = PCURVE('',#177,#182);
#177 = CYLINDRICAL_SURFACE('',#178,0.5994);
#178 = AXIS2_PLACEMENT_3D('',#179,#180,#181);
#179 = CARTESIAN_POINT('',(5.999641184591E-04,-21.9994,0.));
#180 = DIRECTION('',(0.,-0.,-1.));
#181 = DIRECTION('',(0.,-1.,0.));
#182 = DEFINITIONAL_REPRESENTATION('',(#183),#187);
#183 = LINE('',#184,#185);
#184 = CARTESIAN_POINT('',(-0.,0.));
#185 = VECTOR('',#186,1.);
#186 = DIRECTION('',(-1.,0.));
#187 = ( GEOMETRIC_REPRESENTATION_CONTEXT(2) 
PARAMETRIC_REPRESENTATION_CONTEXT() REPRESENTATION_CONTEXT('2D SPACE',''
  ) );
#188 = ORIENTED_EDGE('',*,*,#189,.T.);
#189 = EDGE_CURVE('',#161,#190,#192,.T.);
#190 = VERTEX_POINT('',#191);
#191 = CARTESIAN_POINT('',(0.600000000003,-33.42237407547,0.));
#192 = SURFACE_CURVE('',#193,(#197,#204),.PCURVE_S1.);
#193 = LINE('',#194,#195);
#194 = CARTESIAN_POINT('',(0.600000000003,-27.75,0.));
#195 = VECTOR('',#196,1.);
#196 = DIRECTION('',(0.,-1.,0.));
#197 = PCURVE('',#44,#198);
#198 = DEFINITIONAL_REPRESENTATION('',(#199),#203);
#199 = LINE('',#200,#201);
#200 = CARTESIAN_POINT('',(-11.3999999998,-27.75));
#201 = VECTOR('',#202,1.);
#202 = DIRECTION('',(0.,-1.));
#203 = ( GEOMETRIC_REPRESENTATION_CONTEXT(2) 
PARAMETRIC_REPRESENTATION_CONTEXT() REPRESENTATION_CONTEXT('2D SPACE',''
  ) );
#204 = PCURVE('',#205,#210);
#205 = PLANE('',#206);
#206 = AXIS2_PLACEMENT_3D('',#207,#208,#209);
#207 = CARTESIAN_POINT('',(0.600000000003,-21.9994,0.));
#208 = DIRECTION('',(1.,0.,-0.));
#209 = DIRECTION('',(0.,-1.,0.));
#210 = DEFINITIONAL_REPRESENTATION('',(#211),#215);
#211 = LINE('',#212,#213);
#212 = CARTESIAN_POINT('',(5.7506,0.));
#213 = VECTOR('',#214,1.);
#214 = DIRECTION('',(1.,0.));
#215 = ( GEOMETRIC_REPRESENTATION_CONTEXT(2) 
PARAMETRIC_REPRESENTATION_CONTEXT() REPRESENTATION_CONTEXT('2D SPACE',''
  ) );
#216 = ORIENTED_EDGE('',*,*,#217,.T.);
#217 = EDGE_CURVE('',#190,#218,#220,.T.);
#218 = VERTEX_POINT('',#219);
#219 = CARTESIAN_POINT('',(0.962533137296,-34.79999999718,0.));
#220 = SURFACE_CURVE('',#221,(#225,#232),.PCURVE_S1.);
#221 = LINE('',#222,#223);
#222 = CARTESIAN_POINT('',(0.830244722361,-34.29730402043,0.));
#223 = VECTOR('',#224,1.);
#224 = DIRECTION('',(0.25449329928,-0.967074537263,0.));
#225 = PCURVE('',#44,#226);
#226 = DEFINITIONAL_REPRESENTATION('',(#227),#231);
#227 = LINE('',#228,#229);
#228 = CARTESIAN_POINT('',(-11.16975527744,-34.29730402043));
#229 = VECTOR('',#230,1.);
#230 = DIRECTION('',(0.25449329928,-0.967074537263));
#231 = ( GEOMETRIC_REPRESENTATION_CONTEXT(2) 
PARAMETRIC_REPRESENTATION_CONTEXT() REPRESENTATION_CONTEXT('2D SPACE',''
  ) );
#232 = PCURVE('',#233,#238);
#233 = PLANE('',#234);
#234 = AXIS2_PLACEMENT_3D('',#235,#236,#237);
#235 = CARTESIAN_POINT('',(0.600000000003,-33.42237407547,0.));
#236 = DIRECTION('',(0.967074537263,0.25449329928,-0.));
#237 = DIRECTION('',(0.25449329928,-0.967074537263,0.));
#238 = DEFINITIONAL_REPRESENTATION('',(#239),#243);
#239 = LINE('',#240,#241);
#240 = CARTESIAN_POINT('',(0.904718210692,0.));
#241 = VECTOR('',#242,1.);
#242 = DIRECTION('',(1.,0.));
#243 = ( GEOMETRIC_REPRESENTATION_CONTEXT(2) 
PARAMETRIC_REPRESENTATION_CONTEXT() REPRESENTATION_CONTEXT('2D SPACE',''
  ) );
#244 = ORIENTED_EDGE('',*,*,#245,.T.);
#245 = EDGE_CURVE('',#218,#246,#248,.T.);
#246 = VERTEX_POINT('',#247);
#247 = CARTESIAN_POINT('',(18.,-34.79999999718,0.));
#248 = SURFACE_CURVE('',#249,(#253,#260),.PCURVE_S1.);
#249 = LINE('',#250,#251);
#250 = CARTESIAN_POINT('',(12.,-34.79999999718,0.));
#251 = VECTOR('',#252,1.);
#252 = DIRECTION('',(1.,0.,0.));
#253 = PCURVE('',#44,#254);
#254 = DEFINITIONAL_REPRESENTATION('',(#255),#259);
#255 = LINE('',#256,#257);
#256 = CARTESIAN_POINT('',(1.960624157336E-10,-34.79999999718));
#257 = VECTOR('',#258,1.);
#258 = DIRECTION('',(1.,0.));
#259 = ( GEOMETRIC_REPRESENTATION_CONTEXT(2) 
PARAMETRIC_REPRESENTATION_CONTEXT() REPRESENTATION_CONTEXT('2D SPACE',''
  ) );
#260 = PCURVE('',#261,#266);
#261 = PLANE('',#262);
#262 = AXIS2_PLACEMENT_3D('',#263,#264,#265);
#263 = CARTESIAN_POINT('',(0.4,-34.79999999718,0.));
#264 = DIRECTION('',(0.,1.,0.));
#265 = DIRECTION('',(1.,0.,0.));
#266 = DEFINITIONAL_REPRESENTATION('',(#267),#271);
#267 = LINE('',#268,#269);
#268 = CARTESIAN_POINT('',(11.6,0.));
#269 = VECTOR('',#270,1.);
#270 = DIRECTION('',(1.,0.));
#271 = ( GEOMETRIC_REPRESENTATION_CONTEXT(2) 
PARAMETRIC_REPRESENTATION_CONTEXT() REPRESENTATION_CONTEXT('2D SPACE',''
  ) );
#272 = ORIENTED_EDGE('',*,*,#273,.F.);
#273 = EDGE_CURVE('',#274,#246,#276,.T.);
#274 = VERTEX_POINT('',#275);
#275 = CARTESIAN_POINT('',(18.,-35.99999999718,0.));
#276 = SURFACE_CURVE('',#277,(#281,#288),.PCURVE_S1.);
#277 = LINE('',#278,#279);
#278 = CARTESIAN_POINT('',(18.,-37.69999999873,0.));
#279 = VECTOR('',#280,1.);
#280 = DIRECTION('',(-0.,1.,0.));
#281 = PCURVE('',#44,#282);
#282 = DEFINITIONAL_REPRESENTATION('',(#283),#287);
#283 = LINE('',#284,#285);
#284 = CARTESIAN_POINT('',(6.000000000196,-37.69999999873));
#285 = VECTOR('',#286,1.);
#286 = DIRECTION('',(0.,1.));
#287 = ( GEOMETRIC_REPRESENTATION_CONTEXT(2) 
PARAMETRIC_REPRESENTATION_CONTEXT() REPRESENTATION_CONTEXT('2D SPACE',''
  ) );
#288 = PCURVE('',#289,#294);
#289 = PLANE('',#290);
#290 = AXIS2_PLACEMENT_3D('',#291,#292,#293);
#291 = CARTESIAN_POINT('',(18.,-40.,-0.1));
#292 = DIRECTION('',(1.,0.,-0.));
#293 = DIRECTION('',(0.,0.,1.));
#294 = DEFINITIONAL_REPRESENTATION('',(#295),#299);
#295 = LINE('',#296,#297);
#296 = CARTESIAN_POINT('',(0.1,-2.300000001268));
#297 = VECTOR('',#298,1.);
#298 = DIRECTION('',(0.,-1.));
#299 = ( GEOMETRIC_REPRESENTATION_CONTEXT(2) 
PARAMETRIC_REPRESENTATION_CONTEXT() REPRESENTATION_CONTEXT('2D SPACE',''
  ) );
#300 = ORIENTED_EDGE('',*,*,#301,.T.);
#301 = EDGE_CURVE('',#274,#302,#304,.T.);
#302 = VERTEX_POINT('',#303);
#303 = CARTESIAN_POINT('',(21.499999998626,-36.,0.));
#304 = SURFACE_CURVE('',#305,(#309,#316),.PCURVE_S1.);
#305 = LINE('',#306,#307);
#306 = CARTESIAN_POINT('',(12.,-36.,0.));
#307 = VECTOR('',#308,1.);
#308 = DIRECTION('',(1.,0.,0.));
#309 = PCURVE('',#44,#310);
#310 = DEFINITIONAL_REPRESENTATION('',(#311),#315);
#311 = LINE('',#312,#313);
#312 = CARTESIAN_POINT('',(1.961361345425E-10,-36.));
#313 = VECTOR('',#314,1.);
#314 = DIRECTION('',(1.,0.));
#315 = ( GEOMETRIC_REPRESENTATION_CONTEXT(2) 
PARAMETRIC_REPRESENTATION_CONTEXT() REPRESENTATION_CONTEXT('2D SPACE',''
  ) );
#316 = PCURVE('',#317,#322);
#317 = PLANE('',#318);
#318 = AXIS2_PLACEMENT_3D('',#319,#320,#321);
#319 = CARTESIAN_POINT('',(2.5,-36.,0.));
#320 = DIRECTION('',(0.,1.,0.));
#321 = DIRECTION('',(1.,0.,0.));
#322 = DEFINITIONAL_REPRESENTATION('',(#323),#327);
#323 = LINE('',#324,#325);
#324 = CARTESIAN_POINT('',(9.5,0.));
#325 = VECTOR('',#326,1.);
#326 = DIRECTION('',(1.,0.));
#327 = ( GEOMETRIC_REPRESENTATION_CONTEXT(2) 
PARAMETRIC_REPRESENTATION_CONTEXT() REPRESENTATION_CONTEXT('2D SPACE',''
  ) );
#328 = ORIENTED_EDGE('',*,*,#329,.F.);
#329 = EDGE_CURVE('',#330,#302,#332,.T.);
#330 = VERTEX_POINT('',#331);
#331 = CARTESIAN_POINT('',(23.999999999313,-33.5,0.));
#332 = SURFACE_CURVE('',#333,(#338,#349),.PCURVE_S1.);
#333 = CIRCLE('',#334,2.5);
#334 = AXIS2_PLACEMENT_3D('',#335,#336,#337);
#335 = CARTESIAN_POINT('',(21.499999998626,-33.5,0.));
#336 = DIRECTION('',(0.,0.,-1.));
#337 = DIRECTION('',(-1.,0.,0.));
#338 = PCURVE('',#44,#339);
#339 = DEFINITIONAL_REPRESENTATION('',(#340),#348);
#340 = ( BOUNDED_CURVE() B_SPLINE_CURVE(2,(#341,#342,#343,#344,#345,#346
,#347),.UNSPECIFIED.,.T.,.F.) B_SPLINE_CURVE_WITH_KNOTS((1,2,2,2,2,1),(
    -2.094395102393,0.,2.094395102393,4.188790204786,6.28318530718,
8.377580409573),.UNSPECIFIED.) CURVE() GEOMETRIC_REPRESENTATION_ITEM() 
RATIONAL_B_SPLINE_CURVE((1.,0.5,1.,0.5,1.,0.5,1.)) REPRESENTATION_ITEM(
  '') );
#341 = CARTESIAN_POINT('',(6.999999998822,-33.5));
#342 = CARTESIAN_POINT('',(6.999999998822,-29.16987298107));
#343 = CARTESIAN_POINT('',(10.749999998822,-31.33493649053));
#344 = CARTESIAN_POINT('',(14.499999998822,-33.5));
#345 = CARTESIAN_POINT('',(10.749999998822,-35.66506350946));
#346 = CARTESIAN_POINT('',(6.999999998822,-37.83012701892));
#347 = CARTESIAN_POINT('',(6.999999998822,-33.5));
#348 = ( GEOMETRIC_REPRESENTATION_CONTEXT(2) 
PARAMETRIC_REPRESENTATION_CONTEXT() REPRESENTATION_CONTEXT('2D SPACE',''
  ) );
#349 = PCURVE('',#350,#355);
#350 = CYLINDRICAL_SURFACE('',#351,2.5);
#351 = AXIS2_PLACEMENT_3D('',#352,#353,#354);
#352 = CARTESIAN_POINT('',(21.499999998626,-33.5,0.));
#353 = DIRECTION('',(0.,0.,-1.));
#354 = DIRECTION('',(-1.,0.,0.));
#355 = DEFINITIONAL_REPRESENTATION('',(#356),#360);
#356 = LINE('',#357,#358);
#357 = CARTESIAN_POINT('',(0.,0.));
#358 = VECTOR('',#359,1.);
#359 = DIRECTION('',(1.,0.));
#360 = ( GEOMETRIC_REPRESENTATION_CONTEXT(2) 
PARAMETRIC_REPRESENTATION_CONTEXT() REPRESENTATION_CONTEXT('2D SPACE',''
  ) );
#361 = ORIENTED_EDGE('',*,*,#362,.T.);
#362 = EDGE_CURVE('',#330,#363,#365,.T.);
#363 = VERTEX_POINT('',#364);
#364 = CARTESIAN_POINT('',(23.999999999313,33.5,0.));
#365 = SURFACE_CURVE('',#366,(#370,#377),.PCURVE_S1.);
#366 = LINE('',#367,#368);
#367 = CARTESIAN_POINT('',(24.,0.,0.));
#368 = VECTOR('',#369,1.);
#369 = DIRECTION('',(0.,1.,0.));
#370 = PCURVE('',#44,#371);
#371 = DEFINITIONAL_REPRESENTATION('',(#372),#376);
#372 = LINE('',#373,#374);
#373 = CARTESIAN_POINT('',(12.000000000196,3.788972345935E-16));
#374 = VECTOR('',#375,1.);
#375 = DIRECTION('',(0.,1.));
#376 = ( GEOMETRIC_REPRESENTATION_CONTEXT(2) 
PARAMETRIC_REPRESENTATION_CONTEXT() REPRESENTATION_CONTEXT('2D SPACE',''
  ) );
#377 = PCURVE('',#378,#383);
#378 = PLANE('',#379);
#379 = AXIS2_PLACEMENT_3D('',#380,#381,#382);
#380 = CARTESIAN_POINT('',(24.,-33.5,0.));
#381 = DIRECTION('',(-1.,0.,0.));
#382 = DIRECTION('',(0.,1.,0.));
#383 = DEFINITIONAL_REPRESENTATION('',(#384),#388);
#384 = LINE('',#385,#386);
#385 = CARTESIAN_POINT('',(33.5,0.));
#386 = VECTOR('',#387,1.);
#387 = DIRECTION('',(1.,0.));
#388 = ( GEOMETRIC_REPRESENTATION_CONTEXT(2) 
PARAMETRIC_REPRESENTATION_CONTEXT() REPRESENTATION_CONTEXT('2D SPACE',''
  ) );
#389 = ORIENTED_EDGE('',*,*,#390,.F.);
#390 = EDGE_CURVE('',#391,#363,#393,.T.);
#391 = VERTEX_POINT('',#392);
#392 = CARTESIAN_POINT('',(21.499999998626,36.,0.));
#393 = SURFACE_CURVE('',#394,(#399,#410),.PCURVE_S1.);
#394 = CIRCLE('',#395,2.5);
#395 = AXIS2_PLACEMENT_3D('',#396,#397,#398);
#396 = CARTESIAN_POINT('',(21.499999998626,33.5,0.));
#397 = DIRECTION('',(0.,0.,-1.));
#398 = DIRECTION('',(-1.,0.,0.));
#399 = PCURVE('',#44,#400);
#400 = DEFINITIONAL_REPRESENTATION('',(#401),#409);
#401 = ( BOUNDED_CURVE() B_SPLINE_CURVE(2,(#402,#403,#404,#405,#406,#407
,#408),.UNSPECIFIED.,.T.,.F.) B_SPLINE_CURVE_WITH_KNOTS((1,2,2,2,2,1),(
    -2.094395102393,0.,2.094395102393,4.188790204786,6.28318530718,
8.377580409573),.UNSPECIFIED.) CURVE() GEOMETRIC_REPRESENTATION_ITEM() 
RATIONAL_B_SPLINE_CURVE((1.,0.5,1.,0.5,1.,0.5,1.)) REPRESENTATION_ITEM(
  '') );
#402 = CARTESIAN_POINT('',(6.999999998822,33.5));
#403 = CARTESIAN_POINT('',(6.999999998822,37.830127018922));
#404 = CARTESIAN_POINT('',(10.749999998822,35.665063509461));
#405 = CARTESIAN_POINT('',(14.499999998822,33.5));
#406 = CARTESIAN_POINT('',(10.749999998822,31.334936490539));
#407 = CARTESIAN_POINT('',(6.999999998822,29.169872981078));
#408 = CARTESIAN_POINT('',(6.999999998822,33.5));
#409 = ( GEOMETRIC_REPRESENTATION_CONTEXT(2) 
PARAMETRIC_REPRESENTATION_CONTEXT() REPRESENTATION_CONTEXT('2D SPACE',''
  ) );
#410 = PCURVE('',#411,#416);
#411 = CYLINDRICAL_SURFACE('',#412,2.5);
#412 = AXIS2_PLACEMENT_3D('',#413,#414,#415);
#413 = CARTESIAN_POINT('',(21.499999998626,33.5,0.));
#414 = DIRECTION('',(0.,0.,-1.));
#415 = DIRECTION('',(-1.,0.,0.));
#416 = DEFINITIONAL_REPRESENTATION('',(#417),#421);
#417 = LINE('',#418,#419);
#418 = CARTESIAN_POINT('',(0.,0.));
#419 = VECTOR('',#420,1.);
#420 = DIRECTION('',(1.,0.));
#421 = ( GEOMETRIC_REPRESENTATION_CONTEXT(2) 
PARAMETRIC_REPRESENTATION_CONTEXT() REPRESENTATION_CONTEXT('2D SPACE',''
  ) );
#422 = ORIENTED_EDGE('',*,*,#423,.F.);
#423 = EDGE_CURVE('',#424,#391,#426,.T.);
#424 = VERTEX_POINT('',#425);
#425 = CARTESIAN_POINT('',(18.,36.000000002815,0.));
#426 = SURFACE_CURVE('',#427,(#431,#438),.PCURVE_S1.);
#427 = LINE('',#428,#429);
#428 = CARTESIAN_POINT('',(12.,36.,0.));
#429 = VECTOR('',#430,1.);
#430 = DIRECTION('',(1.,0.,0.));
#431 = PCURVE('',#44,#432);
#432 = DEFINITIONAL_REPRESENTATION('',(#433),#437);
#433 = LINE('',#434,#435);
#434 = CARTESIAN_POINT('',(1.961361345425E-10,36.));
#435 = VECTOR('',#436,1.);
#436 = DIRECTION('',(1.,0.));
#437 = ( GEOMETRIC_REPRESENTATION_CONTEXT(2) 
PARAMETRIC_REPRESENTATION_CONTEXT() REPRESENTATION_CONTEXT('2D SPACE',''
  ) );
#438 = PCURVE('',#439,#444);
#439 = PLANE('',#440);
#440 = AXIS2_PLACEMENT_3D('',#441,#442,#443);
#441 = CARTESIAN_POINT('',(2.5,36.,0.));
#442 = DIRECTION('',(0.,1.,0.));
#443 = DIRECTION('',(1.,0.,0.));
#444 = DEFINITIONAL_REPRESENTATION('',(#445),#449);
#445 = LINE('',#446,#447);
#446 = CARTESIAN_POINT('',(9.5,0.));
#447 = VECTOR('',#448,1.);
#448 = DIRECTION('',(1.,0.));
#449 = ( GEOMETRIC_REPRESENTATION_CONTEXT(2) 
PARAMETRIC_REPRESENTATION_CONTEXT() REPRESENTATION_CONTEXT('2D SPACE',''
  ) );
#450 = ORIENTED_EDGE('',*,*,#451,.F.);
#451 = EDGE_CURVE('',#452,#424,#454,.T.);
#452 = VERTEX_POINT('',#453);
#453 = CARTESIAN_POINT('',(18.,34.800000002815,0.));
#454 = SURFACE_CURVE('',#455,(#459,#466),.PCURVE_S1.);
#455 = LINE('',#456,#457);
#456 = CARTESIAN_POINT('',(18.,-2.299999998732,0.));
#457 = VECTOR('',#458,1.);
#458 = DIRECTION('',(-0.,1.,0.));
#459 = PCURVE('',#44,#460);
#460 = DEFINITIONAL_REPRESENTATION('',(#461),#465);
#461 = LINE('',#462,#463);
#462 = CARTESIAN_POINT('',(6.000000000196,-2.299999998732));
#463 = VECTOR('',#464,1.);
#464 = DIRECTION('',(0.,1.));
#465 = ( GEOMETRIC_REPRESENTATION_CONTEXT(2) 
PARAMETRIC_REPRESENTATION_CONTEXT() REPRESENTATION_CONTEXT('2D SPACE',''
  ) );
#466 = PCURVE('',#467,#472);
#467 = PLANE('',#468);
#468 = AXIS2_PLACEMENT_3D('',#469,#470,#471);
#469 = CARTESIAN_POINT('',(18.,-40.,-0.1));
#470 = DIRECTION('',(1.,0.,-0.));
#471 = DIRECTION('',(0.,0.,1.));
#472 = DEFINITIONAL_REPRESENTATION('',(#473),#477);
#473 = LINE('',#474,#475);
#474 = CARTESIAN_POINT('',(0.1,-37.70000000126));
#475 = VECTOR('',#476,1.);
#476 = DIRECTION('',(0.,-1.));
#477 = ( GEOMETRIC_REPRESENTATION_CONTEXT(2) 
PARAMETRIC_REPRESENTATION_CONTEXT() REPRESENTATION_CONTEXT('2D SPACE',''
  ) );
#478 = ORIENTED_EDGE('',*,*,#479,.F.);
#479 = EDGE_CURVE('',#480,#452,#482,.T.);
#480 = VERTEX_POINT('',#481);
#481 = CARTESIAN_POINT('',(0.962533138771,34.800000002815,0.));
#482 = SURFACE_CURVE('',#483,(#487,#494),.PCURVE_S1.);
#483 = LINE('',#484,#485);
#484 = CARTESIAN_POINT('',(12.,34.800000002815,0.));
#485 = VECTOR('',#486,1.);
#486 = DIRECTION('',(1.,0.,0.));
#487 = PCURVE('',#44,#488);
#488 = DEFINITIONAL_REPRESENTATION('',(#489),#493);
#489 = LINE('',#490,#491);
#490 = CARTESIAN_POINT('',(1.960624157336E-10,34.800000002815));
#491 = VECTOR('',#492,1.);
#492 = DIRECTION('',(1.,0.));
#493 = ( GEOMETRIC_REPRESENTATION_CONTEXT(2) 
PARAMETRIC_REPRESENTATION_CONTEXT() REPRESENTATION_CONTEXT('2D SPACE',''
  ) );
#494 = PCURVE('',#495,#500);
#495 = PLANE('',#496);
#496 = AXIS2_PLACEMENT_3D('',#497,#498,#499);
#497 = CARTESIAN_POINT('',(0.4,34.800000002815,0.));
#498 = DIRECTION('',(0.,1.,0.));
#499 = DIRECTION('',(1.,0.,0.));
#500 = DEFINITIONAL_REPRESENTATION('',(#501),#505);
#501 = LINE('',#502,#503);
#502 = CARTESIAN_POINT('',(11.6,0.));
#503 = VECTOR('',#504,1.);
#504 = DIRECTION('',(1.,0.));
#505 = ( GEOMETRIC_REPRESENTATION_CONTEXT(2) 
PARAMETRIC_REPRESENTATION_CONTEXT() REPRESENTATION_CONTEXT('2D SPACE',''
  ) );
#506 = ORIENTED_EDGE('',*,*,#507,.F.);
#507 = EDGE_CURVE('',#508,#480,#510,.T.);
#508 = VERTEX_POINT('',#509);
#509 = CARTESIAN_POINT('',(0.599999999997,33.422374075474,0.));
#510 = SURFACE_CURVE('',#511,(#515,#522),.PCURVE_S1.);
#511 = LINE('',#512,#513);
#512 = CARTESIAN_POINT('',(0.830244722355,34.297304020433,0.));
#513 = VECTOR('',#514,1.);
#514 = DIRECTION('',(0.25449329928,0.967074537263,0.));
#515 = PCURVE('',#44,#516);
#516 = DEFINITIONAL_REPRESENTATION('',(#517),#521);
#517 = LINE('',#518,#519);
#518 = CARTESIAN_POINT('',(-11.16975527744,34.297304020433));
#519 = VECTOR('',#520,1.);
#520 = DIRECTION('',(0.25449329928,0.967074537263));
#521 = ( GEOMETRIC_REPRESENTATION_CONTEXT(2) 
PARAMETRIC_REPRESENTATION_CONTEXT() REPRESENTATION_CONTEXT('2D SPACE',''
  ) );
#522 = PCURVE('',#523,#528);
#523 = PLANE('',#524);
#524 = AXIS2_PLACEMENT_3D('',#525,#526,#527);
#525 = CARTESIAN_POINT('',(0.599999999997,33.422374075474,0.));
#526 = DIRECTION('',(-0.967074537263,0.25449329928,0.));
#527 = DIRECTION('',(0.25449329928,0.967074537263,0.));
#528 = DEFINITIONAL_REPRESENTATION('',(#529),#533);
#529 = LINE('',#530,#531);
#530 = CARTESIAN_POINT('',(0.904718210693,0.));
#531 = VECTOR('',#532,1.);
#532 = DIRECTION('',(1.,0.));
#533 = ( GEOMETRIC_REPRESENTATION_CONTEXT(2) 
PARAMETRIC_REPRESENTATION_CONTEXT() REPRESENTATION_CONTEXT('2D SPACE',''
  ) );
#534 = ORIENTED_EDGE('',*,*,#535,.F.);
#535 = EDGE_CURVE('',#536,#508,#538,.T.);
#536 = VERTEX_POINT('',#537);
#537 = CARTESIAN_POINT('',(0.6,21.9994,0.));
#538 = SURFACE_CURVE('',#539,(#543,#550),.PCURVE_S1.);
#539 = LINE('',#540,#541);
#540 = CARTESIAN_POINT('',(0.599999999997,27.75,0.));
#541 = VECTOR('',#542,1.);
#542 = DIRECTION('',(0.,1.,0.));
#543 = PCURVE('',#44,#544);
#544 = DEFINITIONAL_REPRESENTATION('',(#545),#549);
#545 = LINE('',#546,#547);
#546 = CARTESIAN_POINT('',(-11.3999999998,27.75));
#547 = VECTOR('',#548,1.);
#548 = DIRECTION('',(0.,1.));
#549 = ( GEOMETRIC_REPRESENTATION_CONTEXT(2) 
PARAMETRIC_REPRESENTATION_CONTEXT() REPRESENTATION_CONTEXT('2D SPACE',''
  ) );
#550 = PCURVE('',#551,#556);
#551 = PLANE('',#552);
#552 = AXIS2_PLACEMENT_3D('',#553,#554,#555);
#553 = CARTESIAN_POINT('',(0.599999999997,21.9994,0.));
#554 = DIRECTION('',(-1.,0.,0.));
#555 = DIRECTION('',(0.,1.,0.));
#556 = DEFINITIONAL_REPRESENTATION('',(#557),#561);
#557 = LINE('',#558,#559);
#558 = CARTESIAN_POINT('',(5.7506,0.));
#559 = VECTOR('',#560,1.);
#560 = DIRECTION('',(1.,0.));
#561 = ( GEOMETRIC_REPRESENTATION_CONTEXT(2) 
PARAMETRIC_REPRESENTATION_CONTEXT() REPRESENTATION_CONTEXT('2D SPACE',''
  ) );
#562 = ORIENTED_EDGE('',*,*,#563,.F.);
#563 = EDGE_CURVE('',#564,#536,#566,.T.);
#564 = VERTEX_POINT('',#565);
#565 = CARTESIAN_POINT('',(6.000000030668E-04,21.4,0.));
#566 = SURFACE_CURVE('',#567,(#572,#579),.PCURVE_S1.);
#567 = CIRCLE('',#568,0.5994);
#568 = AXIS2_PLACEMENT_3D('',#569,#570,#571);
#569 = CARTESIAN_POINT('',(6.000000030669E-04,21.9994,0.));
#570 = DIRECTION('',(0.,-0.,1.));
#571 = DIRECTION('',(0.,1.,0.));
#572 = PCURVE('',#44,#573);
#573 = DEFINITIONAL_REPRESENTATION('',(#574),#578);
#574 = CIRCLE('',#575,0.5994);
#575 = AXIS2_PLACEMENT_2D('',#576,#577);
#576 = CARTESIAN_POINT('',(-11.9993999998,21.9994));
#577 = DIRECTION('',(0.,1.));
#578 = ( GEOMETRIC_REPRESENTATION_CONTEXT(2) 
PARAMETRIC_REPRESENTATION_CONTEXT() REPRESENTATION_CONTEXT('2D SPACE',''
  ) );
#579 = PCURVE('',#580,#585);
#580 = CYLINDRICAL_SURFACE('',#581,0.5994);
#581 = AXIS2_PLACEMENT_3D('',#582,#583,#584);
#582 = CARTESIAN_POINT('',(6.000000030669E-04,21.9994,0.));
#583 = DIRECTION('',(-0.,0.,-1.));
#584 = DIRECTION('',(0.,1.,0.));
#585 = DEFINITIONAL_REPRESENTATION('',(#586),#590);
#586 = LINE('',#587,#588);
#587 = CARTESIAN_POINT('',(-0.,0.));
#588 = VECTOR('',#589,1.);
#589 = DIRECTION('',(-1.,0.));
#590 = ( GEOMETRIC_REPRESENTATION_CONTEXT(2) 
PARAMETRIC_REPRESENTATION_CONTEXT() REPRESENTATION_CONTEXT('2D SPACE',''
  ) );
#591 = ORIENTED_EDGE('',*,*,#592,.T.);
#592 = EDGE_CURVE('',#564,#24,#593,.T.);
#593 = SURFACE_CURVE('',#594,(#598,#605),.PCURVE_S1.);
#594 = LINE('',#595,#596);
#595 = CARTESIAN_POINT('',(-3.066824572073E-12,21.4,0.));
#596 = VECTOR('',#597,1.);
#597 = DIRECTION('',(-1.,0.,0.));
#598 = PCURVE('',#44,#599);
#599 = DEFINITIONAL_REPRESENTATION('',(#600),#604);
#600 = LINE('',#601,#602);
#601 = CARTESIAN_POINT('',(-11.9999999998,21.4));
#602 = VECTOR('',#603,1.);
#603 = DIRECTION('',(-1.,0.));
#604 = ( GEOMETRIC_REPRESENTATION_CONTEXT(2) 
PARAMETRIC_REPRESENTATION_CONTEXT() REPRESENTATION_CONTEXT('2D SPACE',''
  ) );
#605 = PCURVE('',#122,#606);
#606 = DEFINITIONAL_REPRESENTATION('',(#607),#611);
#607 = LINE('',#608,#609);
#608 = CARTESIAN_POINT('',(6.000000061337E-04,0.));
#609 = VECTOR('',#610,1.);
#610 = DIRECTION('',(1.,0.));
#611 = ( GEOMETRIC_REPRESENTATION_CONTEXT(2) 
PARAMETRIC_REPRESENTATION_CONTEXT() REPRESENTATION_CONTEXT('2D SPACE',''
  ) );
#612 = FACE_BOUND('',#613,.F.);
#613 = EDGE_LOOP('',(#614,#642,#675,#701,#734,#760,#793,#819));
#614 = ORIENTED_EDGE('',*,*,#615,.F.);
#615 = EDGE_CURVE('',#616,#618,#620,.T.);
#616 = VERTEX_POINT('',#617);
#617 = CARTESIAN_POINT('',(8.8,-9.399999976896,0.));
#618 = VERTEX_POINT('',#619);
#619 = CARTESIAN_POINT('',(8.8,-11.60000003304,0.));
#620 = SURFACE_CURVE('',#621,(#625,#631),.PCURVE_S1.);
#621 = LINE('',#622,#623);
#622 = CARTESIAN_POINT('',(8.8,-5.800000016525,0.));
#623 = VECTOR('',#624,1.);
#624 = DIRECTION('',(0.,-1.,0.));
#625 = PCURVE('',#44,#626);
#626 = DEFINITIONAL_REPRESENTATION('',(#627),#630);
#627 = B_SPLINE_CURVE_WITH_KNOTS('',1,(#628,#629),.UNSPECIFIED.,.F.,.F.,
  (2,2),(3.599999960372,5.800000016525),.PIECEWISE_BEZIER_KNOTS.);
#628 = CARTESIAN_POINT('',(-3.199999999804,-9.399999976896));
#629 = CARTESIAN_POINT('',(-3.199999999804,-11.60000003304));
#630 = ( GEOMETRIC_REPRESENTATION_CONTEXT(2) 
PARAMETRIC_REPRESENTATION_CONTEXT() REPRESENTATION_CONTEXT('2D SPACE',''
  ) );
#631 = PCURVE('',#632,#637);
#632 = PLANE('',#633);
#633 = AXIS2_PLACEMENT_3D('',#634,#635,#636);
#634 = CARTESIAN_POINT('',(8.8,-11.60000003304,-0.1));
#635 = DIRECTION('',(-1.,0.,0.));
#636 = DIRECTION('',(0.,1.,0.));
#637 = DEFINITIONAL_REPRESENTATION('',(#638),#641);
#638 = B_SPLINE_CURVE_WITH_KNOTS('',1,(#639,#640),.UNSPECIFIED.,.F.,.F.,
  (2,2),(3.599999960372,5.800000016525),.PIECEWISE_BEZIER_KNOTS.);
#639 = CARTESIAN_POINT('',(2.200000056153,-0.1));
#640 = CARTESIAN_POINT('',(0.,-0.1));
#641 = ( GEOMETRIC_REPRESENTATION_CONTEXT(2) 
PARAMETRIC_REPRESENTATION_CONTEXT() REPRESENTATION_CONTEXT('2D SPACE',''
  ) );
#642 = ORIENTED_EDGE('',*,*,#643,.T.);
#643 = EDGE_CURVE('',#616,#644,#646,.T.);
#644 = VERTEX_POINT('',#645);
#645 = CARTESIAN_POINT('',(9.3,-8.899999971923,0.));
#646 = SURFACE_CURVE('',#647,(#652,#663),.PCURVE_S1.);
#647 = CIRCLE('',#648,0.5);
#648 = AXIS2_PLACEMENT_3D('',#649,#650,#651);
#649 = CARTESIAN_POINT('',(9.3,-9.399999976896,0.));
#650 = DIRECTION('',(0.,0.,-1.));
#651 = DIRECTION('',(1.,0.,0.));
#652 = PCURVE('',#44,#653);
#653 = DEFINITIONAL_REPRESENTATION('',(#654),#662);
#654 = ( BOUNDED_CURVE() B_SPLINE_CURVE(2,(#655,#656,#657,#658,#659,#660
,#661),.UNSPECIFIED.,.T.,.F.) B_SPLINE_CURVE_WITH_KNOTS((1,2,2,2,2,1),(
    -2.094395102393,0.,2.094395102393,4.188790204786,6.28318530718,
8.377580409573),.UNSPECIFIED.) CURVE() GEOMETRIC_REPRESENTATION_ITEM() 
RATIONAL_B_SPLINE_CURVE((1.,0.5,1.,0.5,1.,0.5,1.)) REPRESENTATION_ITEM(
  '') );
#655 = CARTESIAN_POINT('',(-2.199999999804,-9.399999976896));
#656 = CARTESIAN_POINT('',(-2.199999999804,-10.26602538068));
#657 = CARTESIAN_POINT('',(-2.949999999804,-9.833012678789));
#658 = CARTESIAN_POINT('',(-3.699999999804,-9.399999976896));
#659 = CARTESIAN_POINT('',(-2.949999999804,-8.966987275004));
#660 = CARTESIAN_POINT('',(-2.199999999804,-8.533974573112));
#661 = CARTESIAN_POINT('',(-2.199999999804,-9.399999976896));
#662 = ( GEOMETRIC_REPRESENTATION_CONTEXT(2) 
PARAMETRIC_REPRESENTATION_CONTEXT() REPRESENTATION_CONTEXT('2D SPACE',''
  ) );
#663 = PCURVE('',#664,#669);
#664 = CYLINDRICAL_SURFACE('',#665,0.5);
#665 = AXIS2_PLACEMENT_3D('',#666,#667,#668);
#666 = CARTESIAN_POINT('',(9.3,-9.399999976896,-0.1));
#667 = DIRECTION('',(-0.,-0.,-1.));
#668 = DIRECTION('',(1.,0.,0.));
#669 = DEFINITIONAL_REPRESENTATION('',(#670),#674);
#670 = LINE('',#671,#672);
#671 = CARTESIAN_POINT('',(-6.28318530718,-0.1));
#672 = VECTOR('',#673,1.);
#673 = DIRECTION('',(1.,-0.));
#674 = ( GEOMETRIC_REPRESENTATION_CONTEXT(2) 
PARAMETRIC_REPRESENTATION_CONTEXT() REPRESENTATION_CONTEXT('2D SPACE',''
  ) );
#675 = ORIENTED_EDGE('',*,*,#676,.F.);
#676 = EDGE_CURVE('',#677,#644,#679,.T.);
#677 = VERTEX_POINT('',#678);
#678 = CARTESIAN_POINT('',(14.7,-8.899999971923,0.));
#679 = SURFACE_CURVE('',#680,(#684,#690),.PCURVE_S1.);
#680 = LINE('',#681,#682);
#681 = CARTESIAN_POINT('',(10.649999999902,-8.899999966951,0.));
#682 = VECTOR('',#683,1.);
#683 = DIRECTION('',(-1.,0.,0.));
#684 = PCURVE('',#44,#685);
#685 = DEFINITIONAL_REPRESENTATION('',(#686),#689);
#686 = B_SPLINE_CURVE_WITH_KNOTS('',1,(#687,#688),.UNSPECIFIED.,.F.,.F.,
  (2,2),(-4.050000000098,1.349999999902),.PIECEWISE_BEZIER_KNOTS.);
#687 = CARTESIAN_POINT('',(2.700000000196,-8.899999966951));
#688 = CARTESIAN_POINT('',(-2.699999999804,-8.899999966951));
#689 = ( GEOMETRIC_REPRESENTATION_CONTEXT(2) 
PARAMETRIC_REPRESENTATION_CONTEXT() REPRESENTATION_CONTEXT('2D SPACE',''
  ) );
#690 = PCURVE('',#691,#696);
#691 = PLANE('',#692);
#692 = AXIS2_PLACEMENT_3D('',#693,#694,#695);
#693 = CARTESIAN_POINT('',(9.3,-8.899999966951,-0.1));
#694 = DIRECTION('',(0.,1.,0.));
#695 = DIRECTION('',(1.,0.,0.));
#696 = DEFINITIONAL_REPRESENTATION('',(#697),#700);
#697 = B_SPLINE_CURVE_WITH_KNOTS('',1,(#698,#699),.UNSPECIFIED.,.F.,.F.,
  (2,2),(-4.050000000098,1.349999999902),.PIECEWISE_BEZIER_KNOTS.);
#698 = CARTESIAN_POINT('',(5.4,-0.1));
#699 = CARTESIAN_POINT('',(0.,-0.1));
#700 = ( GEOMETRIC_REPRESENTATION_CONTEXT(2) 
PARAMETRIC_REPRESENTATION_CONTEXT() REPRESENTATION_CONTEXT('2D SPACE',''
  ) );
#701 = ORIENTED_EDGE('',*,*,#702,.T.);
#702 = EDGE_CURVE('',#677,#703,#705,.T.);
#703 = VERTEX_POINT('',#704);
#704 = CARTESIAN_POINT('',(15.2,-9.399999976896,0.));
#705 = SURFACE_CURVE('',#706,(#711,#722),.PCURVE_S1.);
#706 = CIRCLE('',#707,0.5);
#707 = AXIS2_PLACEMENT_3D('',#708,#709,#710);
#708 = CARTESIAN_POINT('',(14.7,-9.399999976896,0.));
#709 = DIRECTION('',(0.,0.,-1.));
#710 = DIRECTION('',(1.,0.,0.));
#711 = PCURVE('',#44,#712);
#712 = DEFINITIONAL_REPRESENTATION('',(#713),#721);
#713 = ( BOUNDED_CURVE() B_SPLINE_CURVE(2,(#714,#715,#716,#717,#718,#719
,#720),.UNSPECIFIED.,.T.,.F.) B_SPLINE_CURVE_WITH_KNOTS((1,2,2,2,2,1),(
    -2.094395102393,0.,2.094395102393,4.188790204786,6.28318530718,
8.377580409573),.UNSPECIFIED.) CURVE() GEOMETRIC_REPRESENTATION_ITEM() 
RATIONAL_B_SPLINE_CURVE((1.,0.5,1.,0.5,1.,0.5,1.)) REPRESENTATION_ITEM(
  '') );
#714 = CARTESIAN_POINT('',(3.200000000196,-9.399999976896));
#715 = CARTESIAN_POINT('',(3.200000000196,-10.26602538068));
#716 = CARTESIAN_POINT('',(2.450000000196,-9.833012678789));
#717 = CARTESIAN_POINT('',(1.700000000196,-9.399999976896));
#718 = CARTESIAN_POINT('',(2.450000000196,-8.966987275004));
#719 = CARTESIAN_POINT('',(3.200000000196,-8.533974573112));
#720 = CARTESIAN_POINT('',(3.200000000196,-9.399999976896));
#721 = ( GEOMETRIC_REPRESENTATION_CONTEXT(2) 
PARAMETRIC_REPRESENTATION_CONTEXT() REPRESENTATION_CONTEXT('2D SPACE',''
  ) );
#722 = PCURVE('',#723,#728);
#723 = CYLINDRICAL_SURFACE('',#724,0.5);
#724 = AXIS2_PLACEMENT_3D('',#725,#726,#727);
#725 = CARTESIAN_POINT('',(14.7,-9.399999976896,-0.1));
#726 = DIRECTION('',(-0.,-0.,-1.));
#727 = DIRECTION('',(1.,0.,0.));
#728 = DEFINITIONAL_REPRESENTATION('',(#729),#733);
#729 = LINE('',#730,#731);
#730 = CARTESIAN_POINT('',(-6.28318530718,-0.1));
#731 = VECTOR('',#732,1.);
#732 = DIRECTION('',(1.,-0.));
#733 = ( GEOMETRIC_REPRESENTATION_CONTEXT(2) 
PARAMETRIC_REPRESENTATION_CONTEXT() REPRESENTATION_CONTEXT('2D SPACE',''
  ) );
#734 = ORIENTED_EDGE('',*,*,#735,.T.);
#735 = EDGE_CURVE('',#703,#736,#738,.T.);
#736 = VERTEX_POINT('',#737);
#737 = CARTESIAN_POINT('',(15.2,-11.60000003304,0.));
#738 = SURFACE_CURVE('',#739,(#743,#749),.PCURVE_S1.);
#739 = LINE('',#740,#741);
#740 = CARTESIAN_POINT('',(15.2,-5.800000016525,0.));
#741 = VECTOR('',#742,1.);
#742 = DIRECTION('',(0.,-1.,0.));
#743 = PCURVE('',#44,#744);
#744 = DEFINITIONAL_REPRESENTATION('',(#745),#748);
#745 = B_SPLINE_CURVE_WITH_KNOTS('',1,(#746,#747),.UNSPECIFIED.,.F.,.F.,
  (2,2),(3.599999960372,5.800000016525),.PIECEWISE_BEZIER_KNOTS.);
#746 = CARTESIAN_POINT('',(3.200000000196,-9.399999976896));
#747 = CARTESIAN_POINT('',(3.200000000196,-11.60000003304));
#748 = ( GEOMETRIC_REPRESENTATION_CONTEXT(2) 
PARAMETRIC_REPRESENTATION_CONTEXT() REPRESENTATION_CONTEXT('2D SPACE',''
  ) );
#749 = PCURVE('',#750,#755);
#750 = PLANE('',#751);
#751 = AXIS2_PLACEMENT_3D('',#752,#753,#754);
#752 = CARTESIAN_POINT('',(15.2,-11.60000003304,-0.1));
#753 = DIRECTION('',(-1.,0.,0.));
#754 = DIRECTION('',(0.,1.,0.));
#755 = DEFINITIONAL_REPRESENTATION('',(#756),#759);
#756 = B_SPLINE_CURVE_WITH_KNOTS('',1,(#757,#758),.UNSPECIFIED.,.F.,.F.,
  (2,2),(3.599999960372,5.800000016525),.PIECEWISE_BEZIER_KNOTS.);
#757 = CARTESIAN_POINT('',(2.200000056153,-0.1));
#758 = CARTESIAN_POINT('',(0.,-0.1));
#759 = ( GEOMETRIC_REPRESENTATION_CONTEXT(2) 
PARAMETRIC_REPRESENTATION_CONTEXT() REPRESENTATION_CONTEXT('2D SPACE',''
  ) );
#760 = ORIENTED_EDGE('',*,*,#761,.T.);
#761 = EDGE_CURVE('',#736,#762,#764,.T.);
#762 = VERTEX_POINT('',#763);
#763 = CARTESIAN_POINT('',(14.7,-12.1,0.));
#764 = SURFACE_CURVE('',#765,(#770,#781),.PCURVE_S1.);
#765 = CIRCLE('',#766,0.5);
#766 = AXIS2_PLACEMENT_3D('',#767,#768,#769);
#767 = CARTESIAN_POINT('',(14.7,-11.60000003304,0.));
#768 = DIRECTION('',(0.,0.,-1.));
#769 = DIRECTION('',(1.,0.,0.));
#770 = PCURVE('',#44,#771);
#771 = DEFINITIONAL_REPRESENTATION('',(#772),#780);
#772 = ( BOUNDED_CURVE() B_SPLINE_CURVE(2,(#773,#774,#775,#776,#777,#778
,#779),.UNSPECIFIED.,.T.,.F.) B_SPLINE_CURVE_WITH_KNOTS((1,2,2,2,2,1),(
    -2.094395102393,0.,2.094395102393,4.188790204786,6.28318530718,
8.377580409573),.UNSPECIFIED.) CURVE() GEOMETRIC_REPRESENTATION_ITEM() 
RATIONAL_B_SPLINE_CURVE((1.,0.5,1.,0.5,1.,0.5,1.)) REPRESENTATION_ITEM(
  '') );
#773 = CARTESIAN_POINT('',(3.200000000196,-11.60000003304));
#774 = CARTESIAN_POINT('',(3.200000000196,-12.46602543683));
#775 = CARTESIAN_POINT('',(2.450000000196,-12.03301273494));
#776 = CARTESIAN_POINT('',(1.700000000196,-11.60000003304));
#777 = CARTESIAN_POINT('',(2.450000000196,-11.16698733115));
#778 = CARTESIAN_POINT('',(3.200000000196,-10.73397462926));
#779 = CARTESIAN_POINT('',(3.200000000196,-11.60000003304));
#780 = ( GEOMETRIC_REPRESENTATION_CONTEXT(2) 
PARAMETRIC_REPRESENTATION_CONTEXT() REPRESENTATION_CONTEXT('2D SPACE',''
  ) );
#781 = PCURVE('',#782,#787);
#782 = CYLINDRICAL_SURFACE('',#783,0.5);
#783 = AXIS2_PLACEMENT_3D('',#784,#785,#786);
#784 = CARTESIAN_POINT('',(14.7,-11.60000003304,-0.1));
#785 = DIRECTION('',(-0.,-0.,-1.));
#786 = DIRECTION('',(1.,0.,0.));
#787 = DEFINITIONAL_REPRESENTATION('',(#788),#792);
#788 = LINE('',#789,#790);
#789 = CARTESIAN_POINT('',(-6.28318530718,-0.1));
#790 = VECTOR('',#791,1.);
#791 = DIRECTION('',(1.,-0.));
#792 = ( GEOMETRIC_REPRESENTATION_CONTEXT(2) 
PARAMETRIC_REPRESENTATION_CONTEXT() REPRESENTATION_CONTEXT('2D SPACE',''
  ) );
#793 = ORIENTED_EDGE('',*,*,#794,.T.);
#794 = EDGE_CURVE('',#762,#795,#797,.T.);
#795 = VERTEX_POINT('',#796);
#796 = CARTESIAN_POINT('',(9.3,-12.1,0.));
#797 = SURFACE_CURVE('',#798,(#802,#808),.PCURVE_S1.);
#798 = LINE('',#799,#800);
#799 = CARTESIAN_POINT('',(10.649999999902,-12.09999996695,0.));
#800 = VECTOR('',#801,1.);
#801 = DIRECTION('',(-1.,0.,0.));
#802 = PCURVE('',#44,#803);
#803 = DEFINITIONAL_REPRESENTATION('',(#804),#807);
#804 = B_SPLINE_CURVE_WITH_KNOTS('',1,(#805,#806),.UNSPECIFIED.,.F.,.F.,
  (2,2),(-4.050000000098,1.349999999902),.PIECEWISE_BEZIER_KNOTS.);
#805 = CARTESIAN_POINT('',(2.700000000196,-12.09999996695));
#806 = CARTESIAN_POINT('',(-2.699999999804,-12.09999996695));
#807 = ( GEOMETRIC_REPRESENTATION_CONTEXT(2) 
PARAMETRIC_REPRESENTATION_CONTEXT() REPRESENTATION_CONTEXT('2D SPACE',''
  ) );
#808 = PCURVE('',#809,#814);
#809 = PLANE('',#810);
#810 = AXIS2_PLACEMENT_3D('',#811,#812,#813);
#811 = CARTESIAN_POINT('',(9.3,-12.09999996695,-0.1));
#812 = DIRECTION('',(0.,1.,0.));
#813 = DIRECTION('',(1.,0.,0.));
#814 = DEFINITIONAL_REPRESENTATION('',(#815),#818);
#815 = B_SPLINE_CURVE_WITH_KNOTS('',1,(#816,#817),.UNSPECIFIED.,.F.,.F.,
  (2,2),(-4.050000000098,1.349999999902),.PIECEWISE_BEZIER_KNOTS.);
#816 = CARTESIAN_POINT('',(5.4,-0.1));
#817 = CARTESIAN_POINT('',(0.,-0.1));
#818 = ( GEOMETRIC_REPRESENTATION_CONTEXT(2) 
PARAMETRIC_REPRESENTATION_CONTEXT() REPRESENTATION_CONTEXT('2D SPACE',''
  ) );
#819 = ORIENTED_EDGE('',*,*,#820,.T.);
#820 = EDGE_CURVE('',#795,#618,#821,.T.);
#821 = SURFACE_CURVE('',#822,(#827,#838),.PCURVE_S1.);
#822 = CIRCLE('',#823,0.5);
#823 = AXIS2_PLACEMENT_3D('',#824,#825,#826);
#824 = CARTESIAN_POINT('',(9.3,-11.60000003304,0.));
#825 = DIRECTION('',(0.,0.,-1.));
#826 = DIRECTION('',(1.,0.,0.));
#827 = PCURVE('',#44,#828);
#828 = DEFINITIONAL_REPRESENTATION('',(#829),#837);
#829 = ( BOUNDED_CURVE() B_SPLINE_CURVE(2,(#830,#831,#832,#833,#834,#835
,#836),.UNSPECIFIED.,.T.,.F.) B_SPLINE_CURVE_WITH_KNOTS((1,2,2,2,2,1),(
    -2.094395102393,0.,2.094395102393,4.188790204786,6.28318530718,
8.377580409573),.UNSPECIFIED.) CURVE() GEOMETRIC_REPRESENTATION_ITEM() 
RATIONAL_B_SPLINE_CURVE((1.,0.5,1.,0.5,1.,0.5,1.)) REPRESENTATION_ITEM(
  '') );
#830 = CARTESIAN_POINT('',(-2.199999999804,-11.60000003304));
#831 = CARTESIAN_POINT('',(-2.199999999804,-12.46602543683));
#832 = CARTESIAN_POINT('',(-2.949999999804,-12.03301273494));
#833 = CARTESIAN_POINT('',(-3.699999999804,-11.60000003304));
#834 = CARTESIAN_POINT('',(-2.949999999804,-11.16698733115));
#835 = CARTESIAN_POINT('',(-2.199999999804,-10.73397462926));
#836 = CARTESIAN_POINT('',(-2.199999999804,-11.60000003304));
#837 = ( GEOMETRIC_REPRESENTATION_CONTEXT(2) 
PARAMETRIC_REPRESENTATION_CONTEXT() REPRESENTATION_CONTEXT('2D SPACE',''
  ) );
#838 = PCURVE('',#839,#844);
#839 = CYLINDRICAL_SURFACE('',#840,0.5);
#840 = AXIS2_PLACEMENT_3D('',#841,#842,#843);
#841 = CARTESIAN_POINT('',(9.3,-11.60000003304,-0.1));
#842 = DIRECTION('',(-0.,-0.,-1.));
#843 = DIRECTION('',(1.,0.,0.));
#844 = DEFINITIONAL_REPRESENTATION('',(#845),#849);
#845 = LINE('',#846,#847);
#846 = CARTESIAN_POINT('',(-6.28318530718,-0.1));
#847 = VECTOR('',#848,1.);
#848 = DIRECTION('',(1.,-0.));
#849 = ( GEOMETRIC_REPRESENTATION_CONTEXT(2) 
PARAMETRIC_REPRESENTATION_CONTEXT() REPRESENTATION_CONTEXT('2D SPACE',''
  ) );
#850 = ADVANCED_FACE('',(#851),#122,.F.);
#851 = FACE_BOUND('',#852,.F.);
#852 = EDGE_LOOP('',(#853,#854,#877,#896));
#853 = ORIENTED_EDGE('',*,*,#592,.F.);
#854 = ORIENTED_EDGE('',*,*,#855,.T.);
#855 = EDGE_CURVE('',#564,#856,#858,.T.);
#856 = VERTEX_POINT('',#857);
#857 = CARTESIAN_POINT('',(6.000000030668E-04,21.4,1.));
#858 = SURFACE_CURVE('',#859,(#863,#870),.PCURVE_S1.);
#859 = LINE('',#860,#861);
#860 = CARTESIAN_POINT('',(6.000000030668E-04,21.4,0.));
#861 = VECTOR('',#862,1.);
#862 = DIRECTION('',(0.,0.,1.));
#863 = PCURVE('',#122,#864);
#864 = DEFINITIONAL_REPRESENTATION('',(#865),#869);
#865 = LINE('',#866,#867);
#866 = CARTESIAN_POINT('',(1.230569465771E-16,0.));
#867 = VECTOR('',#868,1.);
#868 = DIRECTION('',(0.,-1.));
#869 = ( GEOMETRIC_REPRESENTATION_CONTEXT(2) 
PARAMETRIC_REPRESENTATION_CONTEXT() REPRESENTATION_CONTEXT('2D SPACE',''
  ) );
#870 = PCURVE('',#580,#871);
#871 = DEFINITIONAL_REPRESENTATION('',(#872),#876);
#872 = LINE('',#873,#874);
#873 = CARTESIAN_POINT('',(-3.14159265359,0.));
#874 = VECTOR('',#875,1.);
#875 = DIRECTION('',(-0.,-1.));
#876 = ( GEOMETRIC_REPRESENTATION_CONTEXT(2) 
PARAMETRIC_REPRESENTATION_CONTEXT() REPRESENTATION_CONTEXT('2D SPACE',''
  ) );
#877 = ORIENTED_EDGE('',*,*,#878,.F.);
#878 = EDGE_CURVE('',#83,#856,#879,.T.);
#879 = SURFACE_CURVE('',#880,(#884,#890),.PCURVE_S1.);
#880 = LINE('',#881,#882);
#881 = CARTESIAN_POINT('',(-0.499699999998,21.4,1.));
#882 = VECTOR('',#883,1.);
#883 = DIRECTION('',(1.,0.,-0.));
#884 = PCURVE('',#122,#885);
#885 = DEFINITIONAL_REPRESENTATION('',(#886),#889);
#886 = B_SPLINE_CURVE_WITH_KNOTS('',1,(#887,#888),.UNSPECIFIED.,.F.,.F.,
  (2,2),(0.499699999998,0.500300000002),.PIECEWISE_BEZIER_KNOTS.);
#887 = CARTESIAN_POINT('',(6.000000031414E-04,-1.));
#888 = CARTESIAN_POINT('',(0.,-1.));
#889 = ( GEOMETRIC_REPRESENTATION_CONTEXT(2) 
PARAMETRIC_REPRESENTATION_CONTEXT() REPRESENTATION_CONTEXT('2D SPACE',''
  ) );
#890 = PCURVE('',#97,#891);
#891 = DEFINITIONAL_REPRESENTATION('',(#892),#895);
#892 = B_SPLINE_CURVE_WITH_KNOTS('',1,(#893,#894),.UNSPECIFIED.,.F.,.F.,
  (2,2),(0.499699999998,0.500300000002),.PIECEWISE_BEZIER_KNOTS.);
#893 = CARTESIAN_POINT('',(1.,61.4));
#894 = CARTESIAN_POINT('',(1.000600000003,61.4));
#895 = ( GEOMETRIC_REPRESENTATION_CONTEXT(2) 
PARAMETRIC_REPRESENTATION_CONTEXT() REPRESENTATION_CONTEXT('2D SPACE',''
  ) );
#896 = ORIENTED_EDGE('',*,*,#109,.F.);
#897 = ADVANCED_FACE('',(#898,#1245),#97,.T.);
#898 = FACE_BOUND('',#899,.T.);
#899 = EDGE_LOOP('',(#900,#930,#952,#973,#994,#1020,#1021,#1022,#1043,
    #1071,#1092,#1113,#1135,#1163,#1191,#1219));
#900 = ORIENTED_EDGE('',*,*,#901,.T.);
#901 = EDGE_CURVE('',#902,#904,#906,.T.);
#902 = VERTEX_POINT('',#903);
#903 = CARTESIAN_POINT('',(1.4,30.8,1.));
#904 = VERTEX_POINT('',#905);
#905 = CARTESIAN_POINT('',(1.4,34.8,1.));
#906 = SURFACE_CURVE('',#907,(#911,#918),.PCURVE_S1.);
#907 = LINE('',#908,#909);
#908 = CARTESIAN_POINT('',(1.4,30.8,1.));
#909 = VECTOR('',#910,1.);
#910 = DIRECTION('',(-0.,1.,0.));
#911 = PCURVE('',#97,#912);
#912 = DEFINITIONAL_REPRESENTATION('',(#913),#917);
#913 = LINE('',#914,#915);
#914 = CARTESIAN_POINT('',(2.4,70.8));
#915 = VECTOR('',#916,1.);
#916 = DIRECTION('',(0.,1.));
#917 = ( GEOMETRIC_REPRESENTATION_CONTEXT(2) 
PARAMETRIC_REPRESENTATION_CONTEXT() REPRESENTATION_CONTEXT('2D SPACE',''
  ) );
#918 = PCURVE('',#919,#924);
#919 = PLANE('',#920);
#920 = AXIS2_PLACEMENT_3D('',#921,#922,#923);
#921 = CARTESIAN_POINT('',(1.4,30.8,1.));
#922 = DIRECTION('',(1.,0.,-0.));
#923 = DIRECTION('',(0.,0.,1.));
#924 = DEFINITIONAL_REPRESENTATION('',(#925),#929);
#925 = LINE('',#926,#927);
#926 = CARTESIAN_POINT('',(0.,0.));
#927 = VECTOR('',#928,1.);
#928 = DIRECTION('',(0.,-1.));
#929 = ( GEOMETRIC_REPRESENTATION_CONTEXT(2) 
PARAMETRIC_REPRESENTATION_CONTEXT() REPRESENTATION_CONTEXT('2D SPACE',''
  ) );
#930 = ORIENTED_EDGE('',*,*,#931,.T.);
#931 = EDGE_CURVE('',#904,#932,#934,.T.);
#932 = VERTEX_POINT('',#933);
#933 = CARTESIAN_POINT('',(0.962533138771,34.800000002815,1.));
#934 = SURFACE_CURVE('',#935,(#939,#945),.PCURVE_S1.);
#935 = LINE('',#936,#937);
#936 = CARTESIAN_POINT('',(-0.3,34.800000002815,1.));
#937 = VECTOR('',#938,1.);
#938 = DIRECTION('',(-1.,0.,0.));
#939 = PCURVE('',#97,#940);
#940 = DEFINITIONAL_REPRESENTATION('',(#941),#944);
#941 = B_SPLINE_CURVE_WITH_KNOTS('',1,(#942,#943),.UNSPECIFIED.,.F.,.F.,
  (2,2),(-18.3,-1.262533138771),.PIECEWISE_BEZIER_KNOTS.);
#942 = CARTESIAN_POINT('',(19.,74.800000002815));
#943 = CARTESIAN_POINT('',(1.962533138771,74.800000002815));
#944 = ( GEOMETRIC_REPRESENTATION_CONTEXT(2) 
PARAMETRIC_REPRESENTATION_CONTEXT() REPRESENTATION_CONTEXT('2D SPACE',''
  ) );
#945 = PCURVE('',#495,#946);
#946 = DEFINITIONAL_REPRESENTATION('',(#947),#951);
#947 = LINE('',#948,#949);
#948 = CARTESIAN_POINT('',(-0.7,-1.));
#949 = VECTOR('',#950,1.);
#950 = DIRECTION('',(-1.,0.));
#951 = ( GEOMETRIC_REPRESENTATION_CONTEXT(2) 
PARAMETRIC_REPRESENTATION_CONTEXT() REPRESENTATION_CONTEXT('2D SPACE',''
  ) );
#952 = ORIENTED_EDGE('',*,*,#953,.T.);
#953 = EDGE_CURVE('',#932,#954,#956,.T.);
#954 = VERTEX_POINT('',#955);
#955 = CARTESIAN_POINT('',(0.599999999997,33.422374075474,1.));
#956 = SURFACE_CURVE('',#957,(#961,#967),.PCURVE_S1.);
#957 = LINE('',#958,#959);
#958 = CARTESIAN_POINT('',(-8.486950177684,-1.108036599715,1.));
#959 = VECTOR('',#960,1.);
#960 = DIRECTION('',(-0.25449329928,-0.967074537263,0.));
#961 = PCURVE('',#97,#962);
#962 = DEFINITIONAL_REPRESENTATION('',(#963),#966);
#963 = B_SPLINE_CURVE_WITH_KNOTS('',1,(#964,#965),.UNSPECIFIED.,.F.,.F.,
  (2,2),(-37.13057806709,-35.7060488563),.PIECEWISE_BEZIER_KNOTS.);
#964 = CARTESIAN_POINT('',(1.962533138771,74.800000002815));
#965 = CARTESIAN_POINT('',(1.599999999997,73.422374075474));
#966 = ( GEOMETRIC_REPRESENTATION_CONTEXT(2) 
PARAMETRIC_REPRESENTATION_CONTEXT() REPRESENTATION_CONTEXT('2D SPACE',''
  ) );
#967 = PCURVE('',#523,#968);
#968 = DEFINITIONAL_REPRESENTATION('',(#969),#972);
#969 = B_SPLINE_CURVE_WITH_KNOTS('',1,(#970,#971),.UNSPECIFIED.,.F.,.F.,
  (2,2),(-37.13057806709,-35.7060488563),.PIECEWISE_BEZIER_KNOTS.);
#970 = CARTESIAN_POINT('',(1.424529210789,-1.));
#971 = CARTESIAN_POINT('',(0.,-1.));
#972 = ( GEOMETRIC_REPRESENTATION_CONTEXT(2) 
PARAMETRIC_REPRESENTATION_CONTEXT() REPRESENTATION_CONTEXT('2D SPACE',''
  ) );
#973 = ORIENTED_EDGE('',*,*,#974,.T.);
#974 = EDGE_CURVE('',#954,#975,#977,.T.);
#975 = VERTEX_POINT('',#976);
#976 = CARTESIAN_POINT('',(0.6,21.9994,1.));
#977 = SURFACE_CURVE('',#978,(#982,#988),.PCURVE_S1.);
#978 = LINE('',#979,#980);
#979 = CARTESIAN_POINT('',(0.599999999997,-9.0003,1.));
#980 = VECTOR('',#981,1.);
#981 = DIRECTION('',(0.,-1.,0.));
#982 = PCURVE('',#97,#983);
#983 = DEFINITIONAL_REPRESENTATION('',(#984),#987);
#984 = B_SPLINE_CURVE_WITH_KNOTS('',1,(#985,#986),.UNSPECIFIED.,.F.,.F.,
  (2,2),(-42.42267407547,-30.9997),.PIECEWISE_BEZIER_KNOTS.);
#985 = CARTESIAN_POINT('',(1.599999999997,73.422374075474));
#986 = CARTESIAN_POINT('',(1.599999999997,61.9994));
#987 = ( GEOMETRIC_REPRESENTATION_CONTEXT(2) 
PARAMETRIC_REPRESENTATION_CONTEXT() REPRESENTATION_CONTEXT('2D SPACE',''
  ) );
#988 = PCURVE('',#551,#989);
#989 = DEFINITIONAL_REPRESENTATION('',(#990),#993);
#990 = B_SPLINE_CURVE_WITH_KNOTS('',1,(#991,#992),.UNSPECIFIED.,.F.,.F.,
  (2,2),(-42.42267407547,-30.9997),.PIECEWISE_BEZIER_KNOTS.);
#991 = CARTESIAN_POINT('',(11.422974075474,-1.));
#992 = CARTESIAN_POINT('',(-3.552713678801E-15,-1.));
#993 = ( GEOMETRIC_REPRESENTATION_CONTEXT(2) 
PARAMETRIC_REPRESENTATION_CONTEXT() REPRESENTATION_CONTEXT('2D SPACE',''
  ) );
#994 = ORIENTED_EDGE('',*,*,#995,.T.);
#995 = EDGE_CURVE('',#975,#856,#996,.T.);
#996 = SURFACE_CURVE('',#997,(#1002,#1013),.PCURVE_S1.);
#997 = CIRCLE('',#998,0.5994);
#998 = AXIS2_PLACEMENT_3D('',#999,#1000,#1001);
#999 = CARTESIAN_POINT('',(6.000000030669E-04,21.9994,1.));
#1000 = DIRECTION('',(-0.,0.,-1.));
#1001 = DIRECTION('',(0.,1.,0.));
#1002 = PCURVE('',#97,#1003);
#1003 = DEFINITIONAL_REPRESENTATION('',(#1004),#1012);
#1004 = ( BOUNDED_CURVE() B_SPLINE_CURVE(2,(#1005,#1006,#1007,#1008,
#1009,#1010,#1011),.UNSPECIFIED.,.T.,.F.) B_SPLINE_CURVE_WITH_KNOTS((1,2
    ,2,2,2,1),(-2.094395102393,0.,2.094395102393,4.188790204786,
6.28318530718,8.377580409573),.UNSPECIFIED.) CURVE() 
GEOMETRIC_REPRESENTATION_ITEM() RATIONAL_B_SPLINE_CURVE((1.,0.5,1.,0.5,
1.,0.5,1.)) REPRESENTATION_ITEM('') );
#1005 = CARTESIAN_POINT('',(1.000600000003,62.5988));
#1006 = CARTESIAN_POINT('',(2.03879125406,62.5988));
#1007 = CARTESIAN_POINT('',(1.519695627031,61.6997));
#1008 = CARTESIAN_POINT('',(1.000600000003,60.8006));
#1009 = CARTESIAN_POINT('',(0.481504372975,61.6997));
#1010 = CARTESIAN_POINT('',(-3.759125405372E-02,62.5988));
#1011 = CARTESIAN_POINT('',(1.000600000003,62.5988));
#1012 = ( GEOMETRIC_REPRESENTATION_CONTEXT(2) 
PARAMETRIC_REPRESENTATION_CONTEXT() REPRESENTATION_CONTEXT('2D SPACE',''
  ) );
#1013 = PCURVE('',#580,#1014);
#1014 = DEFINITIONAL_REPRESENTATION('',(#1015),#1019);
#1015 = LINE('',#1016,#1017);
#1016 = CARTESIAN_POINT('',(-6.28318530718,-1.));
#1017 = VECTOR('',#1018,1.);
#1018 = DIRECTION('',(1.,-0.));
#1019 = ( GEOMETRIC_REPRESENTATION_CONTEXT(2) 
PARAMETRIC_REPRESENTATION_CONTEXT() REPRESENTATION_CONTEXT('2D SPACE',''
  ) );
#1020 = ORIENTED_EDGE('',*,*,#878,.F.);
#1021 = ORIENTED_EDGE('',*,*,#82,.F.);
#1022 = ORIENTED_EDGE('',*,*,#1023,.F.);
#1023 = EDGE_CURVE('',#1024,#57,#1026,.T.);
#1024 = VERTEX_POINT('',#1025);
#1025 = CARTESIAN_POINT('',(5.999641184591E-04,-21.4,1.));
#1026 = SURFACE_CURVE('',#1027,(#1031,#1037),.PCURVE_S1.);
#1027 = LINE('',#1028,#1029);
#1028 = CARTESIAN_POINT('',(-0.500300000002,-21.4,1.));
#1029 = VECTOR('',#1030,1.);
#1030 = DIRECTION('',(-1.,0.,0.));
#1031 = PCURVE('',#97,#1032);
#1032 = DEFINITIONAL_REPRESENTATION('',(#1033),#1036);
#1033 = B_SPLINE_CURVE_WITH_KNOTS('',1,(#1034,#1035),.UNSPECIFIED.,.F.,
  .F.,(2,2),(-0.50089996412,-0.500300000001),.PIECEWISE_BEZIER_KNOTS.);
#1034 = CARTESIAN_POINT('',(1.000599964118,18.6));
#1035 = CARTESIAN_POINT('',(1.,18.6));
#1036 = ( GEOMETRIC_REPRESENTATION_CONTEXT(2) 
PARAMETRIC_REPRESENTATION_CONTEXT() REPRESENTATION_CONTEXT('2D SPACE',''
  ) );
#1037 = PCURVE('',#71,#1038);
#1038 = DEFINITIONAL_REPRESENTATION('',(#1039),#1042);
#1039 = B_SPLINE_CURVE_WITH_KNOTS('',1,(#1040,#1041),.UNSPECIFIED.,.F.,
  .F.,(2,2),(-0.50089996412,-0.500300000001),.PIECEWISE_BEZIER_KNOTS.);
#1040 = CARTESIAN_POINT('',(1.199964121526E-03,-1.));
#1041 = CARTESIAN_POINT('',(6.000000029923E-04,-1.));
#1042 = ( GEOMETRIC_REPRESENTATION_CONTEXT(2) 
PARAMETRIC_REPRESENTATION_CONTEXT() REPRESENTATION_CONTEXT('2D SPACE',''
  ) );
#1043 = ORIENTED_EDGE('',*,*,#1044,.T.);
#1044 = EDGE_CURVE('',#1024,#1045,#1047,.T.);
#1045 = VERTEX_POINT('',#1046);
#1046 = CARTESIAN_POINT('',(0.599999982061,-21.9994,1.));
#1047 = SURFACE_CURVE('',#1048,(#1053,#1064),.PCURVE_S1.);
#1048 = CIRCLE('',#1049,0.5994);
#1049 = AXIS2_PLACEMENT_3D('',#1050,#1051,#1052);
#1050 = CARTESIAN_POINT('',(5.999641184591E-04,-21.9994,1.));
#1051 = DIRECTION('',(0.,-0.,-1.));
#1052 = DIRECTION('',(0.,-1.,0.));
#1053 = PCURVE('',#97,#1054);
#1054 = DEFINITIONAL_REPRESENTATION('',(#1055),#1063);
#1055 = ( BOUNDED_CURVE() B_SPLINE_CURVE(2,(#1056,#1057,#1058,#1059,
#1060,#1061,#1062),.UNSPECIFIED.,.T.,.F.) B_SPLINE_CURVE_WITH_KNOTS((1,2
    ,2,2,2,1),(-2.094395102393,0.,2.094395102393,4.188790204786,
6.28318530718,8.377580409573),.UNSPECIFIED.) CURVE() 
GEOMETRIC_REPRESENTATION_ITEM() RATIONAL_B_SPLINE_CURVE((1.,0.5,1.,0.5,
1.,0.5,1.)) REPRESENTATION_ITEM('') );
#1056 = CARTESIAN_POINT('',(1.000599964118,17.4012));
#1057 = CARTESIAN_POINT('',(-3.759128993833E-02,17.4012));
#1058 = CARTESIAN_POINT('',(0.48150433709,18.3003));
#1059 = CARTESIAN_POINT('',(1.000599964118,19.1994));
#1060 = CARTESIAN_POINT('',(1.519695591147,18.3003));
#1061 = CARTESIAN_POINT('',(2.038791218175,17.4012));
#1062 = CARTESIAN_POINT('',(1.000599964118,17.4012));
#1063 = ( GEOMETRIC_REPRESENTATION_CONTEXT(2) 
PARAMETRIC_REPRESENTATION_CONTEXT() REPRESENTATION_CONTEXT('2D SPACE',''
  ) );
#1064 = PCURVE('',#177,#1065);
#1065 = DEFINITIONAL_REPRESENTATION('',(#1066),#1070);
#1066 = LINE('',#1067,#1068);
#1067 = CARTESIAN_POINT('',(-6.28318530718,-1.));
#1068 = VECTOR('',#1069,1.);
#1069 = DIRECTION('',(1.,-0.));
#1070 = ( GEOMETRIC_REPRESENTATION_CONTEXT(2) 
PARAMETRIC_REPRESENTATION_CONTEXT() REPRESENTATION_CONTEXT('2D SPACE',''
  ) );
#1071 = ORIENTED_EDGE('',*,*,#1072,.F.);
#1072 = EDGE_CURVE('',#1073,#1045,#1075,.T.);
#1073 = VERTEX_POINT('',#1074);
#1074 = CARTESIAN_POINT('',(0.600000000003,-33.42237407547,1.));
#1075 = SURFACE_CURVE('',#1076,(#1080,#1086),.PCURVE_S1.);
#1076 = LINE('',#1077,#1078);
#1077 = CARTESIAN_POINT('',(0.600000000003,-30.9997,1.));
#1078 = VECTOR('',#1079,1.);
#1079 = DIRECTION('',(-0.,1.,0.));
#1080 = PCURVE('',#97,#1081);
#1081 = DEFINITIONAL_REPRESENTATION('',(#1082),#1085);
#1082 = B_SPLINE_CURVE_WITH_KNOTS('',1,(#1083,#1084),.UNSPECIFIED.,.F.,
  .F.,(2,2),(-2.422674075473,9.0003),.PIECEWISE_BEZIER_KNOTS.);
#1083 = CARTESIAN_POINT('',(1.600000000003,6.577625924527));
#1084 = CARTESIAN_POINT('',(1.600000000003,18.0006));
#1085 = ( GEOMETRIC_REPRESENTATION_CONTEXT(2) 
PARAMETRIC_REPRESENTATION_CONTEXT() REPRESENTATION_CONTEXT('2D SPACE',''
  ) );
#1086 = PCURVE('',#205,#1087);
#1087 = DEFINITIONAL_REPRESENTATION('',(#1088),#1091);
#1088 = B_SPLINE_CURVE_WITH_KNOTS('',1,(#1089,#1090),.UNSPECIFIED.,.F.,
  .F.,(2,2),(-2.422674075473,9.0003),.PIECEWISE_BEZIER_KNOTS.);
#1089 = CARTESIAN_POINT('',(11.422974075473,-1.));
#1090 = CARTESIAN_POINT('',(-1.7763568394E-15,-1.));
#1091 = ( GEOMETRIC_REPRESENTATION_CONTEXT(2) 
PARAMETRIC_REPRESENTATION_CONTEXT() REPRESENTATION_CONTEXT('2D SPACE',''
  ) );
#1092 = ORIENTED_EDGE('',*,*,#1093,.F.);
#1093 = EDGE_CURVE('',#1094,#1073,#1096,.T.);
#1094 = VERTEX_POINT('',#1095);
#1095 = CARTESIAN_POINT('',(0.962533137296,-34.79999999718,1.));
#1096 = SURFACE_CURVE('',#1097,(#1101,#1107),.PCURVE_S1.);
#1097 = LINE('',#1098,#1099);
#1098 = CARTESIAN_POINT('',(1.357609407814,-36.30128982515,1.));
#1099 = VECTOR('',#1100,1.);
#1100 = DIRECTION('',(-0.25449329928,0.967074537263,0.));
#1101 = PCURVE('',#97,#1102);
#1102 = DEFINITIONAL_REPRESENTATION('',(#1103),#1106);
#1103 = B_SPLINE_CURVE_WITH_KNOTS('',1,(#1104,#1105),.UNSPECIFIED.,.F.,
  .F.,(2,2),(1.552403429231,2.9769326342),.PIECEWISE_BEZIER_KNOTS.);
#1104 = CARTESIAN_POINT('',(1.962533137296,5.200000002815));
#1105 = CARTESIAN_POINT('',(1.600000000003,6.577625924527));
#1106 = ( GEOMETRIC_REPRESENTATION_CONTEXT(2) 
PARAMETRIC_REPRESENTATION_CONTEXT() REPRESENTATION_CONTEXT('2D SPACE',''
  ) );
#1107 = PCURVE('',#233,#1108);
#1108 = DEFINITIONAL_REPRESENTATION('',(#1109),#1112);
#1109 = B_SPLINE_CURVE_WITH_KNOTS('',1,(#1110,#1111),.UNSPECIFIED.,.F.,
  .F.,(2,2),(1.552403429231,2.9769326342),.PIECEWISE_BEZIER_KNOTS.);
#1110 = CARTESIAN_POINT('',(1.424529204969,-1.));
#1111 = CARTESIAN_POINT('',(-4.440892098501E-16,-1.));
#1112 = ( GEOMETRIC_REPRESENTATION_CONTEXT(2) 
PARAMETRIC_REPRESENTATION_CONTEXT() REPRESENTATION_CONTEXT('2D SPACE',''
  ) );
#1113 = ORIENTED_EDGE('',*,*,#1114,.F.);
#1114 = EDGE_CURVE('',#1115,#1094,#1117,.T.);
#1115 = VERTEX_POINT('',#1116);
#1116 = CARTESIAN_POINT('',(1.4,-34.8,1.));
#1117 = SURFACE_CURVE('',#1118,(#1122,#1128),.PCURVE_S1.);
#1118 = LINE('',#1119,#1120);
#1119 = CARTESIAN_POINT('',(-0.3,-34.79999999718,1.));
#1120 = VECTOR('',#1121,1.);
#1121 = DIRECTION('',(-1.,0.,0.));
#1122 = PCURVE('',#97,#1123);
#1123 = DEFINITIONAL_REPRESENTATION('',(#1124),#1127);
#1124 = B_SPLINE_CURVE_WITH_KNOTS('',1,(#1125,#1126),.UNSPECIFIED.,.F.,
  .F.,(2,2),(-18.3,-1.262533137296),.PIECEWISE_BEZIER_KNOTS.);
#1125 = CARTESIAN_POINT('',(19.,5.200000002815));
#1126 = CARTESIAN_POINT('',(1.962533137296,5.200000002815));
#1127 = ( GEOMETRIC_REPRESENTATION_CONTEXT(2) 
PARAMETRIC_REPRESENTATION_CONTEXT() REPRESENTATION_CONTEXT('2D SPACE',''
  ) );
#1128 = PCURVE('',#261,#1129);
#1129 = DEFINITIONAL_REPRESENTATION('',(#1130),#1134);
#1130 = LINE('',#1131,#1132);
#1131 = CARTESIAN_POINT('',(-0.7,-1.));
#1132 = VECTOR('',#1133,1.);
#1133 = DIRECTION('',(-1.,0.));
#1134 = ( GEOMETRIC_REPRESENTATION_CONTEXT(2) 
PARAMETRIC_REPRESENTATION_CONTEXT() REPRESENTATION_CONTEXT('2D SPACE',''
  ) );
#1135 = ORIENTED_EDGE('',*,*,#1136,.T.);
#1136 = EDGE_CURVE('',#1115,#1137,#1139,.T.);
#1137 = VERTEX_POINT('',#1138);
#1138 = CARTESIAN_POINT('',(1.4,-30.8,1.));
#1139 = SURFACE_CURVE('',#1140,(#1144,#1151),.PCURVE_S1.);
#1140 = LINE('',#1141,#1142);
#1141 = CARTESIAN_POINT('',(1.4,-34.8,1.));
#1142 = VECTOR('',#1143,1.);
#1143 = DIRECTION('',(-0.,1.,0.));
#1144 = PCURVE('',#97,#1145);
#1145 = DEFINITIONAL_REPRESENTATION('',(#1146),#1150);
#1146 = LINE('',#1147,#1148);
#1147 = CARTESIAN_POINT('',(2.4,5.2));
#1148 = VECTOR('',#1149,1.);
#1149 = DIRECTION('',(0.,1.));
#1150 = ( GEOMETRIC_REPRESENTATION_CONTEXT(2) 
PARAMETRIC_REPRESENTATION_CONTEXT() REPRESENTATION_CONTEXT('2D SPACE',''
  ) );
#1151 = PCURVE('',#1152,#1157);
#1152 = PLANE('',#1153);
#1153 = AXIS2_PLACEMENT_3D('',#1154,#1155,#1156);
#1154 = CARTESIAN_POINT('',(1.4,-34.8,1.));
#1155 = DIRECTION('',(1.,0.,-0.));
#1156 = DIRECTION('',(0.,0.,1.));
#1157 = DEFINITIONAL_REPRESENTATION('',(#1158),#1162);
#1158 = LINE('',#1159,#1160);
#1159 = CARTESIAN_POINT('',(0.,0.));
#1160 = VECTOR('',#1161,1.);
#1161 = DIRECTION('',(0.,-1.));
#1162 = ( GEOMETRIC_REPRESENTATION_CONTEXT(2) 
PARAMETRIC_REPRESENTATION_CONTEXT() REPRESENTATION_CONTEXT('2D SPACE',''
  ) );
#1163 = ORIENTED_EDGE('',*,*,#1164,.T.);
#1164 = EDGE_CURVE('',#1137,#1165,#1167,.T.);
#1165 = VERTEX_POINT('',#1166);
#1166 = CARTESIAN_POINT('',(21.8,-30.8,1.));
#1167 = SURFACE_CURVE('',#1168,(#1172,#1179),.PCURVE_S1.);
#1168 = LINE('',#1169,#1170);
#1169 = CARTESIAN_POINT('',(1.4,-30.8,1.));
#1170 = VECTOR('',#1171,1.);
#1171 = DIRECTION('',(1.,-1.741526313138E-16,0.));
#1172 = PCURVE('',#97,#1173);
#1173 = DEFINITIONAL_REPRESENTATION('',(#1174),#1178);
#1174 = LINE('',#1175,#1176);
#1175 = CARTESIAN_POINT('',(2.4,9.2));
#1176 = VECTOR('',#1177,1.);
#1177 = DIRECTION('',(1.,-1.741526313138E-16));
#1178 = ( GEOMETRIC_REPRESENTATION_CONTEXT(2) 
PARAMETRIC_REPRESENTATION_CONTEXT() REPRESENTATION_CONTEXT('2D SPACE',''
  ) );
#1179 = PCURVE('',#1180,#1185);
#1180 = PLANE('',#1181);
#1181 = AXIS2_PLACEMENT_3D('',#1182,#1183,#1184);
#1182 = CARTESIAN_POINT('',(1.4,-30.8,1.));
#1183 = DIRECTION('',(-0.,1.,0.));
#1184 = DIRECTION('',(0.,0.,1.));
#1185 = DEFINITIONAL_REPRESENTATION('',(#1186),#1190);
#1186 = LINE('',#1187,#1188);
#1187 = CARTESIAN_POINT('',(0.,0.));
#1188 = VECTOR('',#1189,1.);
#1189 = DIRECTION('',(0.,1.));
#1190 = ( GEOMETRIC_REPRESENTATION_CONTEXT(2) 
PARAMETRIC_REPRESENTATION_CONTEXT() REPRESENTATION_CONTEXT('2D SPACE',''
  ) );
#1191 = ORIENTED_EDGE('',*,*,#1192,.T.);
#1192 = EDGE_CURVE('',#1165,#1193,#1195,.T.);
#1193 = VERTEX_POINT('',#1194);
#1194 = CARTESIAN_POINT('',(21.8,30.8,1.));
#1195 = SURFACE_CURVE('',#1196,(#1200,#1207),.PCURVE_S1.);
#1196 = LINE('',#1197,#1198);
#1197 = CARTESIAN_POINT('',(21.8,-30.8,1.));
#1198 = VECTOR('',#1199,1.);
#1199 = DIRECTION('',(-0.,1.,0.));
#1200 = PCURVE('',#97,#1201);
#1201 = DEFINITIONAL_REPRESENTATION('',(#1202),#1206);
#1202 = LINE('',#1203,#1204);
#1203 = CARTESIAN_POINT('',(22.8,9.2));
#1204 = VECTOR('',#1205,1.);
#1205 = DIRECTION('',(0.,1.));
#1206 = ( GEOMETRIC_REPRESENTATION_CONTEXT(2) 
PARAMETRIC_REPRESENTATION_CONTEXT() REPRESENTATION_CONTEXT('2D SPACE',''
  ) );
#1207 = PCURVE('',#1208,#1213);
#1208 = PLANE('',#1209);
#1209 = AXIS2_PLACEMENT_3D('',#1210,#1211,#1212);
#1210 = CARTESIAN_POINT('',(21.8,-30.8,1.));
#1211 = DIRECTION('',(1.,0.,-0.));
#1212 = DIRECTION('',(0.,0.,1.));
#1213 = DEFINITIONAL_REPRESENTATION('',(#1214),#1218);
#1214 = LINE('',#1215,#1216);
#1215 = CARTESIAN_POINT('',(0.,0.));
#1216 = VECTOR('',#1217,1.);
#1217 = DIRECTION('',(0.,-1.));
#1218 = ( GEOMETRIC_REPRESENTATION_CONTEXT(2) 
PARAMETRIC_REPRESENTATION_CONTEXT() REPRESENTATION_CONTEXT('2D SPACE',''
  ) );
#1219 = ORIENTED_EDGE('',*,*,#1220,.T.);
#1220 = EDGE_CURVE('',#1193,#902,#1221,.T.);
#1221 = SURFACE_CURVE('',#1222,(#1226,#1233),.PCURVE_S1.);
#1222 = LINE('',#1223,#1224);
#1223 = CARTESIAN_POINT('',(21.8,30.8,1.));
#1224 = VECTOR('',#1225,1.);
#1225 = DIRECTION('',(-1.,0.,0.));
#1226 = PCURVE('',#97,#1227);
#1227 = DEFINITIONAL_REPRESENTATION('',(#1228),#1232);
#1228 = LINE('',#1229,#1230);
#1229 = CARTESIAN_POINT('',(22.8,70.8));
#1230 = VECTOR('',#1231,1.);
#1231 = DIRECTION('',(-1.,0.));
#1232 = ( GEOMETRIC_REPRESENTATION_CONTEXT(2) 
PARAMETRIC_REPRESENTATION_CONTEXT() REPRESENTATION_CONTEXT('2D SPACE',''
  ) );
#1233 = PCURVE('',#1234,#1239);
#1234 = PLANE('',#1235);
#1235 = AXIS2_PLACEMENT_3D('',#1236,#1237,#1238);
#1236 = CARTESIAN_POINT('',(1.4,30.8,1.));
#1237 = DIRECTION('',(-0.,1.,0.));
#1238 = DIRECTION('',(0.,0.,1.));
#1239 = DEFINITIONAL_REPRESENTATION('',(#1240),#1244);
#1240 = LINE('',#1241,#1242);
#1241 = CARTESIAN_POINT('',(0.,20.4));
#1242 = VECTOR('',#1243,1.);
#1243 = DIRECTION('',(0.,-1.));
#1244 = ( GEOMETRIC_REPRESENTATION_CONTEXT(2) 
PARAMETRIC_REPRESENTATION_CONTEXT() REPRESENTATION_CONTEXT('2D SPACE',''
  ) );
#1245 = FACE_BOUND('',#1246,.T.);
#1246 = EDGE_LOOP('',(#1247,#1271,#1299,#1321,#1349,#1371,#1399,#1421));
#1247 = ORIENTED_EDGE('',*,*,#1248,.T.);
#1248 = EDGE_CURVE('',#1249,#1251,#1253,.T.);
#1249 = VERTEX_POINT('',#1250);
#1250 = CARTESIAN_POINT('',(15.2,-9.399999976896,1.));
#1251 = VERTEX_POINT('',#1252);
#1252 = CARTESIAN_POINT('',(15.2,-11.60000003304,1.));
#1253 = SURFACE_CURVE('',#1254,(#1258,#1265),.PCURVE_S1.);
#1254 = LINE('',#1255,#1256);
#1255 = CARTESIAN_POINT('',(15.2,-21.20000001652,1.));
#1256 = VECTOR('',#1257,1.);
#1257 = DIRECTION('',(0.,-1.,0.));
#1258 = PCURVE('',#97,#1259);
#1259 = DEFINITIONAL_REPRESENTATION('',(#1260),#1264);
#1260 = LINE('',#1261,#1262);
#1261 = CARTESIAN_POINT('',(16.2,18.799999983475));
#1262 = VECTOR('',#1263,1.);
#1263 = DIRECTION('',(0.,-1.));
#1264 = ( GEOMETRIC_REPRESENTATION_CONTEXT(2) 
PARAMETRIC_REPRESENTATION_CONTEXT() REPRESENTATION_CONTEXT('2D SPACE',''
  ) );
#1265 = PCURVE('',#750,#1266);
#1266 = DEFINITIONAL_REPRESENTATION('',(#1267),#1270);
#1267 = B_SPLINE_CURVE_WITH_KNOTS('',1,(#1268,#1269),.UNSPECIFIED.,.F.,
  .F.,(2,2),(-11.80000003962,-9.599999983475),.PIECEWISE_BEZIER_KNOTS.);
#1268 = CARTESIAN_POINT('',(2.200000056153,-1.1));
#1269 = CARTESIAN_POINT('',(0.,-1.1));
#1270 = ( GEOMETRIC_REPRESENTATION_CONTEXT(2) 
PARAMETRIC_REPRESENTATION_CONTEXT() REPRESENTATION_CONTEXT('2D SPACE',''
  ) );
#1271 = ORIENTED_EDGE('',*,*,#1272,.T.);
#1272 = EDGE_CURVE('',#1251,#1273,#1275,.T.);
#1273 = VERTEX_POINT('',#1274);
#1274 = CARTESIAN_POINT('',(14.7,-12.1,1.));
#1275 = SURFACE_CURVE('',#1276,(#1281,#1292),.PCURVE_S1.);
#1276 = CIRCLE('',#1277,0.5);
#1277 = AXIS2_PLACEMENT_3D('',#1278,#1279,#1280);
#1278 = CARTESIAN_POINT('',(14.7,-11.60000003304,1.));
#1279 = DIRECTION('',(0.,0.,-1.));
#1280 = DIRECTION('',(1.,0.,0.));
#1281 = PCURVE('',#97,#1282);
#1282 = DEFINITIONAL_REPRESENTATION('',(#1283),#1291);
#1283 = ( BOUNDED_CURVE() B_SPLINE_CURVE(2,(#1284,#1285,#1286,#1287,
#1288,#1289,#1290),.UNSPECIFIED.,.T.,.F.) B_SPLINE_CURVE_WITH_KNOTS((1,2
    ,2,2,2,1),(-2.094395102393,0.,2.094395102393,4.188790204786,
6.28318530718,8.377580409573),.UNSPECIFIED.) CURVE() 
GEOMETRIC_REPRESENTATION_ITEM() RATIONAL_B_SPLINE_CURVE((1.,0.5,1.,0.5,
1.,0.5,1.)) REPRESENTATION_ITEM('') );
#1284 = CARTESIAN_POINT('',(16.2,28.399999966951));
#1285 = CARTESIAN_POINT('',(16.2,27.533974563166));
#1286 = CARTESIAN_POINT('',(15.45,27.966987265058));
#1287 = CARTESIAN_POINT('',(14.7,28.399999966951));
#1288 = CARTESIAN_POINT('',(15.45,28.833012668843));
#1289 = CARTESIAN_POINT('',(16.2,29.266025370735));
#1290 = CARTESIAN_POINT('',(16.2,28.399999966951));
#1291 = ( GEOMETRIC_REPRESENTATION_CONTEXT(2) 
PARAMETRIC_REPRESENTATION_CONTEXT() REPRESENTATION_CONTEXT('2D SPACE',''
  ) );
#1292 = PCURVE('',#782,#1293);
#1293 = DEFINITIONAL_REPRESENTATION('',(#1294),#1298);
#1294 = LINE('',#1295,#1296);
#1295 = CARTESIAN_POINT('',(-6.28318530718,-1.1));
#1296 = VECTOR('',#1297,1.);
#1297 = DIRECTION('',(1.,-0.));
#1298 = ( GEOMETRIC_REPRESENTATION_CONTEXT(2) 
PARAMETRIC_REPRESENTATION_CONTEXT() REPRESENTATION_CONTEXT('2D SPACE',''
  ) );
#1299 = ORIENTED_EDGE('',*,*,#1300,.T.);
#1300 = EDGE_CURVE('',#1273,#1301,#1303,.T.);
#1301 = VERTEX_POINT('',#1302);
#1302 = CARTESIAN_POINT('',(9.3,-12.1,1.));
#1303 = SURFACE_CURVE('',#1304,(#1308,#1315),.PCURVE_S1.);
#1304 = LINE('',#1305,#1306);
#1305 = CARTESIAN_POINT('',(5.75,-12.09999996695,1.));
#1306 = VECTOR('',#1307,1.);
#1307 = DIRECTION('',(-1.,0.,0.));
#1308 = PCURVE('',#97,#1309);
#1309 = DEFINITIONAL_REPRESENTATION('',(#1310),#1314);
#1310 = LINE('',#1311,#1312);
#1311 = CARTESIAN_POINT('',(6.75,27.900000033049));
#1312 = VECTOR('',#1313,1.);
#1313 = DIRECTION('',(-1.,0.));
#1314 = ( GEOMETRIC_REPRESENTATION_CONTEXT(2) 
PARAMETRIC_REPRESENTATION_CONTEXT() REPRESENTATION_CONTEXT('2D SPACE',''
  ) );
#1315 = PCURVE('',#809,#1316);
#1316 = DEFINITIONAL_REPRESENTATION('',(#1317),#1320);
#1317 = B_SPLINE_CURVE_WITH_KNOTS('',1,(#1318,#1319),.UNSPECIFIED.,.F.,
  .F.,(2,2),(-8.95,-3.55),.PIECEWISE_BEZIER_KNOTS.);
#1318 = CARTESIAN_POINT('',(5.4,-1.1));
#1319 = CARTESIAN_POINT('',(0.,-1.1));
#1320 = ( GEOMETRIC_REPRESENTATION_CONTEXT(2) 
PARAMETRIC_REPRESENTATION_CONTEXT() REPRESENTATION_CONTEXT('2D SPACE',''
  ) );
#1321 = ORIENTED_EDGE('',*,*,#1322,.T.);
#1322 = EDGE_CURVE('',#1301,#1323,#1325,.T.);
#1323 = VERTEX_POINT('',#1324);
#1324 = CARTESIAN_POINT('',(8.8,-11.60000003304,1.));
#1325 = SURFACE_CURVE('',#1326,(#1331,#1342),.PCURVE_S1.);
#1326 = CIRCLE('',#1327,0.5);
#1327 = AXIS2_PLACEMENT_3D('',#1328,#1329,#1330);
#1328 = CARTESIAN_POINT('',(9.3,-11.60000003304,1.));
#1329 = DIRECTION('',(0.,0.,-1.));
#1330 = DIRECTION('',(1.,0.,0.));
#1331 = PCURVE('',#97,#1332);
#1332 = DEFINITIONAL_REPRESENTATION('',(#1333),#1341);
#1333 = ( BOUNDED_CURVE() B_SPLINE_CURVE(2,(#1334,#1335,#1336,#1337,
#1338,#1339,#1340),.UNSPECIFIED.,.T.,.F.) B_SPLINE_CURVE_WITH_KNOTS((1,2
    ,2,2,2,1),(-2.094395102393,0.,2.094395102393,4.188790204786,
6.28318530718,8.377580409573),.UNSPECIFIED.) CURVE() 
GEOMETRIC_REPRESENTATION_ITEM() RATIONAL_B_SPLINE_CURVE((1.,0.5,1.,0.5,
1.,0.5,1.)) REPRESENTATION_ITEM('') );
#1334 = CARTESIAN_POINT('',(10.8,28.399999966951));
#1335 = CARTESIAN_POINT('',(10.8,27.533974563166));
#1336 = CARTESIAN_POINT('',(10.05,27.966987265058));
#1337 = CARTESIAN_POINT('',(9.3,28.399999966951));
#1338 = CARTESIAN_POINT('',(10.05,28.833012668843));
#1339 = CARTESIAN_POINT('',(10.8,29.266025370735));
#1340 = CARTESIAN_POINT('',(10.8,28.399999966951));
#1341 = ( GEOMETRIC_REPRESENTATION_CONTEXT(2) 
PARAMETRIC_REPRESENTATION_CONTEXT() REPRESENTATION_CONTEXT('2D SPACE',''
  ) );
#1342 = PCURVE('',#839,#1343);
#1343 = DEFINITIONAL_REPRESENTATION('',(#1344),#1348);
#1344 = LINE('',#1345,#1346);
#1345 = CARTESIAN_POINT('',(-6.28318530718,-1.1));
#1346 = VECTOR('',#1347,1.);
#1347 = DIRECTION('',(1.,-0.));
#1348 = ( GEOMETRIC_REPRESENTATION_CONTEXT(2) 
PARAMETRIC_REPRESENTATION_CONTEXT() REPRESENTATION_CONTEXT('2D SPACE',''
  ) );
#1349 = ORIENTED_EDGE('',*,*,#1350,.F.);
#1350 = EDGE_CURVE('',#1351,#1323,#1353,.T.);
#1351 = VERTEX_POINT('',#1352);
#1352 = CARTESIAN_POINT('',(8.8,-9.399999976896,1.));
#1353 = SURFACE_CURVE('',#1354,(#1358,#1365),.PCURVE_S1.);
#1354 = LINE('',#1355,#1356);
#1355 = CARTESIAN_POINT('',(8.8,-21.20000001652,1.));
#1356 = VECTOR('',#1357,1.);
#1357 = DIRECTION('',(0.,-1.,0.));
#1358 = PCURVE('',#97,#1359);
#1359 = DEFINITIONAL_REPRESENTATION('',(#1360),#1364);
#1360 = LINE('',#1361,#1362);
#1361 = CARTESIAN_POINT('',(9.8,18.799999983475));
#1362 = VECTOR('',#1363,1.);
#1363 = DIRECTION('',(0.,-1.));
#1364 = ( GEOMETRIC_REPRESENTATION_CONTEXT(2) 
PARAMETRIC_REPRESENTATION_CONTEXT() REPRESENTATION_CONTEXT('2D SPACE',''
  ) );
#1365 = PCURVE('',#632,#1366);
#1366 = DEFINITIONAL_REPRESENTATION('',(#1367),#1370);
#1367 = B_SPLINE_CURVE_WITH_KNOTS('',1,(#1368,#1369),.UNSPECIFIED.,.F.,
  .F.,(2,2),(-11.80000003962,-9.599999983475),.PIECEWISE_BEZIER_KNOTS.);
#1368 = CARTESIAN_POINT('',(2.200000056153,-1.1));
#1369 = CARTESIAN_POINT('',(0.,-1.1));
#1370 = ( GEOMETRIC_REPRESENTATION_CONTEXT(2) 
PARAMETRIC_REPRESENTATION_CONTEXT() REPRESENTATION_CONTEXT('2D SPACE',''
  ) );
#1371 = ORIENTED_EDGE('',*,*,#1372,.T.);
#1372 = EDGE_CURVE('',#1351,#1373,#1375,.T.);
#1373 = VERTEX_POINT('',#1374);
#1374 = CARTESIAN_POINT('',(9.3,-8.899999971923,1.));
#1375 = SURFACE_CURVE('',#1376,(#1381,#1392),.PCURVE_S1.);
#1376 = CIRCLE('',#1377,0.5);
#1377 = AXIS2_PLACEMENT_3D('',#1378,#1379,#1380);
#1378 = CARTESIAN_POINT('',(9.3,-9.399999976896,1.));
#1379 = DIRECTION('',(0.,0.,-1.));
#1380 = DIRECTION('',(1.,0.,0.));
#1381 = PCURVE('',#97,#1382);
#1382 = DEFINITIONAL_REPRESENTATION('',(#1383),#1391);
#1383 = ( BOUNDED_CURVE() B_SPLINE_CURVE(2,(#1384,#1385,#1386,#1387,
#1388,#1389,#1390),.UNSPECIFIED.,.T.,.F.) B_SPLINE_CURVE_WITH_KNOTS((1,2
    ,2,2,2,1),(-2.094395102393,0.,2.094395102393,4.188790204786,
6.28318530718,8.377580409573),.UNSPECIFIED.) CURVE() 
GEOMETRIC_REPRESENTATION_ITEM() RATIONAL_B_SPLINE_CURVE((1.,0.5,1.,0.5,
1.,0.5,1.)) REPRESENTATION_ITEM('') );
#1384 = CARTESIAN_POINT('',(10.8,30.600000023104));
#1385 = CARTESIAN_POINT('',(10.8,29.733974619319));
#1386 = CARTESIAN_POINT('',(10.05,30.166987321211));
#1387 = CARTESIAN_POINT('',(9.3,30.600000023104));
#1388 = CARTESIAN_POINT('',(10.05,31.033012724996));
#1389 = CARTESIAN_POINT('',(10.8,31.466025426888));
#1390 = CARTESIAN_POINT('',(10.8,30.600000023104));
#1391 = ( GEOMETRIC_REPRESENTATION_CONTEXT(2) 
PARAMETRIC_REPRESENTATION_CONTEXT() REPRESENTATION_CONTEXT('2D SPACE',''
  ) );
#1392 = PCURVE('',#664,#1393);
#1393 = DEFINITIONAL_REPRESENTATION('',(#1394),#1398);
#1394 = LINE('',#1395,#1396);
#1395 = CARTESIAN_POINT('',(-6.28318530718,-1.1));
#1396 = VECTOR('',#1397,1.);
#1397 = DIRECTION('',(1.,-0.));
#1398 = ( GEOMETRIC_REPRESENTATION_CONTEXT(2) 
PARAMETRIC_REPRESENTATION_CONTEXT() REPRESENTATION_CONTEXT('2D SPACE',''
  ) );
#1399 = ORIENTED_EDGE('',*,*,#1400,.F.);
#1400 = EDGE_CURVE('',#1401,#1373,#1403,.T.);
#1401 = VERTEX_POINT('',#1402);
#1402 = CARTESIAN_POINT('',(14.7,-8.899999971923,1.));
#1403 = SURFACE_CURVE('',#1404,(#1408,#1415),.PCURVE_S1.);
#1404 = LINE('',#1405,#1406);
#1405 = CARTESIAN_POINT('',(5.75,-8.899999966951,1.));
#1406 = VECTOR('',#1407,1.);
#1407 = DIRECTION('',(-1.,0.,0.));
#1408 = PCURVE('',#97,#1409);
#1409 = DEFINITIONAL_REPRESENTATION('',(#1410),#1414);
#1410 = LINE('',#1411,#1412);
#1411 = CARTESIAN_POINT('',(6.75,31.100000033049));
#1412 = VECTOR('',#1413,1.);
#1413 = DIRECTION('',(-1.,0.));
#1414 = ( GEOMETRIC_REPRESENTATION_CONTEXT(2) 
PARAMETRIC_REPRESENTATION_CONTEXT() REPRESENTATION_CONTEXT('2D SPACE',''
  ) );
#1415 = PCURVE('',#691,#1416);
#1416 = DEFINITIONAL_REPRESENTATION('',(#1417),#1420);
#1417 = B_SPLINE_CURVE_WITH_KNOTS('',1,(#1418,#1419),.UNSPECIFIED.,.F.,
  .F.,(2,2),(-8.95,-3.55),.PIECEWISE_BEZIER_KNOTS.);
#1418 = CARTESIAN_POINT('',(5.4,-1.1));
#1419 = CARTESIAN_POINT('',(0.,-1.1));
#1420 = ( GEOMETRIC_REPRESENTATION_CONTEXT(2) 
PARAMETRIC_REPRESENTATION_CONTEXT() REPRESENTATION_CONTEXT('2D SPACE',''
  ) );
#1421 = ORIENTED_EDGE('',*,*,#1422,.T.);
#1422 = EDGE_CURVE('',#1401,#1249,#1423,.T.);
#1423 = SURFACE_CURVE('',#1424,(#1429,#1440),.PCURVE_S1.);
#1424 = CIRCLE('',#1425,0.5);
#1425 = AXIS2_PLACEMENT_3D('',#1426,#1427,#1428);
#1426 = CARTESIAN_POINT('',(14.7,-9.399999976896,1.));
#1427 = DIRECTION('',(0.,0.,-1.));
#1428 = DIRECTION('',(1.,0.,0.));
#1429 = PCURVE('',#97,#1430);
#1430 = DEFINITIONAL_REPRESENTATION('',(#1431),#1439);
#1431 = ( BOUNDED_CURVE() B_SPLINE_CURVE(2,(#1432,#1433,#1434,#1435,
#1436,#1437,#1438),.UNSPECIFIED.,.T.,.F.) B_SPLINE_CURVE_WITH_KNOTS((1,2
    ,2,2,2,1),(-2.094395102393,0.,2.094395102393,4.188790204786,
6.28318530718,8.377580409573),.UNSPECIFIED.) CURVE() 
GEOMETRIC_REPRESENTATION_ITEM() RATIONAL_B_SPLINE_CURVE((1.,0.5,1.,0.5,
1.,0.5,1.)) REPRESENTATION_ITEM('') );
#1432 = CARTESIAN_POINT('',(16.2,30.600000023104));
#1433 = CARTESIAN_POINT('',(16.2,29.733974619319));
#1434 = CARTESIAN_POINT('',(15.45,30.166987321211));
#1435 = CARTESIAN_POINT('',(14.7,30.600000023104));
#1436 = CARTESIAN_POINT('',(15.45,31.033012724996));
#1437 = CARTESIAN_POINT('',(16.2,31.466025426888));
#1438 = CARTESIAN_POINT('',(16.2,30.600000023104));
#1439 = ( GEOMETRIC_REPRESENTATION_CONTEXT(2) 
PARAMETRIC_REPRESENTATION_CONTEXT() REPRESENTATION_CONTEXT('2D SPACE',''
  ) );
#1440 = PCURVE('',#723,#1441);
#1441 = DEFINITIONAL_REPRESENTATION('',(#1442),#1446);
#1442 = LINE('',#1443,#1444);
#1443 = CARTESIAN_POINT('',(-6.28318530718,-1.1));
#1444 = VECTOR('',#1445,1.);
#1445 = DIRECTION('',(1.,-0.));
#1446 = ( GEOMETRIC_REPRESENTATION_CONTEXT(2) 
PARAMETRIC_REPRESENTATION_CONTEXT() REPRESENTATION_CONTEXT('2D SPACE',''
  ) );
#1447 = ADVANCED_FACE('',(#1448),#71,.F.);
#1448 = FACE_BOUND('',#1449,.F.);
#1449 = EDGE_LOOP('',(#1450,#1451,#1452,#1453));
#1450 = ORIENTED_EDGE('',*,*,#137,.F.);
#1451 = ORIENTED_EDGE('',*,*,#56,.F.);
#1452 = ORIENTED_EDGE('',*,*,#1023,.F.);
#1453 = ORIENTED_EDGE('',*,*,#1454,.F.);
#1454 = EDGE_CURVE('',#138,#1024,#1455,.T.);
#1455 = SURFACE_CURVE('',#1456,(#1460,#1467),.PCURVE_S1.);
#1456 = LINE('',#1457,#1458);
#1457 = CARTESIAN_POINT('',(5.999641184591E-04,-21.4,0.));
#1458 = VECTOR('',#1459,1.);
#1459 = DIRECTION('',(0.,0.,1.));
#1460 = PCURVE('',#71,#1461);
#1461 = DEFINITIONAL_REPRESENTATION('',(#1462),#1466);
#1462 = LINE('',#1463,#1464);
#1463 = CARTESIAN_POINT('',(1.199964121526E-03,0.));
#1464 = VECTOR('',#1465,1.);
#1465 = DIRECTION('',(0.,-1.));
#1466 = ( GEOMETRIC_REPRESENTATION_CONTEXT(2) 
PARAMETRIC_REPRESENTATION_CONTEXT() REPRESENTATION_CONTEXT('2D SPACE',''
  ) );
#1467 = PCURVE('',#177,#1468);
#1468 = DEFINITIONAL_REPRESENTATION('',(#1469),#1473);
#1469 = LINE('',#1470,#1471);
#1470 = CARTESIAN_POINT('',(-3.14159265359,0.));
#1471 = VECTOR('',#1472,1.);
#1472 = DIRECTION('',(-0.,-1.));
#1473 = ( GEOMETRIC_REPRESENTATION_CONTEXT(2) 
PARAMETRIC_REPRESENTATION_CONTEXT() REPRESENTATION_CONTEXT('2D SPACE',''
  ) );
#1474 = ADVANCED_FACE('',(#1475),#580,.F.);
#1475 = FACE_BOUND('',#1476,.T.);
#1476 = EDGE_LOOP('',(#1477,#1478,#1479,#1480));
#1477 = ORIENTED_EDGE('',*,*,#563,.F.);
#1478 = ORIENTED_EDGE('',*,*,#855,.T.);
#1479 = ORIENTED_EDGE('',*,*,#995,.F.);
#1480 = ORIENTED_EDGE('',*,*,#1481,.F.);
#1481 = EDGE_CURVE('',#536,#975,#1482,.T.);
#1482 = SURFACE_CURVE('',#1483,(#1487,#1494),.PCURVE_S1.);
#1483 = LINE('',#1484,#1485);
#1484 = CARTESIAN_POINT('',(0.6,21.9994,0.));
#1485 = VECTOR('',#1486,1.);
#1486 = DIRECTION('',(0.,0.,1.));
#1487 = PCURVE('',#580,#1488);
#1488 = DEFINITIONAL_REPRESENTATION('',(#1489),#1493);
#1489 = LINE('',#1490,#1491);
#1490 = CARTESIAN_POINT('',(-4.712388980385,0.));
#1491 = VECTOR('',#1492,1.);
#1492 = DIRECTION('',(-0.,-1.));
#1493 = ( GEOMETRIC_REPRESENTATION_CONTEXT(2) 
PARAMETRIC_REPRESENTATION_CONTEXT() REPRESENTATION_CONTEXT('2D SPACE',''
  ) );
#1494 = PCURVE('',#551,#1495);
#1495 = DEFINITIONAL_REPRESENTATION('',(#1496),#1500);
#1496 = LINE('',#1497,#1498);
#1497 = CARTESIAN_POINT('',(0.,0.));
#1498 = VECTOR('',#1499,1.);
#1499 = DIRECTION('',(0.,-1.));
#1500 = ( GEOMETRIC_REPRESENTATION_CONTEXT(2) 
PARAMETRIC_REPRESENTATION_CONTEXT() REPRESENTATION_CONTEXT('2D SPACE',''
  ) );
#1501 = ADVANCED_FACE('',(#1502),#551,.T.);
#1502 = FACE_BOUND('',#1503,.T.);
#1503 = EDGE_LOOP('',(#1504,#1505,#1506,#1507));
#1504 = ORIENTED_EDGE('',*,*,#535,.F.);
#1505 = ORIENTED_EDGE('',*,*,#1481,.T.);
#1506 = ORIENTED_EDGE('',*,*,#974,.F.);
#1507 = ORIENTED_EDGE('',*,*,#1508,.F.);
#1508 = EDGE_CURVE('',#508,#954,#1509,.T.);
#1509 = SURFACE_CURVE('',#1510,(#1514,#1521),.PCURVE_S1.);
#1510 = LINE('',#1511,#1512);
#1511 = CARTESIAN_POINT('',(0.599999999997,33.422374075474,0.));
#1512 = VECTOR('',#1513,1.);
#1513 = DIRECTION('',(0.,0.,1.));
#1514 = PCURVE('',#551,#1515);
#1515 = DEFINITIONAL_REPRESENTATION('',(#1516),#1520);
#1516 = LINE('',#1517,#1518);
#1517 = CARTESIAN_POINT('',(11.422974075474,0.));
#1518 = VECTOR('',#1519,1.);
#1519 = DIRECTION('',(0.,-1.));
#1520 = ( GEOMETRIC_REPRESENTATION_CONTEXT(2) 
PARAMETRIC_REPRESENTATION_CONTEXT() REPRESENTATION_CONTEXT('2D SPACE',''
  ) );
#1521 = PCURVE('',#523,#1522);
#1522 = DEFINITIONAL_REPRESENTATION('',(#1523),#1527);
#1523 = LINE('',#1524,#1525);
#1524 = CARTESIAN_POINT('',(0.,0.));
#1525 = VECTOR('',#1526,1.);
#1526 = DIRECTION('',(0.,-1.));
#1527 = ( GEOMETRIC_REPRESENTATION_CONTEXT(2) 
PARAMETRIC_REPRESENTATION_CONTEXT() REPRESENTATION_CONTEXT('2D SPACE',''
  ) );
#1528 = ADVANCED_FACE('',(#1529),#523,.T.);
#1529 = FACE_BOUND('',#1530,.T.);
#1530 = EDGE_LOOP('',(#1531,#1532,#1533,#1534));
#1531 = ORIENTED_EDGE('',*,*,#507,.F.);
#1532 = ORIENTED_EDGE('',*,*,#1508,.T.);
#1533 = ORIENTED_EDGE('',*,*,#953,.F.);
#1534 = ORIENTED_EDGE('',*,*,#1535,.F.);
#1535 = EDGE_CURVE('',#480,#932,#1536,.T.);
#1536 = SURFACE_CURVE('',#1537,(#1541,#1547),.PCURVE_S1.);
#1537 = LINE('',#1538,#1539);
#1538 = CARTESIAN_POINT('',(0.962533138771,34.800000002815,0.));
#1539 = VECTOR('',#1540,1.);
#1540 = DIRECTION('',(0.,-0.,1.));
#1541 = PCURVE('',#523,#1542);
#1542 = DEFINITIONAL_REPRESENTATION('',(#1543),#1546);
#1543 = B_SPLINE_CURVE_WITH_KNOTS('',1,(#1544,#1545),.UNSPECIFIED.,.F.,
  .F.,(2,2),(0.,9.5),.PIECEWISE_BEZIER_KNOTS.);
#1544 = CARTESIAN_POINT('',(1.424529210789,0.));
#1545 = CARTESIAN_POINT('',(1.424529210789,-9.5));
#1546 = ( GEOMETRIC_REPRESENTATION_CONTEXT(2) 
PARAMETRIC_REPRESENTATION_CONTEXT() REPRESENTATION_CONTEXT('2D SPACE',''
  ) );
#1547 = PCURVE('',#495,#1548);
#1548 = DEFINITIONAL_REPRESENTATION('',(#1549),#1553);
#1549 = LINE('',#1550,#1551);
#1550 = CARTESIAN_POINT('',(0.562533138771,0.));
#1551 = VECTOR('',#1552,1.);
#1552 = DIRECTION('',(0.,-1.));
#1553 = ( GEOMETRIC_REPRESENTATION_CONTEXT(2) 
PARAMETRIC_REPRESENTATION_CONTEXT() REPRESENTATION_CONTEXT('2D SPACE',''
  ) );
#1554 = ADVANCED_FACE('',(#1555),#495,.T.);
#1555 = FACE_BOUND('',#1556,.T.);
#1556 = EDGE_LOOP('',(#1557,#1558,#1559,#1560,#1583,#1611,#1638,#1665,
    #1692,#1720,#1743));
#1557 = ORIENTED_EDGE('',*,*,#479,.F.);
#1558 = ORIENTED_EDGE('',*,*,#1535,.T.);
#1559 = ORIENTED_EDGE('',*,*,#931,.F.);
#1560 = ORIENTED_EDGE('',*,*,#1561,.T.);
#1561 = EDGE_CURVE('',#904,#1562,#1564,.T.);
#1562 = VERTEX_POINT('',#1563);
#1563 = CARTESIAN_POINT('',(1.4,34.8,7.5));
#1564 = SURFACE_CURVE('',#1565,(#1569,#1576),.PCURVE_S1.);
#1565 = LINE('',#1566,#1567);
#1566 = CARTESIAN_POINT('',(1.4,34.8,1.));
#1567 = VECTOR('',#1568,1.);
#1568 = DIRECTION('',(0.,0.,1.));
#1569 = PCURVE('',#495,#1570);
#1570 = DEFINITIONAL_REPRESENTATION('',(#1571),#1575);
#1571 = LINE('',#1572,#1573);
#1572 = CARTESIAN_POINT('',(1.,-1.));
#1573 = VECTOR('',#1574,1.);
#1574 = DIRECTION('',(0.,-1.));
#1575 = ( GEOMETRIC_REPRESENTATION_CONTEXT(2) 
PARAMETRIC_REPRESENTATION_CONTEXT() REPRESENTATION_CONTEXT('2D SPACE',''
  ) );
#1576 = PCURVE('',#919,#1577);
#1577 = DEFINITIONAL_REPRESENTATION('',(#1578),#1582);
#1578 = LINE('',#1579,#1580);
#1579 = CARTESIAN_POINT('',(0.,-4.));
#1580 = VECTOR('',#1581,1.);
#1581 = DIRECTION('',(1.,0.));
#1582 = ( GEOMETRIC_REPRESENTATION_CONTEXT(2) 
PARAMETRIC_REPRESENTATION_CONTEXT() REPRESENTATION_CONTEXT('2D SPACE',''
  ) );
#1583 = ORIENTED_EDGE('',*,*,#1584,.T.);
#1584 = EDGE_CURVE('',#1562,#1585,#1587,.T.);
#1585 = VERTEX_POINT('',#1586);
#1586 = CARTESIAN_POINT('',(7.2,34.8,7.5));
#1587 = SURFACE_CURVE('',#1588,(#1592,#1599),.PCURVE_S1.);
#1588 = LINE('',#1589,#1590);
#1589 = CARTESIAN_POINT('',(1.4,34.8,7.5));
#1590 = VECTOR('',#1591,1.);
#1591 = DIRECTION('',(1.,0.,-0.));
#1592 = PCURVE('',#495,#1593);
#1593 = DEFINITIONAL_REPRESENTATION('',(#1594),#1598);
#1594 = LINE('',#1595,#1596);
#1595 = CARTESIAN_POINT('',(1.,-7.5));
#1596 = VECTOR('',#1597,1.);
#1597 = DIRECTION('',(1.,0.));
#1598 = ( GEOMETRIC_REPRESENTATION_CONTEXT(2) 
PARAMETRIC_REPRESENTATION_CONTEXT() REPRESENTATION_CONTEXT('2D SPACE',''
  ) );
#1599 = PCURVE('',#1600,#1605);
#1600 = PLANE('',#1601);
#1601 = AXIS2_PLACEMENT_3D('',#1602,#1603,#1604);
#1602 = CARTESIAN_POINT('',(1.4,30.8,7.5));
#1603 = DIRECTION('',(0.,0.,1.));
#1604 = DIRECTION('',(1.,0.,-0.));
#1605 = DEFINITIONAL_REPRESENTATION('',(#1606),#1610);
#1606 = LINE('',#1607,#1608);
#1607 = CARTESIAN_POINT('',(0.,4.));
#1608 = VECTOR('',#1609,1.);
#1609 = DIRECTION('',(1.,0.));
#1610 = ( GEOMETRIC_REPRESENTATION_CONTEXT(2) 
PARAMETRIC_REPRESENTATION_CONTEXT() REPRESENTATION_CONTEXT('2D SPACE',''
  ) );
#1611 = ORIENTED_EDGE('',*,*,#1612,.F.);
#1612 = EDGE_CURVE('',#1613,#1585,#1615,.T.);
#1613 = VERTEX_POINT('',#1614);
#1614 = CARTESIAN_POINT('',(7.2,34.800000001407,2.6));
#1615 = SURFACE_CURVE('',#1616,(#1620,#1627),.PCURVE_S1.);
#1616 = LINE('',#1617,#1618);
#1617 = CARTESIAN_POINT('',(7.2,34.8,1.8));
#1618 = VECTOR('',#1619,1.);
#1619 = DIRECTION('',(0.,0.,1.));
#1620 = PCURVE('',#495,#1621);
#1621 = DEFINITIONAL_REPRESENTATION('',(#1622),#1626);
#1622 = LINE('',#1623,#1624);
#1623 = CARTESIAN_POINT('',(6.8,-1.8));
#1624 = VECTOR('',#1625,1.);
#1625 = DIRECTION('',(0.,-1.));
#1626 = ( GEOMETRIC_REPRESENTATION_CONTEXT(2) 
PARAMETRIC_REPRESENTATION_CONTEXT() REPRESENTATION_CONTEXT('2D SPACE',''
  ) );
#1627 = PCURVE('',#1628,#1633);
#1628 = PLANE('',#1629);
#1629 = AXIS2_PLACEMENT_3D('',#1630,#1631,#1632);
#1630 = CARTESIAN_POINT('',(7.2,30.79,2.6));
#1631 = DIRECTION('',(1.,0.,-0.));
#1632 = DIRECTION('',(0.,0.,1.));
#1633 = DEFINITIONAL_REPRESENTATION('',(#1634),#1637);
#1634 = B_SPLINE_CURVE_WITH_KNOTS('',1,(#1635,#1636),.UNSPECIFIED.,.F.,
  .F.,(2,2),(0.8,5.7),.PIECEWISE_BEZIER_KNOTS.);
#1635 = CARTESIAN_POINT('',(0.,-4.01));
#1636 = CARTESIAN_POINT('',(4.9,-4.01));
#1637 = ( GEOMETRIC_REPRESENTATION_CONTEXT(2) 
PARAMETRIC_REPRESENTATION_CONTEXT() REPRESENTATION_CONTEXT('2D SPACE',''
  ) );
#1638 = ORIENTED_EDGE('',*,*,#1639,.F.);
#1639 = EDGE_CURVE('',#1640,#1613,#1642,.T.);
#1640 = VERTEX_POINT('',#1641);
#1641 = CARTESIAN_POINT('',(16.8,34.800000001407,2.6));
#1642 = SURFACE_CURVE('',#1643,(#1647,#1654),.PCURVE_S1.);
#1643 = LINE('',#1644,#1645);
#1644 = CARTESIAN_POINT('',(4.3,34.8,2.6));
#1645 = VECTOR('',#1646,1.);
#1646 = DIRECTION('',(-1.,-0.,0.));
#1647 = PCURVE('',#495,#1648);
#1648 = DEFINITIONAL_REPRESENTATION('',(#1649),#1653);
#1649 = LINE('',#1650,#1651);
#1650 = CARTESIAN_POINT('',(3.9,-2.6));
#1651 = VECTOR('',#1652,1.);
#1652 = DIRECTION('',(-1.,-0.));
#1653 = ( GEOMETRIC_REPRESENTATION_CONTEXT(2) 
PARAMETRIC_REPRESENTATION_CONTEXT() REPRESENTATION_CONTEXT('2D SPACE',''
  ) );
#1654 = PCURVE('',#1655,#1660);
#1655 = PLANE('',#1656);
#1656 = AXIS2_PLACEMENT_3D('',#1657,#1658,#1659);
#1657 = CARTESIAN_POINT('',(7.2,30.79,2.6));
#1658 = DIRECTION('',(0.,0.,1.));
#1659 = DIRECTION('',(1.,0.,-0.));
#1660 = DEFINITIONAL_REPRESENTATION('',(#1661),#1664);
#1661 = B_SPLINE_CURVE_WITH_KNOTS('',1,(#1662,#1663),.UNSPECIFIED.,.F.,
  .F.,(2,2),(-12.5,-2.9),.PIECEWISE_BEZIER_KNOTS.);
#1662 = CARTESIAN_POINT('',(9.6,4.01));
#1663 = CARTESIAN_POINT('',(0.,4.01));
#1664 = ( GEOMETRIC_REPRESENTATION_CONTEXT(2) 
PARAMETRIC_REPRESENTATION_CONTEXT() REPRESENTATION_CONTEXT('2D SPACE',''
  ) );
#1665 = ORIENTED_EDGE('',*,*,#1666,.T.);
#1666 = EDGE_CURVE('',#1640,#1667,#1669,.T.);
#1667 = VERTEX_POINT('',#1668);
#1668 = CARTESIAN_POINT('',(16.8,34.8,7.5));
#1669 = SURFACE_CURVE('',#1670,(#1674,#1681),.PCURVE_S1.);
#1670 = LINE('',#1671,#1672);
#1671 = CARTESIAN_POINT('',(16.8,34.8,1.8));
#1672 = VECTOR('',#1673,1.);
#1673 = DIRECTION('',(0.,0.,1.));
#1674 = PCURVE('',#495,#1675);
#1675 = DEFINITIONAL_REPRESENTATION('',(#1676),#1680);
#1676 = LINE('',#1677,#1678);
#1677 = CARTESIAN_POINT('',(16.4,-1.8));
#1678 = VECTOR('',#1679,1.);
#1679 = DIRECTION('',(0.,-1.));
#1680 = ( GEOMETRIC_REPRESENTATION_CONTEXT(2) 
PARAMETRIC_REPRESENTATION_CONTEXT() REPRESENTATION_CONTEXT('2D SPACE',''
  ) );
#1681 = PCURVE('',#1682,#1687);
#1682 = PLANE('',#1683);
#1683 = AXIS2_PLACEMENT_3D('',#1684,#1685,#1686);
#1684 = CARTESIAN_POINT('',(16.8,30.79,2.6));
#1685 = DIRECTION('',(1.,0.,-0.));
#1686 = DIRECTION('',(0.,0.,1.));
#1687 = DEFINITIONAL_REPRESENTATION('',(#1688),#1691);
#1688 = B_SPLINE_CURVE_WITH_KNOTS('',1,(#1689,#1690),.UNSPECIFIED.,.F.,
  .F.,(2,2),(0.8,5.7),.PIECEWISE_BEZIER_KNOTS.);
#1689 = CARTESIAN_POINT('',(0.,-4.01));
#1690 = CARTESIAN_POINT('',(4.9,-4.01));
#1691 = ( GEOMETRIC_REPRESENTATION_CONTEXT(2) 
PARAMETRIC_REPRESENTATION_CONTEXT() REPRESENTATION_CONTEXT('2D SPACE',''
  ) );
#1692 = ORIENTED_EDGE('',*,*,#1693,.T.);
#1693 = EDGE_CURVE('',#1667,#1694,#1696,.T.);
#1694 = VERTEX_POINT('',#1695);
#1695 = CARTESIAN_POINT('',(18.,34.8,7.5));
#1696 = SURFACE_CURVE('',#1697,(#1701,#1708),.PCURVE_S1.);
#1697 = LINE('',#1698,#1699);
#1698 = CARTESIAN_POINT('',(1.4,34.8,7.5));
#1699 = VECTOR('',#1700,1.);
#1700 = DIRECTION('',(1.,0.,-0.));
#1701 = PCURVE('',#495,#1702);
#1702 = DEFINITIONAL_REPRESENTATION('',(#1703),#1707);
#1703 = LINE('',#1704,#1705);
#1704 = CARTESIAN_POINT('',(1.,-7.5));
#1705 = VECTOR('',#1706,1.);
#1706 = DIRECTION('',(1.,0.));
#1707 = ( GEOMETRIC_REPRESENTATION_CONTEXT(2) 
PARAMETRIC_REPRESENTATION_CONTEXT() REPRESENTATION_CONTEXT('2D SPACE',''
  ) );
#1708 = PCURVE('',#1709,#1714);
#1709 = PLANE('',#1710);
#1710 = AXIS2_PLACEMENT_3D('',#1711,#1712,#1713);
#1711 = CARTESIAN_POINT('',(1.4,30.8,7.5));
#1712 = DIRECTION('',(0.,0.,1.));
#1713 = DIRECTION('',(1.,0.,-0.));
#1714 = DEFINITIONAL_REPRESENTATION('',(#1715),#1719);
#1715 = LINE('',#1716,#1717);
#1716 = CARTESIAN_POINT('',(0.,4.));
#1717 = VECTOR('',#1718,1.);
#1718 = DIRECTION('',(1.,0.));
#1719 = ( GEOMETRIC_REPRESENTATION_CONTEXT(2) 
PARAMETRIC_REPRESENTATION_CONTEXT() REPRESENTATION_CONTEXT('2D SPACE',''
  ) );
#1720 = ORIENTED_EDGE('',*,*,#1721,.F.);
#1721 = EDGE_CURVE('',#1722,#1694,#1724,.T.);
#1722 = VERTEX_POINT('',#1723);
#1723 = CARTESIAN_POINT('',(18.,34.8,1.));
#1724 = SURFACE_CURVE('',#1725,(#1729,#1736),.PCURVE_S1.);
#1725 = LINE('',#1726,#1727);
#1726 = CARTESIAN_POINT('',(18.,34.8,1.));
#1727 = VECTOR('',#1728,1.);
#1728 = DIRECTION('',(0.,0.,1.));
#1729 = PCURVE('',#495,#1730);
#1730 = DEFINITIONAL_REPRESENTATION('',(#1731),#1735);
#1731 = LINE('',#1732,#1733);
#1732 = CARTESIAN_POINT('',(17.6,-1.));
#1733 = VECTOR('',#1734,1.);
#1734 = DIRECTION('',(0.,-1.));
#1735 = ( GEOMETRIC_REPRESENTATION_CONTEXT(2) 
PARAMETRIC_REPRESENTATION_CONTEXT() REPRESENTATION_CONTEXT('2D SPACE',''
  ) );
#1736 = PCURVE('',#467,#1737);
#1737 = DEFINITIONAL_REPRESENTATION('',(#1738),#1742);
#1738 = LINE('',#1739,#1740);
#1739 = CARTESIAN_POINT('',(1.1,-74.8));
#1740 = VECTOR('',#1741,1.);
#1741 = DIRECTION('',(1.,0.));
#1742 = ( GEOMETRIC_REPRESENTATION_CONTEXT(2) 
PARAMETRIC_REPRESENTATION_CONTEXT() REPRESENTATION_CONTEXT('2D SPACE',''
  ) );
#1743 = ORIENTED_EDGE('',*,*,#1744,.T.);
#1744 = EDGE_CURVE('',#1722,#452,#1745,.T.);
#1745 = SURFACE_CURVE('',#1746,(#1750,#1757),.PCURVE_S1.);
#1746 = LINE('',#1747,#1748);
#1747 = CARTESIAN_POINT('',(18.,34.800000002815,-5.E-02));
#1748 = VECTOR('',#1749,1.);
#1749 = DIRECTION('',(-0.,0.,-1.));
#1750 = PCURVE('',#495,#1751);
#1751 = DEFINITIONAL_REPRESENTATION('',(#1752),#1756);
#1752 = LINE('',#1753,#1754);
#1753 = CARTESIAN_POINT('',(17.6,5.E-02));
#1754 = VECTOR('',#1755,1.);
#1755 = DIRECTION('',(0.,1.));
#1756 = ( GEOMETRIC_REPRESENTATION_CONTEXT(2) 
PARAMETRIC_REPRESENTATION_CONTEXT() REPRESENTATION_CONTEXT('2D SPACE',''
  ) );
#1757 = PCURVE('',#467,#1758);
#1758 = DEFINITIONAL_REPRESENTATION('',(#1759),#1763);
#1759 = LINE('',#1760,#1761);
#1760 = CARTESIAN_POINT('',(5.E-02,-74.80000000281));
#1761 = VECTOR('',#1762,1.);
#1762 = DIRECTION('',(-1.,-0.));
#1763 = ( GEOMETRIC_REPRESENTATION_CONTEXT(2) 
PARAMETRIC_REPRESENTATION_CONTEXT() REPRESENTATION_CONTEXT('2D SPACE',''
  ) );
#1764 = ADVANCED_FACE('',(#1765),#467,.F.);
#1765 = FACE_BOUND('',#1766,.F.);
#1766 = EDGE_LOOP('',(#1767,#1790,#1812,#1840,#1863,#1884,#1885,#1886));
#1767 = ORIENTED_EDGE('',*,*,#1768,.F.);
#1768 = EDGE_CURVE('',#1769,#424,#1771,.T.);
#1769 = VERTEX_POINT('',#1770);
#1770 = CARTESIAN_POINT('',(18.,36.,1.));
#1771 = SURFACE_CURVE('',#1772,(#1776,#1783),.PCURVE_S1.);
#1772 = LINE('',#1773,#1774);
#1773 = CARTESIAN_POINT('',(18.,36.000000002815,-5.E-02));
#1774 = VECTOR('',#1775,1.);
#1775 = DIRECTION('',(-0.,0.,-1.));
#1776 = PCURVE('',#467,#1777);
#1777 = DEFINITIONAL_REPRESENTATION('',(#1778),#1782);
#1778 = LINE('',#1779,#1780);
#1779 = CARTESIAN_POINT('',(5.E-02,-76.00000000281));
#1780 = VECTOR('',#1781,1.);
#1781 = DIRECTION('',(-1.,-0.));
#1782 = ( GEOMETRIC_REPRESENTATION_CONTEXT(2) 
PARAMETRIC_REPRESENTATION_CONTEXT() REPRESENTATION_CONTEXT('2D SPACE',''
  ) );
#1783 = PCURVE('',#439,#1784);
#1784 = DEFINITIONAL_REPRESENTATION('',(#1785),#1789);
#1785 = LINE('',#1786,#1787);
#1786 = CARTESIAN_POINT('',(15.5,5.E-02));
#1787 = VECTOR('',#1788,1.);
#1788 = DIRECTION('',(0.,1.));
#1789 = ( GEOMETRIC_REPRESENTATION_CONTEXT(2) 
PARAMETRIC_REPRESENTATION_CONTEXT() REPRESENTATION_CONTEXT('2D SPACE',''
  ) );
#1790 = ORIENTED_EDGE('',*,*,#1791,.F.);
#1791 = EDGE_CURVE('',#1792,#1769,#1794,.T.);
#1792 = VERTEX_POINT('',#1793);
#1793 = CARTESIAN_POINT('',(18.,36.000000001407,9.5));
#1794 = SURFACE_CURVE('',#1795,(#1799,#1806),.PCURVE_S1.);
#1795 = LINE('',#1796,#1797);
#1796 = CARTESIAN_POINT('',(18.,36.,0.5));
#1797 = VECTOR('',#1798,1.);
#1798 = DIRECTION('',(-0.,0.,-1.));
#1799 = PCURVE('',#467,#1800);
#1800 = DEFINITIONAL_REPRESENTATION('',(#1801),#1805);
#1801 = LINE('',#1802,#1803);
#1802 = CARTESIAN_POINT('',(0.6,-76.));
#1803 = VECTOR('',#1804,1.);
#1804 = DIRECTION('',(-1.,-0.));
#1805 = ( GEOMETRIC_REPRESENTATION_CONTEXT(2) 
PARAMETRIC_REPRESENTATION_CONTEXT() REPRESENTATION_CONTEXT('2D SPACE',''
  ) );
#1806 = PCURVE('',#439,#1807);
#1807 = DEFINITIONAL_REPRESENTATION('',(#1808),#1811);
#1808 = B_SPLINE_CURVE_WITH_KNOTS('',1,(#1809,#1810),.UNSPECIFIED.,.F.,
  .F.,(2,2),(-9.,-0.5),.PIECEWISE_BEZIER_KNOTS.);
#1809 = CARTESIAN_POINT('',(15.5,-9.5));
#1810 = CARTESIAN_POINT('',(15.5,-1.));
#1811 = ( GEOMETRIC_REPRESENTATION_CONTEXT(2) 
PARAMETRIC_REPRESENTATION_CONTEXT() REPRESENTATION_CONTEXT('2D SPACE',''
  ) );
#1812 = ORIENTED_EDGE('',*,*,#1813,.F.);
#1813 = EDGE_CURVE('',#1814,#1792,#1816,.T.);
#1814 = VERTEX_POINT('',#1815);
#1815 = CARTESIAN_POINT('',(18.,30.8,9.5));
#1816 = SURFACE_CURVE('',#1817,(#1821,#1828),.PCURVE_S1.);
#1817 = LINE('',#1818,#1819);
#1818 = CARTESIAN_POINT('',(18.,30.8,9.5));
#1819 = VECTOR('',#1820,1.);
#1820 = DIRECTION('',(0.,1.,0.));
#1821 = PCURVE('',#467,#1822);
#1822 = DEFINITIONAL_REPRESENTATION('',(#1823),#1827);
#1823 = LINE('',#1824,#1825);
#1824 = CARTESIAN_POINT('',(9.6,-70.8));
#1825 = VECTOR('',#1826,1.);
#1826 = DIRECTION('',(0.,-1.));
#1827 = ( GEOMETRIC_REPRESENTATION_CONTEXT(2) 
PARAMETRIC_REPRESENTATION_CONTEXT() REPRESENTATION_CONTEXT('2D SPACE',''
  ) );
#1828 = PCURVE('',#1829,#1834);
#1829 = PLANE('',#1830);
#1830 = AXIS2_PLACEMENT_3D('',#1831,#1832,#1833);
#1831 = CARTESIAN_POINT('',(18.,-40.,9.5));
#1832 = DIRECTION('',(0.,0.,1.));
#1833 = DIRECTION('',(1.,0.,-0.));
#1834 = DEFINITIONAL_REPRESENTATION('',(#1835),#1839);
#1835 = LINE('',#1836,#1837);
#1836 = CARTESIAN_POINT('',(0.,70.8));
#1837 = VECTOR('',#1838,1.);
#1838 = DIRECTION('',(0.,1.));
#1839 = ( GEOMETRIC_REPRESENTATION_CONTEXT(2) 
PARAMETRIC_REPRESENTATION_CONTEXT() REPRESENTATION_CONTEXT('2D SPACE',''
  ) );
#1840 = ORIENTED_EDGE('',*,*,#1841,.T.);
#1841 = EDGE_CURVE('',#1814,#1842,#1844,.T.);
#1842 = VERTEX_POINT('',#1843);
#1843 = CARTESIAN_POINT('',(18.,30.8,7.5));
#1844 = SURFACE_CURVE('',#1845,(#1849,#1856),.PCURVE_S1.);
#1845 = LINE('',#1846,#1847);
#1846 = CARTESIAN_POINT('',(18.,30.8,1.5));
#1847 = VECTOR('',#1848,1.);
#1848 = DIRECTION('',(-0.,0.,-1.));
#1849 = PCURVE('',#467,#1850);
#1850 = DEFINITIONAL_REPRESENTATION('',(#1851),#1855);
#1851 = LINE('',#1852,#1853);
#1852 = CARTESIAN_POINT('',(1.6,-70.8));
#1853 = VECTOR('',#1854,1.);
#1854 = DIRECTION('',(-1.,-0.));
#1855 = ( GEOMETRIC_REPRESENTATION_CONTEXT(2) 
PARAMETRIC_REPRESENTATION_CONTEXT() REPRESENTATION_CONTEXT('2D SPACE',''
  ) );
#1856 = PCURVE('',#1234,#1857);
#1857 = DEFINITIONAL_REPRESENTATION('',(#1858),#1862);
#1858 = LINE('',#1859,#1860);
#1859 = CARTESIAN_POINT('',(0.5,16.6));
#1860 = VECTOR('',#1861,1.);
#1861 = DIRECTION('',(-1.,0.));
#1862 = ( GEOMETRIC_REPRESENTATION_CONTEXT(2) 
PARAMETRIC_REPRESENTATION_CONTEXT() REPRESENTATION_CONTEXT('2D SPACE',''
  ) );
#1863 = ORIENTED_EDGE('',*,*,#1864,.T.);
#1864 = EDGE_CURVE('',#1842,#1694,#1865,.T.);
#1865 = SURFACE_CURVE('',#1866,(#1870,#1877),.PCURVE_S1.);
#1866 = LINE('',#1867,#1868);
#1867 = CARTESIAN_POINT('',(18.,30.8,7.5));
#1868 = VECTOR('',#1869,1.);
#1869 = DIRECTION('',(-0.,1.,0.));
#1870 = PCURVE('',#467,#1871);
#1871 = DEFINITIONAL_REPRESENTATION('',(#1872),#1876);
#1872 = LINE('',#1873,#1874);
#1873 = CARTESIAN_POINT('',(7.6,-70.8));
#1874 = VECTOR('',#1875,1.);
#1875 = DIRECTION('',(0.,-1.));
#1876 = ( GEOMETRIC_REPRESENTATION_CONTEXT(2) 
PARAMETRIC_REPRESENTATION_CONTEXT() REPRESENTATION_CONTEXT('2D SPACE',''
  ) );
#1877 = PCURVE('',#1709,#1878);
#1878 = DEFINITIONAL_REPRESENTATION('',(#1879),#1883);
#1879 = LINE('',#1880,#1881);
#1880 = CARTESIAN_POINT('',(16.6,0.));
#1881 = VECTOR('',#1882,1.);
#1882 = DIRECTION('',(0.,1.));
#1883 = ( GEOMETRIC_REPRESENTATION_CONTEXT(2) 
PARAMETRIC_REPRESENTATION_CONTEXT() REPRESENTATION_CONTEXT('2D SPACE',''
  ) );
#1884 = ORIENTED_EDGE('',*,*,#1721,.F.);
#1885 = ORIENTED_EDGE('',*,*,#1744,.T.);
#1886 = ORIENTED_EDGE('',*,*,#451,.T.);
#1887 = ADVANCED_FACE('',(#1888),#439,.T.);
#1888 = FACE_BOUND('',#1889,.T.);
#1889 = EDGE_LOOP('',(#1890,#1891,#1892,#1893,#1914));
#1890 = ORIENTED_EDGE('',*,*,#423,.F.);
#1891 = ORIENTED_EDGE('',*,*,#1768,.F.);
#1892 = ORIENTED_EDGE('',*,*,#1791,.F.);
#1893 = ORIENTED_EDGE('',*,*,#1894,.T.);
#1894 = EDGE_CURVE('',#1792,#1895,#1897,.T.);
#1895 = VERTEX_POINT('',#1896);
#1896 = CARTESIAN_POINT('',(21.499999998626,36.,9.5));
#1897 = SURFACE_CURVE('',#1898,(#1902,#1908),.PCURVE_S1.);
#1898 = LINE('',#1899,#1900);
#1899 = CARTESIAN_POINT('',(10.25,36.,9.5));
#1900 = VECTOR('',#1901,1.);
#1901 = DIRECTION('',(1.,0.,0.));
#1902 = PCURVE('',#439,#1903);
#1903 = DEFINITIONAL_REPRESENTATION('',(#1904),#1907);
#1904 = B_SPLINE_CURVE_WITH_KNOTS('',1,(#1905,#1906),.UNSPECIFIED.,.F.,
  .F.,(2,2),(7.75,11.249999998626),.PIECEWISE_BEZIER_KNOTS.);
#1905 = CARTESIAN_POINT('',(15.5,-9.5));
#1906 = CARTESIAN_POINT('',(18.999999998626,-9.5));
#1907 = ( GEOMETRIC_REPRESENTATION_CONTEXT(2) 
PARAMETRIC_REPRESENTATION_CONTEXT() REPRESENTATION_CONTEXT('2D SPACE',''
  ) );
#1908 = PCURVE('',#1829,#1909);
#1909 = DEFINITIONAL_REPRESENTATION('',(#1910),#1913);
#1910 = B_SPLINE_CURVE_WITH_KNOTS('',1,(#1911,#1912),.UNSPECIFIED.,.F.,
  .F.,(2,2),(7.75,11.249999998626),.PIECEWISE_BEZIER_KNOTS.);
#1911 = CARTESIAN_POINT('',(0.,76.));
#1912 = CARTESIAN_POINT('',(3.499999998626,76.));
#1913 = ( GEOMETRIC_REPRESENTATION_CONTEXT(2) 
PARAMETRIC_REPRESENTATION_CONTEXT() REPRESENTATION_CONTEXT('2D SPACE',''
  ) );
#1914 = ORIENTED_EDGE('',*,*,#1915,.F.);
#1915 = EDGE_CURVE('',#391,#1895,#1916,.T.);
#1916 = SURFACE_CURVE('',#1917,(#1921,#1928),.PCURVE_S1.);
#1917 = LINE('',#1918,#1919);
#1918 = CARTESIAN_POINT('',(21.499999998626,36.,0.));
#1919 = VECTOR('',#1920,1.);
#1920 = DIRECTION('',(0.,0.,1.));
#1921 = PCURVE('',#439,#1922);
#1922 = DEFINITIONAL_REPRESENTATION('',(#1923),#1927);
#1923 = LINE('',#1924,#1925);
#1924 = CARTESIAN_POINT('',(18.999999998626,0.));
#1925 = VECTOR('',#1926,1.);
#1926 = DIRECTION('',(0.,-1.));
#1927 = ( GEOMETRIC_REPRESENTATION_CONTEXT(2) 
PARAMETRIC_REPRESENTATION_CONTEXT() REPRESENTATION_CONTEXT('2D SPACE',''
  ) );
#1928 = PCURVE('',#411,#1929);
#1929 = DEFINITIONAL_REPRESENTATION('',(#1930),#1934);
#1930 = LINE('',#1931,#1932);
#1931 = CARTESIAN_POINT('',(1.570796326795,0.));
#1932 = VECTOR('',#1933,1.);
#1933 = DIRECTION('',(0.,-1.));
#1934 = ( GEOMETRIC_REPRESENTATION_CONTEXT(2) 
PARAMETRIC_REPRESENTATION_CONTEXT() REPRESENTATION_CONTEXT('2D SPACE',''
  ) );
#1935 = ADVANCED_FACE('',(#1936),#411,.T.);
#1936 = FACE_BOUND('',#1937,.T.);
#1937 = EDGE_LOOP('',(#1938,#1939,#1940,#1968));
#1938 = ORIENTED_EDGE('',*,*,#390,.F.);
#1939 = ORIENTED_EDGE('',*,*,#1915,.T.);
#1940 = ORIENTED_EDGE('',*,*,#1941,.T.);
#1941 = EDGE_CURVE('',#1895,#1942,#1944,.T.);
#1942 = VERTEX_POINT('',#1943);
#1943 = CARTESIAN_POINT('',(23.999999999313,33.5,9.5));
#1944 = SURFACE_CURVE('',#1945,(#1950,#1957),.PCURVE_S1.);
#1945 = CIRCLE('',#1946,2.5);
#1946 = AXIS2_PLACEMENT_3D('',#1947,#1948,#1949);
#1947 = CARTESIAN_POINT('',(21.499999998626,33.5,9.5));
#1948 = DIRECTION('',(0.,0.,-1.));
#1949 = DIRECTION('',(-1.,0.,0.));
#1950 = PCURVE('',#411,#1951);
#1951 = DEFINITIONAL_REPRESENTATION('',(#1952),#1956);
#1952 = LINE('',#1953,#1954);
#1953 = CARTESIAN_POINT('',(0.,-9.5));
#1954 = VECTOR('',#1955,1.);
#1955 = DIRECTION('',(1.,0.));
#1956 = ( GEOMETRIC_REPRESENTATION_CONTEXT(2) 
PARAMETRIC_REPRESENTATION_CONTEXT() REPRESENTATION_CONTEXT('2D SPACE',''
  ) );
#1957 = PCURVE('',#1829,#1958);
#1958 = DEFINITIONAL_REPRESENTATION('',(#1959),#1967);
#1959 = ( BOUNDED_CURVE() B_SPLINE_CURVE(2,(#1960,#1961,#1962,#1963,
#1964,#1965,#1966),.UNSPECIFIED.,.T.,.F.) B_SPLINE_CURVE_WITH_KNOTS((1,2
    ,2,2,2,1),(-2.094395102393,0.,2.094395102393,4.188790204786,
6.28318530718,8.377580409573),.UNSPECIFIED.) CURVE() 
GEOMETRIC_REPRESENTATION_ITEM() RATIONAL_B_SPLINE_CURVE((1.,0.5,1.,0.5,
1.,0.5,1.)) REPRESENTATION_ITEM('') );
#1960 = CARTESIAN_POINT('',(0.999999998626,73.5));
#1961 = CARTESIAN_POINT('',(0.999999998626,77.830127018922));
#1962 = CARTESIAN_POINT('',(4.749999998626,75.665063509461));
#1963 = CARTESIAN_POINT('',(8.499999998626,73.5));
#1964 = CARTESIAN_POINT('',(4.749999998626,71.334936490539));
#1965 = CARTESIAN_POINT('',(0.999999998626,69.169872981078));
#1966 = CARTESIAN_POINT('',(0.999999998626,73.5));
#1967 = ( GEOMETRIC_REPRESENTATION_CONTEXT(2) 
PARAMETRIC_REPRESENTATION_CONTEXT() REPRESENTATION_CONTEXT('2D SPACE',''
  ) );
#1968 = ORIENTED_EDGE('',*,*,#1969,.F.);
#1969 = EDGE_CURVE('',#363,#1942,#1970,.T.);
#1970 = SURFACE_CURVE('',#1971,(#1975,#1982),.PCURVE_S1.);
#1971 = LINE('',#1972,#1973);
#1972 = CARTESIAN_POINT('',(23.999999999313,33.5,0.));
#1973 = VECTOR('',#1974,1.);
#1974 = DIRECTION('',(0.,0.,1.));
#1975 = PCURVE('',#411,#1976);
#1976 = DEFINITIONAL_REPRESENTATION('',(#1977),#1981);
#1977 = LINE('',#1978,#1979);
#1978 = CARTESIAN_POINT('',(3.14159265359,0.));
#1979 = VECTOR('',#1980,1.);
#1980 = DIRECTION('',(0.,-1.));
#1981 = ( GEOMETRIC_REPRESENTATION_CONTEXT(2) 
PARAMETRIC_REPRESENTATION_CONTEXT() REPRESENTATION_CONTEXT('2D SPACE',''
  ) );
#1982 = PCURVE('',#378,#1983);
#1983 = DEFINITIONAL_REPRESENTATION('',(#1984),#1988);
#1984 = LINE('',#1985,#1986);
#1985 = CARTESIAN_POINT('',(67.,0.));
#1986 = VECTOR('',#1987,1.);
#1987 = DIRECTION('',(0.,-1.));
#1988 = ( GEOMETRIC_REPRESENTATION_CONTEXT(2) 
PARAMETRIC_REPRESENTATION_CONTEXT() REPRESENTATION_CONTEXT('2D SPACE',''
  ) );
#1989 = ADVANCED_FACE('',(#1990,#2036),#378,.F.);
#1990 = FACE_BOUND('',#1991,.F.);
#1991 = EDGE_LOOP('',(#1992,#1993,#2016,#2035));
#1992 = ORIENTED_EDGE('',*,*,#362,.F.);
#1993 = ORIENTED_EDGE('',*,*,#1994,.T.);
#1994 = EDGE_CURVE('',#330,#1995,#1997,.T.);
#1995 = VERTEX_POINT('',#1996);
#1996 = CARTESIAN_POINT('',(23.999999999313,-33.5,9.5));
#1997 = SURFACE_CURVE('',#1998,(#2002,#2009),.PCURVE_S1.);
#1998 = LINE('',#1999,#2000);
#1999 = CARTESIAN_POINT('',(23.999999999313,-33.5,0.));
#2000 = VECTOR('',#2001,1.);
#2001 = DIRECTION('',(0.,0.,1.));
#2002 = PCURVE('',#378,#2003);
#2003 = DEFINITIONAL_REPRESENTATION('',(#2004),#2008);
#2004 = LINE('',#2005,#2006);
#2005 = CARTESIAN_POINT('',(0.,0.));
#2006 = VECTOR('',#2007,1.);
#2007 = DIRECTION('',(0.,-1.));
#2008 = ( GEOMETRIC_REPRESENTATION_CONTEXT(2) 
PARAMETRIC_REPRESENTATION_CONTEXT() REPRESENTATION_CONTEXT('2D SPACE',''
  ) );
#2009 = PCURVE('',#350,#2010);
#2010 = DEFINITIONAL_REPRESENTATION('',(#2011),#2015);
#2011 = LINE('',#2012,#2013);
#2012 = CARTESIAN_POINT('',(3.14159265359,0.));
#2013 = VECTOR('',#2014,1.);
#2014 = DIRECTION('',(0.,-1.));
#2015 = ( GEOMETRIC_REPRESENTATION_CONTEXT(2) 
PARAMETRIC_REPRESENTATION_CONTEXT() REPRESENTATION_CONTEXT('2D SPACE',''
  ) );
#2016 = ORIENTED_EDGE('',*,*,#2017,.T.);
#2017 = EDGE_CURVE('',#1995,#1942,#2018,.T.);
#2018 = SURFACE_CURVE('',#2019,(#2023,#2029),.PCURVE_S1.);
#2019 = LINE('',#2020,#2021);
#2020 = CARTESIAN_POINT('',(24.,-36.75,9.5));
#2021 = VECTOR('',#2022,1.);
#2022 = DIRECTION('',(0.,1.,-0.));
#2023 = PCURVE('',#378,#2024);
#2024 = DEFINITIONAL_REPRESENTATION('',(#2025),#2028);
#2025 = B_SPLINE_CURVE_WITH_KNOTS('',1,(#2026,#2027),.UNSPECIFIED.,.F.,
  .F.,(2,2),(3.25,70.25),.PIECEWISE_BEZIER_KNOTS.);
#2026 = CARTESIAN_POINT('',(0.,-9.5));
#2027 = CARTESIAN_POINT('',(67.,-9.5));
#2028 = ( GEOMETRIC_REPRESENTATION_CONTEXT(2) 
PARAMETRIC_REPRESENTATION_CONTEXT() REPRESENTATION_CONTEXT('2D SPACE',''
  ) );
#2029 = PCURVE('',#1829,#2030);
#2030 = DEFINITIONAL_REPRESENTATION('',(#2031),#2034);
#2031 = B_SPLINE_CURVE_WITH_KNOTS('',1,(#2032,#2033),.UNSPECIFIED.,.F.,
  .F.,(2,2),(3.25,70.25),.PIECEWISE_BEZIER_KNOTS.);
#2032 = CARTESIAN_POINT('',(6.,6.5));
#2033 = CARTESIAN_POINT('',(6.,73.5));
#2034 = ( GEOMETRIC_REPRESENTATION_CONTEXT(2) 
PARAMETRIC_REPRESENTATION_CONTEXT() REPRESENTATION_CONTEXT('2D SPACE',''
  ) );
#2035 = ORIENTED_EDGE('',*,*,#1969,.F.);
#2036 = FACE_BOUND('',#2037,.F.);
#2037 = EDGE_LOOP('',(#2038,#2066,#2092,#2118));
#2038 = ORIENTED_EDGE('',*,*,#2039,.F.);
#2039 = EDGE_CURVE('',#2040,#2042,#2044,.T.);
#2040 = VERTEX_POINT('',#2041);
#2041 = CARTESIAN_POINT('',(24.,-7.,8.));
#2042 = VERTEX_POINT('',#2043);
#2043 = CARTESIAN_POINT('',(24.,7.,8.));
#2044 = SURFACE_CURVE('',#2045,(#2049,#2055),.PCURVE_S1.);
#2045 = LINE('',#2046,#2047);
#2046 = CARTESIAN_POINT('',(24.,-20.25,8.));
#2047 = VECTOR('',#2048,1.);
#2048 = DIRECTION('',(0.,1.,-0.));
#2049 = PCURVE('',#378,#2050);
#2050 = DEFINITIONAL_REPRESENTATION('',(#2051),#2054);
#2051 = B_SPLINE_CURVE_WITH_KNOTS('',1,(#2052,#2053),.UNSPECIFIED.,.F.,
  .F.,(2,2),(13.25,27.25),.PIECEWISE_BEZIER_KNOTS.);
#2052 = CARTESIAN_POINT('',(26.5,-8.));
#2053 = CARTESIAN_POINT('',(40.5,-8.));
#2054 = ( GEOMETRIC_REPRESENTATION_CONTEXT(2) 
PARAMETRIC_REPRESENTATION_CONTEXT() REPRESENTATION_CONTEXT('2D SPACE',''
  ) );
#2055 = PCURVE('',#2056,#2061);
#2056 = PLANE('',#2057);
#2057 = AXIS2_PLACEMENT_3D('',#2058,#2059,#2060);
#2058 = CARTESIAN_POINT('',(22.7,-7.,8.));
#2059 = DIRECTION('',(0.,0.,1.));
#2060 = DIRECTION('',(1.,0.,-0.));
#2061 = DEFINITIONAL_REPRESENTATION('',(#2062),#2065);
#2062 = B_SPLINE_CURVE_WITH_KNOTS('',1,(#2063,#2064),.UNSPECIFIED.,.F.,
  .F.,(2,2),(13.25,27.25),.PIECEWISE_BEZIER_KNOTS.);
#2063 = CARTESIAN_POINT('',(1.3,0.));
#2064 = CARTESIAN_POINT('',(1.3,14.));
#2065 = ( GEOMETRIC_REPRESENTATION_CONTEXT(2) 
PARAMETRIC_REPRESENTATION_CONTEXT() REPRESENTATION_CONTEXT('2D SPACE',''
  ) );
#2066 = ORIENTED_EDGE('',*,*,#2067,.T.);
#2067 = EDGE_CURVE('',#2040,#2068,#2070,.T.);
#2068 = VERTEX_POINT('',#2069);
#2069 = CARTESIAN_POINT('',(24.,-7.,3.3));
#2070 = SURFACE_CURVE('',#2071,(#2075,#2081),.PCURVE_S1.);
#2071 = LINE('',#2072,#2073);
#2072 = CARTESIAN_POINT('',(24.,-7.,1.65));
#2073 = VECTOR('',#2074,1.);
#2074 = DIRECTION('',(0.,0.,-1.));
#2075 = PCURVE('',#378,#2076);
#2076 = DEFINITIONAL_REPRESENTATION('',(#2077),#2080);
#2077 = B_SPLINE_CURVE_WITH_KNOTS('',1,(#2078,#2079),.UNSPECIFIED.,.F.,
  .F.,(2,2),(-6.35,-1.65),.PIECEWISE_BEZIER_KNOTS.);
#2078 = CARTESIAN_POINT('',(26.5,-8.));
#2079 = CARTESIAN_POINT('',(26.5,-3.3));
#2080 = ( GEOMETRIC_REPRESENTATION_CONTEXT(2) 
PARAMETRIC_REPRESENTATION_CONTEXT() REPRESENTATION_CONTEXT('2D SPACE',''
  ) );
#2081 = PCURVE('',#2082,#2087);
#2082 = PLANE('',#2083);
#2083 = AXIS2_PLACEMENT_3D('',#2084,#2085,#2086);
#2084 = CARTESIAN_POINT('',(22.7,-7.,3.3));
#2085 = DIRECTION('',(-0.,1.,0.));
#2086 = DIRECTION('',(0.,0.,1.));
#2087 = DEFINITIONAL_REPRESENTATION('',(#2088),#2091);
#2088 = B_SPLINE_CURVE_WITH_KNOTS('',1,(#2089,#2090),.UNSPECIFIED.,.F.,
  .F.,(2,2),(-6.35,-1.65),.PIECEWISE_BEZIER_KNOTS.);
#2089 = CARTESIAN_POINT('',(4.7,1.3));
#2090 = CARTESIAN_POINT('',(0.,1.3));
#2091 = ( GEOMETRIC_REPRESENTATION_CONTEXT(2) 
PARAMETRIC_REPRESENTATION_CONTEXT() REPRESENTATION_CONTEXT('2D SPACE',''
  ) );
#2092 = ORIENTED_EDGE('',*,*,#2093,.T.);
#2093 = EDGE_CURVE('',#2068,#2094,#2096,.T.);
#2094 = VERTEX_POINT('',#2095);
#2095 = CARTESIAN_POINT('',(24.,7.,3.3));
#2096 = SURFACE_CURVE('',#2097,(#2101,#2107),.PCURVE_S1.);
#2097 = LINE('',#2098,#2099);
#2098 = CARTESIAN_POINT('',(24.,-20.25,3.3));
#2099 = VECTOR('',#2100,1.);
#2100 = DIRECTION('',(0.,1.,-0.));
#2101 = PCURVE('',#378,#2102);
#2102 = DEFINITIONAL_REPRESENTATION('',(#2103),#2106);
#2103 = B_SPLINE_CURVE_WITH_KNOTS('',1,(#2104,#2105),.UNSPECIFIED.,.F.,
  .F.,(2,2),(13.25,27.25),.PIECEWISE_BEZIER_KNOTS.);
#2104 = CARTESIAN_POINT('',(26.5,-3.3));
#2105 = CARTESIAN_POINT('',(40.5,-3.3));
#2106 = ( GEOMETRIC_REPRESENTATION_CONTEXT(2) 
PARAMETRIC_REPRESENTATION_CONTEXT() REPRESENTATION_CONTEXT('2D SPACE',''
  ) );
#2107 = PCURVE('',#2108,#2113);
#2108 = PLANE('',#2109);
#2109 = AXIS2_PLACEMENT_3D('',#2110,#2111,#2112);
#2110 = CARTESIAN_POINT('',(22.7,-7.,3.3));
#2111 = DIRECTION('',(0.,0.,1.));
#2112 = DIRECTION('',(1.,0.,-0.));
#2113 = DEFINITIONAL_REPRESENTATION('',(#2114),#2117);
#2114 = B_SPLINE_CURVE_WITH_KNOTS('',1,(#2115,#2116),.UNSPECIFIED.,.F.,
  .F.,(2,2),(13.25,27.25),.PIECEWISE_BEZIER_KNOTS.);
#2115 = CARTESIAN_POINT('',(1.3,0.));
#2116 = CARTESIAN_POINT('',(1.3,14.));
#2117 = ( GEOMETRIC_REPRESENTATION_CONTEXT(2) 
PARAMETRIC_REPRESENTATION_CONTEXT() REPRESENTATION_CONTEXT('2D SPACE',''
  ) );
#2118 = ORIENTED_EDGE('',*,*,#2119,.F.);
#2119 = EDGE_CURVE('',#2042,#2094,#2120,.T.);
#2120 = SURFACE_CURVE('',#2121,(#2125,#2131),.PCURVE_S1.);
#2121 = LINE('',#2122,#2123);
#2122 = CARTESIAN_POINT('',(24.,7.,1.65));
#2123 = VECTOR('',#2124,1.);
#2124 = DIRECTION('',(0.,0.,-1.));
#2125 = PCURVE('',#378,#2126);
#2126 = DEFINITIONAL_REPRESENTATION('',(#2127),#2130);
#2127 = B_SPLINE_CURVE_WITH_KNOTS('',1,(#2128,#2129),.UNSPECIFIED.,.F.,
  .F.,(2,2),(-6.35,-1.65),.PIECEWISE_BEZIER_KNOTS.);
#2128 = CARTESIAN_POINT('',(40.5,-8.));
#2129 = CARTESIAN_POINT('',(40.5,-3.3));
#2130 = ( GEOMETRIC_REPRESENTATION_CONTEXT(2) 
PARAMETRIC_REPRESENTATION_CONTEXT() REPRESENTATION_CONTEXT('2D SPACE',''
  ) );
#2131 = PCURVE('',#2132,#2137);
#2132 = PLANE('',#2133);
#2133 = AXIS2_PLACEMENT_3D('',#2134,#2135,#2136);
#2134 = CARTESIAN_POINT('',(22.7,7.,3.3));
#2135 = DIRECTION('',(-0.,1.,0.));
#2136 = DIRECTION('',(0.,0.,1.));
#2137 = DEFINITIONAL_REPRESENTATION('',(#2138),#2141);
#2138 = B_SPLINE_CURVE_WITH_KNOTS('',1,(#2139,#2140),.UNSPECIFIED.,.F.,
  .F.,(2,2),(-6.35,-1.65),.PIECEWISE_BEZIER_KNOTS.);
#2139 = CARTESIAN_POINT('',(4.7,1.3));
#2140 = CARTESIAN_POINT('',(0.,1.3));
#2141 = ( GEOMETRIC_REPRESENTATION_CONTEXT(2) 
PARAMETRIC_REPRESENTATION_CONTEXT() REPRESENTATION_CONTEXT('2D SPACE',''
  ) );
#2142 = ADVANCED_FACE('',(#2143),#350,.T.);
#2143 = FACE_BOUND('',#2144,.T.);
#2144 = EDGE_LOOP('',(#2145,#2146,#2147,#2175));
#2145 = ORIENTED_EDGE('',*,*,#329,.F.);
#2146 = ORIENTED_EDGE('',*,*,#1994,.T.);
#2147 = ORIENTED_EDGE('',*,*,#2148,.T.);
#2148 = EDGE_CURVE('',#1995,#2149,#2151,.T.);
#2149 = VERTEX_POINT('',#2150);
#2150 = CARTESIAN_POINT('',(21.499999998626,-36.,9.5));
#2151 = SURFACE_CURVE('',#2152,(#2157,#2164),.PCURVE_S1.);
#2152 = CIRCLE('',#2153,2.5);
#2153 = AXIS2_PLACEMENT_3D('',#2154,#2155,#2156);
#2154 = CARTESIAN_POINT('',(21.499999998626,-33.5,9.5));
#2155 = DIRECTION('',(0.,0.,-1.));
#2156 = DIRECTION('',(-1.,0.,0.));
#2157 = PCURVE('',#350,#2158);
#2158 = DEFINITIONAL_REPRESENTATION('',(#2159),#2163);
#2159 = LINE('',#2160,#2161);
#2160 = CARTESIAN_POINT('',(0.,-9.5));
#2161 = VECTOR('',#2162,1.);
#2162 = DIRECTION('',(1.,0.));
#2163 = ( GEOMETRIC_REPRESENTATION_CONTEXT(2) 
PARAMETRIC_REPRESENTATION_CONTEXT() REPRESENTATION_CONTEXT('2D SPACE',''
  ) );
#2164 = PCURVE('',#1829,#2165);
#2165 = DEFINITIONAL_REPRESENTATION('',(#2166),#2174);
#2166 = ( BOUNDED_CURVE() B_SPLINE_CURVE(2,(#2167,#2168,#2169,#2170,
#2171,#2172,#2173),.UNSPECIFIED.,.T.,.F.) B_SPLINE_CURVE_WITH_KNOTS((1,2
    ,2,2,2,1),(-2.094395102393,0.,2.094395102393,4.188790204786,
6.28318530718,8.377580409573),.UNSPECIFIED.) CURVE() 
GEOMETRIC_REPRESENTATION_ITEM() RATIONAL_B_SPLINE_CURVE((1.,0.5,1.,0.5,
1.,0.5,1.)) REPRESENTATION_ITEM('') );
#2167 = CARTESIAN_POINT('',(0.999999998626,6.5));
#2168 = CARTESIAN_POINT('',(0.999999998626,10.830127018922));
#2169 = CARTESIAN_POINT('',(4.749999998626,8.665063509461));
#2170 = CARTESIAN_POINT('',(8.499999998626,6.5));
#2171 = CARTESIAN_POINT('',(4.749999998626,4.334936490539));
#2172 = CARTESIAN_POINT('',(0.999999998626,2.169872981078));
#2173 = CARTESIAN_POINT('',(0.999999998626,6.5));
#2174 = ( GEOMETRIC_REPRESENTATION_CONTEXT(2) 
PARAMETRIC_REPRESENTATION_CONTEXT() REPRESENTATION_CONTEXT('2D SPACE',''
  ) );
#2175 = ORIENTED_EDGE('',*,*,#2176,.F.);
#2176 = EDGE_CURVE('',#302,#2149,#2177,.T.);
#2177 = SURFACE_CURVE('',#2178,(#2182,#2189),.PCURVE_S1.);
#2178 = LINE('',#2179,#2180);
#2179 = CARTESIAN_POINT('',(21.499999998626,-36.,0.));
#2180 = VECTOR('',#2181,1.);
#2181 = DIRECTION('',(0.,0.,1.));
#2182 = PCURVE('',#350,#2183);
#2183 = DEFINITIONAL_REPRESENTATION('',(#2184),#2188);
#2184 = LINE('',#2185,#2186);
#2185 = CARTESIAN_POINT('',(4.712388980385,0.));
#2186 = VECTOR('',#2187,1.);
#2187 = DIRECTION('',(0.,-1.));
#2188 = ( GEOMETRIC_REPRESENTATION_CONTEXT(2) 
PARAMETRIC_REPRESENTATION_CONTEXT() REPRESENTATION_CONTEXT('2D SPACE',''
  ) );
#2189 = PCURVE('',#317,#2190);
#2190 = DEFINITIONAL_REPRESENTATION('',(#2191),#2195);
#2191 = LINE('',#2192,#2193);
#2192 = CARTESIAN_POINT('',(18.999999998626,0.));
#2193 = VECTOR('',#2194,1.);
#2194 = DIRECTION('',(0.,-1.));
#2195 = ( GEOMETRIC_REPRESENTATION_CONTEXT(2) 
PARAMETRIC_REPRESENTATION_CONTEXT() REPRESENTATION_CONTEXT('2D SPACE',''
  ) );
#2196 = ADVANCED_FACE('',(#2197),#317,.F.);
#2197 = FACE_BOUND('',#2198,.F.);
#2198 = EDGE_LOOP('',(#2199,#2200,#2223,#2245,#2264));
#2199 = ORIENTED_EDGE('',*,*,#301,.F.);
#2200 = ORIENTED_EDGE('',*,*,#2201,.F.);
#2201 = EDGE_CURVE('',#2202,#274,#2204,.T.);
#2202 = VERTEX_POINT('',#2203);
#2203 = CARTESIAN_POINT('',(18.,-36.,1.));
#2204 = SURFACE_CURVE('',#2205,(#2209,#2216),.PCURVE_S1.);
#2205 = LINE('',#2206,#2207);
#2206 = CARTESIAN_POINT('',(18.,-35.99999999718,-5.E-02));
#2207 = VECTOR('',#2208,1.);
#2208 = DIRECTION('',(-0.,0.,-1.));
#2209 = PCURVE('',#317,#2210);
#2210 = DEFINITIONAL_REPRESENTATION('',(#2211),#2215);
#2211 = LINE('',#2212,#2213);
#2212 = CARTESIAN_POINT('',(15.5,5.E-02));
#2213 = VECTOR('',#2214,1.);
#2214 = DIRECTION('',(0.,1.));
#2215 = ( GEOMETRIC_REPRESENTATION_CONTEXT(2) 
PARAMETRIC_REPRESENTATION_CONTEXT() REPRESENTATION_CONTEXT('2D SPACE',''
  ) );
#2216 = PCURVE('',#289,#2217);
#2217 = DEFINITIONAL_REPRESENTATION('',(#2218),#2222);
#2218 = LINE('',#2219,#2220);
#2219 = CARTESIAN_POINT('',(5.E-02,-4.000000002815));
#2220 = VECTOR('',#2221,1.);
#2221 = DIRECTION('',(-1.,-0.));
#2222 = ( GEOMETRIC_REPRESENTATION_CONTEXT(2) 
PARAMETRIC_REPRESENTATION_CONTEXT() REPRESENTATION_CONTEXT('2D SPACE',''
  ) );
#2223 = ORIENTED_EDGE('',*,*,#2224,.F.);
#2224 = EDGE_CURVE('',#2225,#2202,#2227,.T.);
#2225 = VERTEX_POINT('',#2226);
#2226 = CARTESIAN_POINT('',(18.,-35.99999999718,9.5));
#2227 = SURFACE_CURVE('',#2228,(#2232,#2238),.PCURVE_S1.);
#2228 = LINE('',#2229,#2230);
#2229 = CARTESIAN_POINT('',(18.,-36.,0.5));
#2230 = VECTOR('',#2231,1.);
#2231 = DIRECTION('',(-0.,0.,-1.));
#2232 = PCURVE('',#317,#2233);
#2233 = DEFINITIONAL_REPRESENTATION('',(#2234),#2237);
#2234 = B_SPLINE_CURVE_WITH_KNOTS('',1,(#2235,#2236),.UNSPECIFIED.,.F.,
  .F.,(2,2),(-9.,-0.5),.PIECEWISE_BEZIER_KNOTS.);
#2235 = CARTESIAN_POINT('',(15.5,-9.5));
#2236 = CARTESIAN_POINT('',(15.5,-1.));
#2237 = ( GEOMETRIC_REPRESENTATION_CONTEXT(2) 
PARAMETRIC_REPRESENTATION_CONTEXT() REPRESENTATION_CONTEXT('2D SPACE',''
  ) );
#2238 = PCURVE('',#289,#2239);
#2239 = DEFINITIONAL_REPRESENTATION('',(#2240),#2244);
#2240 = LINE('',#2241,#2242);
#2241 = CARTESIAN_POINT('',(0.6,-4.));
#2242 = VECTOR('',#2243,1.);
#2243 = DIRECTION('',(-1.,-0.));
#2244 = ( GEOMETRIC_REPRESENTATION_CONTEXT(2) 
PARAMETRIC_REPRESENTATION_CONTEXT() REPRESENTATION_CONTEXT('2D SPACE',''
  ) );
#2245 = ORIENTED_EDGE('',*,*,#2246,.T.);
#2246 = EDGE_CURVE('',#2225,#2149,#2247,.T.);
#2247 = SURFACE_CURVE('',#2248,(#2252,#2258),.PCURVE_S1.);
#2248 = LINE('',#2249,#2250);
#2249 = CARTESIAN_POINT('',(10.25,-36.,9.5));
#2250 = VECTOR('',#2251,1.);
#2251 = DIRECTION('',(1.,0.,0.));
#2252 = PCURVE('',#317,#2253);
#2253 = DEFINITIONAL_REPRESENTATION('',(#2254),#2257);
#2254 = B_SPLINE_CURVE_WITH_KNOTS('',1,(#2255,#2256),.UNSPECIFIED.,.F.,
  .F.,(2,2),(7.75,11.249999998626),.PIECEWISE_BEZIER_KNOTS.);
#2255 = CARTESIAN_POINT('',(15.5,-9.5));
#2256 = CARTESIAN_POINT('',(18.999999998626,-9.5));
#2257 = ( GEOMETRIC_REPRESENTATION_CONTEXT(2) 
PARAMETRIC_REPRESENTATION_CONTEXT() REPRESENTATION_CONTEXT('2D SPACE',''
  ) );
#2258 = PCURVE('',#1829,#2259);
#2259 = DEFINITIONAL_REPRESENTATION('',(#2260),#2263);
#2260 = B_SPLINE_CURVE_WITH_KNOTS('',1,(#2261,#2262),.UNSPECIFIED.,.F.,
  .F.,(2,2),(7.75,11.249999998626),.PIECEWISE_BEZIER_KNOTS.);
#2261 = CARTESIAN_POINT('',(0.,4.));
#2262 = CARTESIAN_POINT('',(3.499999998626,4.));
#2263 = ( GEOMETRIC_REPRESENTATION_CONTEXT(2) 
PARAMETRIC_REPRESENTATION_CONTEXT() REPRESENTATION_CONTEXT('2D SPACE',''
  ) );
#2264 = ORIENTED_EDGE('',*,*,#2176,.F.);
#2265 = ADVANCED_FACE('',(#2266),#289,.F.);
#2266 = FACE_BOUND('',#2267,.F.);
#2267 = EDGE_LOOP('',(#2268,#2291,#2314,#2342,#2365,#2386,#2387,#2388));
#2268 = ORIENTED_EDGE('',*,*,#2269,.F.);
#2269 = EDGE_CURVE('',#2270,#246,#2272,.T.);
#2270 = VERTEX_POINT('',#2271);
#2271 = CARTESIAN_POINT('',(18.,-34.8,1.));
#2272 = SURFACE_CURVE('',#2273,(#2277,#2284),.PCURVE_S1.);
#2273 = LINE('',#2274,#2275);
#2274 = CARTESIAN_POINT('',(18.,-34.79999999718,-5.E-02));
#2275 = VECTOR('',#2276,1.);
#2276 = DIRECTION('',(-0.,0.,-1.));
#2277 = PCURVE('',#289,#2278);
#2278 = DEFINITIONAL_REPRESENTATION('',(#2279),#2283);
#2279 = LINE('',#2280,#2281);
#2280 = CARTESIAN_POINT('',(5.E-02,-5.200000002815));
#2281 = VECTOR('',#2282,1.);
#2282 = DIRECTION('',(-1.,-0.));
#2283 = ( GEOMETRIC_REPRESENTATION_CONTEXT(2) 
PARAMETRIC_REPRESENTATION_CONTEXT() REPRESENTATION_CONTEXT('2D SPACE',''
  ) );
#2284 = PCURVE('',#261,#2285);
#2285 = DEFINITIONAL_REPRESENTATION('',(#2286),#2290);
#2286 = LINE('',#2287,#2288);
#2287 = CARTESIAN_POINT('',(17.6,5.E-02));
#2288 = VECTOR('',#2289,1.);
#2289 = DIRECTION('',(0.,1.));
#2290 = ( GEOMETRIC_REPRESENTATION_CONTEXT(2) 
PARAMETRIC_REPRESENTATION_CONTEXT() REPRESENTATION_CONTEXT('2D SPACE',''
  ) );
#2291 = ORIENTED_EDGE('',*,*,#2292,.T.);
#2292 = EDGE_CURVE('',#2270,#2293,#2295,.T.);
#2293 = VERTEX_POINT('',#2294);
#2294 = CARTESIAN_POINT('',(18.,-34.8,7.5));
#2295 = SURFACE_CURVE('',#2296,(#2300,#2307),.PCURVE_S1.);
#2296 = LINE('',#2297,#2298);
#2297 = CARTESIAN_POINT('',(18.,-34.8,1.));
#2298 = VECTOR('',#2299,1.);
#2299 = DIRECTION('',(0.,0.,1.));
#2300 = PCURVE('',#289,#2301);
#2301 = DEFINITIONAL_REPRESENTATION('',(#2302),#2306);
#2302 = LINE('',#2303,#2304);
#2303 = CARTESIAN_POINT('',(1.1,-5.2));
#2304 = VECTOR('',#2305,1.);
#2305 = DIRECTION('',(1.,0.));
#2306 = ( GEOMETRIC_REPRESENTATION_CONTEXT(2) 
PARAMETRIC_REPRESENTATION_CONTEXT() REPRESENTATION_CONTEXT('2D SPACE',''
  ) );
#2307 = PCURVE('',#261,#2308);
#2308 = DEFINITIONAL_REPRESENTATION('',(#2309),#2313);
#2309 = LINE('',#2310,#2311);
#2310 = CARTESIAN_POINT('',(17.6,-1.));
#2311 = VECTOR('',#2312,1.);
#2312 = DIRECTION('',(0.,-1.));
#2313 = ( GEOMETRIC_REPRESENTATION_CONTEXT(2) 
PARAMETRIC_REPRESENTATION_CONTEXT() REPRESENTATION_CONTEXT('2D SPACE',''
  ) );
#2314 = ORIENTED_EDGE('',*,*,#2315,.T.);
#2315 = EDGE_CURVE('',#2293,#2316,#2318,.T.);
#2316 = VERTEX_POINT('',#2317);
#2317 = CARTESIAN_POINT('',(18.,-30.8,7.5));
#2318 = SURFACE_CURVE('',#2319,(#2323,#2330),.PCURVE_S1.);
#2319 = LINE('',#2320,#2321);
#2320 = CARTESIAN_POINT('',(18.,-34.8,7.5));
#2321 = VECTOR('',#2322,1.);
#2322 = DIRECTION('',(-0.,1.,0.));
#2323 = PCURVE('',#289,#2324);
#2324 = DEFINITIONAL_REPRESENTATION('',(#2325),#2329);
#2325 = LINE('',#2326,#2327);
#2326 = CARTESIAN_POINT('',(7.6,-5.2));
#2327 = VECTOR('',#2328,1.);
#2328 = DIRECTION('',(0.,-1.));
#2329 = ( GEOMETRIC_REPRESENTATION_CONTEXT(2) 
PARAMETRIC_REPRESENTATION_CONTEXT() REPRESENTATION_CONTEXT('2D SPACE',''
  ) );
#2330 = PCURVE('',#2331,#2336);
#2331 = PLANE('',#2332);
#2332 = AXIS2_PLACEMENT_3D('',#2333,#2334,#2335);
#2333 = CARTESIAN_POINT('',(1.4,-34.8,7.5));
#2334 = DIRECTION('',(0.,0.,1.));
#2335 = DIRECTION('',(1.,0.,-0.));
#2336 = DEFINITIONAL_REPRESENTATION('',(#2337),#2341);
#2337 = LINE('',#2338,#2339);
#2338 = CARTESIAN_POINT('',(16.6,0.));
#2339 = VECTOR('',#2340,1.);
#2340 = DIRECTION('',(0.,1.));
#2341 = ( GEOMETRIC_REPRESENTATION_CONTEXT(2) 
PARAMETRIC_REPRESENTATION_CONTEXT() REPRESENTATION_CONTEXT('2D SPACE',''
  ) );
#2342 = ORIENTED_EDGE('',*,*,#2343,.F.);
#2343 = EDGE_CURVE('',#2344,#2316,#2346,.T.);
#2344 = VERTEX_POINT('',#2345);
#2345 = CARTESIAN_POINT('',(18.,-30.8,9.5));
#2346 = SURFACE_CURVE('',#2347,(#2351,#2358),.PCURVE_S1.);
#2347 = LINE('',#2348,#2349);
#2348 = CARTESIAN_POINT('',(18.,-30.8,1.5));
#2349 = VECTOR('',#2350,1.);
#2350 = DIRECTION('',(-0.,0.,-1.));
#2351 = PCURVE('',#289,#2352);
#2352 = DEFINITIONAL_REPRESENTATION('',(#2353),#2357);
#2353 = LINE('',#2354,#2355);
#2354 = CARTESIAN_POINT('',(1.6,-9.2));
#2355 = VECTOR('',#2356,1.);
#2356 = DIRECTION('',(-1.,-0.));
#2357 = ( GEOMETRIC_REPRESENTATION_CONTEXT(2) 
PARAMETRIC_REPRESENTATION_CONTEXT() REPRESENTATION_CONTEXT('2D SPACE',''
  ) );
#2358 = PCURVE('',#1180,#2359);
#2359 = DEFINITIONAL_REPRESENTATION('',(#2360),#2364);
#2360 = LINE('',#2361,#2362);
#2361 = CARTESIAN_POINT('',(0.5,16.6));
#2362 = VECTOR('',#2363,1.);
#2363 = DIRECTION('',(-1.,0.));
#2364 = ( GEOMETRIC_REPRESENTATION_CONTEXT(2) 
PARAMETRIC_REPRESENTATION_CONTEXT() REPRESENTATION_CONTEXT('2D SPACE',''
  ) );
#2365 = ORIENTED_EDGE('',*,*,#2366,.F.);
#2366 = EDGE_CURVE('',#2225,#2344,#2367,.T.);
#2367 = SURFACE_CURVE('',#2368,(#2372,#2379),.PCURVE_S1.);
#2368 = LINE('',#2369,#2370);
#2369 = CARTESIAN_POINT('',(18.,-35.99999999718,9.5));
#2370 = VECTOR('',#2371,1.);
#2371 = DIRECTION('',(0.,1.,0.));
#2372 = PCURVE('',#289,#2373);
#2373 = DEFINITIONAL_REPRESENTATION('',(#2374),#2378);
#2374 = LINE('',#2375,#2376);
#2375 = CARTESIAN_POINT('',(9.6,-4.000000002815));
#2376 = VECTOR('',#2377,1.);
#2377 = DIRECTION('',(0.,-1.));
#2378 = ( GEOMETRIC_REPRESENTATION_CONTEXT(2) 
PARAMETRIC_REPRESENTATION_CONTEXT() REPRESENTATION_CONTEXT('2D SPACE',''
  ) );
#2379 = PCURVE('',#1829,#2380);
#2380 = DEFINITIONAL_REPRESENTATION('',(#2381),#2385);
#2381 = LINE('',#2382,#2383);
#2382 = CARTESIAN_POINT('',(0.,4.000000002815));
#2383 = VECTOR('',#2384,1.);
#2384 = DIRECTION('',(0.,1.));
#2385 = ( GEOMETRIC_REPRESENTATION_CONTEXT(2) 
PARAMETRIC_REPRESENTATION_CONTEXT() REPRESENTATION_CONTEXT('2D SPACE',''
  ) );
#2386 = ORIENTED_EDGE('',*,*,#2224,.T.);
#2387 = ORIENTED_EDGE('',*,*,#2201,.T.);
#2388 = ORIENTED_EDGE('',*,*,#273,.T.);
#2389 = ADVANCED_FACE('',(#2390),#261,.F.);
#2390 = FACE_BOUND('',#2391,.F.);
#2391 = EDGE_LOOP('',(#2392,#2393,#2413,#2414,#2437,#2458,#2459));
#2392 = ORIENTED_EDGE('',*,*,#245,.F.);
#2393 = ORIENTED_EDGE('',*,*,#2394,.F.);
#2394 = EDGE_CURVE('',#1094,#218,#2395,.T.);
#2395 = SURFACE_CURVE('',#2396,(#2400,#2407),.PCURVE_S1.);
#2396 = LINE('',#2397,#2398);
#2397 = CARTESIAN_POINT('',(0.962533137296,-34.79999999718,0.));
#2398 = VECTOR('',#2399,1.);
#2399 = DIRECTION('',(-0.,0.,-1.));
#2400 = PCURVE('',#261,#2401);
#2401 = DEFINITIONAL_REPRESENTATION('',(#2402),#2406);
#2402 = LINE('',#2403,#2404);
#2403 = CARTESIAN_POINT('',(0.562533137296,0.));
#2404 = VECTOR('',#2405,1.);
#2405 = DIRECTION('',(0.,1.));
#2406 = ( GEOMETRIC_REPRESENTATION_CONTEXT(2) 
PARAMETRIC_REPRESENTATION_CONTEXT() REPRESENTATION_CONTEXT('2D SPACE',''
  ) );
#2407 = PCURVE('',#233,#2408);
#2408 = DEFINITIONAL_REPRESENTATION('',(#2409),#2412);
#2409 = B_SPLINE_CURVE_WITH_KNOTS('',1,(#2410,#2411),.UNSPECIFIED.,.F.,
  .F.,(2,2),(-9.5,0.),.PIECEWISE_BEZIER_KNOTS.);
#2410 = CARTESIAN_POINT('',(1.424529204969,-9.5));
#2411 = CARTESIAN_POINT('',(1.424529204969,0.));
#2412 = ( GEOMETRIC_REPRESENTATION_CONTEXT(2) 
PARAMETRIC_REPRESENTATION_CONTEXT() REPRESENTATION_CONTEXT('2D SPACE',''
  ) );
#2413 = ORIENTED_EDGE('',*,*,#1114,.F.);
#2414 = ORIENTED_EDGE('',*,*,#2415,.T.);
#2415 = EDGE_CURVE('',#1115,#2416,#2418,.T.);
#2416 = VERTEX_POINT('',#2417);
#2417 = CARTESIAN_POINT('',(1.4,-34.8,7.5));
#2418 = SURFACE_CURVE('',#2419,(#2423,#2430),.PCURVE_S1.);
#2419 = LINE('',#2420,#2421);
#2420 = CARTESIAN_POINT('',(1.4,-34.8,1.));
#2421 = VECTOR('',#2422,1.);
#2422 = DIRECTION('',(0.,0.,1.));
#2423 = PCURVE('',#261,#2424);
#2424 = DEFINITIONAL_REPRESENTATION('',(#2425),#2429);
#2425 = LINE('',#2426,#2427);
#2426 = CARTESIAN_POINT('',(1.,-1.));
#2427 = VECTOR('',#2428,1.);
#2428 = DIRECTION('',(0.,-1.));
#2429 = ( GEOMETRIC_REPRESENTATION_CONTEXT(2) 
PARAMETRIC_REPRESENTATION_CONTEXT() REPRESENTATION_CONTEXT('2D SPACE',''
  ) );
#2430 = PCURVE('',#1152,#2431);
#2431 = DEFINITIONAL_REPRESENTATION('',(#2432),#2436);
#2432 = LINE('',#2433,#2434);
#2433 = CARTESIAN_POINT('',(0.,0.));
#2434 = VECTOR('',#2435,1.);
#2435 = DIRECTION('',(1.,0.));
#2436 = ( GEOMETRIC_REPRESENTATION_CONTEXT(2) 
PARAMETRIC_REPRESENTATION_CONTEXT() REPRESENTATION_CONTEXT('2D SPACE',''
  ) );
#2437 = ORIENTED_EDGE('',*,*,#2438,.T.);
#2438 = EDGE_CURVE('',#2416,#2293,#2439,.T.);
#2439 = SURFACE_CURVE('',#2440,(#2444,#2451),.PCURVE_S1.);
#2440 = LINE('',#2441,#2442);
#2441 = CARTESIAN_POINT('',(1.4,-34.8,7.5));
#2442 = VECTOR('',#2443,1.);
#2443 = DIRECTION('',(1.,0.,-0.));
#2444 = PCURVE('',#261,#2445);
#2445 = DEFINITIONAL_REPRESENTATION('',(#2446),#2450);
#2446 = LINE('',#2447,#2448);
#2447 = CARTESIAN_POINT('',(1.,-7.5));
#2448 = VECTOR('',#2449,1.);
#2449 = DIRECTION('',(1.,0.));
#2450 = ( GEOMETRIC_REPRESENTATION_CONTEXT(2) 
PARAMETRIC_REPRESENTATION_CONTEXT() REPRESENTATION_CONTEXT('2D SPACE',''
  ) );
#2451 = PCURVE('',#2331,#2452);
#2452 = DEFINITIONAL_REPRESENTATION('',(#2453),#2457);
#2453 = LINE('',#2454,#2455);
#2454 = CARTESIAN_POINT('',(0.,0.));
#2455 = VECTOR('',#2456,1.);
#2456 = DIRECTION('',(1.,0.));
#2457 = ( GEOMETRIC_REPRESENTATION_CONTEXT(2) 
PARAMETRIC_REPRESENTATION_CONTEXT() REPRESENTATION_CONTEXT('2D SPACE',''
  ) );
#2458 = ORIENTED_EDGE('',*,*,#2292,.F.);
#2459 = ORIENTED_EDGE('',*,*,#2269,.T.);
#2460 = ADVANCED_FACE('',(#2461),#233,.F.);
#2461 = FACE_BOUND('',#2462,.F.);
#2462 = EDGE_LOOP('',(#2463,#2464,#2485,#2486));
#2463 = ORIENTED_EDGE('',*,*,#217,.F.);
#2464 = ORIENTED_EDGE('',*,*,#2465,.T.);
#2465 = EDGE_CURVE('',#190,#1073,#2466,.T.);
#2466 = SURFACE_CURVE('',#2467,(#2471,#2478),.PCURVE_S1.);
#2467 = LINE('',#2468,#2469);
#2468 = CARTESIAN_POINT('',(0.600000000003,-33.42237407547,0.));
#2469 = VECTOR('',#2470,1.);
#2470 = DIRECTION('',(0.,0.,1.));
#2471 = PCURVE('',#233,#2472);
#2472 = DEFINITIONAL_REPRESENTATION('',(#2473),#2477);
#2473 = LINE('',#2474,#2475);
#2474 = CARTESIAN_POINT('',(0.,0.));
#2475 = VECTOR('',#2476,1.);
#2476 = DIRECTION('',(0.,-1.));
#2477 = ( GEOMETRIC_REPRESENTATION_CONTEXT(2) 
PARAMETRIC_REPRESENTATION_CONTEXT() REPRESENTATION_CONTEXT('2D SPACE',''
  ) );
#2478 = PCURVE('',#205,#2479);
#2479 = DEFINITIONAL_REPRESENTATION('',(#2480),#2484);
#2480 = LINE('',#2481,#2482);
#2481 = CARTESIAN_POINT('',(11.422974075473,0.));
#2482 = VECTOR('',#2483,1.);
#2483 = DIRECTION('',(0.,-1.));
#2484 = ( GEOMETRIC_REPRESENTATION_CONTEXT(2) 
PARAMETRIC_REPRESENTATION_CONTEXT() REPRESENTATION_CONTEXT('2D SPACE',''
  ) );
#2485 = ORIENTED_EDGE('',*,*,#1093,.F.);
#2486 = ORIENTED_EDGE('',*,*,#2394,.T.);
#2487 = ADVANCED_FACE('',(#2488),#205,.F.);
#2488 = FACE_BOUND('',#2489,.F.);
#2489 = EDGE_LOOP('',(#2490,#2491,#2512,#2513));
#2490 = ORIENTED_EDGE('',*,*,#189,.F.);
#2491 = ORIENTED_EDGE('',*,*,#2492,.T.);
#2492 = EDGE_CURVE('',#161,#1045,#2493,.T.);
#2493 = SURFACE_CURVE('',#2494,(#2498,#2505),.PCURVE_S1.);
#2494 = LINE('',#2495,#2496);
#2495 = CARTESIAN_POINT('',(0.599999982061,-21.9994,0.));
#2496 = VECTOR('',#2497,1.);
#2497 = DIRECTION('',(0.,0.,1.));
#2498 = PCURVE('',#205,#2499);
#2499 = DEFINITIONAL_REPRESENTATION('',(#2500),#2504);
#2500 = LINE('',#2501,#2502);
#2501 = CARTESIAN_POINT('',(0.,0.));
#2502 = VECTOR('',#2503,1.);
#2503 = DIRECTION('',(0.,-1.));
#2504 = ( GEOMETRIC_REPRESENTATION_CONTEXT(2) 
PARAMETRIC_REPRESENTATION_CONTEXT() REPRESENTATION_CONTEXT('2D SPACE',''
  ) );
#2505 = PCURVE('',#177,#2506);
#2506 = DEFINITIONAL_REPRESENTATION('',(#2507),#2511);
#2507 = LINE('',#2508,#2509);
#2508 = CARTESIAN_POINT('',(-1.570796326795,0.));
#2509 = VECTOR('',#2510,1.);
#2510 = DIRECTION('',(-0.,-1.));
#2511 = ( GEOMETRIC_REPRESENTATION_CONTEXT(2) 
PARAMETRIC_REPRESENTATION_CONTEXT() REPRESENTATION_CONTEXT('2D SPACE',''
  ) );
#2512 = ORIENTED_EDGE('',*,*,#1072,.F.);
#2513 = ORIENTED_EDGE('',*,*,#2465,.F.);
#2514 = ADVANCED_FACE('',(#2515),#177,.F.);
#2515 = FACE_BOUND('',#2516,.T.);
#2516 = EDGE_LOOP('',(#2517,#2518,#2519,#2520));
#2517 = ORIENTED_EDGE('',*,*,#160,.F.);
#2518 = ORIENTED_EDGE('',*,*,#2492,.T.);
#2519 = ORIENTED_EDGE('',*,*,#1044,.F.);
#2520 = ORIENTED_EDGE('',*,*,#1454,.F.);
#2521 = ADVANCED_FACE('',(#2522),#632,.F.);
#2522 = FACE_BOUND('',#2523,.F.);
#2523 = EDGE_LOOP('',(#2524,#2525,#2546,#2547));
#2524 = ORIENTED_EDGE('',*,*,#615,.T.);
#2525 = ORIENTED_EDGE('',*,*,#2526,.T.);
#2526 = EDGE_CURVE('',#618,#1323,#2527,.T.);
#2527 = SURFACE_CURVE('',#2528,(#2532,#2539),.PCURVE_S1.);
#2528 = LINE('',#2529,#2530);
#2529 = CARTESIAN_POINT('',(8.8,-11.60000003304,-0.1));
#2530 = VECTOR('',#2531,1.);
#2531 = DIRECTION('',(0.,0.,1.));
#2532 = PCURVE('',#632,#2533);
#2533 = DEFINITIONAL_REPRESENTATION('',(#2534),#2538);
#2534 = LINE('',#2535,#2536);
#2535 = CARTESIAN_POINT('',(0.,0.));
#2536 = VECTOR('',#2537,1.);
#2537 = DIRECTION('',(0.,-1.));
#2538 = ( GEOMETRIC_REPRESENTATION_CONTEXT(2) 
PARAMETRIC_REPRESENTATION_CONTEXT() REPRESENTATION_CONTEXT('2D SPACE',''
  ) );
#2539 = PCURVE('',#839,#2540);
#2540 = DEFINITIONAL_REPRESENTATION('',(#2541),#2545);
#2541 = LINE('',#2542,#2543);
#2542 = CARTESIAN_POINT('',(-3.14159265359,0.));
#2543 = VECTOR('',#2544,1.);
#2544 = DIRECTION('',(-0.,-1.));
#2545 = ( GEOMETRIC_REPRESENTATION_CONTEXT(2) 
PARAMETRIC_REPRESENTATION_CONTEXT() REPRESENTATION_CONTEXT('2D SPACE',''
  ) );
#2546 = ORIENTED_EDGE('',*,*,#1350,.F.);
#2547 = ORIENTED_EDGE('',*,*,#2548,.F.);
#2548 = EDGE_CURVE('',#616,#1351,#2549,.T.);
#2549 = SURFACE_CURVE('',#2550,(#2554,#2561),.PCURVE_S1.);
#2550 = LINE('',#2551,#2552);
#2551 = CARTESIAN_POINT('',(8.8,-9.399999976896,-0.1));
#2552 = VECTOR('',#2553,1.);
#2553 = DIRECTION('',(0.,0.,1.));
#2554 = PCURVE('',#632,#2555);
#2555 = DEFINITIONAL_REPRESENTATION('',(#2556),#2560);
#2556 = LINE('',#2557,#2558);
#2557 = CARTESIAN_POINT('',(2.200000056153,0.));
#2558 = VECTOR('',#2559,1.);
#2559 = DIRECTION('',(0.,-1.));
#2560 = ( GEOMETRIC_REPRESENTATION_CONTEXT(2) 
PARAMETRIC_REPRESENTATION_CONTEXT() REPRESENTATION_CONTEXT('2D SPACE',''
  ) );
#2561 = PCURVE('',#664,#2562);
#2562 = DEFINITIONAL_REPRESENTATION('',(#2563),#2567);
#2563 = LINE('',#2564,#2565);
#2564 = CARTESIAN_POINT('',(-3.14159265359,0.));
#2565 = VECTOR('',#2566,1.);
#2566 = DIRECTION('',(-0.,-1.));
#2567 = ( GEOMETRIC_REPRESENTATION_CONTEXT(2) 
PARAMETRIC_REPRESENTATION_CONTEXT() REPRESENTATION_CONTEXT('2D SPACE',''
  ) );
#2568 = ADVANCED_FACE('',(#2569),#664,.F.);
#2569 = FACE_BOUND('',#2570,.T.);
#2570 = EDGE_LOOP('',(#2571,#2572,#2593,#2594));
#2571 = ORIENTED_EDGE('',*,*,#643,.T.);
#2572 = ORIENTED_EDGE('',*,*,#2573,.T.);
#2573 = EDGE_CURVE('',#644,#1373,#2574,.T.);
#2574 = SURFACE_CURVE('',#2575,(#2579,#2586),.PCURVE_S1.);
#2575 = LINE('',#2576,#2577);
#2576 = CARTESIAN_POINT('',(9.3,-8.899999971923,-0.1));
#2577 = VECTOR('',#2578,1.);
#2578 = DIRECTION('',(0.,0.,1.));
#2579 = PCURVE('',#664,#2580);
#2580 = DEFINITIONAL_REPRESENTATION('',(#2581),#2585);
#2581 = LINE('',#2582,#2583);
#2582 = CARTESIAN_POINT('',(-1.570796326795,0.));
#2583 = VECTOR('',#2584,1.);
#2584 = DIRECTION('',(-0.,-1.));
#2585 = ( GEOMETRIC_REPRESENTATION_CONTEXT(2) 
PARAMETRIC_REPRESENTATION_CONTEXT() REPRESENTATION_CONTEXT('2D SPACE',''
  ) );
#2586 = PCURVE('',#691,#2587);
#2587 = DEFINITIONAL_REPRESENTATION('',(#2588),#2592);
#2588 = LINE('',#2589,#2590);
#2589 = CARTESIAN_POINT('',(0.,0.));
#2590 = VECTOR('',#2591,1.);
#2591 = DIRECTION('',(0.,-1.));
#2592 = ( GEOMETRIC_REPRESENTATION_CONTEXT(2) 
PARAMETRIC_REPRESENTATION_CONTEXT() REPRESENTATION_CONTEXT('2D SPACE',''
  ) );
#2593 = ORIENTED_EDGE('',*,*,#1372,.F.);
#2594 = ORIENTED_EDGE('',*,*,#2548,.F.);
#2595 = ADVANCED_FACE('',(#2596),#839,.F.);
#2596 = FACE_BOUND('',#2597,.T.);
#2597 = EDGE_LOOP('',(#2598,#2599,#2600,#2601));
#2598 = ORIENTED_EDGE('',*,*,#820,.T.);
#2599 = ORIENTED_EDGE('',*,*,#2526,.T.);
#2600 = ORIENTED_EDGE('',*,*,#1322,.F.);
#2601 = ORIENTED_EDGE('',*,*,#2602,.F.);
#2602 = EDGE_CURVE('',#795,#1301,#2603,.T.);
#2603 = SURFACE_CURVE('',#2604,(#2608,#2615),.PCURVE_S1.);
#2604 = LINE('',#2605,#2606);
#2605 = CARTESIAN_POINT('',(9.3,-12.1,-0.1));
#2606 = VECTOR('',#2607,1.);
#2607 = DIRECTION('',(0.,0.,1.));
#2608 = PCURVE('',#839,#2609);
#2609 = DEFINITIONAL_REPRESENTATION('',(#2610),#2614);
#2610 = LINE('',#2611,#2612);
#2611 = CARTESIAN_POINT('',(-4.712388980385,0.));
#2612 = VECTOR('',#2613,1.);
#2613 = DIRECTION('',(-0.,-1.));
#2614 = ( GEOMETRIC_REPRESENTATION_CONTEXT(2) 
PARAMETRIC_REPRESENTATION_CONTEXT() REPRESENTATION_CONTEXT('2D SPACE',''
  ) );
#2615 = PCURVE('',#809,#2616);
#2616 = DEFINITIONAL_REPRESENTATION('',(#2617),#2621);
#2617 = LINE('',#2618,#2619);
#2618 = CARTESIAN_POINT('',(0.,0.));
#2619 = VECTOR('',#2620,1.);
#2620 = DIRECTION('',(0.,-1.));
#2621 = ( GEOMETRIC_REPRESENTATION_CONTEXT(2) 
PARAMETRIC_REPRESENTATION_CONTEXT() REPRESENTATION_CONTEXT('2D SPACE',''
  ) );
#2622 = ADVANCED_FACE('',(#2623),#691,.F.);
#2623 = FACE_BOUND('',#2624,.F.);
#2624 = EDGE_LOOP('',(#2625,#2626,#2627,#2628));
#2625 = ORIENTED_EDGE('',*,*,#676,.T.);
#2626 = ORIENTED_EDGE('',*,*,#2573,.T.);
#2627 = ORIENTED_EDGE('',*,*,#1400,.F.);
#2628 = ORIENTED_EDGE('',*,*,#2629,.F.);
#2629 = EDGE_CURVE('',#677,#1401,#2630,.T.);
#2630 = SURFACE_CURVE('',#2631,(#2635,#2642),.PCURVE_S1.);
#2631 = LINE('',#2632,#2633);
#2632 = CARTESIAN_POINT('',(14.7,-8.899999971923,-0.1));
#2633 = VECTOR('',#2634,1.);
#2634 = DIRECTION('',(0.,0.,1.));
#2635 = PCURVE('',#691,#2636);
#2636 = DEFINITIONAL_REPRESENTATION('',(#2637),#2641);
#2637 = LINE('',#2638,#2639);
#2638 = CARTESIAN_POINT('',(5.4,0.));
#2639 = VECTOR('',#2640,1.);
#2640 = DIRECTION('',(0.,-1.));
#2641 = ( GEOMETRIC_REPRESENTATION_CONTEXT(2) 
PARAMETRIC_REPRESENTATION_CONTEXT() REPRESENTATION_CONTEXT('2D SPACE',''
  ) );
#2642 = PCURVE('',#723,#2643);
#2643 = DEFINITIONAL_REPRESENTATION('',(#2644),#2648);
#2644 = LINE('',#2645,#2646);
#2645 = CARTESIAN_POINT('',(-1.570796326795,0.));
#2646 = VECTOR('',#2647,1.);
#2647 = DIRECTION('',(-0.,-1.));
#2648 = ( GEOMETRIC_REPRESENTATION_CONTEXT(2) 
PARAMETRIC_REPRESENTATION_CONTEXT() REPRESENTATION_CONTEXT('2D SPACE',''
  ) );
#2649 = ADVANCED_FACE('',(#2650),#809,.T.);
#2650 = FACE_BOUND('',#2651,.T.);
#2651 = EDGE_LOOP('',(#2652,#2653,#2654,#2655));
#2652 = ORIENTED_EDGE('',*,*,#794,.T.);
#2653 = ORIENTED_EDGE('',*,*,#2602,.T.);
#2654 = ORIENTED_EDGE('',*,*,#1300,.F.);
#2655 = ORIENTED_EDGE('',*,*,#2656,.F.);
#2656 = EDGE_CURVE('',#762,#1273,#2657,.T.);
#2657 = SURFACE_CURVE('',#2658,(#2662,#2669),.PCURVE_S1.);
#2658 = LINE('',#2659,#2660);
#2659 = CARTESIAN_POINT('',(14.7,-12.1,-0.1));
#2660 = VECTOR('',#2661,1.);
#2661 = DIRECTION('',(0.,0.,1.));
#2662 = PCURVE('',#809,#2663);
#2663 = DEFINITIONAL_REPRESENTATION('',(#2664),#2668);
#2664 = LINE('',#2665,#2666);
#2665 = CARTESIAN_POINT('',(5.4,0.));
#2666 = VECTOR('',#2667,1.);
#2667 = DIRECTION('',(0.,-1.));
#2668 = ( GEOMETRIC_REPRESENTATION_CONTEXT(2) 
PARAMETRIC_REPRESENTATION_CONTEXT() REPRESENTATION_CONTEXT('2D SPACE',''
  ) );
#2669 = PCURVE('',#782,#2670);
#2670 = DEFINITIONAL_REPRESENTATION('',(#2671),#2675);
#2671 = LINE('',#2672,#2673);
#2672 = CARTESIAN_POINT('',(-4.712388980385,0.));
#2673 = VECTOR('',#2674,1.);
#2674 = DIRECTION('',(-0.,-1.));
#2675 = ( GEOMETRIC_REPRESENTATION_CONTEXT(2) 
PARAMETRIC_REPRESENTATION_CONTEXT() REPRESENTATION_CONTEXT('2D SPACE',''
  ) );
#2676 = ADVANCED_FACE('',(#2677),#723,.F.);
#2677 = FACE_BOUND('',#2678,.T.);
#2678 = EDGE_LOOP('',(#2679,#2680,#2701,#2702));
#2679 = ORIENTED_EDGE('',*,*,#702,.T.);
#2680 = ORIENTED_EDGE('',*,*,#2681,.T.);
#2681 = EDGE_CURVE('',#703,#1249,#2682,.T.);
#2682 = SURFACE_CURVE('',#2683,(#2687,#2694),.PCURVE_S1.);
#2683 = LINE('',#2684,#2685);
#2684 = CARTESIAN_POINT('',(15.2,-9.399999976896,-0.1));
#2685 = VECTOR('',#2686,1.);
#2686 = DIRECTION('',(0.,0.,1.));
#2687 = PCURVE('',#723,#2688);
#2688 = DEFINITIONAL_REPRESENTATION('',(#2689),#2693);
#2689 = LINE('',#2690,#2691);
#2690 = CARTESIAN_POINT('',(-0.,0.));
#2691 = VECTOR('',#2692,1.);
#2692 = DIRECTION('',(-0.,-1.));
#2693 = ( GEOMETRIC_REPRESENTATION_CONTEXT(2) 
PARAMETRIC_REPRESENTATION_CONTEXT() REPRESENTATION_CONTEXT('2D SPACE',''
  ) );
#2694 = PCURVE('',#750,#2695);
#2695 = DEFINITIONAL_REPRESENTATION('',(#2696),#2700);
#2696 = LINE('',#2697,#2698);
#2697 = CARTESIAN_POINT('',(2.200000056153,0.));
#2698 = VECTOR('',#2699,1.);
#2699 = DIRECTION('',(0.,-1.));
#2700 = ( GEOMETRIC_REPRESENTATION_CONTEXT(2) 
PARAMETRIC_REPRESENTATION_CONTEXT() REPRESENTATION_CONTEXT('2D SPACE',''
  ) );
#2701 = ORIENTED_EDGE('',*,*,#1422,.F.);
#2702 = ORIENTED_EDGE('',*,*,#2629,.F.);
#2703 = ADVANCED_FACE('',(#2704),#782,.F.);
#2704 = FACE_BOUND('',#2705,.T.);
#2705 = EDGE_LOOP('',(#2706,#2707,#2708,#2709));
#2706 = ORIENTED_EDGE('',*,*,#761,.T.);
#2707 = ORIENTED_EDGE('',*,*,#2656,.T.);
#2708 = ORIENTED_EDGE('',*,*,#1272,.F.);
#2709 = ORIENTED_EDGE('',*,*,#2710,.F.);
#2710 = EDGE_CURVE('',#736,#1251,#2711,.T.);
#2711 = SURFACE_CURVE('',#2712,(#2716,#2723),.PCURVE_S1.);
#2712 = LINE('',#2713,#2714);
#2713 = CARTESIAN_POINT('',(15.2,-11.60000003304,-0.1));
#2714 = VECTOR('',#2715,1.);
#2715 = DIRECTION('',(0.,0.,1.));
#2716 = PCURVE('',#782,#2717);
#2717 = DEFINITIONAL_REPRESENTATION('',(#2718),#2722);
#2718 = LINE('',#2719,#2720);
#2719 = CARTESIAN_POINT('',(-6.28318530718,0.));
#2720 = VECTOR('',#2721,1.);
#2721 = DIRECTION('',(-0.,-1.));
#2722 = ( GEOMETRIC_REPRESENTATION_CONTEXT(2) 
PARAMETRIC_REPRESENTATION_CONTEXT() REPRESENTATION_CONTEXT('2D SPACE',''
  ) );
#2723 = PCURVE('',#750,#2724);
#2724 = DEFINITIONAL_REPRESENTATION('',(#2725),#2729);
#2725 = LINE('',#2726,#2727);
#2726 = CARTESIAN_POINT('',(0.,0.));
#2727 = VECTOR('',#2728,1.);
#2728 = DIRECTION('',(0.,-1.));
#2729 = ( GEOMETRIC_REPRESENTATION_CONTEXT(2) 
PARAMETRIC_REPRESENTATION_CONTEXT() REPRESENTATION_CONTEXT('2D SPACE',''
  ) );
#2730 = ADVANCED_FACE('',(#2731),#750,.T.);
#2731 = FACE_BOUND('',#2732,.T.);
#2732 = EDGE_LOOP('',(#2733,#2734,#2735,#2736));
#2733 = ORIENTED_EDGE('',*,*,#735,.T.);
#2734 = ORIENTED_EDGE('',*,*,#2710,.T.);
#2735 = ORIENTED_EDGE('',*,*,#1248,.F.);
#2736 = ORIENTED_EDGE('',*,*,#2681,.F.);
#2737 = ADVANCED_FACE('',(#2738),#919,.F.);
#2738 = FACE_BOUND('',#2739,.F.);
#2739 = EDGE_LOOP('',(#2740,#2763,#2764,#2765));
#2740 = ORIENTED_EDGE('',*,*,#2741,.F.);
#2741 = EDGE_CURVE('',#902,#2742,#2744,.T.);
#2742 = VERTEX_POINT('',#2743);
#2743 = CARTESIAN_POINT('',(1.4,30.8,7.5));
#2744 = SURFACE_CURVE('',#2745,(#2749,#2756),.PCURVE_S1.);
#2745 = LINE('',#2746,#2747);
#2746 = CARTESIAN_POINT('',(1.4,30.8,1.));
#2747 = VECTOR('',#2748,1.);
#2748 = DIRECTION('',(0.,0.,1.));
#2749 = PCURVE('',#919,#2750);
#2750 = DEFINITIONAL_REPRESENTATION('',(#2751),#2755);
#2751 = LINE('',#2752,#2753);
#2752 = CARTESIAN_POINT('',(0.,0.));
#2753 = VECTOR('',#2754,1.);
#2754 = DIRECTION('',(1.,0.));
#2755 = ( GEOMETRIC_REPRESENTATION_CONTEXT(2) 
PARAMETRIC_REPRESENTATION_CONTEXT() REPRESENTATION_CONTEXT('2D SPACE',''
  ) );
#2756 = PCURVE('',#1234,#2757);
#2757 = DEFINITIONAL_REPRESENTATION('',(#2758),#2762);
#2758 = LINE('',#2759,#2760);
#2759 = CARTESIAN_POINT('',(0.,0.));
#2760 = VECTOR('',#2761,1.);
#2761 = DIRECTION('',(1.,0.));
#2762 = ( GEOMETRIC_REPRESENTATION_CONTEXT(2) 
PARAMETRIC_REPRESENTATION_CONTEXT() REPRESENTATION_CONTEXT('2D SPACE',''
  ) );
#2763 = ORIENTED_EDGE('',*,*,#901,.T.);
#2764 = ORIENTED_EDGE('',*,*,#1561,.T.);
#2765 = ORIENTED_EDGE('',*,*,#2766,.F.);
#2766 = EDGE_CURVE('',#2742,#1562,#2767,.T.);
#2767 = SURFACE_CURVE('',#2768,(#2772,#2779),.PCURVE_S1.);
#2768 = LINE('',#2769,#2770);
#2769 = CARTESIAN_POINT('',(1.4,30.8,7.5));
#2770 = VECTOR('',#2771,1.);
#2771 = DIRECTION('',(-0.,1.,0.));
#2772 = PCURVE('',#919,#2773);
#2773 = DEFINITIONAL_REPRESENTATION('',(#2774),#2778);
#2774 = LINE('',#2775,#2776);
#2775 = CARTESIAN_POINT('',(6.5,0.));
#2776 = VECTOR('',#2777,1.);
#2777 = DIRECTION('',(0.,-1.));
#2778 = ( GEOMETRIC_REPRESENTATION_CONTEXT(2) 
PARAMETRIC_REPRESENTATION_CONTEXT() REPRESENTATION_CONTEXT('2D SPACE',''
  ) );
#2779 = PCURVE('',#1600,#2780);
#2780 = DEFINITIONAL_REPRESENTATION('',(#2781),#2785);
#2781 = LINE('',#2782,#2783);
#2782 = CARTESIAN_POINT('',(0.,0.));
#2783 = VECTOR('',#2784,1.);
#2784 = DIRECTION('',(0.,1.));
#2785 = ( GEOMETRIC_REPRESENTATION_CONTEXT(2) 
PARAMETRIC_REPRESENTATION_CONTEXT() REPRESENTATION_CONTEXT('2D SPACE',''
  ) );
#2786 = ADVANCED_FACE('',(#2787),#1234,.F.);
#2787 = FACE_BOUND('',#2788,.F.);
#2788 = EDGE_LOOP('',(#2789,#2790,#2813,#2835,#2857,#2879,#2900,#2901,
    #2924,#2952,#2980,#3001));
#2789 = ORIENTED_EDGE('',*,*,#2741,.T.);
#2790 = ORIENTED_EDGE('',*,*,#2791,.F.);
#2791 = EDGE_CURVE('',#2792,#2742,#2794,.T.);
#2792 = VERTEX_POINT('',#2793);
#2793 = CARTESIAN_POINT('',(7.2,30.8,7.5));
#2794 = SURFACE_CURVE('',#2795,(#2799,#2806),.PCURVE_S1.);
#2795 = LINE('',#2796,#2797);
#2796 = CARTESIAN_POINT('',(7.2,30.8,7.5));
#2797 = VECTOR('',#2798,1.);
#2798 = DIRECTION('',(-1.,6.125368411725E-16,0.));
#2799 = PCURVE('',#1234,#2800);
#2800 = DEFINITIONAL_REPRESENTATION('',(#2801),#2805);
#2801 = LINE('',#2802,#2803);
#2802 = CARTESIAN_POINT('',(6.5,5.8));
#2803 = VECTOR('',#2804,1.);
#2804 = DIRECTION('',(0.,-1.));
#2805 = ( GEOMETRIC_REPRESENTATION_CONTEXT(2) 
PARAMETRIC_REPRESENTATION_CONTEXT() REPRESENTATION_CONTEXT('2D SPACE',''
  ) );
#2806 = PCURVE('',#1600,#2807);
#2807 = DEFINITIONAL_REPRESENTATION('',(#2808),#2812);
#2808 = LINE('',#2809,#2810);
#2809 = CARTESIAN_POINT('',(5.8,-3.552713678801E-15));
#2810 = VECTOR('',#2811,1.);
#2811 = DIRECTION('',(-1.,6.125368411725E-16));
#2812 = ( GEOMETRIC_REPRESENTATION_CONTEXT(2) 
PARAMETRIC_REPRESENTATION_CONTEXT() REPRESENTATION_CONTEXT('2D SPACE',''
  ) );
#2813 = ORIENTED_EDGE('',*,*,#2814,.T.);
#2814 = EDGE_CURVE('',#2792,#2815,#2817,.T.);
#2815 = VERTEX_POINT('',#2816);
#2816 = CARTESIAN_POINT('',(7.2,30.8,2.6));
#2817 = SURFACE_CURVE('',#2818,(#2822,#2829),.PCURVE_S1.);
#2818 = LINE('',#2819,#2820);
#2819 = CARTESIAN_POINT('',(7.2,30.8,2.3));
#2820 = VECTOR('',#2821,1.);
#2821 = DIRECTION('',(-0.,0.,-1.));
#2822 = PCURVE('',#1234,#2823);
#2823 = DEFINITIONAL_REPRESENTATION('',(#2824),#2828);
#2824 = LINE('',#2825,#2826);
#2825 = CARTESIAN_POINT('',(1.3,5.8));
#2826 = VECTOR('',#2827,1.);
#2827 = DIRECTION('',(-1.,0.));
#2828 = ( GEOMETRIC_REPRESENTATION_CONTEXT(2) 
PARAMETRIC_REPRESENTATION_CONTEXT() REPRESENTATION_CONTEXT('2D SPACE',''
  ) );
#2829 = PCURVE('',#1628,#2830);
#2830 = DEFINITIONAL_REPRESENTATION('',(#2831),#2834);
#2831 = B_SPLINE_CURVE_WITH_KNOTS('',1,(#2832,#2833),.UNSPECIFIED.,.F.,
  .F.,(2,2),(-5.7,-0.3),.PIECEWISE_BEZIER_KNOTS.);
#2832 = CARTESIAN_POINT('',(5.4,-9.999999999998E-03));
#2833 = CARTESIAN_POINT('',(0.,-9.999999999998E-03));
#2834 = ( GEOMETRIC_REPRESENTATION_CONTEXT(2) 
PARAMETRIC_REPRESENTATION_CONTEXT() REPRESENTATION_CONTEXT('2D SPACE',''
  ) );
#2835 = ORIENTED_EDGE('',*,*,#2836,.T.);
#2836 = EDGE_CURVE('',#2815,#2837,#2839,.T.);
#2837 = VERTEX_POINT('',#2838);
#2838 = CARTESIAN_POINT('',(16.8,30.8,2.6));
#2839 = SURFACE_CURVE('',#2840,(#2844,#2851),.PCURVE_S1.);
#2840 = LINE('',#2841,#2842);
#2841 = CARTESIAN_POINT('',(4.349999999995,30.8,2.6));
#2842 = VECTOR('',#2843,1.);
#2843 = DIRECTION('',(1.,0.,0.));
#2844 = PCURVE('',#1234,#2845);
#2845 = DEFINITIONAL_REPRESENTATION('',(#2846),#2850);
#2846 = LINE('',#2847,#2848);
#2847 = CARTESIAN_POINT('',(1.6,2.949999999995));
#2848 = VECTOR('',#2849,1.);
#2849 = DIRECTION('',(0.,1.));
#2850 = ( GEOMETRIC_REPRESENTATION_CONTEXT(2) 
PARAMETRIC_REPRESENTATION_CONTEXT() REPRESENTATION_CONTEXT('2D SPACE',''
  ) );
#2851 = PCURVE('',#1655,#2852);
#2852 = DEFINITIONAL_REPRESENTATION('',(#2853),#2856);
#2853 = B_SPLINE_CURVE_WITH_KNOTS('',1,(#2854,#2855),.UNSPECIFIED.,.F.,
  .F.,(2,2),(2.850000000005,12.450000000005),.PIECEWISE_BEZIER_KNOTS.);
#2854 = CARTESIAN_POINT('',(0.,9.999999999998E-03));
#2855 = CARTESIAN_POINT('',(9.6,9.999999999998E-03));
#2856 = ( GEOMETRIC_REPRESENTATION_CONTEXT(2) 
PARAMETRIC_REPRESENTATION_CONTEXT() REPRESENTATION_CONTEXT('2D SPACE',''
  ) );
#2857 = ORIENTED_EDGE('',*,*,#2858,.F.);
#2858 = EDGE_CURVE('',#2859,#2837,#2861,.T.);
#2859 = VERTEX_POINT('',#2860);
#2860 = CARTESIAN_POINT('',(16.8,30.8,7.5));
#2861 = SURFACE_CURVE('',#2862,(#2866,#2873),.PCURVE_S1.);
#2862 = LINE('',#2863,#2864);
#2863 = CARTESIAN_POINT('',(16.8,30.8,2.3));
#2864 = VECTOR('',#2865,1.);
#2865 = DIRECTION('',(-0.,0.,-1.));
#2866 = PCURVE('',#1234,#2867);
#2867 = DEFINITIONAL_REPRESENTATION('',(#2868),#2872);
#2868 = LINE('',#2869,#2870);
#2869 = CARTESIAN_POINT('',(1.3,15.4));
#2870 = VECTOR('',#2871,1.);
#2871 = DIRECTION('',(-1.,0.));
#2872 = ( GEOMETRIC_REPRESENTATION_CONTEXT(2) 
PARAMETRIC_REPRESENTATION_CONTEXT() REPRESENTATION_CONTEXT('2D SPACE',''
  ) );
#2873 = PCURVE('',#1682,#2874);
#2874 = DEFINITIONAL_REPRESENTATION('',(#2875),#2878);
#2875 = B_SPLINE_CURVE_WITH_KNOTS('',1,(#2876,#2877),.UNSPECIFIED.,.F.,
  .F.,(2,2),(-5.7,-0.3),.PIECEWISE_BEZIER_KNOTS.);
#2876 = CARTESIAN_POINT('',(5.4,-9.999999999998E-03));
#2877 = CARTESIAN_POINT('',(0.,-9.999999999998E-03));
#2878 = ( GEOMETRIC_REPRESENTATION_CONTEXT(2) 
PARAMETRIC_REPRESENTATION_CONTEXT() REPRESENTATION_CONTEXT('2D SPACE',''
  ) );
#2879 = ORIENTED_EDGE('',*,*,#2880,.T.);
#2880 = EDGE_CURVE('',#2859,#1842,#2881,.T.);
#2881 = SURFACE_CURVE('',#2882,(#2886,#2893),.PCURVE_S1.);
#2882 = LINE('',#2883,#2884);
#2883 = CARTESIAN_POINT('',(1.4,30.8,7.5));
#2884 = VECTOR('',#2885,1.);
#2885 = DIRECTION('',(1.,0.,-0.));
#2886 = PCURVE('',#1234,#2887);
#2887 = DEFINITIONAL_REPRESENTATION('',(#2888),#2892);
#2888 = LINE('',#2889,#2890);
#2889 = CARTESIAN_POINT('',(6.5,0.));
#2890 = VECTOR('',#2891,1.);
#2891 = DIRECTION('',(0.,1.));
#2892 = ( GEOMETRIC_REPRESENTATION_CONTEXT(2) 
PARAMETRIC_REPRESENTATION_CONTEXT() REPRESENTATION_CONTEXT('2D SPACE',''
  ) );
#2893 = PCURVE('',#1709,#2894);
#2894 = DEFINITIONAL_REPRESENTATION('',(#2895),#2899);
#2895 = LINE('',#2896,#2897);
#2896 = CARTESIAN_POINT('',(0.,0.));
#2897 = VECTOR('',#2898,1.);
#2898 = DIRECTION('',(1.,0.));
#2899 = ( GEOMETRIC_REPRESENTATION_CONTEXT(2) 
PARAMETRIC_REPRESENTATION_CONTEXT() REPRESENTATION_CONTEXT('2D SPACE',''
  ) );
#2900 = ORIENTED_EDGE('',*,*,#1841,.F.);
#2901 = ORIENTED_EDGE('',*,*,#2902,.T.);
#2902 = EDGE_CURVE('',#1814,#2903,#2905,.T.);
#2903 = VERTEX_POINT('',#2904);
#2904 = CARTESIAN_POINT('',(22.49999999383,30.8,9.5));
#2905 = SURFACE_CURVE('',#2906,(#2910,#2917),.PCURVE_S1.);
#2906 = LINE('',#2907,#2908);
#2907 = CARTESIAN_POINT('',(12.00000000001,30.8,9.5));
#2908 = VECTOR('',#2909,1.);
#2909 = DIRECTION('',(1.,0.,0.));
#2910 = PCURVE('',#1234,#2911);
#2911 = DEFINITIONAL_REPRESENTATION('',(#2912),#2916);
#2912 = LINE('',#2913,#2914);
#2913 = CARTESIAN_POINT('',(8.5,10.60000000001));
#2914 = VECTOR('',#2915,1.);
#2915 = DIRECTION('',(0.,1.));
#2916 = ( GEOMETRIC_REPRESENTATION_CONTEXT(2) 
PARAMETRIC_REPRESENTATION_CONTEXT() REPRESENTATION_CONTEXT('2D SPACE',''
  ) );
#2917 = PCURVE('',#1829,#2918);
#2918 = DEFINITIONAL_REPRESENTATION('',(#2919),#2923);
#2919 = LINE('',#2920,#2921);
#2920 = CARTESIAN_POINT('',(-5.99999999999,70.8));
#2921 = VECTOR('',#2922,1.);
#2922 = DIRECTION('',(1.,0.));
#2923 = ( GEOMETRIC_REPRESENTATION_CONTEXT(2) 
PARAMETRIC_REPRESENTATION_CONTEXT() REPRESENTATION_CONTEXT('2D SPACE',''
  ) );
#2924 = ORIENTED_EDGE('',*,*,#2925,.F.);
#2925 = EDGE_CURVE('',#2926,#2903,#2928,.T.);
#2926 = VERTEX_POINT('',#2927);
#2927 = CARTESIAN_POINT('',(22.49999999383,30.8,2.));
#2928 = SURFACE_CURVE('',#2929,(#2933,#2940),.PCURVE_S1.);
#2929 = LINE('',#2930,#2931);
#2930 = CARTESIAN_POINT('',(22.49999999383,30.8,2.));
#2931 = VECTOR('',#2932,1.);
#2932 = DIRECTION('',(0.,0.,1.));
#2933 = PCURVE('',#1234,#2934);
#2934 = DEFINITIONAL_REPRESENTATION('',(#2935),#2939);
#2935 = LINE('',#2936,#2937);
#2936 = CARTESIAN_POINT('',(1.,21.09999999383));
#2937 = VECTOR('',#2938,1.);
#2938 = DIRECTION('',(1.,0.));
#2939 = ( GEOMETRIC_REPRESENTATION_CONTEXT(2) 
PARAMETRIC_REPRESENTATION_CONTEXT() REPRESENTATION_CONTEXT('2D SPACE',''
  ) );
#2940 = PCURVE('',#2941,#2946);
#2941 = CYLINDRICAL_SURFACE('',#2942,0.3);
#2942 = AXIS2_PLACEMENT_3D('',#2943,#2944,#2945);
#2943 = CARTESIAN_POINT('',(22.49999999383,30.5,2.));
#2944 = DIRECTION('',(0.,0.,-1.));
#2945 = DIRECTION('',(-1.,0.,0.));
#2946 = DEFINITIONAL_REPRESENTATION('',(#2947),#2951);
#2947 = LINE('',#2948,#2949);
#2948 = CARTESIAN_POINT('',(1.570796326795,0.));
#2949 = VECTOR('',#2950,1.);
#2950 = DIRECTION('',(0.,-1.));
#2951 = ( GEOMETRIC_REPRESENTATION_CONTEXT(2) 
PARAMETRIC_REPRESENTATION_CONTEXT() REPRESENTATION_CONTEXT('2D SPACE',''
  ) );
#2952 = ORIENTED_EDGE('',*,*,#2953,.F.);
#2953 = EDGE_CURVE('',#2954,#2926,#2956,.T.);
#2954 = VERTEX_POINT('',#2955);
#2955 = CARTESIAN_POINT('',(21.8,30.8,2.));
#2956 = SURFACE_CURVE('',#2957,(#2961,#2968),.PCURVE_S1.);
#2957 = LINE('',#2958,#2959);
#2958 = CARTESIAN_POINT('',(12.00000000001,30.8,2.));
#2959 = VECTOR('',#2960,1.);
#2960 = DIRECTION('',(1.,0.,0.));
#2961 = PCURVE('',#1234,#2962);
#2962 = DEFINITIONAL_REPRESENTATION('',(#2963),#2967);
#2963 = LINE('',#2964,#2965);
#2964 = CARTESIAN_POINT('',(1.,10.60000000001));
#2965 = VECTOR('',#2966,1.);
#2966 = DIRECTION('',(0.,1.));
#2967 = ( GEOMETRIC_REPRESENTATION_CONTEXT(2) 
PARAMETRIC_REPRESENTATION_CONTEXT() REPRESENTATION_CONTEXT('2D SPACE',''
  ) );
#2968 = PCURVE('',#2969,#2974);
#2969 = PLANE('',#2970);
#2970 = AXIS2_PLACEMENT_3D('',#2971,#2972,#2973);
#2971 = CARTESIAN_POINT('',(11.99999999919,-2.475398107051E-16,2.));
#2972 = DIRECTION('',(0.,0.,1.));
#2973 = DIRECTION('',(1.,0.,-0.));
#2974 = DEFINITIONAL_REPRESENTATION('',(#2975),#2979);
#2975 = LINE('',#2976,#2977);
#2976 = CARTESIAN_POINT('',(8.199086462109E-10,30.8));
#2977 = VECTOR('',#2978,1.);
#2978 = DIRECTION('',(1.,0.));
#2979 = ( GEOMETRIC_REPRESENTATION_CONTEXT(2) 
PARAMETRIC_REPRESENTATION_CONTEXT() REPRESENTATION_CONTEXT('2D SPACE',''
  ) );
#2980 = ORIENTED_EDGE('',*,*,#2981,.F.);
#2981 = EDGE_CURVE('',#1193,#2954,#2982,.T.);
#2982 = SURFACE_CURVE('',#2983,(#2987,#2994),.PCURVE_S1.);
#2983 = LINE('',#2984,#2985);
#2984 = CARTESIAN_POINT('',(21.8,30.8,1.));
#2985 = VECTOR('',#2986,1.);
#2986 = DIRECTION('',(0.,0.,1.));
#2987 = PCURVE('',#1234,#2988);
#2988 = DEFINITIONAL_REPRESENTATION('',(#2989),#2993);
#2989 = LINE('',#2990,#2991);
#2990 = CARTESIAN_POINT('',(0.,20.4));
#2991 = VECTOR('',#2992,1.);
#2992 = DIRECTION('',(1.,0.));
#2993 = ( GEOMETRIC_REPRESENTATION_CONTEXT(2) 
PARAMETRIC_REPRESENTATION_CONTEXT() REPRESENTATION_CONTEXT('2D SPACE',''
  ) );
#2994 = PCURVE('',#1208,#2995);
#2995 = DEFINITIONAL_REPRESENTATION('',(#2996),#3000);
#2996 = LINE('',#2997,#2998);
#2997 = CARTESIAN_POINT('',(0.,-61.6));
#2998 = VECTOR('',#2999,1.);
#2999 = DIRECTION('',(1.,0.));
#3000 = ( GEOMETRIC_REPRESENTATION_CONTEXT(2) 
PARAMETRIC_REPRESENTATION_CONTEXT() REPRESENTATION_CONTEXT('2D SPACE',''
  ) );
#3001 = ORIENTED_EDGE('',*,*,#1220,.T.);
#3002 = ADVANCED_FACE('',(#3003),#1208,.F.);
#3003 = FACE_BOUND('',#3004,.F.);
#3004 = EDGE_LOOP('',(#3005,#3028,#3029,#3030));
#3005 = ORIENTED_EDGE('',*,*,#3006,.F.);
#3006 = EDGE_CURVE('',#1165,#3007,#3009,.T.);
#3007 = VERTEX_POINT('',#3008);
#3008 = CARTESIAN_POINT('',(21.8,-30.8,2.));
#3009 = SURFACE_CURVE('',#3010,(#3014,#3021),.PCURVE_S1.);
#3010 = LINE('',#3011,#3012);
#3011 = CARTESIAN_POINT('',(21.8,-30.8,1.));
#3012 = VECTOR('',#3013,1.);
#3013 = DIRECTION('',(0.,0.,1.));
#3014 = PCURVE('',#1208,#3015);
#3015 = DEFINITIONAL_REPRESENTATION('',(#3016),#3020);
#3016 = LINE('',#3017,#3018);
#3017 = CARTESIAN_POINT('',(0.,0.));
#3018 = VECTOR('',#3019,1.);
#3019 = DIRECTION('',(1.,0.));
#3020 = ( GEOMETRIC_REPRESENTATION_CONTEXT(2) 
PARAMETRIC_REPRESENTATION_CONTEXT() REPRESENTATION_CONTEXT('2D SPACE',''
  ) );
#3021 = PCURVE('',#1180,#3022);
#3022 = DEFINITIONAL_REPRESENTATION('',(#3023),#3027);
#3023 = LINE('',#3024,#3025);
#3024 = CARTESIAN_POINT('',(0.,20.4));
#3025 = VECTOR('',#3026,1.);
#3026 = DIRECTION('',(1.,0.));
#3027 = ( GEOMETRIC_REPRESENTATION_CONTEXT(2) 
PARAMETRIC_REPRESENTATION_CONTEXT() REPRESENTATION_CONTEXT('2D SPACE',''
  ) );
#3028 = ORIENTED_EDGE('',*,*,#1192,.T.);
#3029 = ORIENTED_EDGE('',*,*,#2981,.T.);
#3030 = ORIENTED_EDGE('',*,*,#3031,.F.);
#3031 = EDGE_CURVE('',#3007,#2954,#3032,.T.);
#3032 = SURFACE_CURVE('',#3033,(#3037,#3043),.PCURVE_S1.);
#3033 = LINE('',#3034,#3035);
#3034 = CARTESIAN_POINT('',(21.8,-15.4,2.));
#3035 = VECTOR('',#3036,1.);
#3036 = DIRECTION('',(-0.,1.,0.));
#3037 = PCURVE('',#1208,#3038);
#3038 = DEFINITIONAL_REPRESENTATION('',(#3039),#3042);
#3039 = B_SPLINE_CURVE_WITH_KNOTS('',1,(#3040,#3041),.UNSPECIFIED.,.F.,
  .F.,(2,2),(-15.4,46.2),.PIECEWISE_BEZIER_KNOTS.);
#3040 = CARTESIAN_POINT('',(1.,0.));
#3041 = CARTESIAN_POINT('',(1.,-61.6));
#3042 = ( GEOMETRIC_REPRESENTATION_CONTEXT(2) 
PARAMETRIC_REPRESENTATION_CONTEXT() REPRESENTATION_CONTEXT('2D SPACE',''
  ) );
#3043 = PCURVE('',#2969,#3044);
#3044 = DEFINITIONAL_REPRESENTATION('',(#3045),#3048);
#3045 = B_SPLINE_CURVE_WITH_KNOTS('',1,(#3046,#3047),.UNSPECIFIED.,.F.,
  .F.,(2,2),(-15.4,46.2),.PIECEWISE_BEZIER_KNOTS.);
#3046 = CARTESIAN_POINT('',(9.80000000081,-30.8));
#3047 = CARTESIAN_POINT('',(9.80000000081,30.8));
#3048 = ( GEOMETRIC_REPRESENTATION_CONTEXT(2) 
PARAMETRIC_REPRESENTATION_CONTEXT() REPRESENTATION_CONTEXT('2D SPACE',''
  ) );
#3049 = ADVANCED_FACE('',(#3050),#1180,.T.);
#3050 = FACE_BOUND('',#3051,.T.);
#3051 = EDGE_LOOP('',(#3052,#3053,#3076,#3097,#3098,#3121,#3149,#3170));
#3052 = ORIENTED_EDGE('',*,*,#1164,.F.);
#3053 = ORIENTED_EDGE('',*,*,#3054,.T.);
#3054 = EDGE_CURVE('',#1137,#3055,#3057,.T.);
#3055 = VERTEX_POINT('',#3056);
#3056 = CARTESIAN_POINT('',(1.4,-30.8,7.5));
#3057 = SURFACE_CURVE('',#3058,(#3062,#3069),.PCURVE_S1.);
#3058 = LINE('',#3059,#3060);
#3059 = CARTESIAN_POINT('',(1.4,-30.8,1.));
#3060 = VECTOR('',#3061,1.);
#3061 = DIRECTION('',(0.,0.,1.));
#3062 = PCURVE('',#1180,#3063);
#3063 = DEFINITIONAL_REPRESENTATION('',(#3064),#3068);
#3064 = LINE('',#3065,#3066);
#3065 = CARTESIAN_POINT('',(0.,0.));
#3066 = VECTOR('',#3067,1.);
#3067 = DIRECTION('',(1.,0.));
#3068 = ( GEOMETRIC_REPRESENTATION_CONTEXT(2) 
PARAMETRIC_REPRESENTATION_CONTEXT() REPRESENTATION_CONTEXT('2D SPACE',''
  ) );
#3069 = PCURVE('',#1152,#3070);
#3070 = DEFINITIONAL_REPRESENTATION('',(#3071),#3075);
#3071 = LINE('',#3072,#3073);
#3072 = CARTESIAN_POINT('',(0.,-4.));
#3073 = VECTOR('',#3074,1.);
#3074 = DIRECTION('',(1.,0.));
#3075 = ( GEOMETRIC_REPRESENTATION_CONTEXT(2) 
PARAMETRIC_REPRESENTATION_CONTEXT() REPRESENTATION_CONTEXT('2D SPACE',''
  ) );
#3076 = ORIENTED_EDGE('',*,*,#3077,.T.);
#3077 = EDGE_CURVE('',#3055,#2316,#3078,.T.);
#3078 = SURFACE_CURVE('',#3079,(#3083,#3090),.PCURVE_S1.);
#3079 = LINE('',#3080,#3081);
#3080 = CARTESIAN_POINT('',(1.4,-30.8,7.5));
#3081 = VECTOR('',#3082,1.);
#3082 = DIRECTION('',(1.,0.,0.));
#3083 = PCURVE('',#1180,#3084);
#3084 = DEFINITIONAL_REPRESENTATION('',(#3085),#3089);
#3085 = LINE('',#3086,#3087);
#3086 = CARTESIAN_POINT('',(6.5,0.));
#3087 = VECTOR('',#3088,1.);
#3088 = DIRECTION('',(0.,1.));
#3089 = ( GEOMETRIC_REPRESENTATION_CONTEXT(2) 
PARAMETRIC_REPRESENTATION_CONTEXT() REPRESENTATION_CONTEXT('2D SPACE',''
  ) );
#3090 = PCURVE('',#2331,#3091);
#3091 = DEFINITIONAL_REPRESENTATION('',(#3092),#3096);
#3092 = LINE('',#3093,#3094);
#3093 = CARTESIAN_POINT('',(0.,4.));
#3094 = VECTOR('',#3095,1.);
#3095 = DIRECTION('',(1.,0.));
#3096 = ( GEOMETRIC_REPRESENTATION_CONTEXT(2) 
PARAMETRIC_REPRESENTATION_CONTEXT() REPRESENTATION_CONTEXT('2D SPACE',''
  ) );
#3097 = ORIENTED_EDGE('',*,*,#2343,.F.);
#3098 = ORIENTED_EDGE('',*,*,#3099,.T.);
#3099 = EDGE_CURVE('',#2344,#3100,#3102,.T.);
#3100 = VERTEX_POINT('',#3101);
#3101 = CARTESIAN_POINT('',(22.49999999383,-30.8,9.5));
#3102 = SURFACE_CURVE('',#3103,(#3107,#3114),.PCURVE_S1.);
#3103 = LINE('',#3104,#3105);
#3104 = CARTESIAN_POINT('',(12.00000000001,-30.8,9.5));
#3105 = VECTOR('',#3106,1.);
#3106 = DIRECTION('',(1.,0.,0.));
#3107 = PCURVE('',#1180,#3108);
#3108 = DEFINITIONAL_REPRESENTATION('',(#3109),#3113);
#3109 = LINE('',#3110,#3111);
#3110 = CARTESIAN_POINT('',(8.5,10.60000000001));
#3111 = VECTOR('',#3112,1.);
#3112 = DIRECTION('',(0.,1.));
#3113 = ( GEOMETRIC_REPRESENTATION_CONTEXT(2) 
PARAMETRIC_REPRESENTATION_CONTEXT() REPRESENTATION_CONTEXT('2D SPACE',''
  ) );
#3114 = PCURVE('',#1829,#3115);
#3115 = DEFINITIONAL_REPRESENTATION('',(#3116),#3120);
#3116 = LINE('',#3117,#3118);
#3117 = CARTESIAN_POINT('',(-5.99999999999,9.2));
#3118 = VECTOR('',#3119,1.);
#3119 = DIRECTION('',(1.,0.));
#3120 = ( GEOMETRIC_REPRESENTATION_CONTEXT(2) 
PARAMETRIC_REPRESENTATION_CONTEXT() REPRESENTATION_CONTEXT('2D SPACE',''
  ) );
#3121 = ORIENTED_EDGE('',*,*,#3122,.F.);
#3122 = EDGE_CURVE('',#3123,#3100,#3125,.T.);
#3123 = VERTEX_POINT('',#3124);
#3124 = CARTESIAN_POINT('',(22.49999999383,-30.8,2.));
#3125 = SURFACE_CURVE('',#3126,(#3130,#3137),.PCURVE_S1.);
#3126 = LINE('',#3127,#3128);
#3127 = CARTESIAN_POINT('',(22.49999999383,-30.8,2.));
#3128 = VECTOR('',#3129,1.);
#3129 = DIRECTION('',(0.,0.,1.));
#3130 = PCURVE('',#1180,#3131);
#3131 = DEFINITIONAL_REPRESENTATION('',(#3132),#3136);
#3132 = LINE('',#3133,#3134);
#3133 = CARTESIAN_POINT('',(1.,21.09999999383));
#3134 = VECTOR('',#3135,1.);
#3135 = DIRECTION('',(1.,0.));
#3136 = ( GEOMETRIC_REPRESENTATION_CONTEXT(2) 
PARAMETRIC_REPRESENTATION_CONTEXT() REPRESENTATION_CONTEXT('2D SPACE',''
  ) );
#3137 = PCURVE('',#3138,#3143);
#3138 = CYLINDRICAL_SURFACE('',#3139,0.3);
#3139 = AXIS2_PLACEMENT_3D('',#3140,#3141,#3142);
#3140 = CARTESIAN_POINT('',(22.49999999383,-30.5,2.));
#3141 = DIRECTION('',(0.,0.,-1.));
#3142 = DIRECTION('',(-1.,0.,0.));
#3143 = DEFINITIONAL_REPRESENTATION('',(#3144),#3148);
#3144 = LINE('',#3145,#3146);
#3145 = CARTESIAN_POINT('',(4.712388980385,0.));
#3146 = VECTOR('',#3147,1.);
#3147 = DIRECTION('',(0.,-1.));
#3148 = ( GEOMETRIC_REPRESENTATION_CONTEXT(2) 
PARAMETRIC_REPRESENTATION_CONTEXT() REPRESENTATION_CONTEXT('2D SPACE',''
  ) );
#3149 = ORIENTED_EDGE('',*,*,#3150,.F.);
#3150 = EDGE_CURVE('',#3007,#3123,#3151,.T.);
#3151 = SURFACE_CURVE('',#3152,(#3156,#3163),.PCURVE_S1.);
#3152 = LINE('',#3153,#3154);
#3153 = CARTESIAN_POINT('',(12.00000000001,-30.8,2.));
#3154 = VECTOR('',#3155,1.);
#3155 = DIRECTION('',(1.,0.,0.));
#3156 = PCURVE('',#1180,#3157);
#3157 = DEFINITIONAL_REPRESENTATION('',(#3158),#3162);
#3158 = LINE('',#3159,#3160);
#3159 = CARTESIAN_POINT('',(1.,10.60000000001));
#3160 = VECTOR('',#3161,1.);
#3161 = DIRECTION('',(0.,1.));
#3162 = ( GEOMETRIC_REPRESENTATION_CONTEXT(2) 
PARAMETRIC_REPRESENTATION_CONTEXT() REPRESENTATION_CONTEXT('2D SPACE',''
  ) );
#3163 = PCURVE('',#2969,#3164);
#3164 = DEFINITIONAL_REPRESENTATION('',(#3165),#3169);
#3165 = LINE('',#3166,#3167);
#3166 = CARTESIAN_POINT('',(8.199086462109E-10,-30.8));
#3167 = VECTOR('',#3168,1.);
#3168 = DIRECTION('',(1.,0.));
#3169 = ( GEOMETRIC_REPRESENTATION_CONTEXT(2) 
PARAMETRIC_REPRESENTATION_CONTEXT() REPRESENTATION_CONTEXT('2D SPACE',''
  ) );
#3170 = ORIENTED_EDGE('',*,*,#3006,.F.);
#3171 = ADVANCED_FACE('',(#3172),#1152,.F.);
#3172 = FACE_BOUND('',#3173,.F.);
#3173 = EDGE_LOOP('',(#3174,#3175,#3176,#3177));
#3174 = ORIENTED_EDGE('',*,*,#2415,.F.);
#3175 = ORIENTED_EDGE('',*,*,#1136,.T.);
#3176 = ORIENTED_EDGE('',*,*,#3054,.T.);
#3177 = ORIENTED_EDGE('',*,*,#3178,.F.);
#3178 = EDGE_CURVE('',#2416,#3055,#3179,.T.);
#3179 = SURFACE_CURVE('',#3180,(#3184,#3191),.PCURVE_S1.);
#3180 = LINE('',#3181,#3182);
#3181 = CARTESIAN_POINT('',(1.4,-34.8,7.5));
#3182 = VECTOR('',#3183,1.);
#3183 = DIRECTION('',(-0.,1.,0.));
#3184 = PCURVE('',#1152,#3185);
#3185 = DEFINITIONAL_REPRESENTATION('',(#3186),#3190);
#3186 = LINE('',#3187,#3188);
#3187 = CARTESIAN_POINT('',(6.5,0.));
#3188 = VECTOR('',#3189,1.);
#3189 = DIRECTION('',(0.,-1.));
#3190 = ( GEOMETRIC_REPRESENTATION_CONTEXT(2) 
PARAMETRIC_REPRESENTATION_CONTEXT() REPRESENTATION_CONTEXT('2D SPACE',''
  ) );
#3191 = PCURVE('',#2331,#3192);
#3192 = DEFINITIONAL_REPRESENTATION('',(#3193),#3197);
#3193 = LINE('',#3194,#3195);
#3194 = CARTESIAN_POINT('',(0.,0.));
#3195 = VECTOR('',#3196,1.);
#3196 = DIRECTION('',(0.,1.));
#3197 = ( GEOMETRIC_REPRESENTATION_CONTEXT(2) 
PARAMETRIC_REPRESENTATION_CONTEXT() REPRESENTATION_CONTEXT('2D SPACE',''
  ) );
#3198 = ADVANCED_FACE('',(#3199,#3223),#1600,.T.);
#3199 = FACE_BOUND('',#3200,.T.);
#3200 = EDGE_LOOP('',(#3201,#3202,#3203,#3204));
#3201 = ORIENTED_EDGE('',*,*,#1584,.F.);
#3202 = ORIENTED_EDGE('',*,*,#2766,.F.);
#3203 = ORIENTED_EDGE('',*,*,#2791,.F.);
#3204 = ORIENTED_EDGE('',*,*,#3205,.F.);
#3205 = EDGE_CURVE('',#1585,#2792,#3206,.T.);
#3206 = SURFACE_CURVE('',#3207,(#3211,#3217),.PCURVE_S1.);
#3207 = LINE('',#3208,#3209);
#3208 = CARTESIAN_POINT('',(7.2,30.795,7.5));
#3209 = VECTOR('',#3210,1.);
#3210 = DIRECTION('',(0.,-1.,0.));
#3211 = PCURVE('',#1600,#3212);
#3212 = DEFINITIONAL_REPRESENTATION('',(#3213),#3216);
#3213 = B_SPLINE_CURVE_WITH_KNOTS('',1,(#3214,#3215),.UNSPECIFIED.,.F.,
  .F.,(2,2),(-4.005,-4.999999999999E-03),.PIECEWISE_BEZIER_KNOTS.);
#3214 = CARTESIAN_POINT('',(5.8,4.));
#3215 = CARTESIAN_POINT('',(5.8,0.));
#3216 = ( GEOMETRIC_REPRESENTATION_CONTEXT(2) 
PARAMETRIC_REPRESENTATION_CONTEXT() REPRESENTATION_CONTEXT('2D SPACE',''
  ) );
#3217 = PCURVE('',#1628,#3218);
#3218 = DEFINITIONAL_REPRESENTATION('',(#3219),#3222);
#3219 = B_SPLINE_CURVE_WITH_KNOTS('',1,(#3220,#3221),.UNSPECIFIED.,.F.,
  .F.,(2,2),(-4.005,-4.999999999999E-03),.PIECEWISE_BEZIER_KNOTS.);
#3220 = CARTESIAN_POINT('',(4.9,-4.01));
#3221 = CARTESIAN_POINT('',(4.9,-1.E-02));
#3222 = ( GEOMETRIC_REPRESENTATION_CONTEXT(2) 
PARAMETRIC_REPRESENTATION_CONTEXT() REPRESENTATION_CONTEXT('2D SPACE',''
  ) );
#3223 = FACE_BOUND('',#3224,.T.);
#3224 = EDGE_LOOP('',(#3225));
#3225 = ORIENTED_EDGE('',*,*,#3226,.F.);
#3226 = EDGE_CURVE('',#3227,#3227,#3229,.T.);
#3227 = VERTEX_POINT('',#3228);
#3228 = CARTESIAN_POINT('',(4.1,32.8,7.5));
#3229 = SURFACE_CURVE('',#3230,(#3235,#3242),.PCURVE_S1.);
#3230 = CIRCLE('',#3231,0.8);
#3231 = AXIS2_PLACEMENT_3D('',#3232,#3233,#3234);
#3232 = CARTESIAN_POINT('',(3.3,32.8,7.5));
#3233 = DIRECTION('',(0.,0.,1.));
#3234 = DIRECTION('',(1.,0.,-0.));
#3235 = PCURVE('',#1600,#3236);
#3236 = DEFINITIONAL_REPRESENTATION('',(#3237),#3241);
#3237 = CIRCLE('',#3238,0.8);
#3238 = AXIS2_PLACEMENT_2D('',#3239,#3240);
#3239 = CARTESIAN_POINT('',(1.9,2.));
#3240 = DIRECTION('',(1.,0.));
#3241 = ( GEOMETRIC_REPRESENTATION_CONTEXT(2) 
PARAMETRIC_REPRESENTATION_CONTEXT() REPRESENTATION_CONTEXT('2D SPACE',''
  ) );
#3242 = PCURVE('',#3243,#3248);
#3243 = CYLINDRICAL_SURFACE('',#3244,0.8);
#3244 = AXIS2_PLACEMENT_3D('',#3245,#3246,#3247);
#3245 = CARTESIAN_POINT('',(3.3,32.8,2.5));
#3246 = DIRECTION('',(0.,0.,1.));
#3247 = DIRECTION('',(1.,0.,-0.));
#3248 = DEFINITIONAL_REPRESENTATION('',(#3249),#3253);
#3249 = LINE('',#3250,#3251);
#3250 = CARTESIAN_POINT('',(0.,5.));
#3251 = VECTOR('',#3252,1.);
#3252 = DIRECTION('',(1.,0.));
#3253 = ( GEOMETRIC_REPRESENTATION_CONTEXT(2) 
PARAMETRIC_REPRESENTATION_CONTEXT() REPRESENTATION_CONTEXT('2D SPACE',''
  ) );
#3254 = ADVANCED_FACE('',(#3255),#1628,.T.);
#3255 = FACE_BOUND('',#3256,.T.);
#3256 = EDGE_LOOP('',(#3257,#3258,#3259,#3280));
#3257 = ORIENTED_EDGE('',*,*,#3205,.T.);
#3258 = ORIENTED_EDGE('',*,*,#2814,.T.);
#3259 = ORIENTED_EDGE('',*,*,#3260,.T.);
#3260 = EDGE_CURVE('',#2815,#1613,#3261,.T.);
#3261 = SURFACE_CURVE('',#3262,(#3266,#3273),.PCURVE_S1.);
#3262 = LINE('',#3263,#3264);
#3263 = CARTESIAN_POINT('',(7.2,30.79,2.6));
#3264 = VECTOR('',#3265,1.);
#3265 = DIRECTION('',(-0.,1.,0.));
#3266 = PCURVE('',#1628,#3267);
#3267 = DEFINITIONAL_REPRESENTATION('',(#3268),#3272);
#3268 = LINE('',#3269,#3270);
#3269 = CARTESIAN_POINT('',(0.,0.));
#3270 = VECTOR('',#3271,1.);
#3271 = DIRECTION('',(0.,-1.));
#3272 = ( GEOMETRIC_REPRESENTATION_CONTEXT(2) 
PARAMETRIC_REPRESENTATION_CONTEXT() REPRESENTATION_CONTEXT('2D SPACE',''
  ) );
#3273 = PCURVE('',#1655,#3274);
#3274 = DEFINITIONAL_REPRESENTATION('',(#3275),#3279);
#3275 = LINE('',#3276,#3277);
#3276 = CARTESIAN_POINT('',(0.,0.));
#3277 = VECTOR('',#3278,1.);
#3278 = DIRECTION('',(0.,1.));
#3279 = ( GEOMETRIC_REPRESENTATION_CONTEXT(2) 
PARAMETRIC_REPRESENTATION_CONTEXT() REPRESENTATION_CONTEXT('2D SPACE',''
  ) );
#3280 = ORIENTED_EDGE('',*,*,#1612,.T.);
#3281 = ADVANCED_FACE('',(#3282),#1655,.T.);
#3282 = FACE_BOUND('',#3283,.T.);
#3283 = EDGE_LOOP('',(#3284,#3285,#3286,#3307));
#3284 = ORIENTED_EDGE('',*,*,#3260,.F.);
#3285 = ORIENTED_EDGE('',*,*,#2836,.T.);
#3286 = ORIENTED_EDGE('',*,*,#3287,.T.);
#3287 = EDGE_CURVE('',#2837,#1640,#3288,.T.);
#3288 = SURFACE_CURVE('',#3289,(#3293,#3300),.PCURVE_S1.);
#3289 = LINE('',#3290,#3291);
#3290 = CARTESIAN_POINT('',(16.8,30.79,2.6));
#3291 = VECTOR('',#3292,1.);
#3292 = DIRECTION('',(-0.,1.,0.));
#3293 = PCURVE('',#1655,#3294);
#3294 = DEFINITIONAL_REPRESENTATION('',(#3295),#3299);
#3295 = LINE('',#3296,#3297);
#3296 = CARTESIAN_POINT('',(9.6,0.));
#3297 = VECTOR('',#3298,1.);
#3298 = DIRECTION('',(0.,1.));
#3299 = ( GEOMETRIC_REPRESENTATION_CONTEXT(2) 
PARAMETRIC_REPRESENTATION_CONTEXT() REPRESENTATION_CONTEXT('2D SPACE',''
  ) );
#3300 = PCURVE('',#1682,#3301);
#3301 = DEFINITIONAL_REPRESENTATION('',(#3302),#3306);
#3302 = LINE('',#3303,#3304);
#3303 = CARTESIAN_POINT('',(0.,0.));
#3304 = VECTOR('',#3305,1.);
#3305 = DIRECTION('',(0.,-1.));
#3306 = ( GEOMETRIC_REPRESENTATION_CONTEXT(2) 
PARAMETRIC_REPRESENTATION_CONTEXT() REPRESENTATION_CONTEXT('2D SPACE',''
  ) );
#3307 = ORIENTED_EDGE('',*,*,#1639,.T.);
#3308 = ADVANCED_FACE('',(#3309),#1682,.F.);
#3309 = FACE_BOUND('',#3310,.F.);
#3310 = EDGE_LOOP('',(#3311,#3330,#3331,#3332));
#3311 = ORIENTED_EDGE('',*,*,#3312,.T.);
#3312 = EDGE_CURVE('',#1667,#2859,#3313,.T.);
#3313 = SURFACE_CURVE('',#3314,(#3318,#3324),.PCURVE_S1.);
#3314 = LINE('',#3315,#3316);
#3315 = CARTESIAN_POINT('',(16.8,30.795,7.5));
#3316 = VECTOR('',#3317,1.);
#3317 = DIRECTION('',(0.,-1.,0.));
#3318 = PCURVE('',#1682,#3319);
#3319 = DEFINITIONAL_REPRESENTATION('',(#3320),#3323);
#3320 = B_SPLINE_CURVE_WITH_KNOTS('',1,(#3321,#3322),.UNSPECIFIED.,.F.,
  .F.,(2,2),(-4.005,-4.999999999999E-03),.PIECEWISE_BEZIER_KNOTS.);
#3321 = CARTESIAN_POINT('',(4.9,-4.01));
#3322 = CARTESIAN_POINT('',(4.9,-1.E-02));
#3323 = ( GEOMETRIC_REPRESENTATION_CONTEXT(2) 
PARAMETRIC_REPRESENTATION_CONTEXT() REPRESENTATION_CONTEXT('2D SPACE',''
  ) );
#3324 = PCURVE('',#1709,#3325);
#3325 = DEFINITIONAL_REPRESENTATION('',(#3326),#3329);
#3326 = B_SPLINE_CURVE_WITH_KNOTS('',1,(#3327,#3328),.UNSPECIFIED.,.F.,
  .F.,(2,2),(-4.005,-4.999999999999E-03),.PIECEWISE_BEZIER_KNOTS.);
#3327 = CARTESIAN_POINT('',(15.4,4.));
#3328 = CARTESIAN_POINT('',(15.4,0.));
#3329 = ( GEOMETRIC_REPRESENTATION_CONTEXT(2) 
PARAMETRIC_REPRESENTATION_CONTEXT() REPRESENTATION_CONTEXT('2D SPACE',''
  ) );
#3330 = ORIENTED_EDGE('',*,*,#2858,.T.);
#3331 = ORIENTED_EDGE('',*,*,#3287,.T.);
#3332 = ORIENTED_EDGE('',*,*,#1666,.T.);
#3333 = ADVANCED_FACE('',(#3334),#1709,.T.);
#3334 = FACE_BOUND('',#3335,.T.);
#3335 = EDGE_LOOP('',(#3336,#3337,#3338,#3339));
#3336 = ORIENTED_EDGE('',*,*,#1693,.F.);
#3337 = ORIENTED_EDGE('',*,*,#3312,.T.);
#3338 = ORIENTED_EDGE('',*,*,#2880,.T.);
#3339 = ORIENTED_EDGE('',*,*,#1864,.T.);
#3340 = ADVANCED_FACE('',(#3341,#3434,#3465),#1829,.T.);
#3341 = FACE_BOUND('',#3342,.T.);
#3342 = EDGE_LOOP('',(#3343,#3344,#3345,#3346,#3347,#3348,#3349,#3350,
    #3351,#3352,#3380,#3408));
#3343 = ORIENTED_EDGE('',*,*,#3099,.F.);
#3344 = ORIENTED_EDGE('',*,*,#2366,.F.);
#3345 = ORIENTED_EDGE('',*,*,#2246,.T.);
#3346 = ORIENTED_EDGE('',*,*,#2148,.F.);
#3347 = ORIENTED_EDGE('',*,*,#2017,.T.);
#3348 = ORIENTED_EDGE('',*,*,#1941,.F.);
#3349 = ORIENTED_EDGE('',*,*,#1894,.F.);
#3350 = ORIENTED_EDGE('',*,*,#1813,.F.);
#3351 = ORIENTED_EDGE('',*,*,#2902,.T.);
#3352 = ORIENTED_EDGE('',*,*,#3353,.T.);
#3353 = EDGE_CURVE('',#2903,#3354,#3356,.T.);
#3354 = VERTEX_POINT('',#3355);
#3355 = CARTESIAN_POINT('',(22.79999999692,30.5,9.5));
#3356 = SURFACE_CURVE('',#3357,(#3362,#3373),.PCURVE_S1.);
#3357 = CIRCLE('',#3358,0.3);
#3358 = AXIS2_PLACEMENT_3D('',#3359,#3360,#3361);
#3359 = CARTESIAN_POINT('',(22.49999999383,30.5,9.5));
#3360 = DIRECTION('',(0.,0.,-1.));
#3361 = DIRECTION('',(-1.,0.,0.));
#3362 = PCURVE('',#1829,#3363);
#3363 = DEFINITIONAL_REPRESENTATION('',(#3364),#3372);
#3364 = ( BOUNDED_CURVE() B_SPLINE_CURVE(2,(#3365,#3366,#3367,#3368,
#3369,#3370,#3371),.UNSPECIFIED.,.T.,.F.) B_SPLINE_CURVE_WITH_KNOTS((1,2
    ,2,2,2,1),(-2.094395102393,0.,2.094395102393,4.188790204786,
6.28318530718,8.377580409573),.UNSPECIFIED.) CURVE() 
GEOMETRIC_REPRESENTATION_ITEM() RATIONAL_B_SPLINE_CURVE((1.,0.5,1.,0.5,
1.,0.5,1.)) REPRESENTATION_ITEM('') );
#3365 = CARTESIAN_POINT('',(4.19999999383,70.5));
#3366 = CARTESIAN_POINT('',(4.19999999383,71.019615242271));
#3367 = CARTESIAN_POINT('',(4.64999999383,70.759807621135));
#3368 = CARTESIAN_POINT('',(5.09999999383,70.5));
#3369 = CARTESIAN_POINT('',(4.64999999383,70.240192378865));
#3370 = CARTESIAN_POINT('',(4.19999999383,69.980384757729));
#3371 = CARTESIAN_POINT('',(4.19999999383,70.5));
#3372 = ( GEOMETRIC_REPRESENTATION_CONTEXT(2) 
PARAMETRIC_REPRESENTATION_CONTEXT() REPRESENTATION_CONTEXT('2D SPACE',''
  ) );
#3373 = PCURVE('',#2941,#3374);
#3374 = DEFINITIONAL_REPRESENTATION('',(#3375),#3379);
#3375 = LINE('',#3376,#3377);
#3376 = CARTESIAN_POINT('',(0.,-7.5));
#3377 = VECTOR('',#3378,1.);
#3378 = DIRECTION('',(1.,0.));
#3379 = ( GEOMETRIC_REPRESENTATION_CONTEXT(2) 
PARAMETRIC_REPRESENTATION_CONTEXT() REPRESENTATION_CONTEXT('2D SPACE',''
  ) );
#3380 = ORIENTED_EDGE('',*,*,#3381,.F.);
#3381 = EDGE_CURVE('',#3382,#3354,#3384,.T.);
#3382 = VERTEX_POINT('',#3383);
#3383 = CARTESIAN_POINT('',(22.79999999692,-30.5,9.5));
#3384 = SURFACE_CURVE('',#3385,(#3389,#3396),.PCURVE_S1.);
#3385 = LINE('',#3386,#3387);
#3386 = CARTESIAN_POINT('',(22.80000000001,-1.7763568394E-15,9.5));
#3387 = VECTOR('',#3388,1.);
#3388 = DIRECTION('',(0.,1.,0.));
#3389 = PCURVE('',#1829,#3390);
#3390 = DEFINITIONAL_REPRESENTATION('',(#3391),#3395);
#3391 = LINE('',#3392,#3393);
#3392 = CARTESIAN_POINT('',(4.80000000001,40.));
#3393 = VECTOR('',#3394,1.);
#3394 = DIRECTION('',(0.,1.));
#3395 = ( GEOMETRIC_REPRESENTATION_CONTEXT(2) 
PARAMETRIC_REPRESENTATION_CONTEXT() REPRESENTATION_CONTEXT('2D SPACE',''
  ) );
#3396 = PCURVE('',#3397,#3402);
#3397 = PLANE('',#3398);
#3398 = AXIS2_PLACEMENT_3D('',#3399,#3400,#3401);
#3399 = CARTESIAN_POINT('',(22.80000000001,-30.5,2.));
#3400 = DIRECTION('',(-1.,0.,0.));
#3401 = DIRECTION('',(0.,1.,0.));
#3402 = DEFINITIONAL_REPRESENTATION('',(#3403),#3407);
#3403 = LINE('',#3404,#3405);
#3404 = CARTESIAN_POINT('',(30.5,-7.5));
#3405 = VECTOR('',#3406,1.);
#3406 = DIRECTION('',(1.,0.));
#3407 = ( GEOMETRIC_REPRESENTATION_CONTEXT(2) 
PARAMETRIC_REPRESENTATION_CONTEXT() REPRESENTATION_CONTEXT('2D SPACE',''
  ) );
#3408 = ORIENTED_EDGE('',*,*,#3409,.T.);
#3409 = EDGE_CURVE('',#3382,#3100,#3410,.T.);
#3410 = SURFACE_CURVE('',#3411,(#3416,#3427),.PCURVE_S1.);
#3411 = CIRCLE('',#3412,0.3);
#3412 = AXIS2_PLACEMENT_3D('',#3413,#3414,#3415);
#3413 = CARTESIAN_POINT('',(22.49999999383,-30.5,9.5));
#3414 = DIRECTION('',(0.,0.,-1.));
#3415 = DIRECTION('',(-1.,0.,0.));
#3416 = PCURVE('',#1829,#3417);
#3417 = DEFINITIONAL_REPRESENTATION('',(#3418),#3426);
#3418 = ( BOUNDED_CURVE() B_SPLINE_CURVE(2,(#3419,#3420,#3421,#3422,
#3423,#3424,#3425),.UNSPECIFIED.,.T.,.F.) B_SPLINE_CURVE_WITH_KNOTS((1,2
    ,2,2,2,1),(-2.094395102393,0.,2.094395102393,4.188790204786,
6.28318530718,8.377580409573),.UNSPECIFIED.) CURVE() 
GEOMETRIC_REPRESENTATION_ITEM() RATIONAL_B_SPLINE_CURVE((1.,0.5,1.,0.5,
1.,0.5,1.)) REPRESENTATION_ITEM('') );
#3419 = CARTESIAN_POINT('',(4.19999999383,9.5));
#3420 = CARTESIAN_POINT('',(4.19999999383,10.019615242271));
#3421 = CARTESIAN_POINT('',(4.64999999383,9.759807621135));
#3422 = CARTESIAN_POINT('',(5.09999999383,9.5));
#3423 = CARTESIAN_POINT('',(4.64999999383,9.240192378865));
#3424 = CARTESIAN_POINT('',(4.19999999383,8.980384757729));
#3425 = CARTESIAN_POINT('',(4.19999999383,9.5));
#3426 = ( GEOMETRIC_REPRESENTATION_CONTEXT(2) 
PARAMETRIC_REPRESENTATION_CONTEXT() REPRESENTATION_CONTEXT('2D SPACE',''
  ) );
#3427 = PCURVE('',#3138,#3428);
#3428 = DEFINITIONAL_REPRESENTATION('',(#3429),#3433);
#3429 = LINE('',#3430,#3431);
#3430 = CARTESIAN_POINT('',(0.,-7.5));
#3431 = VECTOR('',#3432,1.);
#3432 = DIRECTION('',(1.,0.));
#3433 = ( GEOMETRIC_REPRESENTATION_CONTEXT(2) 
PARAMETRIC_REPRESENTATION_CONTEXT() REPRESENTATION_CONTEXT('2D SPACE',''
  ) );
#3434 = FACE_BOUND('',#3435,.T.);
#3435 = EDGE_LOOP('',(#3436));
#3436 = ORIENTED_EDGE('',*,*,#3437,.F.);
#3437 = EDGE_CURVE('',#3438,#3438,#3440,.T.);
#3438 = VERTEX_POINT('',#3439);
#3439 = CARTESIAN_POINT('',(21.5,-32.8,9.5));
#3440 = SURFACE_CURVE('',#3441,(#3446,#3453),.PCURVE_S1.);
#3441 = CIRCLE('',#3442,0.8);
#3442 = AXIS2_PLACEMENT_3D('',#3443,#3444,#3445);
#3443 = CARTESIAN_POINT('',(20.7,-32.8,9.5));
#3444 = DIRECTION('',(0.,0.,1.));
#3445 = DIRECTION('',(1.,0.,-0.));
#3446 = PCURVE('',#1829,#3447);
#3447 = DEFINITIONAL_REPRESENTATION('',(#3448),#3452);
#3448 = CIRCLE('',#3449,0.8);
#3449 = AXIS2_PLACEMENT_2D('',#3450,#3451);
#3450 = CARTESIAN_POINT('',(2.7,7.2));
#3451 = DIRECTION('',(1.,0.));
#3452 = ( GEOMETRIC_REPRESENTATION_CONTEXT(2) 
PARAMETRIC_REPRESENTATION_CONTEXT() REPRESENTATION_CONTEXT('2D SPACE',''
  ) );
#3453 = PCURVE('',#3454,#3459);
#3454 = CYLINDRICAL_SURFACE('',#3455,0.8);
#3455 = AXIS2_PLACEMENT_3D('',#3456,#3457,#3458);
#3456 = CARTESIAN_POINT('',(20.7,-32.8,2.5));
#3457 = DIRECTION('',(0.,0.,1.));
#3458 = DIRECTION('',(1.,0.,-0.));
#3459 = DEFINITIONAL_REPRESENTATION('',(#3460),#3464);
#3460 = LINE('',#3461,#3462);
#3461 = CARTESIAN_POINT('',(0.,7.));
#3462 = VECTOR('',#3463,1.);
#3463 = DIRECTION('',(1.,0.));
#3464 = ( GEOMETRIC_REPRESENTATION_CONTEXT(2) 
PARAMETRIC_REPRESENTATION_CONTEXT() REPRESENTATION_CONTEXT('2D SPACE',''
  ) );
#3465 = FACE_BOUND('',#3466,.T.);
#3466 = EDGE_LOOP('',(#3467));
#3467 = ORIENTED_EDGE('',*,*,#3468,.F.);
#3468 = EDGE_CURVE('',#3469,#3469,#3471,.T.);
#3469 = VERTEX_POINT('',#3470);
#3470 = CARTESIAN_POINT('',(21.5,32.8,9.5));
#3471 = SURFACE_CURVE('',#3472,(#3477,#3484),.PCURVE_S1.);
#3472 = CIRCLE('',#3473,0.8);
#3473 = AXIS2_PLACEMENT_3D('',#3474,#3475,#3476);
#3474 = CARTESIAN_POINT('',(20.7,32.8,9.5));
#3475 = DIRECTION('',(0.,0.,1.));
#3476 = DIRECTION('',(1.,0.,-0.));
#3477 = PCURVE('',#1829,#3478);
#3478 = DEFINITIONAL_REPRESENTATION('',(#3479),#3483);
#3479 = CIRCLE('',#3480,0.8);
#3480 = AXIS2_PLACEMENT_2D('',#3481,#3482);
#3481 = CARTESIAN_POINT('',(2.7,72.8));
#3482 = DIRECTION('',(1.,0.));
#3483 = ( GEOMETRIC_REPRESENTATION_CONTEXT(2) 
PARAMETRIC_REPRESENTATION_CONTEXT() REPRESENTATION_CONTEXT('2D SPACE',''
  ) );
#3484 = PCURVE('',#3485,#3490);
#3485 = CYLINDRICAL_SURFACE('',#3486,0.8);
#3486 = AXIS2_PLACEMENT_3D('',#3487,#3488,#3489);
#3487 = CARTESIAN_POINT('',(20.7,32.8,2.5));
#3488 = DIRECTION('',(0.,0.,1.));
#3489 = DIRECTION('',(1.,0.,-0.));
#3490 = DEFINITIONAL_REPRESENTATION('',(#3491),#3495);
#3491 = LINE('',#3492,#3493);
#3492 = CARTESIAN_POINT('',(0.,7.));
#3493 = VECTOR('',#3494,1.);
#3494 = DIRECTION('',(1.,0.));
#3495 = ( GEOMETRIC_REPRESENTATION_CONTEXT(2) 
PARAMETRIC_REPRESENTATION_CONTEXT() REPRESENTATION_CONTEXT('2D SPACE',''
  ) );
#3496 = ADVANCED_FACE('',(#3497),#2056,.F.);
#3497 = FACE_BOUND('',#3498,.F.);
#3498 = EDGE_LOOP('',(#3499,#3522,#3543,#3564));
#3499 = ORIENTED_EDGE('',*,*,#3500,.F.);
#3500 = EDGE_CURVE('',#3501,#2042,#3503,.T.);
#3501 = VERTEX_POINT('',#3502);
#3502 = CARTESIAN_POINT('',(22.80000000001,7.,8.));
#3503 = SURFACE_CURVE('',#3504,(#3508,#3515),.PCURVE_S1.);
#3504 = LINE('',#3505,#3506);
#3505 = CARTESIAN_POINT('',(22.7,7.,8.));
#3506 = VECTOR('',#3507,1.);
#3507 = DIRECTION('',(1.,0.,-0.));
#3508 = PCURVE('',#2056,#3509);
#3509 = DEFINITIONAL_REPRESENTATION('',(#3510),#3514);
#3510 = LINE('',#3511,#3512);
#3511 = CARTESIAN_POINT('',(0.,14.));
#3512 = VECTOR('',#3513,1.);
#3513 = DIRECTION('',(1.,0.));
#3514 = ( GEOMETRIC_REPRESENTATION_CONTEXT(2) 
PARAMETRIC_REPRESENTATION_CONTEXT() REPRESENTATION_CONTEXT('2D SPACE',''
  ) );
#3515 = PCURVE('',#2132,#3516);
#3516 = DEFINITIONAL_REPRESENTATION('',(#3517),#3521);
#3517 = LINE('',#3518,#3519);
#3518 = CARTESIAN_POINT('',(4.7,0.));
#3519 = VECTOR('',#3520,1.);
#3520 = DIRECTION('',(0.,1.));
#3521 = ( GEOMETRIC_REPRESENTATION_CONTEXT(2) 
PARAMETRIC_REPRESENTATION_CONTEXT() REPRESENTATION_CONTEXT('2D SPACE',''
  ) );
#3522 = ORIENTED_EDGE('',*,*,#3523,.F.);
#3523 = EDGE_CURVE('',#3524,#3501,#3526,.T.);
#3524 = VERTEX_POINT('',#3525);
#3525 = CARTESIAN_POINT('',(22.80000000001,-7.,8.));
#3526 = SURFACE_CURVE('',#3527,(#3531,#3537),.PCURVE_S1.);
#3527 = LINE('',#3528,#3529);
#3528 = CARTESIAN_POINT('',(22.80000000001,-18.75,8.));
#3529 = VECTOR('',#3530,1.);
#3530 = DIRECTION('',(0.,1.,-0.));
#3531 = PCURVE('',#2056,#3532);
#3532 = DEFINITIONAL_REPRESENTATION('',(#3533),#3536);
#3533 = B_SPLINE_CURVE_WITH_KNOTS('',1,(#3534,#3535),.UNSPECIFIED.,.F.,
  .F.,(2,2),(11.75,25.75),.PIECEWISE_BEZIER_KNOTS.);
#3534 = CARTESIAN_POINT('',(0.10000000001,0.));
#3535 = CARTESIAN_POINT('',(0.10000000001,14.));
#3536 = ( GEOMETRIC_REPRESENTATION_CONTEXT(2) 
PARAMETRIC_REPRESENTATION_CONTEXT() REPRESENTATION_CONTEXT('2D SPACE',''
  ) );
#3537 = PCURVE('',#3397,#3538);
#3538 = DEFINITIONAL_REPRESENTATION('',(#3539),#3542);
#3539 = B_SPLINE_CURVE_WITH_KNOTS('',1,(#3540,#3541),.UNSPECIFIED.,.F.,
  .F.,(2,2),(11.75,25.75),.PIECEWISE_BEZIER_KNOTS.);
#3540 = CARTESIAN_POINT('',(23.5,-6.));
#3541 = CARTESIAN_POINT('',(37.5,-6.));
#3542 = ( GEOMETRIC_REPRESENTATION_CONTEXT(2) 
PARAMETRIC_REPRESENTATION_CONTEXT() REPRESENTATION_CONTEXT('2D SPACE',''
  ) );
#3543 = ORIENTED_EDGE('',*,*,#3544,.T.);
#3544 = EDGE_CURVE('',#3524,#2040,#3545,.T.);
#3545 = SURFACE_CURVE('',#3546,(#3550,#3557),.PCURVE_S1.);
#3546 = LINE('',#3547,#3548);
#3547 = CARTESIAN_POINT('',(22.7,-7.,8.));
#3548 = VECTOR('',#3549,1.);
#3549 = DIRECTION('',(1.,0.,-0.));
#3550 = PCURVE('',#2056,#3551);
#3551 = DEFINITIONAL_REPRESENTATION('',(#3552),#3556);
#3552 = LINE('',#3553,#3554);
#3553 = CARTESIAN_POINT('',(0.,0.));
#3554 = VECTOR('',#3555,1.);
#3555 = DIRECTION('',(1.,0.));
#3556 = ( GEOMETRIC_REPRESENTATION_CONTEXT(2) 
PARAMETRIC_REPRESENTATION_CONTEXT() REPRESENTATION_CONTEXT('2D SPACE',''
  ) );
#3557 = PCURVE('',#2082,#3558);
#3558 = DEFINITIONAL_REPRESENTATION('',(#3559),#3563);
#3559 = LINE('',#3560,#3561);
#3560 = CARTESIAN_POINT('',(4.7,0.));
#3561 = VECTOR('',#3562,1.);
#3562 = DIRECTION('',(0.,1.));
#3563 = ( GEOMETRIC_REPRESENTATION_CONTEXT(2) 
PARAMETRIC_REPRESENTATION_CONTEXT() REPRESENTATION_CONTEXT('2D SPACE',''
  ) );
#3564 = ORIENTED_EDGE('',*,*,#2039,.T.);
#3565 = ADVANCED_FACE('',(#3566),#2082,.T.);
#3566 = FACE_BOUND('',#3567,.T.);
#3567 = EDGE_LOOP('',(#3568,#3591,#3610,#3611));
#3568 = ORIENTED_EDGE('',*,*,#3569,.F.);
#3569 = EDGE_CURVE('',#3570,#2068,#3572,.T.);
#3570 = VERTEX_POINT('',#3571);
#3571 = CARTESIAN_POINT('',(22.80000000001,-7.,3.3));
#3572 = SURFACE_CURVE('',#3573,(#3577,#3584),.PCURVE_S1.);
#3573 = LINE('',#3574,#3575);
#3574 = CARTESIAN_POINT('',(22.7,-7.,3.3));
#3575 = VECTOR('',#3576,1.);
#3576 = DIRECTION('',(1.,0.,-0.));
#3577 = PCURVE('',#2082,#3578);
#3578 = DEFINITIONAL_REPRESENTATION('',(#3579),#3583);
#3579 = LINE('',#3580,#3581);
#3580 = CARTESIAN_POINT('',(0.,0.));
#3581 = VECTOR('',#3582,1.);
#3582 = DIRECTION('',(0.,1.));
#3583 = ( GEOMETRIC_REPRESENTATION_CONTEXT(2) 
PARAMETRIC_REPRESENTATION_CONTEXT() REPRESENTATION_CONTEXT('2D SPACE',''
  ) );
#3584 = PCURVE('',#2108,#3585);
#3585 = DEFINITIONAL_REPRESENTATION('',(#3586),#3590);
#3586 = LINE('',#3587,#3588);
#3587 = CARTESIAN_POINT('',(0.,0.));
#3588 = VECTOR('',#3589,1.);
#3589 = DIRECTION('',(1.,0.));
#3590 = ( GEOMETRIC_REPRESENTATION_CONTEXT(2) 
PARAMETRIC_REPRESENTATION_CONTEXT() REPRESENTATION_CONTEXT('2D SPACE',''
  ) );
#3591 = ORIENTED_EDGE('',*,*,#3592,.F.);
#3592 = EDGE_CURVE('',#3524,#3570,#3593,.T.);
#3593 = SURFACE_CURVE('',#3594,(#3598,#3604),.PCURVE_S1.);
#3594 = LINE('',#3595,#3596);
#3595 = CARTESIAN_POINT('',(22.80000000001,-7.,2.65));
#3596 = VECTOR('',#3597,1.);
#3597 = DIRECTION('',(0.,0.,-1.));
#3598 = PCURVE('',#2082,#3599);
#3599 = DEFINITIONAL_REPRESENTATION('',(#3600),#3603);
#3600 = B_SPLINE_CURVE_WITH_KNOTS('',1,(#3601,#3602),.UNSPECIFIED.,.F.,
  .F.,(2,2),(-5.35,-0.65),.PIECEWISE_BEZIER_KNOTS.);
#3601 = CARTESIAN_POINT('',(4.7,0.10000000001));
#3602 = CARTESIAN_POINT('',(0.,0.10000000001));
#3603 = ( GEOMETRIC_REPRESENTATION_CONTEXT(2) 
PARAMETRIC_REPRESENTATION_CONTEXT() REPRESENTATION_CONTEXT('2D SPACE',''
  ) );
#3604 = PCURVE('',#3397,#3605);
#3605 = DEFINITIONAL_REPRESENTATION('',(#3606),#3609);
#3606 = B_SPLINE_CURVE_WITH_KNOTS('',1,(#3607,#3608),.UNSPECIFIED.,.F.,
  .F.,(2,2),(-5.35,-0.65),.PIECEWISE_BEZIER_KNOTS.);
#3607 = CARTESIAN_POINT('',(23.5,-6.));
#3608 = CARTESIAN_POINT('',(23.5,-1.3));
#3609 = ( GEOMETRIC_REPRESENTATION_CONTEXT(2) 
PARAMETRIC_REPRESENTATION_CONTEXT() REPRESENTATION_CONTEXT('2D SPACE',''
  ) );
#3610 = ORIENTED_EDGE('',*,*,#3544,.T.);
#3611 = ORIENTED_EDGE('',*,*,#2067,.T.);
#3612 = ADVANCED_FACE('',(#3613),#2132,.F.);
#3613 = FACE_BOUND('',#3614,.F.);
#3614 = EDGE_LOOP('',(#3615,#3638,#3657,#3658));
#3615 = ORIENTED_EDGE('',*,*,#3616,.F.);
#3616 = EDGE_CURVE('',#3617,#2094,#3619,.T.);
#3617 = VERTEX_POINT('',#3618);
#3618 = CARTESIAN_POINT('',(22.80000000001,7.,3.3));
#3619 = SURFACE_CURVE('',#3620,(#3624,#3631),.PCURVE_S1.);
#3620 = LINE('',#3621,#3622);
#3621 = CARTESIAN_POINT('',(22.7,7.,3.3));
#3622 = VECTOR('',#3623,1.);
#3623 = DIRECTION('',(1.,0.,-0.));
#3624 = PCURVE('',#2132,#3625);
#3625 = DEFINITIONAL_REPRESENTATION('',(#3626),#3630);
#3626 = LINE('',#3627,#3628);
#3627 = CARTESIAN_POINT('',(0.,0.));
#3628 = VECTOR('',#3629,1.);
#3629 = DIRECTION('',(0.,1.));
#3630 = ( GEOMETRIC_REPRESENTATION_CONTEXT(2) 
PARAMETRIC_REPRESENTATION_CONTEXT() REPRESENTATION_CONTEXT('2D SPACE',''
  ) );
#3631 = PCURVE('',#2108,#3632);
#3632 = DEFINITIONAL_REPRESENTATION('',(#3633),#3637);
#3633 = LINE('',#3634,#3635);
#3634 = CARTESIAN_POINT('',(0.,14.));
#3635 = VECTOR('',#3636,1.);
#3636 = DIRECTION('',(1.,0.));
#3637 = ( GEOMETRIC_REPRESENTATION_CONTEXT(2) 
PARAMETRIC_REPRESENTATION_CONTEXT() REPRESENTATION_CONTEXT('2D SPACE',''
  ) );
#3638 = ORIENTED_EDGE('',*,*,#3639,.F.);
#3639 = EDGE_CURVE('',#3501,#3617,#3640,.T.);
#3640 = SURFACE_CURVE('',#3641,(#3645,#3651),.PCURVE_S1.);
#3641 = LINE('',#3642,#3643);
#3642 = CARTESIAN_POINT('',(22.80000000001,7.,2.65));
#3643 = VECTOR('',#3644,1.);
#3644 = DIRECTION('',(0.,0.,-1.));
#3645 = PCURVE('',#2132,#3646);
#3646 = DEFINITIONAL_REPRESENTATION('',(#3647),#3650);
#3647 = B_SPLINE_CURVE_WITH_KNOTS('',1,(#3648,#3649),.UNSPECIFIED.,.F.,
  .F.,(2,2),(-5.35,-0.65),.PIECEWISE_BEZIER_KNOTS.);
#3648 = CARTESIAN_POINT('',(4.7,0.10000000001));
#3649 = CARTESIAN_POINT('',(0.,0.10000000001));
#3650 = ( GEOMETRIC_REPRESENTATION_CONTEXT(2) 
PARAMETRIC_REPRESENTATION_CONTEXT() REPRESENTATION_CONTEXT('2D SPACE',''
  ) );
#3651 = PCURVE('',#3397,#3652);
#3652 = DEFINITIONAL_REPRESENTATION('',(#3653),#3656);
#3653 = B_SPLINE_CURVE_WITH_KNOTS('',1,(#3654,#3655),.UNSPECIFIED.,.F.,
  .F.,(2,2),(-5.35,-0.65),.PIECEWISE_BEZIER_KNOTS.);
#3654 = CARTESIAN_POINT('',(37.5,-6.));
#3655 = CARTESIAN_POINT('',(37.5,-1.3));
#3656 = ( GEOMETRIC_REPRESENTATION_CONTEXT(2) 
PARAMETRIC_REPRESENTATION_CONTEXT() REPRESENTATION_CONTEXT('2D SPACE',''
  ) );
#3657 = ORIENTED_EDGE('',*,*,#3500,.T.);
#3658 = ORIENTED_EDGE('',*,*,#2119,.T.);
#3659 = ADVANCED_FACE('',(#3660),#2108,.T.);
#3660 = FACE_BOUND('',#3661,.T.);
#3661 = EDGE_LOOP('',(#3662,#3663,#3682,#3683));
#3662 = ORIENTED_EDGE('',*,*,#3616,.F.);
#3663 = ORIENTED_EDGE('',*,*,#3664,.F.);
#3664 = EDGE_CURVE('',#3570,#3617,#3665,.T.);
#3665 = SURFACE_CURVE('',#3666,(#3670,#3676),.PCURVE_S1.);
#3666 = LINE('',#3667,#3668);
#3667 = CARTESIAN_POINT('',(22.80000000001,-18.75,3.3));
#3668 = VECTOR('',#3669,1.);
#3669 = DIRECTION('',(0.,1.,-0.));
#3670 = PCURVE('',#2108,#3671);
#3671 = DEFINITIONAL_REPRESENTATION('',(#3672),#3675);
#3672 = B_SPLINE_CURVE_WITH_KNOTS('',1,(#3673,#3674),.UNSPECIFIED.,.F.,
  .F.,(2,2),(11.75,25.75),.PIECEWISE_BEZIER_KNOTS.);
#3673 = CARTESIAN_POINT('',(0.10000000001,0.));
#3674 = CARTESIAN_POINT('',(0.10000000001,14.));
#3675 = ( GEOMETRIC_REPRESENTATION_CONTEXT(2) 
PARAMETRIC_REPRESENTATION_CONTEXT() REPRESENTATION_CONTEXT('2D SPACE',''
  ) );
#3676 = PCURVE('',#3397,#3677);
#3677 = DEFINITIONAL_REPRESENTATION('',(#3678),#3681);
#3678 = B_SPLINE_CURVE_WITH_KNOTS('',1,(#3679,#3680),.UNSPECIFIED.,.F.,
  .F.,(2,2),(11.75,25.75),.PIECEWISE_BEZIER_KNOTS.);
#3679 = CARTESIAN_POINT('',(23.5,-1.3));
#3680 = CARTESIAN_POINT('',(37.5,-1.3));
#3681 = ( GEOMETRIC_REPRESENTATION_CONTEXT(2) 
PARAMETRIC_REPRESENTATION_CONTEXT() REPRESENTATION_CONTEXT('2D SPACE',''
  ) );
#3682 = ORIENTED_EDGE('',*,*,#3569,.T.);
#3683 = ORIENTED_EDGE('',*,*,#2093,.T.);
#3684 = ADVANCED_FACE('',(#3685,#3691),#2331,.T.);
#3685 = FACE_BOUND('',#3686,.T.);
#3686 = EDGE_LOOP('',(#3687,#3688,#3689,#3690));
#3687 = ORIENTED_EDGE('',*,*,#3178,.F.);
#3688 = ORIENTED_EDGE('',*,*,#2438,.T.);
#3689 = ORIENTED_EDGE('',*,*,#2315,.T.);
#3690 = ORIENTED_EDGE('',*,*,#3077,.F.);
#3691 = FACE_BOUND('',#3692,.T.);
#3692 = EDGE_LOOP('',(#3693));
#3693 = ORIENTED_EDGE('',*,*,#3694,.F.);
#3694 = EDGE_CURVE('',#3695,#3695,#3697,.T.);
#3695 = VERTEX_POINT('',#3696);
#3696 = CARTESIAN_POINT('',(4.1,-32.8,7.5));
#3697 = SURFACE_CURVE('',#3698,(#3703,#3710),.PCURVE_S1.);
#3698 = CIRCLE('',#3699,0.8);
#3699 = AXIS2_PLACEMENT_3D('',#3700,#3701,#3702);
#3700 = CARTESIAN_POINT('',(3.3,-32.8,7.5));
#3701 = DIRECTION('',(0.,0.,1.));
#3702 = DIRECTION('',(1.,0.,-0.));
#3703 = PCURVE('',#2331,#3704);
#3704 = DEFINITIONAL_REPRESENTATION('',(#3705),#3709);
#3705 = CIRCLE('',#3706,0.8);
#3706 = AXIS2_PLACEMENT_2D('',#3707,#3708);
#3707 = CARTESIAN_POINT('',(1.9,2.));
#3708 = DIRECTION('',(1.,0.));
#3709 = ( GEOMETRIC_REPRESENTATION_CONTEXT(2) 
PARAMETRIC_REPRESENTATION_CONTEXT() REPRESENTATION_CONTEXT('2D SPACE',''
  ) );
#3710 = PCURVE('',#3711,#3716);
#3711 = CYLINDRICAL_SURFACE('',#3712,0.8);
#3712 = AXIS2_PLACEMENT_3D('',#3713,#3714,#3715);
#3713 = CARTESIAN_POINT('',(3.3,-32.8,2.5));
#3714 = DIRECTION('',(0.,0.,1.));
#3715 = DIRECTION('',(1.,0.,-0.));
#3716 = DEFINITIONAL_REPRESENTATION('',(#3717),#3721);
#3717 = LINE('',#3718,#3719);
#3718 = CARTESIAN_POINT('',(0.,5.));
#3719 = VECTOR('',#3720,1.);
#3720 = DIRECTION('',(1.,0.));
#3721 = ( GEOMETRIC_REPRESENTATION_CONTEXT(2) 
PARAMETRIC_REPRESENTATION_CONTEXT() REPRESENTATION_CONTEXT('2D SPACE',''
  ) );
#3722 = ADVANCED_FACE('',(#3723),#2941,.F.);
#3723 = FACE_BOUND('',#3724,.F.);
#3724 = EDGE_LOOP('',(#3725,#3726,#3727,#3750));
#3725 = ORIENTED_EDGE('',*,*,#2925,.T.);
#3726 = ORIENTED_EDGE('',*,*,#3353,.T.);
#3727 = ORIENTED_EDGE('',*,*,#3728,.F.);
#3728 = EDGE_CURVE('',#3729,#3354,#3731,.T.);
#3729 = VERTEX_POINT('',#3730);
#3730 = CARTESIAN_POINT('',(22.79999999692,30.5,2.));
#3731 = SURFACE_CURVE('',#3732,(#3736,#3743),.PCURVE_S1.);
#3732 = LINE('',#3733,#3734);
#3733 = CARTESIAN_POINT('',(22.79999999692,30.5,2.));
#3734 = VECTOR('',#3735,1.);
#3735 = DIRECTION('',(0.,0.,1.));
#3736 = PCURVE('',#2941,#3737);
#3737 = DEFINITIONAL_REPRESENTATION('',(#3738),#3742);
#3738 = LINE('',#3739,#3740);
#3739 = CARTESIAN_POINT('',(3.14159265359,0.));
#3740 = VECTOR('',#3741,1.);
#3741 = DIRECTION('',(0.,-1.));
#3742 = ( GEOMETRIC_REPRESENTATION_CONTEXT(2) 
PARAMETRIC_REPRESENTATION_CONTEXT() REPRESENTATION_CONTEXT('2D SPACE',''
  ) );
#3743 = PCURVE('',#3397,#3744);
#3744 = DEFINITIONAL_REPRESENTATION('',(#3745),#3749);
#3745 = LINE('',#3746,#3747);
#3746 = CARTESIAN_POINT('',(61.,0.));
#3747 = VECTOR('',#3748,1.);
#3748 = DIRECTION('',(0.,-1.));
#3749 = ( GEOMETRIC_REPRESENTATION_CONTEXT(2) 
PARAMETRIC_REPRESENTATION_CONTEXT() REPRESENTATION_CONTEXT('2D SPACE',''
  ) );
#3750 = ORIENTED_EDGE('',*,*,#3751,.F.);
#3751 = EDGE_CURVE('',#2926,#3729,#3752,.T.);
#3752 = SURFACE_CURVE('',#3753,(#3758,#3765),.PCURVE_S1.);
#3753 = CIRCLE('',#3754,0.3);
#3754 = AXIS2_PLACEMENT_3D('',#3755,#3756,#3757);
#3755 = CARTESIAN_POINT('',(22.49999999383,30.5,2.));
#3756 = DIRECTION('',(0.,0.,-1.));
#3757 = DIRECTION('',(-1.,0.,0.));
#3758 = PCURVE('',#2941,#3759);
#3759 = DEFINITIONAL_REPRESENTATION('',(#3760),#3764);
#3760 = LINE('',#3761,#3762);
#3761 = CARTESIAN_POINT('',(0.,0.));
#3762 = VECTOR('',#3763,1.);
#3763 = DIRECTION('',(1.,0.));
#3764 = ( GEOMETRIC_REPRESENTATION_CONTEXT(2) 
PARAMETRIC_REPRESENTATION_CONTEXT() REPRESENTATION_CONTEXT('2D SPACE',''
  ) );
#3765 = PCURVE('',#2969,#3766);
#3766 = DEFINITIONAL_REPRESENTATION('',(#3767),#3775);
#3767 = ( BOUNDED_CURVE() B_SPLINE_CURVE(2,(#3768,#3769,#3770,#3771,
#3772,#3773,#3774),.UNSPECIFIED.,.T.,.F.) B_SPLINE_CURVE_WITH_KNOTS((1,2
    ,2,2,2,1),(-2.094395102393,0.,2.094395102393,4.188790204786,
6.28318530718,8.377580409573),.UNSPECIFIED.) CURVE() 
GEOMETRIC_REPRESENTATION_ITEM() RATIONAL_B_SPLINE_CURVE((1.,0.5,1.,0.5,
1.,0.5,1.)) REPRESENTATION_ITEM('') );
#3768 = CARTESIAN_POINT('',(10.19999999464,30.5));
#3769 = CARTESIAN_POINT('',(10.19999999464,31.019615242271));
#3770 = CARTESIAN_POINT('',(10.64999999464,30.759807621135));
#3771 = CARTESIAN_POINT('',(11.09999999464,30.5));
#3772 = CARTESIAN_POINT('',(10.64999999464,30.240192378865));
#3773 = CARTESIAN_POINT('',(10.19999999464,29.980384757729));
#3774 = CARTESIAN_POINT('',(10.19999999464,30.5));
#3775 = ( GEOMETRIC_REPRESENTATION_CONTEXT(2) 
PARAMETRIC_REPRESENTATION_CONTEXT() REPRESENTATION_CONTEXT('2D SPACE',''
  ) );
#3776 = ADVANCED_FACE('',(#3777),#2969,.T.);
#3777 = FACE_BOUND('',#3778,.T.);
#3778 = EDGE_LOOP('',(#3779,#3780,#3781,#3809,#3830,#3831));
#3779 = ORIENTED_EDGE('',*,*,#3031,.F.);
#3780 = ORIENTED_EDGE('',*,*,#3150,.T.);
#3781 = ORIENTED_EDGE('',*,*,#3782,.F.);
#3782 = EDGE_CURVE('',#3783,#3123,#3785,.T.);
#3783 = VERTEX_POINT('',#3784);
#3784 = CARTESIAN_POINT('',(22.79999999692,-30.5,2.));
#3785 = SURFACE_CURVE('',#3786,(#3791,#3802),.PCURVE_S1.);
#3786 = CIRCLE('',#3787,0.3);
#3787 = AXIS2_PLACEMENT_3D('',#3788,#3789,#3790);
#3788 = CARTESIAN_POINT('',(22.49999999383,-30.5,2.));
#3789 = DIRECTION('',(0.,0.,-1.));
#3790 = DIRECTION('',(-1.,0.,0.));
#3791 = PCURVE('',#2969,#3792);
#3792 = DEFINITIONAL_REPRESENTATION('',(#3793),#3801);
#3793 = ( BOUNDED_CURVE() B_SPLINE_CURVE(2,(#3794,#3795,#3796,#3797,
#3798,#3799,#3800),.UNSPECIFIED.,.T.,.F.) B_SPLINE_CURVE_WITH_KNOTS((1,2
    ,2,2,2,1),(-2.094395102393,0.,2.094395102393,4.188790204786,
6.28318530718,8.377580409573),.UNSPECIFIED.) CURVE() 
GEOMETRIC_REPRESENTATION_ITEM() RATIONAL_B_SPLINE_CURVE((1.,0.5,1.,0.5,
1.,0.5,1.)) REPRESENTATION_ITEM('') );
#3794 = CARTESIAN_POINT('',(10.19999999464,-30.5));
#3795 = CARTESIAN_POINT('',(10.19999999464,-29.98038475772));
#3796 = CARTESIAN_POINT('',(10.64999999464,-30.24019237886));
#3797 = CARTESIAN_POINT('',(11.09999999464,-30.5));
#3798 = CARTESIAN_POINT('',(10.64999999464,-30.75980762113));
#3799 = CARTESIAN_POINT('',(10.19999999464,-31.01961524227));
#3800 = CARTESIAN_POINT('',(10.19999999464,-30.5));
#3801 = ( GEOMETRIC_REPRESENTATION_CONTEXT(2) 
PARAMETRIC_REPRESENTATION_CONTEXT() REPRESENTATION_CONTEXT('2D SPACE',''
  ) );
#3802 = PCURVE('',#3138,#3803);
#3803 = DEFINITIONAL_REPRESENTATION('',(#3804),#3808);
#3804 = LINE('',#3805,#3806);
#3805 = CARTESIAN_POINT('',(0.,0.));
#3806 = VECTOR('',#3807,1.);
#3807 = DIRECTION('',(1.,0.));
#3808 = ( GEOMETRIC_REPRESENTATION_CONTEXT(2) 
PARAMETRIC_REPRESENTATION_CONTEXT() REPRESENTATION_CONTEXT('2D SPACE',''
  ) );
#3809 = ORIENTED_EDGE('',*,*,#3810,.T.);
#3810 = EDGE_CURVE('',#3783,#3729,#3811,.T.);
#3811 = SURFACE_CURVE('',#3812,(#3816,#3823),.PCURVE_S1.);
#3812 = LINE('',#3813,#3814);
#3813 = CARTESIAN_POINT('',(22.80000000001,-1.7763568394E-15,2.));
#3814 = VECTOR('',#3815,1.);
#3815 = DIRECTION('',(0.,1.,0.));
#3816 = PCURVE('',#2969,#3817);
#3817 = DEFINITIONAL_REPRESENTATION('',(#3818),#3822);
#3818 = LINE('',#3819,#3820);
#3819 = CARTESIAN_POINT('',(10.80000000082,-1.528817028695E-15));
#3820 = VECTOR('',#3821,1.);
#3821 = DIRECTION('',(0.,1.));
#3822 = ( GEOMETRIC_REPRESENTATION_CONTEXT(2) 
PARAMETRIC_REPRESENTATION_CONTEXT() REPRESENTATION_CONTEXT('2D SPACE',''
  ) );
#3823 = PCURVE('',#3397,#3824);
#3824 = DEFINITIONAL_REPRESENTATION('',(#3825),#3829);
#3825 = LINE('',#3826,#3827);
#3826 = CARTESIAN_POINT('',(30.5,0.));
#3827 = VECTOR('',#3828,1.);
#3828 = DIRECTION('',(1.,0.));
#3829 = ( GEOMETRIC_REPRESENTATION_CONTEXT(2) 
PARAMETRIC_REPRESENTATION_CONTEXT() REPRESENTATION_CONTEXT('2D SPACE',''
  ) );
#3830 = ORIENTED_EDGE('',*,*,#3751,.F.);
#3831 = ORIENTED_EDGE('',*,*,#2953,.F.);
#3832 = ADVANCED_FACE('',(#3833),#3138,.F.);
#3833 = FACE_BOUND('',#3834,.F.);
#3834 = EDGE_LOOP('',(#3835,#3856,#3857,#3858));
#3835 = ORIENTED_EDGE('',*,*,#3836,.T.);
#3836 = EDGE_CURVE('',#3783,#3382,#3837,.T.);
#3837 = SURFACE_CURVE('',#3838,(#3842,#3849),.PCURVE_S1.);
#3838 = LINE('',#3839,#3840);
#3839 = CARTESIAN_POINT('',(22.79999999692,-30.5,2.));
#3840 = VECTOR('',#3841,1.);
#3841 = DIRECTION('',(0.,0.,1.));
#3842 = PCURVE('',#3138,#3843);
#3843 = DEFINITIONAL_REPRESENTATION('',(#3844),#3848);
#3844 = LINE('',#3845,#3846);
#3845 = CARTESIAN_POINT('',(3.14159265359,0.));
#3846 = VECTOR('',#3847,1.);
#3847 = DIRECTION('',(0.,-1.));
#3848 = ( GEOMETRIC_REPRESENTATION_CONTEXT(2) 
PARAMETRIC_REPRESENTATION_CONTEXT() REPRESENTATION_CONTEXT('2D SPACE',''
  ) );
#3849 = PCURVE('',#3397,#3850);
#3850 = DEFINITIONAL_REPRESENTATION('',(#3851),#3855);
#3851 = LINE('',#3852,#3853);
#3852 = CARTESIAN_POINT('',(0.,0.));
#3853 = VECTOR('',#3854,1.);
#3854 = DIRECTION('',(0.,-1.));
#3855 = ( GEOMETRIC_REPRESENTATION_CONTEXT(2) 
PARAMETRIC_REPRESENTATION_CONTEXT() REPRESENTATION_CONTEXT('2D SPACE',''
  ) );
#3856 = ORIENTED_EDGE('',*,*,#3409,.T.);
#3857 = ORIENTED_EDGE('',*,*,#3122,.F.);
#3858 = ORIENTED_EDGE('',*,*,#3782,.F.);
#3859 = ADVANCED_FACE('',(#3860),#3243,.F.);
#3860 = FACE_BOUND('',#3861,.F.);
#3861 = EDGE_LOOP('',(#3862,#3863,#3886,#3913));
#3862 = ORIENTED_EDGE('',*,*,#3226,.F.);
#3863 = ORIENTED_EDGE('',*,*,#3864,.F.);
#3864 = EDGE_CURVE('',#3865,#3227,#3867,.T.);
#3865 = VERTEX_POINT('',#3866);
#3866 = CARTESIAN_POINT('',(4.1,32.8,2.5));
#3867 = SEAM_CURVE('',#3868,(#3872,#3879),.PCURVE_S1.);
#3868 = LINE('',#3869,#3870);
#3869 = CARTESIAN_POINT('',(4.1,32.8,2.5));
#3870 = VECTOR('',#3871,1.);
#3871 = DIRECTION('',(0.,0.,1.));
#3872 = PCURVE('',#3243,#3873);
#3873 = DEFINITIONAL_REPRESENTATION('',(#3874),#3878);
#3874 = LINE('',#3875,#3876);
#3875 = CARTESIAN_POINT('',(6.28318530718,-0.));
#3876 = VECTOR('',#3877,1.);
#3877 = DIRECTION('',(0.,1.));
#3878 = ( GEOMETRIC_REPRESENTATION_CONTEXT(2) 
PARAMETRIC_REPRESENTATION_CONTEXT() REPRESENTATION_CONTEXT('2D SPACE',''
  ) );
#3879 = PCURVE('',#3243,#3880);
#3880 = DEFINITIONAL_REPRESENTATION('',(#3881),#3885);
#3881 = LINE('',#3882,#3883);
#3882 = CARTESIAN_POINT('',(0.,-0.));
#3883 = VECTOR('',#3884,1.);
#3884 = DIRECTION('',(0.,1.));
#3885 = ( GEOMETRIC_REPRESENTATION_CONTEXT(2) 
PARAMETRIC_REPRESENTATION_CONTEXT() REPRESENTATION_CONTEXT('2D SPACE',''
  ) );
#3886 = ORIENTED_EDGE('',*,*,#3887,.T.);
#3887 = EDGE_CURVE('',#3865,#3865,#3888,.T.);
#3888 = SURFACE_CURVE('',#3889,(#3894,#3901),.PCURVE_S1.);
#3889 = CIRCLE('',#3890,0.8);
#3890 = AXIS2_PLACEMENT_3D('',#3891,#3892,#3893);
#3891 = CARTESIAN_POINT('',(3.3,32.8,2.5));
#3892 = DIRECTION('',(0.,0.,1.));
#3893 = DIRECTION('',(1.,0.,-0.));
#3894 = PCURVE('',#3243,#3895);
#3895 = DEFINITIONAL_REPRESENTATION('',(#3896),#3900);
#3896 = LINE('',#3897,#3898);
#3897 = CARTESIAN_POINT('',(0.,0.));
#3898 = VECTOR('',#3899,1.);
#3899 = DIRECTION('',(1.,0.));
#3900 = ( GEOMETRIC_REPRESENTATION_CONTEXT(2) 
PARAMETRIC_REPRESENTATION_CONTEXT() REPRESENTATION_CONTEXT('2D SPACE',''
  ) );
#3901 = PCURVE('',#3902,#3907);
#3902 = PLANE('',#3903);
#3903 = AXIS2_PLACEMENT_3D('',#3904,#3905,#3906);
#3904 = CARTESIAN_POINT('',(3.3,32.8,2.5));
#3905 = DIRECTION('',(0.,0.,1.));
#3906 = DIRECTION('',(1.,0.,-0.));
#3907 = DEFINITIONAL_REPRESENTATION('',(#3908),#3912);
#3908 = CIRCLE('',#3909,0.8);
#3909 = AXIS2_PLACEMENT_2D('',#3910,#3911);
#3910 = CARTESIAN_POINT('',(0.,0.));
#3911 = DIRECTION('',(1.,0.));
#3912 = ( GEOMETRIC_REPRESENTATION_CONTEXT(2) 
PARAMETRIC_REPRESENTATION_CONTEXT() REPRESENTATION_CONTEXT('2D SPACE',''
  ) );
#3913 = ORIENTED_EDGE('',*,*,#3864,.T.);
#3914 = ADVANCED_FACE('',(#3915,#3921),#3397,.T.);
#3915 = FACE_BOUND('',#3916,.T.);
#3916 = EDGE_LOOP('',(#3917,#3918,#3919,#3920));
#3917 = ORIENTED_EDGE('',*,*,#3836,.T.);
#3918 = ORIENTED_EDGE('',*,*,#3381,.T.);
#3919 = ORIENTED_EDGE('',*,*,#3728,.F.);
#3920 = ORIENTED_EDGE('',*,*,#3810,.F.);
#3921 = FACE_BOUND('',#3922,.T.);
#3922 = EDGE_LOOP('',(#3923,#3924,#3925,#3926));
#3923 = ORIENTED_EDGE('',*,*,#3523,.F.);
#3924 = ORIENTED_EDGE('',*,*,#3592,.T.);
#3925 = ORIENTED_EDGE('',*,*,#3664,.T.);
#3926 = ORIENTED_EDGE('',*,*,#3639,.F.);
#3927 = ADVANCED_FACE('',(#3928),#3454,.F.);
#3928 = FACE_BOUND('',#3929,.F.);
#3929 = EDGE_LOOP('',(#3930,#3931,#3954,#3981));
#3930 = ORIENTED_EDGE('',*,*,#3437,.F.);
#3931 = ORIENTED_EDGE('',*,*,#3932,.F.);
#3932 = EDGE_CURVE('',#3933,#3438,#3935,.T.);
#3933 = VERTEX_POINT('',#3934);
#3934 = CARTESIAN_POINT('',(21.5,-32.8,2.5));
#3935 = SEAM_CURVE('',#3936,(#3940,#3947),.PCURVE_S1.);
#3936 = LINE('',#3937,#3938);
#3937 = CARTESIAN_POINT('',(21.5,-32.8,2.5));
#3938 = VECTOR('',#3939,1.);
#3939 = DIRECTION('',(0.,0.,1.));
#3940 = PCURVE('',#3454,#3941);
#3941 = DEFINITIONAL_REPRESENTATION('',(#3942),#3946);
#3942 = LINE('',#3943,#3944);
#3943 = CARTESIAN_POINT('',(6.28318530718,-0.));
#3944 = VECTOR('',#3945,1.);
#3945 = DIRECTION('',(0.,1.));
#3946 = ( GEOMETRIC_REPRESENTATION_CONTEXT(2) 
PARAMETRIC_REPRESENTATION_CONTEXT() REPRESENTATION_CONTEXT('2D SPACE',''
  ) );
#3947 = PCURVE('',#3454,#3948);
#3948 = DEFINITIONAL_REPRESENTATION('',(#3949),#3953);
#3949 = LINE('',#3950,#3951);
#3950 = CARTESIAN_POINT('',(0.,-0.));
#3951 = VECTOR('',#3952,1.);
#3952 = DIRECTION('',(0.,1.));
#3953 = ( GEOMETRIC_REPRESENTATION_CONTEXT(2) 
PARAMETRIC_REPRESENTATION_CONTEXT() REPRESENTATION_CONTEXT('2D SPACE',''
  ) );
#3954 = ORIENTED_EDGE('',*,*,#3955,.T.);
#3955 = EDGE_CURVE('',#3933,#3933,#3956,.T.);
#3956 = SURFACE_CURVE('',#3957,(#3962,#3969),.PCURVE_S1.);
#3957 = CIRCLE('',#3958,0.8);
#3958 = AXIS2_PLACEMENT_3D('',#3959,#3960,#3961);
#3959 = CARTESIAN_POINT('',(20.7,-32.8,2.5));
#3960 = DIRECTION('',(0.,0.,1.));
#3961 = DIRECTION('',(1.,0.,-0.));
#3962 = PCURVE('',#3454,#3963);
#3963 = DEFINITIONAL_REPRESENTATION('',(#3964),#3968);
#3964 = LINE('',#3965,#3966);
#3965 = CARTESIAN_POINT('',(0.,0.));
#3966 = VECTOR('',#3967,1.);
#3967 = DIRECTION('',(1.,0.));
#3968 = ( GEOMETRIC_REPRESENTATION_CONTEXT(2) 
PARAMETRIC_REPRESENTATION_CONTEXT() REPRESENTATION_CONTEXT('2D SPACE',''
  ) );
#3969 = PCURVE('',#3970,#3975);
#3970 = PLANE('',#3971);
#3971 = AXIS2_PLACEMENT_3D('',#3972,#3973,#3974);
#3972 = CARTESIAN_POINT('',(20.7,-32.8,2.5));
#3973 = DIRECTION('',(0.,0.,1.));
#3974 = DIRECTION('',(1.,0.,-0.));
#3975 = DEFINITIONAL_REPRESENTATION('',(#3976),#3980);
#3976 = CIRCLE('',#3977,0.8);
#3977 = AXIS2_PLACEMENT_2D('',#3978,#3979);
#3978 = CARTESIAN_POINT('',(0.,0.));
#3979 = DIRECTION('',(1.,0.));
#3980 = ( GEOMETRIC_REPRESENTATION_CONTEXT(2) 
PARAMETRIC_REPRESENTATION_CONTEXT() REPRESENTATION_CONTEXT('2D SPACE',''
  ) );
#3981 = ORIENTED_EDGE('',*,*,#3932,.T.);
#3982 = ADVANCED_FACE('',(#3983),#3485,.F.);
#3983 = FACE_BOUND('',#3984,.F.);
#3984 = EDGE_LOOP('',(#3985,#3986,#4009,#4036));
#3985 = ORIENTED_EDGE('',*,*,#3468,.F.);
#3986 = ORIENTED_EDGE('',*,*,#3987,.F.);
#3987 = EDGE_CURVE('',#3988,#3469,#3990,.T.);
#3988 = VERTEX_POINT('',#3989);
#3989 = CARTESIAN_POINT('',(21.5,32.8,2.5));
#3990 = SEAM_CURVE('',#3991,(#3995,#4002),.PCURVE_S1.);
#3991 = LINE('',#3992,#3993);
#3992 = CARTESIAN_POINT('',(21.5,32.8,2.5));
#3993 = VECTOR('',#3994,1.);
#3994 = DIRECTION('',(0.,0.,1.));
#3995 = PCURVE('',#3485,#3996);
#3996 = DEFINITIONAL_REPRESENTATION('',(#3997),#4001);
#3997 = LINE('',#3998,#3999);
#3998 = CARTESIAN_POINT('',(6.28318530718,-0.));
#3999 = VECTOR('',#4000,1.);
#4000 = DIRECTION('',(0.,1.));
#4001 = ( GEOMETRIC_REPRESENTATION_CONTEXT(2) 
PARAMETRIC_REPRESENTATION_CONTEXT() REPRESENTATION_CONTEXT('2D SPACE',''
  ) );
#4002 = PCURVE('',#3485,#4003);
#4003 = DEFINITIONAL_REPRESENTATION('',(#4004),#4008);
#4004 = LINE('',#4005,#4006);
#4005 = CARTESIAN_POINT('',(0.,-0.));
#4006 = VECTOR('',#4007,1.);
#4007 = DIRECTION('',(0.,1.));
#4008 = ( GEOMETRIC_REPRESENTATION_CONTEXT(2) 
PARAMETRIC_REPRESENTATION_CONTEXT() REPRESENTATION_CONTEXT('2D SPACE',''
  ) );
#4009 = ORIENTED_EDGE('',*,*,#4010,.T.);
#4010 = EDGE_CURVE('',#3988,#3988,#4011,.T.);
#4011 = SURFACE_CURVE('',#4012,(#4017,#4024),.PCURVE_S1.);
#4012 = CIRCLE('',#4013,0.8);
#4013 = AXIS2_PLACEMENT_3D('',#4014,#4015,#4016);
#4014 = CARTESIAN_POINT('',(20.7,32.8,2.5));
#4015 = DIRECTION('',(0.,0.,1.));
#4016 = DIRECTION('',(1.,0.,-0.));
#4017 = PCURVE('',#3485,#4018);
#4018 = DEFINITIONAL_REPRESENTATION('',(#4019),#4023);
#4019 = LINE('',#4020,#4021);
#4020 = CARTESIAN_POINT('',(0.,0.));
#4021 = VECTOR('',#4022,1.);
#4022 = DIRECTION('',(1.,0.));
#4023 = ( GEOMETRIC_REPRESENTATION_CONTEXT(2) 
PARAMETRIC_REPRESENTATION_CONTEXT() REPRESENTATION_CONTEXT('2D SPACE',''
  ) );
#4024 = PCURVE('',#4025,#4030);
#4025 = PLANE('',#4026);
#4026 = AXIS2_PLACEMENT_3D('',#4027,#4028,#4029);
#4027 = CARTESIAN_POINT('',(20.7,32.8,2.5));
#4028 = DIRECTION('',(0.,0.,1.));
#4029 = DIRECTION('',(1.,0.,-0.));
#4030 = DEFINITIONAL_REPRESENTATION('',(#4031),#4035);
#4031 = CIRCLE('',#4032,0.8);
#4032 = AXIS2_PLACEMENT_2D('',#4033,#4034);
#4033 = CARTESIAN_POINT('',(0.,0.));
#4034 = DIRECTION('',(1.,0.));
#4035 = ( GEOMETRIC_REPRESENTATION_CONTEXT(2) 
PARAMETRIC_REPRESENTATION_CONTEXT() REPRESENTATION_CONTEXT('2D SPACE',''
  ) );
#4036 = ORIENTED_EDGE('',*,*,#3987,.T.);
#4037 = ADVANCED_FACE('',(#4038),#3711,.F.);
#4038 = FACE_BOUND('',#4039,.F.);
#4039 = EDGE_LOOP('',(#4040,#4041,#4064,#4091));
#4040 = ORIENTED_EDGE('',*,*,#3694,.F.);
#4041 = ORIENTED_EDGE('',*,*,#4042,.F.);
#4042 = EDGE_CURVE('',#4043,#3695,#4045,.T.);
#4043 = VERTEX_POINT('',#4044);
#4044 = CARTESIAN_POINT('',(4.1,-32.8,2.5));
#4045 = SEAM_CURVE('',#4046,(#4050,#4057),.PCURVE_S1.);
#4046 = LINE('',#4047,#4048);
#4047 = CARTESIAN_POINT('',(4.1,-32.8,2.5));
#4048 = VECTOR('',#4049,1.);
#4049 = DIRECTION('',(0.,0.,1.));
#4050 = PCURVE('',#3711,#4051);
#4051 = DEFINITIONAL_REPRESENTATION('',(#4052),#4056);
#4052 = LINE('',#4053,#4054);
#4053 = CARTESIAN_POINT('',(6.28318530718,-0.));
#4054 = VECTOR('',#4055,1.);
#4055 = DIRECTION('',(0.,1.));
#4056 = ( GEOMETRIC_REPRESENTATION_CONTEXT(2) 
PARAMETRIC_REPRESENTATION_CONTEXT() REPRESENTATION_CONTEXT('2D SPACE',''
  ) );
#4057 = PCURVE('',#3711,#4058);
#4058 = DEFINITIONAL_REPRESENTATION('',(#4059),#4063);
#4059 = LINE('',#4060,#4061);
#4060 = CARTESIAN_POINT('',(0.,-0.));
#4061 = VECTOR('',#4062,1.);
#4062 = DIRECTION('',(0.,1.));
#4063 = ( GEOMETRIC_REPRESENTATION_CONTEXT(2) 
PARAMETRIC_REPRESENTATION_CONTEXT() REPRESENTATION_CONTEXT('2D SPACE',''
  ) );
#4064 = ORIENTED_EDGE('',*,*,#4065,.T.);
#4065 = EDGE_CURVE('',#4043,#4043,#4066,.T.);
#4066 = SURFACE_CURVE('',#4067,(#4072,#4079),.PCURVE_S1.);
#4067 = CIRCLE('',#4068,0.8);
#4068 = AXIS2_PLACEMENT_3D('',#4069,#4070,#4071);
#4069 = CARTESIAN_POINT('',(3.3,-32.8,2.5));
#4070 = DIRECTION('',(0.,0.,1.));
#4071 = DIRECTION('',(1.,0.,-0.));
#4072 = PCURVE('',#3711,#4073);
#4073 = DEFINITIONAL_REPRESENTATION('',(#4074),#4078);
#4074 = LINE('',#4075,#4076);
#4075 = CARTESIAN_POINT('',(0.,0.));
#4076 = VECTOR('',#4077,1.);
#4077 = DIRECTION('',(1.,0.));
#4078 = ( GEOMETRIC_REPRESENTATION_CONTEXT(2) 
PARAMETRIC_REPRESENTATION_CONTEXT() REPRESENTATION_CONTEXT('2D SPACE',''
  ) );
#4079 = PCURVE('',#4080,#4085);
#4080 = PLANE('',#4081);
#4081 = AXIS2_PLACEMENT_3D('',#4082,#4083,#4084);
#4082 = CARTESIAN_POINT('',(3.3,-32.8,2.5));
#4083 = DIRECTION('',(0.,0.,1.));
#4084 = DIRECTION('',(1.,0.,-0.));
#4085 = DEFINITIONAL_REPRESENTATION('',(#4086),#4090);
#4086 = CIRCLE('',#4087,0.8);
#4087 = AXIS2_PLACEMENT_2D('',#4088,#4089);
#4088 = CARTESIAN_POINT('',(0.,0.));
#4089 = DIRECTION('',(1.,0.));
#4090 = ( GEOMETRIC_REPRESENTATION_CONTEXT(2) 
PARAMETRIC_REPRESENTATION_CONTEXT() REPRESENTATION_CONTEXT('2D SPACE',''
  ) );
#4091 = ORIENTED_EDGE('',*,*,#4042,.T.);
#4092 = ADVANCED_FACE('',(#4093),#3902,.T.);
#4093 = FACE_BOUND('',#4094,.F.);
#4094 = EDGE_LOOP('',(#4095));
#4095 = ORIENTED_EDGE('',*,*,#3887,.F.);
#4096 = ADVANCED_FACE('',(#4097),#3970,.T.);
#4097 = FACE_BOUND('',#4098,.F.);
#4098 = EDGE_LOOP('',(#4099));
#4099 = ORIENTED_EDGE('',*,*,#3955,.F.);
#4100 = ADVANCED_FACE('',(#4101),#4025,.T.);
#4101 = FACE_BOUND('',#4102,.F.);
#4102 = EDGE_LOOP('',(#4103));
#4103 = ORIENTED_EDGE('',*,*,#4010,.F.);
#4104 = ADVANCED_FACE('',(#4105),#4080,.T.);
#4105 = FACE_BOUND('',#4106,.F.);
#4106 = EDGE_LOOP('',(#4107));
#4107 = ORIENTED_EDGE('',*,*,#4065,.F.);
#4108 = MANIFOLD_SOLID_BREP('',#4109);
#4109 = CLOSED_SHELL('',(#4110,#4439,#4803,#4857,#5390,#5417,#5491,#5538
    ,#5585,#5630,#5675,#5722,#5769,#5794,#5974,#6023,#6122,#6167,#6268,
    #6317,#6364,#6463,#6513,#6674,#6748,#6802,#6856,#6882,#6937,#7007,
    #7061,#7115,#7163,#7211,#7265,#7319,#7345,#7400,#7455,#7510,#7615,
    #7660,#7729,#7756,#7825,#7905,#7964,#8020,#8103,#8156,#8183,#8280,
    #8305,#8316,#8343,#8370,#8397));
#4110 = ADVANCED_FACE('',(#4111,#4229),#4125,.T.);
#4111 = FACE_BOUND('',#4112,.T.);
#4112 = EDGE_LOOP('',(#4113,#4147,#4175,#4203));
#4113 = ORIENTED_EDGE('',*,*,#4114,.F.);
#4114 = EDGE_CURVE('',#4115,#4117,#4119,.T.);
#4115 = VERTEX_POINT('',#4116);
#4116 = CARTESIAN_POINT('',(0.,-33.5,1.));
#4117 = VERTEX_POINT('',#4118);
#4118 = CARTESIAN_POINT('',(0.,33.5,1.));
#4119 = SURFACE_CURVE('',#4120,(#4124,#4135),.PCURVE_S1.);
#4120 = LINE('',#4121,#4122);
#4121 = CARTESIAN_POINT('',(7.460698725481E-14,-36.75,1.));
#4122 = VECTOR('',#4123,1.);
#4123 = DIRECTION('',(0.,1.,-0.));
#4124 = PCURVE('',#4125,#4130);
#4125 = PLANE('',#4126);
#4126 = AXIS2_PLACEMENT_3D('',#4127,#4128,#4129);
#4127 = CARTESIAN_POINT('',(7.460698725481E-14,-33.5,0.));
#4128 = DIRECTION('',(-1.,0.,0.));
#4129 = DIRECTION('',(0.,1.,0.));
#4130 = DEFINITIONAL_REPRESENTATION('',(#4131),#4134);
#4131 = B_SPLINE_CURVE_WITH_KNOTS('',1,(#4132,#4133),.UNSPECIFIED.,.F.,
  .F.,(2,2),(3.25,70.25),.PIECEWISE_BEZIER_KNOTS.);
#4132 = CARTESIAN_POINT('',(0.,-1.));
#4133 = CARTESIAN_POINT('',(67.,-1.));
#4134 = ( GEOMETRIC_REPRESENTATION_CONTEXT(2) 
PARAMETRIC_REPRESENTATION_CONTEXT() REPRESENTATION_CONTEXT('2D SPACE',''
  ) );
#4135 = PCURVE('',#4136,#4141);
#4136 = PLANE('',#4137);
#4137 = AXIS2_PLACEMENT_3D('',#4138,#4139,#4140);
#4138 = CARTESIAN_POINT('',(-1.,-40.,1.));
#4139 = DIRECTION('',(0.,0.,1.));
#4140 = DIRECTION('',(1.,0.,-0.));
#4141 = DEFINITIONAL_REPRESENTATION('',(#4142),#4146);
#4142 = LINE('',#4143,#4144);
#4143 = CARTESIAN_POINT('',(1.,3.25));
#4144 = VECTOR('',#4145,1.);
#4145 = DIRECTION('',(0.,1.));
#4146 = ( GEOMETRIC_REPRESENTATION_CONTEXT(2) 
PARAMETRIC_REPRESENTATION_CONTEXT() REPRESENTATION_CONTEXT('2D SPACE',''
  ) );
#4147 = ORIENTED_EDGE('',*,*,#4148,.T.);
#4148 = EDGE_CURVE('',#4115,#4149,#4151,.T.);
#4149 = VERTEX_POINT('',#4150);
#4150 = CARTESIAN_POINT('',(0.,-33.5,11.5));
#4151 = SURFACE_CURVE('',#4152,(#4156,#4163),.PCURVE_S1.);
#4152 = LINE('',#4153,#4154);
#4153 = CARTESIAN_POINT('',(0.,-33.5,0.));
#4154 = VECTOR('',#4155,1.);
#4155 = DIRECTION('',(0.,0.,1.));
#4156 = PCURVE('',#4125,#4157);
#4157 = DEFINITIONAL_REPRESENTATION('',(#4158),#4162);
#4158 = LINE('',#4159,#4160);
#4159 = CARTESIAN_POINT('',(0.,0.));
#4160 = VECTOR('',#4161,1.);
#4161 = DIRECTION('',(0.,-1.));
#4162 = ( GEOMETRIC_REPRESENTATION_CONTEXT(2) 
PARAMETRIC_REPRESENTATION_CONTEXT() REPRESENTATION_CONTEXT('2D SPACE',''
  ) );
#4163 = PCURVE('',#4164,#4169);
#4164 = CYLINDRICAL_SURFACE('',#4165,2.5);
#4165 = AXIS2_PLACEMENT_3D('',#4166,#4167,#4168);
#4166 = CARTESIAN_POINT('',(2.5,-33.5,0.));
#4167 = DIRECTION('',(0.,0.,-1.));
#4168 = DIRECTION('',(-1.,0.,0.));
#4169 = DEFINITIONAL_REPRESENTATION('',(#4170),#4174);
#4170 = LINE('',#4171,#4172);
#4171 = CARTESIAN_POINT('',(6.28318530718,0.));
#4172 = VECTOR('',#4173,1.);
#4173 = DIRECTION('',(0.,-1.));
#4174 = ( GEOMETRIC_REPRESENTATION_CONTEXT(2) 
PARAMETRIC_REPRESENTATION_CONTEXT() REPRESENTATION_CONTEXT('2D SPACE',''
  ) );
#4175 = ORIENTED_EDGE('',*,*,#4176,.T.);
#4176 = EDGE_CURVE('',#4149,#4177,#4179,.T.);
#4177 = VERTEX_POINT('',#4178);
#4178 = CARTESIAN_POINT('',(0.,33.5,11.5));
#4179 = SURFACE_CURVE('',#4180,(#4184,#4191),.PCURVE_S1.);
#4180 = LINE('',#4181,#4182);
#4181 = CARTESIAN_POINT('',(7.460698725481E-14,0.,11.5));
#4182 = VECTOR('',#4183,1.);
#4183 = DIRECTION('',(0.,1.,0.));
#4184 = PCURVE('',#4125,#4185);
#4185 = DEFINITIONAL_REPRESENTATION('',(#4186),#4190);
#4186 = LINE('',#4187,#4188);
#4187 = CARTESIAN_POINT('',(33.5,-11.5));
#4188 = VECTOR('',#4189,1.);
#4189 = DIRECTION('',(1.,0.));
#4190 = ( GEOMETRIC_REPRESENTATION_CONTEXT(2) 
PARAMETRIC_REPRESENTATION_CONTEXT() REPRESENTATION_CONTEXT('2D SPACE',''
  ) );
#4191 = PCURVE('',#4192,#4197);
#4192 = PLANE('',#4193);
#4193 = AXIS2_PLACEMENT_3D('',#4194,#4195,#4196);
#4194 = CARTESIAN_POINT('',(11.999999999804,-3.788972345935E-16,11.5));
#4195 = DIRECTION('',(0.,0.,1.));
#4196 = DIRECTION('',(1.,0.,-0.));
#4197 = DEFINITIONAL_REPRESENTATION('',(#4198),#4202);
#4198 = LINE('',#4199,#4200);
#4199 = CARTESIAN_POINT('',(-11.9999999998,3.788972345935E-16));
#4200 = VECTOR('',#4201,1.);
#4201 = DIRECTION('',(0.,1.));
#4202 = ( GEOMETRIC_REPRESENTATION_CONTEXT(2) 
PARAMETRIC_REPRESENTATION_CONTEXT() REPRESENTATION_CONTEXT('2D SPACE',''
  ) );
#4203 = ORIENTED_EDGE('',*,*,#4204,.F.);
#4204 = EDGE_CURVE('',#4117,#4177,#4205,.T.);
#4205 = SURFACE_CURVE('',#4206,(#4210,#4217),.PCURVE_S1.);
#4206 = LINE('',#4207,#4208);
#4207 = CARTESIAN_POINT('',(0.,33.5,0.));
#4208 = VECTOR('',#4209,1.);
#4209 = DIRECTION('',(0.,0.,1.));
#4210 = PCURVE('',#4125,#4211);
#4211 = DEFINITIONAL_REPRESENTATION('',(#4212),#4216);
#4212 = LINE('',#4213,#4214);
#4213 = CARTESIAN_POINT('',(67.,0.));
#4214 = VECTOR('',#4215,1.);
#4215 = DIRECTION('',(0.,-1.));
#4216 = ( GEOMETRIC_REPRESENTATION_CONTEXT(2) 
PARAMETRIC_REPRESENTATION_CONTEXT() REPRESENTATION_CONTEXT('2D SPACE',''
  ) );
#4217 = PCURVE('',#4218,#4223);
#4218 = CYLINDRICAL_SURFACE('',#4219,2.5);
#4219 = AXIS2_PLACEMENT_3D('',#4220,#4221,#4222);
#4220 = CARTESIAN_POINT('',(2.5,33.5,0.));
#4221 = DIRECTION('',(0.,0.,-1.));
#4222 = DIRECTION('',(-1.,0.,0.));
#4223 = DEFINITIONAL_REPRESENTATION('',(#4224),#4228);
#4224 = LINE('',#4225,#4226);
#4225 = CARTESIAN_POINT('',(0.,0.));
#4226 = VECTOR('',#4227,1.);
#4227 = DIRECTION('',(0.,-1.));
#4228 = ( GEOMETRIC_REPRESENTATION_CONTEXT(2) 
PARAMETRIC_REPRESENTATION_CONTEXT() REPRESENTATION_CONTEXT('2D SPACE',''
  ) );
#4229 = FACE_BOUND('',#4230,.T.);
#4230 = EDGE_LOOP('',(#4231,#4259,#4285,#4311,#4337,#4363,#4389,#4415));
#4231 = ORIENTED_EDGE('',*,*,#4232,.F.);
#4232 = EDGE_CURVE('',#4233,#4235,#4237,.T.);
#4233 = VERTEX_POINT('',#4234);
#4234 = CARTESIAN_POINT('',(7.460698725481E-14,-7.,8.));
#4235 = VERTEX_POINT('',#4236);
#4236 = CARTESIAN_POINT('',(7.460698725481E-14,7.,8.));
#4237 = SURFACE_CURVE('',#4238,(#4242,#4248),.PCURVE_S1.);
#4238 = LINE('',#4239,#4240);
#4239 = CARTESIAN_POINT('',(7.460698725481E-14,-20.25,8.));
#4240 = VECTOR('',#4241,1.);
#4241 = DIRECTION('',(0.,1.,-0.));
#4242 = PCURVE('',#4125,#4243);
#4243 = DEFINITIONAL_REPRESENTATION('',(#4244),#4247);
#4244 = B_SPLINE_CURVE_WITH_KNOTS('',1,(#4245,#4246),.UNSPECIFIED.,.F.,
  .F.,(2,2),(13.25,27.25),.PIECEWISE_BEZIER_KNOTS.);
#4245 = CARTESIAN_POINT('',(26.5,-8.));
#4246 = CARTESIAN_POINT('',(40.5,-8.));
#4247 = ( GEOMETRIC_REPRESENTATION_CONTEXT(2) 
PARAMETRIC_REPRESENTATION_CONTEXT() REPRESENTATION_CONTEXT('2D SPACE',''
  ) );
#4248 = PCURVE('',#4249,#4254);
#4249 = PLANE('',#4250);
#4250 = AXIS2_PLACEMENT_3D('',#4251,#4252,#4253);
#4251 = CARTESIAN_POINT('',(-0.1,-7.,8.));
#4252 = DIRECTION('',(0.,0.,1.));
#4253 = DIRECTION('',(1.,0.,-0.));
#4254 = DEFINITIONAL_REPRESENTATION('',(#4255),#4258);
#4255 = B_SPLINE_CURVE_WITH_KNOTS('',1,(#4256,#4257),.UNSPECIFIED.,.F.,
  .F.,(2,2),(13.25,27.25),.PIECEWISE_BEZIER_KNOTS.);
#4256 = CARTESIAN_POINT('',(0.1,0.));
#4257 = CARTESIAN_POINT('',(0.1,14.));
#4258 = ( GEOMETRIC_REPRESENTATION_CONTEXT(2) 
PARAMETRIC_REPRESENTATION_CONTEXT() REPRESENTATION_CONTEXT('2D SPACE',''
  ) );
#4259 = ORIENTED_EDGE('',*,*,#4260,.T.);
#4260 = EDGE_CURVE('',#4233,#4261,#4263,.T.);
#4261 = VERTEX_POINT('',#4262);
#4262 = CARTESIAN_POINT('',(7.460698725481E-14,-7.,3.3));
#4263 = SURFACE_CURVE('',#4264,(#4268,#4274),.PCURVE_S1.);
#4264 = LINE('',#4265,#4266);
#4265 = CARTESIAN_POINT('',(7.460698725481E-14,-7.,1.65));
#4266 = VECTOR('',#4267,1.);
#4267 = DIRECTION('',(0.,0.,-1.));
#4268 = PCURVE('',#4125,#4269);
#4269 = DEFINITIONAL_REPRESENTATION('',(#4270),#4273);
#4270 = B_SPLINE_CURVE_WITH_KNOTS('',1,(#4271,#4272),.UNSPECIFIED.,.F.,
  .F.,(2,2),(-6.35,-1.65),.PIECEWISE_BEZIER_KNOTS.);
#4271 = CARTESIAN_POINT('',(26.5,-8.));
#4272 = CARTESIAN_POINT('',(26.5,-3.3));
#4273 = ( GEOMETRIC_REPRESENTATION_CONTEXT(2) 
PARAMETRIC_REPRESENTATION_CONTEXT() REPRESENTATION_CONTEXT('2D SPACE',''
  ) );
#4274 = PCURVE('',#4275,#4280);
#4275 = PLANE('',#4276);
#4276 = AXIS2_PLACEMENT_3D('',#4277,#4278,#4279);
#4277 = CARTESIAN_POINT('',(-0.1,-7.,3.3));
#4278 = DIRECTION('',(-0.,1.,0.));
#4279 = DIRECTION('',(0.,0.,1.));
#4280 = DEFINITIONAL_REPRESENTATION('',(#4281),#4284);
#4281 = B_SPLINE_CURVE_WITH_KNOTS('',1,(#4282,#4283),.UNSPECIFIED.,.F.,
  .F.,(2,2),(-6.35,-1.65),.PIECEWISE_BEZIER_KNOTS.);
#4282 = CARTESIAN_POINT('',(4.7,0.1));
#4283 = CARTESIAN_POINT('',(0.,0.1));
#4284 = ( GEOMETRIC_REPRESENTATION_CONTEXT(2) 
PARAMETRIC_REPRESENTATION_CONTEXT() REPRESENTATION_CONTEXT('2D SPACE',''
  ) );
#4285 = ORIENTED_EDGE('',*,*,#4286,.T.);
#4286 = EDGE_CURVE('',#4261,#4287,#4289,.T.);
#4287 = VERTEX_POINT('',#4288);
#4288 = CARTESIAN_POINT('',(7.460698725481E-14,-1.55,3.3));
#4289 = SURFACE_CURVE('',#4290,(#4294,#4300),.PCURVE_S1.);
#4290 = LINE('',#4291,#4292);
#4291 = CARTESIAN_POINT('',(7.460698725481E-14,-20.25,3.3));
#4292 = VECTOR('',#4293,1.);
#4293 = DIRECTION('',(0.,1.,-0.));
#4294 = PCURVE('',#4125,#4295);
#4295 = DEFINITIONAL_REPRESENTATION('',(#4296),#4299);
#4296 = B_SPLINE_CURVE_WITH_KNOTS('',1,(#4297,#4298),.UNSPECIFIED.,.F.,
  .F.,(2,2),(13.25,27.25),.PIECEWISE_BEZIER_KNOTS.);
#4297 = CARTESIAN_POINT('',(26.5,-3.3));
#4298 = CARTESIAN_POINT('',(40.5,-3.3));
#4299 = ( GEOMETRIC_REPRESENTATION_CONTEXT(2) 
PARAMETRIC_REPRESENTATION_CONTEXT() REPRESENTATION_CONTEXT('2D SPACE',''
  ) );
#4300 = PCURVE('',#4301,#4306);
#4301 = PLANE('',#4302);
#4302 = AXIS2_PLACEMENT_3D('',#4303,#4304,#4305);
#4303 = CARTESIAN_POINT('',(-0.1,-7.,3.3));
#4304 = DIRECTION('',(0.,0.,1.));
#4305 = DIRECTION('',(1.,0.,-0.));
#4306 = DEFINITIONAL_REPRESENTATION('',(#4307),#4310);
#4307 = B_SPLINE_CURVE_WITH_KNOTS('',1,(#4308,#4309),.UNSPECIFIED.,.F.,
  .F.,(2,2),(13.25,27.25),.PIECEWISE_BEZIER_KNOTS.);
#4308 = CARTESIAN_POINT('',(0.1,0.));
#4309 = CARTESIAN_POINT('',(0.1,14.));
#4310 = ( GEOMETRIC_REPRESENTATION_CONTEXT(2) 
PARAMETRIC_REPRESENTATION_CONTEXT() REPRESENTATION_CONTEXT('2D SPACE',''
  ) );
#4311 = ORIENTED_EDGE('',*,*,#4312,.T.);
#4312 = EDGE_CURVE('',#4287,#4313,#4315,.T.);
#4313 = VERTEX_POINT('',#4314);
#4314 = CARTESIAN_POINT('',(7.460698725481E-14,-1.55,2.8));
#4315 = SURFACE_CURVE('',#4316,(#4320,#4326),.PCURVE_S1.);
#4316 = LINE('',#4317,#4318);
#4317 = CARTESIAN_POINT('',(7.460698725481E-14,-1.55,1.4));
#4318 = VECTOR('',#4319,1.);
#4319 = DIRECTION('',(0.,0.,-1.));
#4320 = PCURVE('',#4125,#4321);
#4321 = DEFINITIONAL_REPRESENTATION('',(#4322),#4325);
#4322 = B_SPLINE_CURVE_WITH_KNOTS('',1,(#4323,#4324),.UNSPECIFIED.,.F.,
  .F.,(2,2),(-4.6,-1.4),.PIECEWISE_BEZIER_KNOTS.);
#4323 = CARTESIAN_POINT('',(31.95,-6.));
#4324 = CARTESIAN_POINT('',(31.95,-2.8));
#4325 = ( GEOMETRIC_REPRESENTATION_CONTEXT(2) 
PARAMETRIC_REPRESENTATION_CONTEXT() REPRESENTATION_CONTEXT('2D SPACE',''
  ) );
#4326 = PCURVE('',#4327,#4332);
#4327 = PLANE('',#4328);
#4328 = AXIS2_PLACEMENT_3D('',#4329,#4330,#4331);
#4329 = CARTESIAN_POINT('',(-0.1,-1.55,2.8));
#4330 = DIRECTION('',(-0.,1.,0.));
#4331 = DIRECTION('',(0.,0.,1.));
#4332 = DEFINITIONAL_REPRESENTATION('',(#4333),#4336);
#4333 = B_SPLINE_CURVE_WITH_KNOTS('',1,(#4334,#4335),.UNSPECIFIED.,.F.,
  .F.,(2,2),(-4.6,-1.4),.PIECEWISE_BEZIER_KNOTS.);
#4334 = CARTESIAN_POINT('',(3.2,0.1));
#4335 = CARTESIAN_POINT('',(0.,0.1));
#4336 = ( GEOMETRIC_REPRESENTATION_CONTEXT(2) 
PARAMETRIC_REPRESENTATION_CONTEXT() REPRESENTATION_CONTEXT('2D SPACE',''
  ) );
#4337 = ORIENTED_EDGE('',*,*,#4338,.T.);
#4338 = EDGE_CURVE('',#4313,#4339,#4341,.T.);
#4339 = VERTEX_POINT('',#4340);
#4340 = CARTESIAN_POINT('',(7.460698725481E-14,2.05,2.8));
#4341 = SURFACE_CURVE('',#4342,(#4346,#4352),.PCURVE_S1.);
#4342 = LINE('',#4343,#4344);
#4343 = CARTESIAN_POINT('',(7.460698725481E-14,-17.525,2.8));
#4344 = VECTOR('',#4345,1.);
#4345 = DIRECTION('',(0.,1.,-0.));
#4346 = PCURVE('',#4125,#4347);
#4347 = DEFINITIONAL_REPRESENTATION('',(#4348),#4351);
#4348 = B_SPLINE_CURVE_WITH_KNOTS('',1,(#4349,#4350),.UNSPECIFIED.,.F.,
  .F.,(2,2),(15.975,19.575),.PIECEWISE_BEZIER_KNOTS.);
#4349 = CARTESIAN_POINT('',(31.95,-2.8));
#4350 = CARTESIAN_POINT('',(35.55,-2.8));
#4351 = ( GEOMETRIC_REPRESENTATION_CONTEXT(2) 
PARAMETRIC_REPRESENTATION_CONTEXT() REPRESENTATION_CONTEXT('2D SPACE',''
  ) );
#4352 = PCURVE('',#4353,#4358);
#4353 = PLANE('',#4354);
#4354 = AXIS2_PLACEMENT_3D('',#4355,#4356,#4357);
#4355 = CARTESIAN_POINT('',(-0.1,-1.55,2.8));
#4356 = DIRECTION('',(0.,0.,1.));
#4357 = DIRECTION('',(1.,0.,-0.));
#4358 = DEFINITIONAL_REPRESENTATION('',(#4359),#4362);
#4359 = B_SPLINE_CURVE_WITH_KNOTS('',1,(#4360,#4361),.UNSPECIFIED.,.F.,
  .F.,(2,2),(15.975,19.575),.PIECEWISE_BEZIER_KNOTS.);
#4360 = CARTESIAN_POINT('',(0.1,0.));
#4361 = CARTESIAN_POINT('',(0.1,3.6));
#4362 = ( GEOMETRIC_REPRESENTATION_CONTEXT(2) 
PARAMETRIC_REPRESENTATION_CONTEXT() REPRESENTATION_CONTEXT('2D SPACE',''
  ) );
#4363 = ORIENTED_EDGE('',*,*,#4364,.F.);
#4364 = EDGE_CURVE('',#4365,#4339,#4367,.T.);
#4365 = VERTEX_POINT('',#4366);
#4366 = CARTESIAN_POINT('',(7.460698725481E-14,2.05,3.3));
#4367 = SURFACE_CURVE('',#4368,(#4372,#4378),.PCURVE_S1.);
#4368 = LINE('',#4369,#4370);
#4369 = CARTESIAN_POINT('',(7.460698725481E-14,2.05,1.4));
#4370 = VECTOR('',#4371,1.);
#4371 = DIRECTION('',(0.,0.,-1.));
#4372 = PCURVE('',#4125,#4373);
#4373 = DEFINITIONAL_REPRESENTATION('',(#4374),#4377);
#4374 = B_SPLINE_CURVE_WITH_KNOTS('',1,(#4375,#4376),.UNSPECIFIED.,.F.,
  .F.,(2,2),(-4.6,-1.4),.PIECEWISE_BEZIER_KNOTS.);
#4375 = CARTESIAN_POINT('',(35.55,-6.));
#4376 = CARTESIAN_POINT('',(35.55,-2.8));
#4377 = ( GEOMETRIC_REPRESENTATION_CONTEXT(2) 
PARAMETRIC_REPRESENTATION_CONTEXT() REPRESENTATION_CONTEXT('2D SPACE',''
  ) );
#4378 = PCURVE('',#4379,#4384);
#4379 = PLANE('',#4380);
#4380 = AXIS2_PLACEMENT_3D('',#4381,#4382,#4383);
#4381 = CARTESIAN_POINT('',(-0.1,2.05,2.8));
#4382 = DIRECTION('',(-0.,1.,0.));
#4383 = DIRECTION('',(0.,0.,1.));
#4384 = DEFINITIONAL_REPRESENTATION('',(#4385),#4388);
#4385 = B_SPLINE_CURVE_WITH_KNOTS('',1,(#4386,#4387),.UNSPECIFIED.,.F.,
  .F.,(2,2),(-4.6,-1.4),.PIECEWISE_BEZIER_KNOTS.);
#4386 = CARTESIAN_POINT('',(3.2,0.1));
#4387 = CARTESIAN_POINT('',(0.,0.1));
#4388 = ( GEOMETRIC_REPRESENTATION_CONTEXT(2) 
PARAMETRIC_REPRESENTATION_CONTEXT() REPRESENTATION_CONTEXT('2D SPACE',''
  ) );
#4389 = ORIENTED_EDGE('',*,*,#4390,.T.);
#4390 = EDGE_CURVE('',#4365,#4391,#4393,.T.);
#4391 = VERTEX_POINT('',#4392);
#4392 = CARTESIAN_POINT('',(7.460698725481E-14,7.,3.3));
#4393 = SURFACE_CURVE('',#4394,(#4398,#4404),.PCURVE_S1.);
#4394 = LINE('',#4395,#4396);
#4395 = CARTESIAN_POINT('',(7.460698725481E-14,-20.25,3.3));
#4396 = VECTOR('',#4397,1.);
#4397 = DIRECTION('',(0.,1.,-0.));
#4398 = PCURVE('',#4125,#4399);
#4399 = DEFINITIONAL_REPRESENTATION('',(#4400),#4403);
#4400 = B_SPLINE_CURVE_WITH_KNOTS('',1,(#4401,#4402),.UNSPECIFIED.,.F.,
  .F.,(2,2),(13.25,27.25),.PIECEWISE_BEZIER_KNOTS.);
#4401 = CARTESIAN_POINT('',(26.5,-3.3));
#4402 = CARTESIAN_POINT('',(40.5,-3.3));
#4403 = ( GEOMETRIC_REPRESENTATION_CONTEXT(2) 
PARAMETRIC_REPRESENTATION_CONTEXT() REPRESENTATION_CONTEXT('2D SPACE',''
  ) );
#4404 = PCURVE('',#4405,#4410);
#4405 = PLANE('',#4406);
#4406 = AXIS2_PLACEMENT_3D('',#4407,#4408,#4409);
#4407 = CARTESIAN_POINT('',(-0.1,-7.,3.3));
#4408 = DIRECTION('',(0.,0.,1.));
#4409 = DIRECTION('',(1.,0.,-0.));
#4410 = DEFINITIONAL_REPRESENTATION('',(#4411),#4414);
#4411 = B_SPLINE_CURVE_WITH_KNOTS('',1,(#4412,#4413),.UNSPECIFIED.,.F.,
  .F.,(2,2),(13.25,27.25),.PIECEWISE_BEZIER_KNOTS.);
#4412 = CARTESIAN_POINT('',(0.1,0.));
#4413 = CARTESIAN_POINT('',(0.1,14.));
#4414 = ( GEOMETRIC_REPRESENTATION_CONTEXT(2) 
PARAMETRIC_REPRESENTATION_CONTEXT() REPRESENTATION_CONTEXT('2D SPACE',''
  ) );
#4415 = ORIENTED_EDGE('',*,*,#4416,.F.);
#4416 = EDGE_CURVE('',#4235,#4391,#4417,.T.);
#4417 = SURFACE_CURVE('',#4418,(#4422,#4428),.PCURVE_S1.);
#4418 = LINE('',#4419,#4420);
#4419 = CARTESIAN_POINT('',(7.460698725481E-14,7.,1.65));
#4420 = VECTOR('',#4421,1.);
#4421 = DIRECTION('',(0.,0.,-1.));
#4422 = PCURVE('',#4125,#4423);
#4423 = DEFINITIONAL_REPRESENTATION('',(#4424),#4427);
#4424 = B_SPLINE_CURVE_WITH_KNOTS('',1,(#4425,#4426),.UNSPECIFIED.,.F.,
  .F.,(2,2),(-6.35,-1.65),.PIECEWISE_BEZIER_KNOTS.);
#4425 = CARTESIAN_POINT('',(40.5,-8.));
#4426 = CARTESIAN_POINT('',(40.5,-3.3));
#4427 = ( GEOMETRIC_REPRESENTATION_CONTEXT(2) 
PARAMETRIC_REPRESENTATION_CONTEXT() REPRESENTATION_CONTEXT('2D SPACE',''
  ) );
#4428 = PCURVE('',#4429,#4434);
#4429 = PLANE('',#4430);
#4430 = AXIS2_PLACEMENT_3D('',#4431,#4432,#4433);
#4431 = CARTESIAN_POINT('',(-0.1,7.,3.3));
#4432 = DIRECTION('',(-0.,1.,0.));
#4433 = DIRECTION('',(0.,0.,1.));
#4434 = DEFINITIONAL_REPRESENTATION('',(#4435),#4438);
#4435 = B_SPLINE_CURVE_WITH_KNOTS('',1,(#4436,#4437),.UNSPECIFIED.,.F.,
  .F.,(2,2),(-6.35,-1.65),.PIECEWISE_BEZIER_KNOTS.);
#4436 = CARTESIAN_POINT('',(4.7,0.1));
#4437 = CARTESIAN_POINT('',(0.,0.1));
#4438 = ( GEOMETRIC_REPRESENTATION_CONTEXT(2) 
PARAMETRIC_REPRESENTATION_CONTEXT() REPRESENTATION_CONTEXT('2D SPACE',''
  ) );
#4439 = ADVANCED_FACE('',(#4440),#4136,.F.);
#4440 = FACE_BOUND('',#4441,.F.);
#4441 = EDGE_LOOP('',(#4442,#4472,#4500,#4527,#4553,#4554,#4582,#4609,
    #4637,#4665,#4693,#4721,#4749,#4777));
#4442 = ORIENTED_EDGE('',*,*,#4443,.T.);
#4443 = EDGE_CURVE('',#4444,#4446,#4448,.T.);
#4444 = VERTEX_POINT('',#4445);
#4445 = CARTESIAN_POINT('',(1.2,35.,1.));
#4446 = VERTEX_POINT('',#4447);
#4447 = CARTESIAN_POINT('',(18.,35.,1.));
#4448 = SURFACE_CURVE('',#4449,(#4453,#4460),.PCURVE_S1.);
#4449 = LINE('',#4450,#4451);
#4450 = CARTESIAN_POINT('',(1.2,35.,1.));
#4451 = VECTOR('',#4452,1.);
#4452 = DIRECTION('',(1.,0.,-0.));
#4453 = PCURVE('',#4136,#4454);
#4454 = DEFINITIONAL_REPRESENTATION('',(#4455),#4459);
#4455 = LINE('',#4456,#4457);
#4456 = CARTESIAN_POINT('',(2.2,75.));
#4457 = VECTOR('',#4458,1.);
#4458 = DIRECTION('',(1.,0.));
#4459 = ( GEOMETRIC_REPRESENTATION_CONTEXT(2) 
PARAMETRIC_REPRESENTATION_CONTEXT() REPRESENTATION_CONTEXT('2D SPACE',''
  ) );
#4460 = PCURVE('',#4461,#4466);
#4461 = PLANE('',#4462);
#4462 = AXIS2_PLACEMENT_3D('',#4463,#4464,#4465);
#4463 = CARTESIAN_POINT('',(1.2,35.,1.));
#4464 = DIRECTION('',(-0.,1.,0.));
#4465 = DIRECTION('',(0.,0.,1.));
#4466 = DEFINITIONAL_REPRESENTATION('',(#4467),#4471);
#4467 = LINE('',#4468,#4469);
#4468 = CARTESIAN_POINT('',(0.,0.));
#4469 = VECTOR('',#4470,1.);
#4470 = DIRECTION('',(0.,1.));
#4471 = ( GEOMETRIC_REPRESENTATION_CONTEXT(2) 
PARAMETRIC_REPRESENTATION_CONTEXT() REPRESENTATION_CONTEXT('2D SPACE',''
  ) );
#4472 = ORIENTED_EDGE('',*,*,#4473,.T.);
#4473 = EDGE_CURVE('',#4446,#4474,#4476,.T.);
#4474 = VERTEX_POINT('',#4475);
#4475 = CARTESIAN_POINT('',(18.,36.,1.));
#4476 = SURFACE_CURVE('',#4477,(#4481,#4488),.PCURVE_S1.);
#4477 = LINE('',#4478,#4479);
#4478 = CARTESIAN_POINT('',(18.,-40.,1.));
#4479 = VECTOR('',#4480,1.);
#4480 = DIRECTION('',(-0.,1.,0.));
#4481 = PCURVE('',#4136,#4482);
#4482 = DEFINITIONAL_REPRESENTATION('',(#4483),#4487);
#4483 = LINE('',#4484,#4485);
#4484 = CARTESIAN_POINT('',(19.,0.));
#4485 = VECTOR('',#4486,1.);
#4486 = DIRECTION('',(0.,1.));
#4487 = ( GEOMETRIC_REPRESENTATION_CONTEXT(2) 
PARAMETRIC_REPRESENTATION_CONTEXT() REPRESENTATION_CONTEXT('2D SPACE',''
  ) );
#4488 = PCURVE('',#4489,#4494);
#4489 = PLANE('',#4490);
#4490 = AXIS2_PLACEMENT_3D('',#4491,#4492,#4493);
#4491 = CARTESIAN_POINT('',(18.,-40.,1.));
#4492 = DIRECTION('',(1.,0.,-0.));
#4493 = DIRECTION('',(0.,0.,1.));
#4494 = DEFINITIONAL_REPRESENTATION('',(#4495),#4499);
#4495 = LINE('',#4496,#4497);
#4496 = CARTESIAN_POINT('',(0.,0.));
#4497 = VECTOR('',#4498,1.);
#4498 = DIRECTION('',(0.,-1.));
#4499 = ( GEOMETRIC_REPRESENTATION_CONTEXT(2) 
PARAMETRIC_REPRESENTATION_CONTEXT() REPRESENTATION_CONTEXT('2D SPACE',''
  ) );
#4500 = ORIENTED_EDGE('',*,*,#4501,.F.);
#4501 = EDGE_CURVE('',#4502,#4474,#4504,.T.);
#4502 = VERTEX_POINT('',#4503);
#4503 = CARTESIAN_POINT('',(2.5,36.,1.));
#4504 = SURFACE_CURVE('',#4505,(#4509,#4516),.PCURVE_S1.);
#4505 = LINE('',#4506,#4507);
#4506 = CARTESIAN_POINT('',(0.75,36.,1.));
#4507 = VECTOR('',#4508,1.);
#4508 = DIRECTION('',(1.,0.,0.));
#4509 = PCURVE('',#4136,#4510);
#4510 = DEFINITIONAL_REPRESENTATION('',(#4511),#4515);
#4511 = LINE('',#4512,#4513);
#4512 = CARTESIAN_POINT('',(1.75,76.));
#4513 = VECTOR('',#4514,1.);
#4514 = DIRECTION('',(1.,0.));
#4515 = ( GEOMETRIC_REPRESENTATION_CONTEXT(2) 
PARAMETRIC_REPRESENTATION_CONTEXT() REPRESENTATION_CONTEXT('2D SPACE',''
  ) );
#4516 = PCURVE('',#4517,#4522);
#4517 = PLANE('',#4518);
#4518 = AXIS2_PLACEMENT_3D('',#4519,#4520,#4521);
#4519 = CARTESIAN_POINT('',(2.5,36.,0.));
#4520 = DIRECTION('',(0.,1.,0.));
#4521 = DIRECTION('',(1.,0.,0.));
#4522 = DEFINITIONAL_REPRESENTATION('',(#4523),#4526);
#4523 = B_SPLINE_CURVE_WITH_KNOTS('',1,(#4524,#4525),.UNSPECIFIED.,.F.,
  .F.,(2,2),(1.75,17.25),.PIECEWISE_BEZIER_KNOTS.);
#4524 = CARTESIAN_POINT('',(0.,-1.));
#4525 = CARTESIAN_POINT('',(15.5,-1.));
#4526 = ( GEOMETRIC_REPRESENTATION_CONTEXT(2) 
PARAMETRIC_REPRESENTATION_CONTEXT() REPRESENTATION_CONTEXT('2D SPACE',''
  ) );
#4527 = ORIENTED_EDGE('',*,*,#4528,.F.);
#4528 = EDGE_CURVE('',#4117,#4502,#4529,.T.);
#4529 = SURFACE_CURVE('',#4530,(#4535,#4546),.PCURVE_S1.);
#4530 = CIRCLE('',#4531,2.5);
#4531 = AXIS2_PLACEMENT_3D('',#4532,#4533,#4534);
#4532 = CARTESIAN_POINT('',(2.5,33.5,1.));
#4533 = DIRECTION('',(0.,0.,-1.));
#4534 = DIRECTION('',(-1.,0.,0.));
#4535 = PCURVE('',#4136,#4536);
#4536 = DEFINITIONAL_REPRESENTATION('',(#4537),#4545);
#4537 = ( BOUNDED_CURVE() B_SPLINE_CURVE(2,(#4538,#4539,#4540,#4541,
#4542,#4543,#4544),.UNSPECIFIED.,.T.,.F.) B_SPLINE_CURVE_WITH_KNOTS((1,2
    ,2,2,2,1),(-2.094395102393,0.,2.094395102393,4.188790204786,
6.28318530718,8.377580409573),.UNSPECIFIED.) CURVE() 
GEOMETRIC_REPRESENTATION_ITEM() RATIONAL_B_SPLINE_CURVE((1.,0.5,1.,0.5,
1.,0.5,1.)) REPRESENTATION_ITEM('') );
#4538 = CARTESIAN_POINT('',(1.,73.5));
#4539 = CARTESIAN_POINT('',(1.,77.830127018922));
#4540 = CARTESIAN_POINT('',(4.75,75.665063509461));
#4541 = CARTESIAN_POINT('',(8.5,73.5));
#4542 = CARTESIAN_POINT('',(4.75,71.334936490539));
#4543 = CARTESIAN_POINT('',(1.,69.169872981078));
#4544 = CARTESIAN_POINT('',(1.,73.5));
#4545 = ( GEOMETRIC_REPRESENTATION_CONTEXT(2) 
PARAMETRIC_REPRESENTATION_CONTEXT() REPRESENTATION_CONTEXT('2D SPACE',''
  ) );
#4546 = PCURVE('',#4218,#4547);
#4547 = DEFINITIONAL_REPRESENTATION('',(#4548),#4552);
#4548 = LINE('',#4549,#4550);
#4549 = CARTESIAN_POINT('',(0.,-1.));
#4550 = VECTOR('',#4551,1.);
#4551 = DIRECTION('',(1.,0.));
#4552 = ( GEOMETRIC_REPRESENTATION_CONTEXT(2) 
PARAMETRIC_REPRESENTATION_CONTEXT() REPRESENTATION_CONTEXT('2D SPACE',''
  ) );
#4553 = ORIENTED_EDGE('',*,*,#4114,.F.);
#4554 = ORIENTED_EDGE('',*,*,#4555,.F.);
#4555 = EDGE_CURVE('',#4556,#4115,#4558,.T.);
#4556 = VERTEX_POINT('',#4557);
#4557 = CARTESIAN_POINT('',(2.5,-36.,1.));
#4558 = SURFACE_CURVE('',#4559,(#4564,#4575),.PCURVE_S1.);
#4559 = CIRCLE('',#4560,2.5);
#4560 = AXIS2_PLACEMENT_3D('',#4561,#4562,#4563);
#4561 = CARTESIAN_POINT('',(2.5,-33.5,1.));
#4562 = DIRECTION('',(0.,0.,-1.));
#4563 = DIRECTION('',(-1.,0.,0.));
#4564 = PCURVE('',#4136,#4565);
#4565 = DEFINITIONAL_REPRESENTATION('',(#4566),#4574);
#4566 = ( BOUNDED_CURVE() B_SPLINE_CURVE(2,(#4567,#4568,#4569,#4570,
#4571,#4572,#4573),.UNSPECIFIED.,.T.,.F.) B_SPLINE_CURVE_WITH_KNOTS((1,2
    ,2,2,2,1),(-2.094395102393,0.,2.094395102393,4.188790204786,
6.28318530718,8.377580409573),.UNSPECIFIED.) CURVE() 
GEOMETRIC_REPRESENTATION_ITEM() RATIONAL_B_SPLINE_CURVE((1.,0.5,1.,0.5,
1.,0.5,1.)) REPRESENTATION_ITEM('') );
#4567 = CARTESIAN_POINT('',(1.,6.5));
#4568 = CARTESIAN_POINT('',(1.,10.830127018922));
#4569 = CARTESIAN_POINT('',(4.75,8.665063509461));
#4570 = CARTESIAN_POINT('',(8.5,6.5));
#4571 = CARTESIAN_POINT('',(4.75,4.334936490539));
#4572 = CARTESIAN_POINT('',(1.,2.169872981078));
#4573 = CARTESIAN_POINT('',(1.,6.5));
#4574 = ( GEOMETRIC_REPRESENTATION_CONTEXT(2) 
PARAMETRIC_REPRESENTATION_CONTEXT() REPRESENTATION_CONTEXT('2D SPACE',''
  ) );
#4575 = PCURVE('',#4164,#4576);
#4576 = DEFINITIONAL_REPRESENTATION('',(#4577),#4581);
#4577 = LINE('',#4578,#4579);
#4578 = CARTESIAN_POINT('',(0.,-1.));
#4579 = VECTOR('',#4580,1.);
#4580 = DIRECTION('',(1.,0.));
#4581 = ( GEOMETRIC_REPRESENTATION_CONTEXT(2) 
PARAMETRIC_REPRESENTATION_CONTEXT() REPRESENTATION_CONTEXT('2D SPACE',''
  ) );
#4582 = ORIENTED_EDGE('',*,*,#4583,.T.);
#4583 = EDGE_CURVE('',#4556,#4584,#4586,.T.);
#4584 = VERTEX_POINT('',#4585);
#4585 = CARTESIAN_POINT('',(18.,-36.,1.));
#4586 = SURFACE_CURVE('',#4587,(#4591,#4598),.PCURVE_S1.);
#4587 = LINE('',#4588,#4589);
#4588 = CARTESIAN_POINT('',(0.75,-36.,1.));
#4589 = VECTOR('',#4590,1.);
#4590 = DIRECTION('',(1.,0.,0.));
#4591 = PCURVE('',#4136,#4592);
#4592 = DEFINITIONAL_REPRESENTATION('',(#4593),#4597);
#4593 = LINE('',#4594,#4595);
#4594 = CARTESIAN_POINT('',(1.75,4.));
#4595 = VECTOR('',#4596,1.);
#4596 = DIRECTION('',(1.,0.));
#4597 = ( GEOMETRIC_REPRESENTATION_CONTEXT(2) 
PARAMETRIC_REPRESENTATION_CONTEXT() REPRESENTATION_CONTEXT('2D SPACE',''
  ) );
#4598 = PCURVE('',#4599,#4604);
#4599 = PLANE('',#4600);
#4600 = AXIS2_PLACEMENT_3D('',#4601,#4602,#4603);
#4601 = CARTESIAN_POINT('',(2.5,-36.,0.));
#4602 = DIRECTION('',(0.,1.,0.));
#4603 = DIRECTION('',(1.,0.,0.));
#4604 = DEFINITIONAL_REPRESENTATION('',(#4605),#4608);
#4605 = B_SPLINE_CURVE_WITH_KNOTS('',1,(#4606,#4607),.UNSPECIFIED.,.F.,
  .F.,(2,2),(1.75,17.25),.PIECEWISE_BEZIER_KNOTS.);
#4606 = CARTESIAN_POINT('',(0.,-1.));
#4607 = CARTESIAN_POINT('',(15.5,-1.));
#4608 = ( GEOMETRIC_REPRESENTATION_CONTEXT(2) 
PARAMETRIC_REPRESENTATION_CONTEXT() REPRESENTATION_CONTEXT('2D SPACE',''
  ) );
#4609 = ORIENTED_EDGE('',*,*,#4610,.T.);
#4610 = EDGE_CURVE('',#4584,#4611,#4613,.T.);
#4611 = VERTEX_POINT('',#4612);
#4612 = CARTESIAN_POINT('',(18.,-35.,1.));
#4613 = SURFACE_CURVE('',#4614,(#4618,#4625),.PCURVE_S1.);
#4614 = LINE('',#4615,#4616);
#4615 = CARTESIAN_POINT('',(18.,-40.,1.));
#4616 = VECTOR('',#4617,1.);
#4617 = DIRECTION('',(-0.,1.,0.));
#4618 = PCURVE('',#4136,#4619);
#4619 = DEFINITIONAL_REPRESENTATION('',(#4620),#4624);
#4620 = LINE('',#4621,#4622);
#4621 = CARTESIAN_POINT('',(19.,0.));
#4622 = VECTOR('',#4623,1.);
#4623 = DIRECTION('',(0.,1.));
#4624 = ( GEOMETRIC_REPRESENTATION_CONTEXT(2) 
PARAMETRIC_REPRESENTATION_CONTEXT() REPRESENTATION_CONTEXT('2D SPACE',''
  ) );
#4625 = PCURVE('',#4626,#4631);
#4626 = PLANE('',#4627);
#4627 = AXIS2_PLACEMENT_3D('',#4628,#4629,#4630);
#4628 = CARTESIAN_POINT('',(18.,-40.,1.));
#4629 = DIRECTION('',(1.,0.,-0.));
#4630 = DIRECTION('',(0.,0.,1.));
#4631 = DEFINITIONAL_REPRESENTATION('',(#4632),#4636);
#4632 = LINE('',#4633,#4634);
#4633 = CARTESIAN_POINT('',(0.,0.));
#4634 = VECTOR('',#4635,1.);
#4635 = DIRECTION('',(0.,-1.));
#4636 = ( GEOMETRIC_REPRESENTATION_CONTEXT(2) 
PARAMETRIC_REPRESENTATION_CONTEXT() REPRESENTATION_CONTEXT('2D SPACE',''
  ) );
#4637 = ORIENTED_EDGE('',*,*,#4638,.F.);
#4638 = EDGE_CURVE('',#4639,#4611,#4641,.T.);
#4639 = VERTEX_POINT('',#4640);
#4640 = CARTESIAN_POINT('',(1.2,-35.,1.));
#4641 = SURFACE_CURVE('',#4642,(#4646,#4653),.PCURVE_S1.);
#4642 = LINE('',#4643,#4644);
#4643 = CARTESIAN_POINT('',(1.2,-35.,1.));
#4644 = VECTOR('',#4645,1.);
#4645 = DIRECTION('',(1.,0.,-0.));
#4646 = PCURVE('',#4136,#4647);
#4647 = DEFINITIONAL_REPRESENTATION('',(#4648),#4652);
#4648 = LINE('',#4649,#4650);
#4649 = CARTESIAN_POINT('',(2.2,5.));
#4650 = VECTOR('',#4651,1.);
#4651 = DIRECTION('',(1.,0.));
#4652 = ( GEOMETRIC_REPRESENTATION_CONTEXT(2) 
PARAMETRIC_REPRESENTATION_CONTEXT() REPRESENTATION_CONTEXT('2D SPACE',''
  ) );
#4653 = PCURVE('',#4654,#4659);
#4654 = PLANE('',#4655);
#4655 = AXIS2_PLACEMENT_3D('',#4656,#4657,#4658);
#4656 = CARTESIAN_POINT('',(1.2,-35.,1.));
#4657 = DIRECTION('',(-0.,1.,0.));
#4658 = DIRECTION('',(0.,0.,1.));
#4659 = DEFINITIONAL_REPRESENTATION('',(#4660),#4664);
#4660 = LINE('',#4661,#4662);
#4661 = CARTESIAN_POINT('',(0.,0.));
#4662 = VECTOR('',#4663,1.);
#4663 = DIRECTION('',(0.,1.));
#4664 = ( GEOMETRIC_REPRESENTATION_CONTEXT(2) 
PARAMETRIC_REPRESENTATION_CONTEXT() REPRESENTATION_CONTEXT('2D SPACE',''
  ) );
#4665 = ORIENTED_EDGE('',*,*,#4666,.T.);
#4666 = EDGE_CURVE('',#4639,#4667,#4669,.T.);
#4667 = VERTEX_POINT('',#4668);
#4668 = CARTESIAN_POINT('',(1.2,-30.6,1.));
#4669 = SURFACE_CURVE('',#4670,(#4674,#4681),.PCURVE_S1.);
#4670 = LINE('',#4671,#4672);
#4671 = CARTESIAN_POINT('',(1.2,-35.,1.));
#4672 = VECTOR('',#4673,1.);
#4673 = DIRECTION('',(-0.,1.,0.));
#4674 = PCURVE('',#4136,#4675);
#4675 = DEFINITIONAL_REPRESENTATION('',(#4676),#4680);
#4676 = LINE('',#4677,#4678);
#4677 = CARTESIAN_POINT('',(2.2,5.));
#4678 = VECTOR('',#4679,1.);
#4679 = DIRECTION('',(0.,1.));
#4680 = ( GEOMETRIC_REPRESENTATION_CONTEXT(2) 
PARAMETRIC_REPRESENTATION_CONTEXT() REPRESENTATION_CONTEXT('2D SPACE',''
  ) );
#4681 = PCURVE('',#4682,#4687);
#4682 = PLANE('',#4683);
#4683 = AXIS2_PLACEMENT_3D('',#4684,#4685,#4686);
#4684 = CARTESIAN_POINT('',(1.2,-35.,1.));
#4685 = DIRECTION('',(1.,0.,-0.));
#4686 = DIRECTION('',(0.,0.,1.));
#4687 = DEFINITIONAL_REPRESENTATION('',(#4688),#4692);
#4688 = LINE('',#4689,#4690);
#4689 = CARTESIAN_POINT('',(0.,0.));
#4690 = VECTOR('',#4691,1.);
#4691 = DIRECTION('',(0.,-1.));
#4692 = ( GEOMETRIC_REPRESENTATION_CONTEXT(2) 
PARAMETRIC_REPRESENTATION_CONTEXT() REPRESENTATION_CONTEXT('2D SPACE',''
  ) );
#4693 = ORIENTED_EDGE('',*,*,#4694,.T.);
#4694 = EDGE_CURVE('',#4667,#4695,#4697,.T.);
#4695 = VERTEX_POINT('',#4696);
#4696 = CARTESIAN_POINT('',(2.2,-30.6,1.));
#4697 = SURFACE_CURVE('',#4698,(#4702,#4709),.PCURVE_S1.);
#4698 = LINE('',#4699,#4700);
#4699 = CARTESIAN_POINT('',(1.2,-30.6,1.));
#4700 = VECTOR('',#4701,1.);
#4701 = DIRECTION('',(1.,0.,-0.));
#4702 = PCURVE('',#4136,#4703);
#4703 = DEFINITIONAL_REPRESENTATION('',(#4704),#4708);
#4704 = LINE('',#4705,#4706);
#4705 = CARTESIAN_POINT('',(2.2,9.4));
#4706 = VECTOR('',#4707,1.);
#4707 = DIRECTION('',(1.,0.));
#4708 = ( GEOMETRIC_REPRESENTATION_CONTEXT(2) 
PARAMETRIC_REPRESENTATION_CONTEXT() REPRESENTATION_CONTEXT('2D SPACE',''
  ) );
#4709 = PCURVE('',#4710,#4715);
#4710 = PLANE('',#4711);
#4711 = AXIS2_PLACEMENT_3D('',#4712,#4713,#4714);
#4712 = CARTESIAN_POINT('',(1.2,-30.6,1.));
#4713 = DIRECTION('',(-0.,1.,0.));
#4714 = DIRECTION('',(0.,0.,1.));
#4715 = DEFINITIONAL_REPRESENTATION('',(#4716),#4720);
#4716 = LINE('',#4717,#4718);
#4717 = CARTESIAN_POINT('',(0.,0.));
#4718 = VECTOR('',#4719,1.);
#4719 = DIRECTION('',(0.,1.));
#4720 = ( GEOMETRIC_REPRESENTATION_CONTEXT(2) 
PARAMETRIC_REPRESENTATION_CONTEXT() REPRESENTATION_CONTEXT('2D SPACE',''
  ) );
#4721 = ORIENTED_EDGE('',*,*,#4722,.T.);
#4722 = EDGE_CURVE('',#4695,#4723,#4725,.T.);
#4723 = VERTEX_POINT('',#4724);
#4724 = CARTESIAN_POINT('',(2.2,30.6,1.));
#4725 = SURFACE_CURVE('',#4726,(#4730,#4737),.PCURVE_S1.);
#4726 = LINE('',#4727,#4728);
#4727 = CARTESIAN_POINT('',(2.2,-30.8,1.));
#4728 = VECTOR('',#4729,1.);
#4729 = DIRECTION('',(-0.,1.,0.));
#4730 = PCURVE('',#4136,#4731);
#4731 = DEFINITIONAL_REPRESENTATION('',(#4732),#4736);
#4732 = LINE('',#4733,#4734);
#4733 = CARTESIAN_POINT('',(3.2,9.2));
#4734 = VECTOR('',#4735,1.);
#4735 = DIRECTION('',(0.,1.));
#4736 = ( GEOMETRIC_REPRESENTATION_CONTEXT(2) 
PARAMETRIC_REPRESENTATION_CONTEXT() REPRESENTATION_CONTEXT('2D SPACE',''
  ) );
#4737 = PCURVE('',#4738,#4743);
#4738 = PLANE('',#4739);
#4739 = AXIS2_PLACEMENT_3D('',#4740,#4741,#4742);
#4740 = CARTESIAN_POINT('',(2.2,-30.8,1.));
#4741 = DIRECTION('',(1.,0.,-0.));
#4742 = DIRECTION('',(0.,0.,1.));
#4743 = DEFINITIONAL_REPRESENTATION('',(#4744),#4748);
#4744 = LINE('',#4745,#4746);
#4745 = CARTESIAN_POINT('',(0.,0.));
#4746 = VECTOR('',#4747,1.);
#4747 = DIRECTION('',(0.,-1.));
#4748 = ( GEOMETRIC_REPRESENTATION_CONTEXT(2) 
PARAMETRIC_REPRESENTATION_CONTEXT() REPRESENTATION_CONTEXT('2D SPACE',''
  ) );
#4749 = ORIENTED_EDGE('',*,*,#4750,.F.);
#4750 = EDGE_CURVE('',#4751,#4723,#4753,.T.);
#4751 = VERTEX_POINT('',#4752);
#4752 = CARTESIAN_POINT('',(1.2,30.6,1.));
#4753 = SURFACE_CURVE('',#4754,(#4758,#4765),.PCURVE_S1.);
#4754 = LINE('',#4755,#4756);
#4755 = CARTESIAN_POINT('',(1.2,30.6,1.));
#4756 = VECTOR('',#4757,1.);
#4757 = DIRECTION('',(1.,0.,-0.));
#4758 = PCURVE('',#4136,#4759);
#4759 = DEFINITIONAL_REPRESENTATION('',(#4760),#4764);
#4760 = LINE('',#4761,#4762);
#4761 = CARTESIAN_POINT('',(2.2,70.6));
#4762 = VECTOR('',#4763,1.);
#4763 = DIRECTION('',(1.,0.));
#4764 = ( GEOMETRIC_REPRESENTATION_CONTEXT(2) 
PARAMETRIC_REPRESENTATION_CONTEXT() REPRESENTATION_CONTEXT('2D SPACE',''
  ) );
#4765 = PCURVE('',#4766,#4771);
#4766 = PLANE('',#4767);
#4767 = AXIS2_PLACEMENT_3D('',#4768,#4769,#4770);
#4768 = CARTESIAN_POINT('',(1.2,30.6,1.));
#4769 = DIRECTION('',(-0.,1.,0.));
#4770 = DIRECTION('',(0.,0.,1.));
#4771 = DEFINITIONAL_REPRESENTATION('',(#4772),#4776);
#4772 = LINE('',#4773,#4774);
#4773 = CARTESIAN_POINT('',(0.,0.));
#4774 = VECTOR('',#4775,1.);
#4775 = DIRECTION('',(0.,1.));
#4776 = ( GEOMETRIC_REPRESENTATION_CONTEXT(2) 
PARAMETRIC_REPRESENTATION_CONTEXT() REPRESENTATION_CONTEXT('2D SPACE',''
  ) );
#4777 = ORIENTED_EDGE('',*,*,#4778,.T.);
#4778 = EDGE_CURVE('',#4751,#4444,#4779,.T.);
#4779 = SURFACE_CURVE('',#4780,(#4784,#4791),.PCURVE_S1.);
#4780 = LINE('',#4781,#4782);
#4781 = CARTESIAN_POINT('',(1.2,30.6,1.));
#4782 = VECTOR('',#4783,1.);
#4783 = DIRECTION('',(-0.,1.,0.));
#4784 = PCURVE('',#4136,#4785);
#4785 = DEFINITIONAL_REPRESENTATION('',(#4786),#4790);
#4786 = LINE('',#4787,#4788);
#4787 = CARTESIAN_POINT('',(2.2,70.6));
#4788 = VECTOR('',#4789,1.);
#4789 = DIRECTION('',(0.,1.));
#4790 = ( GEOMETRIC_REPRESENTATION_CONTEXT(2) 
PARAMETRIC_REPRESENTATION_CONTEXT() REPRESENTATION_CONTEXT('2D SPACE',''
  ) );
#4791 = PCURVE('',#4792,#4797);
#4792 = PLANE('',#4793);
#4793 = AXIS2_PLACEMENT_3D('',#4794,#4795,#4796);
#4794 = CARTESIAN_POINT('',(1.2,30.6,1.));
#4795 = DIRECTION('',(1.,0.,-0.));
#4796 = DIRECTION('',(0.,0.,1.));
#4797 = DEFINITIONAL_REPRESENTATION('',(#4798),#4802);
#4798 = LINE('',#4799,#4800);
#4799 = CARTESIAN_POINT('',(0.,0.));
#4800 = VECTOR('',#4801,1.);
#4801 = DIRECTION('',(0.,-1.));
#4802 = ( GEOMETRIC_REPRESENTATION_CONTEXT(2) 
PARAMETRIC_REPRESENTATION_CONTEXT() REPRESENTATION_CONTEXT('2D SPACE',''
  ) );
#4803 = ADVANCED_FACE('',(#4804),#4218,.T.);
#4804 = FACE_BOUND('',#4805,.T.);
#4805 = EDGE_LOOP('',(#4806,#4807,#4808,#4836));
#4806 = ORIENTED_EDGE('',*,*,#4528,.F.);
#4807 = ORIENTED_EDGE('',*,*,#4204,.T.);
#4808 = ORIENTED_EDGE('',*,*,#4809,.T.);
#4809 = EDGE_CURVE('',#4177,#4810,#4812,.T.);
#4810 = VERTEX_POINT('',#4811);
#4811 = CARTESIAN_POINT('',(2.5,36.,11.5));
#4812 = SURFACE_CURVE('',#4813,(#4818,#4825),.PCURVE_S1.);
#4813 = CIRCLE('',#4814,2.5);
#4814 = AXIS2_PLACEMENT_3D('',#4815,#4816,#4817);
#4815 = CARTESIAN_POINT('',(2.5,33.5,11.5));
#4816 = DIRECTION('',(0.,0.,-1.));
#4817 = DIRECTION('',(-1.,0.,0.));
#4818 = PCURVE('',#4218,#4819);
#4819 = DEFINITIONAL_REPRESENTATION('',(#4820),#4824);
#4820 = LINE('',#4821,#4822);
#4821 = CARTESIAN_POINT('',(0.,-11.5));
#4822 = VECTOR('',#4823,1.);
#4823 = DIRECTION('',(1.,0.));
#4824 = ( GEOMETRIC_REPRESENTATION_CONTEXT(2) 
PARAMETRIC_REPRESENTATION_CONTEXT() REPRESENTATION_CONTEXT('2D SPACE',''
  ) );
#4825 = PCURVE('',#4192,#4826);
#4826 = DEFINITIONAL_REPRESENTATION('',(#4827),#4835);
#4827 = ( BOUNDED_CURVE() B_SPLINE_CURVE(2,(#4828,#4829,#4830,#4831,
#4832,#4833,#4834),.UNSPECIFIED.,.T.,.F.) B_SPLINE_CURVE_WITH_KNOTS((1,2
    ,2,2,2,1),(-2.094395102393,0.,2.094395102393,4.188790204786,
6.28318530718,8.377580409573),.UNSPECIFIED.) CURVE() 
GEOMETRIC_REPRESENTATION_ITEM() RATIONAL_B_SPLINE_CURVE((1.,0.5,1.,0.5,
1.,0.5,1.)) REPRESENTATION_ITEM('') );
#4828 = CARTESIAN_POINT('',(-11.9999999998,33.5));
#4829 = CARTESIAN_POINT('',(-11.9999999998,37.830127018922));
#4830 = CARTESIAN_POINT('',(-8.249999999804,35.665063509461));
#4831 = CARTESIAN_POINT('',(-4.499999999804,33.5));
#4832 = CARTESIAN_POINT('',(-8.249999999804,31.334936490539));
#4833 = CARTESIAN_POINT('',(-11.9999999998,29.169872981078));
#4834 = CARTESIAN_POINT('',(-11.9999999998,33.5));
#4835 = ( GEOMETRIC_REPRESENTATION_CONTEXT(2) 
PARAMETRIC_REPRESENTATION_CONTEXT() REPRESENTATION_CONTEXT('2D SPACE',''
  ) );
#4836 = ORIENTED_EDGE('',*,*,#4837,.F.);
#4837 = EDGE_CURVE('',#4502,#4810,#4838,.T.);
#4838 = SURFACE_CURVE('',#4839,(#4843,#4850),.PCURVE_S1.);
#4839 = LINE('',#4840,#4841);
#4840 = CARTESIAN_POINT('',(2.5,36.,0.));
#4841 = VECTOR('',#4842,1.);
#4842 = DIRECTION('',(0.,0.,1.));
#4843 = PCURVE('',#4218,#4844);
#4844 = DEFINITIONAL_REPRESENTATION('',(#4845),#4849);
#4845 = LINE('',#4846,#4847);
#4846 = CARTESIAN_POINT('',(1.570796326795,0.));
#4847 = VECTOR('',#4848,1.);
#4848 = DIRECTION('',(0.,-1.));
#4849 = ( GEOMETRIC_REPRESENTATION_CONTEXT(2) 
PARAMETRIC_REPRESENTATION_CONTEXT() REPRESENTATION_CONTEXT('2D SPACE',''
  ) );
#4850 = PCURVE('',#4517,#4851);
#4851 = DEFINITIONAL_REPRESENTATION('',(#4852),#4856);
#4852 = LINE('',#4853,#4854);
#4853 = CARTESIAN_POINT('',(1.7763568394E-15,0.));
#4854 = VECTOR('',#4855,1.);
#4855 = DIRECTION('',(0.,-1.));
#4856 = ( GEOMETRIC_REPRESENTATION_CONTEXT(2) 
PARAMETRIC_REPRESENTATION_CONTEXT() REPRESENTATION_CONTEXT('2D SPACE',''
  ) );
#4857 = ADVANCED_FACE('',(#4858,#5028,#5059,#5297,#5328,#5359),#4192,.T.
  );
#4858 = FACE_BOUND('',#4859,.T.);
#4859 = EDGE_LOOP('',(#4860,#4861,#4889,#4912,#4945,#4973,#5006,#5027));
#4860 = ORIENTED_EDGE('',*,*,#4176,.F.);
#4861 = ORIENTED_EDGE('',*,*,#4862,.F.);
#4862 = EDGE_CURVE('',#4863,#4149,#4865,.T.);
#4863 = VERTEX_POINT('',#4864);
#4864 = CARTESIAN_POINT('',(2.5,-36.,11.5));
#4865 = SURFACE_CURVE('',#4866,(#4871,#4882),.PCURVE_S1.);
#4866 = CIRCLE('',#4867,2.5);
#4867 = AXIS2_PLACEMENT_3D('',#4868,#4869,#4870);
#4868 = CARTESIAN_POINT('',(2.5,-33.5,11.5));
#4869 = DIRECTION('',(0.,0.,-1.));
#4870 = DIRECTION('',(-1.,0.,0.));
#4871 = PCURVE('',#4192,#4872);
#4872 = DEFINITIONAL_REPRESENTATION('',(#4873),#4881);
#4873 = ( BOUNDED_CURVE() B_SPLINE_CURVE(2,(#4874,#4875,#4876,#4877,
#4878,#4879,#4880),.UNSPECIFIED.,.T.,.F.) B_SPLINE_CURVE_WITH_KNOTS((1,2
    ,2,2,2,1),(-2.094395102393,0.,2.094395102393,4.188790204786,
6.28318530718,8.377580409573),.UNSPECIFIED.) CURVE() 
GEOMETRIC_REPRESENTATION_ITEM() RATIONAL_B_SPLINE_CURVE((1.,0.5,1.,0.5,
1.,0.5,1.)) REPRESENTATION_ITEM('') );
#4874 = CARTESIAN_POINT('',(-11.9999999998,-33.5));
#4875 = CARTESIAN_POINT('',(-11.9999999998,-29.16987298107));
#4876 = CARTESIAN_POINT('',(-8.249999999804,-31.33493649053));
#4877 = CARTESIAN_POINT('',(-4.499999999804,-33.5));
#4878 = CARTESIAN_POINT('',(-8.249999999804,-35.66506350946));
#4879 = CARTESIAN_POINT('',(-11.9999999998,-37.83012701892));
#4880 = CARTESIAN_POINT('',(-11.9999999998,-33.5));
#4881 = ( GEOMETRIC_REPRESENTATION_CONTEXT(2) 
PARAMETRIC_REPRESENTATION_CONTEXT() REPRESENTATION_CONTEXT('2D SPACE',''
  ) );
#4882 = PCURVE('',#4164,#4883);
#4883 = DEFINITIONAL_REPRESENTATION('',(#4884),#4888);
#4884 = LINE('',#4885,#4886);
#4885 = CARTESIAN_POINT('',(0.,-11.5));
#4886 = VECTOR('',#4887,1.);
#4887 = DIRECTION('',(1.,0.));
#4888 = ( GEOMETRIC_REPRESENTATION_CONTEXT(2) 
PARAMETRIC_REPRESENTATION_CONTEXT() REPRESENTATION_CONTEXT('2D SPACE',''
  ) );
#4889 = ORIENTED_EDGE('',*,*,#4890,.T.);
#4890 = EDGE_CURVE('',#4863,#4891,#4893,.T.);
#4891 = VERTEX_POINT('',#4892);
#4892 = CARTESIAN_POINT('',(21.499999998626,-36.,11.5));
#4893 = SURFACE_CURVE('',#4894,(#4898,#4905),.PCURVE_S1.);
#4894 = LINE('',#4895,#4896);
#4895 = CARTESIAN_POINT('',(12.,-36.,11.5));
#4896 = VECTOR('',#4897,1.);
#4897 = DIRECTION('',(1.,0.,0.));
#4898 = PCURVE('',#4192,#4899);
#4899 = DEFINITIONAL_REPRESENTATION('',(#4900),#4904);
#4900 = LINE('',#4901,#4902);
#4901 = CARTESIAN_POINT('',(1.961361345425E-10,-36.));
#4902 = VECTOR('',#4903,1.);
#4903 = DIRECTION('',(1.,0.));
#4904 = ( GEOMETRIC_REPRESENTATION_CONTEXT(2) 
PARAMETRIC_REPRESENTATION_CONTEXT() REPRESENTATION_CONTEXT('2D SPACE',''
  ) );
#4905 = PCURVE('',#4599,#4906);
#4906 = DEFINITIONAL_REPRESENTATION('',(#4907),#4911);
#4907 = LINE('',#4908,#4909);
#4908 = CARTESIAN_POINT('',(9.5,-11.5));
#4909 = VECTOR('',#4910,1.);
#4910 = DIRECTION('',(1.,0.));
#4911 = ( GEOMETRIC_REPRESENTATION_CONTEXT(2) 
PARAMETRIC_REPRESENTATION_CONTEXT() REPRESENTATION_CONTEXT('2D SPACE',''
  ) );
#4912 = ORIENTED_EDGE('',*,*,#4913,.F.);
#4913 = EDGE_CURVE('',#4914,#4891,#4916,.T.);
#4914 = VERTEX_POINT('',#4915);
#4915 = CARTESIAN_POINT('',(23.999999999313,-33.5,11.5));
#4916 = SURFACE_CURVE('',#4917,(#4922,#4933),.PCURVE_S1.);
#4917 = CIRCLE('',#4918,2.5);
#4918 = AXIS2_PLACEMENT_3D('',#4919,#4920,#4921);
#4919 = CARTESIAN_POINT('',(21.499999998626,-33.5,11.5));
#4920 = DIRECTION('',(0.,0.,-1.));
#4921 = DIRECTION('',(-1.,0.,0.));
#4922 = PCURVE('',#4192,#4923);
#4923 = DEFINITIONAL_REPRESENTATION('',(#4924),#4932);
#4924 = ( BOUNDED_CURVE() B_SPLINE_CURVE(2,(#4925,#4926,#4927,#4928,
#4929,#4930,#4931),.UNSPECIFIED.,.T.,.F.) B_SPLINE_CURVE_WITH_KNOTS((1,2
    ,2,2,2,1),(-2.094395102393,0.,2.094395102393,4.188790204786,
6.28318530718,8.377580409573),.UNSPECIFIED.) CURVE() 
GEOMETRIC_REPRESENTATION_ITEM() RATIONAL_B_SPLINE_CURVE((1.,0.5,1.,0.5,
1.,0.5,1.)) REPRESENTATION_ITEM('') );
#4925 = CARTESIAN_POINT('',(6.999999998822,-33.5));
#4926 = CARTESIAN_POINT('',(6.999999998822,-29.16987298107));
#4927 = CARTESIAN_POINT('',(10.749999998822,-31.33493649053));
#4928 = CARTESIAN_POINT('',(14.499999998822,-33.5));
#4929 = CARTESIAN_POINT('',(10.749999998822,-35.66506350946));
#4930 = CARTESIAN_POINT('',(6.999999998822,-37.83012701892));
#4931 = CARTESIAN_POINT('',(6.999999998822,-33.5));
#4932 = ( GEOMETRIC_REPRESENTATION_CONTEXT(2) 
PARAMETRIC_REPRESENTATION_CONTEXT() REPRESENTATION_CONTEXT('2D SPACE',''
  ) );
#4933 = PCURVE('',#4934,#4939);
#4934 = CYLINDRICAL_SURFACE('',#4935,2.5);
#4935 = AXIS2_PLACEMENT_3D('',#4936,#4937,#4938);
#4936 = CARTESIAN_POINT('',(21.499999998626,-33.5,0.));
#4937 = DIRECTION('',(0.,0.,-1.));
#4938 = DIRECTION('',(-1.,0.,0.));
#4939 = DEFINITIONAL_REPRESENTATION('',(#4940),#4944);
#4940 = LINE('',#4941,#4942);
#4941 = CARTESIAN_POINT('',(0.,-11.5));
#4942 = VECTOR('',#4943,1.);
#4943 = DIRECTION('',(1.,0.));
#4944 = ( GEOMETRIC_REPRESENTATION_CONTEXT(2) 
PARAMETRIC_REPRESENTATION_CONTEXT() REPRESENTATION_CONTEXT('2D SPACE',''
  ) );
#4945 = ORIENTED_EDGE('',*,*,#4946,.T.);
#4946 = EDGE_CURVE('',#4914,#4947,#4949,.T.);
#4947 = VERTEX_POINT('',#4948);
#4948 = CARTESIAN_POINT('',(23.999999999313,33.5,11.5));
#4949 = SURFACE_CURVE('',#4950,(#4954,#4961),.PCURVE_S1.);
#4950 = LINE('',#4951,#4952);
#4951 = CARTESIAN_POINT('',(24.,0.,11.5));
#4952 = VECTOR('',#4953,1.);
#4953 = DIRECTION('',(0.,1.,0.));
#4954 = PCURVE('',#4192,#4955);
#4955 = DEFINITIONAL_REPRESENTATION('',(#4956),#4960);
#4956 = LINE('',#4957,#4958);
#4957 = CARTESIAN_POINT('',(12.000000000196,3.788972345935E-16));
#4958 = VECTOR('',#4959,1.);
#4959 = DIRECTION('',(0.,1.));
#4960 = ( GEOMETRIC_REPRESENTATION_CONTEXT(2) 
PARAMETRIC_REPRESENTATION_CONTEXT() REPRESENTATION_CONTEXT('2D SPACE',''
  ) );
#4961 = PCURVE('',#4962,#4967);
#4962 = PLANE('',#4963);
#4963 = AXIS2_PLACEMENT_3D('',#4964,#4965,#4966);
#4964 = CARTESIAN_POINT('',(24.,-33.5,0.));
#4965 = DIRECTION('',(-1.,0.,0.));
#4966 = DIRECTION('',(0.,1.,0.));
#4967 = DEFINITIONAL_REPRESENTATION('',(#4968),#4972);
#4968 = LINE('',#4969,#4970);
#4969 = CARTESIAN_POINT('',(33.5,-11.5));
#4970 = VECTOR('',#4971,1.);
#4971 = DIRECTION('',(1.,0.));
#4972 = ( GEOMETRIC_REPRESENTATION_CONTEXT(2) 
PARAMETRIC_REPRESENTATION_CONTEXT() REPRESENTATION_CONTEXT('2D SPACE',''
  ) );
#4973 = ORIENTED_EDGE('',*,*,#4974,.F.);
#4974 = EDGE_CURVE('',#4975,#4947,#4977,.T.);
#4975 = VERTEX_POINT('',#4976);
#4976 = CARTESIAN_POINT('',(21.499999998626,36.,11.5));
#4977 = SURFACE_CURVE('',#4978,(#4983,#4994),.PCURVE_S1.);
#4978 = CIRCLE('',#4979,2.5);
#4979 = AXIS2_PLACEMENT_3D('',#4980,#4981,#4982);
#4980 = CARTESIAN_POINT('',(21.499999998626,33.5,11.5));
#4981 = DIRECTION('',(0.,0.,-1.));
#4982 = DIRECTION('',(-1.,0.,0.));
#4983 = PCURVE('',#4192,#4984);
#4984 = DEFINITIONAL_REPRESENTATION('',(#4985),#4993);
#4985 = ( BOUNDED_CURVE() B_SPLINE_CURVE(2,(#4986,#4987,#4988,#4989,
#4990,#4991,#4992),.UNSPECIFIED.,.T.,.F.) B_SPLINE_CURVE_WITH_KNOTS((1,2
    ,2,2,2,1),(-2.094395102393,0.,2.094395102393,4.188790204786,
6.28318530718,8.377580409573),.UNSPECIFIED.) CURVE() 
GEOMETRIC_REPRESENTATION_ITEM() RATIONAL_B_SPLINE_CURVE((1.,0.5,1.,0.5,
1.,0.5,1.)) REPRESENTATION_ITEM('') );
#4986 = CARTESIAN_POINT('',(6.999999998822,33.5));
#4987 = CARTESIAN_POINT('',(6.999999998822,37.830127018922));
#4988 = CARTESIAN_POINT('',(10.749999998822,35.665063509461));
#4989 = CARTESIAN_POINT('',(14.499999998822,33.5));
#4990 = CARTESIAN_POINT('',(10.749999998822,31.334936490539));
#4991 = CARTESIAN_POINT('',(6.999999998822,29.169872981078));
#4992 = CARTESIAN_POINT('',(6.999999998822,33.5));
#4993 = ( GEOMETRIC_REPRESENTATION_CONTEXT(2) 
PARAMETRIC_REPRESENTATION_CONTEXT() REPRESENTATION_CONTEXT('2D SPACE',''
  ) );
#4994 = PCURVE('',#4995,#5000);
#4995 = CYLINDRICAL_SURFACE('',#4996,2.5);
#4996 = AXIS2_PLACEMENT_3D('',#4997,#4998,#4999);
#4997 = CARTESIAN_POINT('',(21.499999998626,33.5,0.));
#4998 = DIRECTION('',(0.,0.,-1.));
#4999 = DIRECTION('',(-1.,0.,0.));
#5000 = DEFINITIONAL_REPRESENTATION('',(#5001),#5005);
#5001 = LINE('',#5002,#5003);
#5002 = CARTESIAN_POINT('',(0.,-11.5));
#5003 = VECTOR('',#5004,1.);
#5004 = DIRECTION('',(1.,0.));
#5005 = ( GEOMETRIC_REPRESENTATION_CONTEXT(2) 
PARAMETRIC_REPRESENTATION_CONTEXT() REPRESENTATION_CONTEXT('2D SPACE',''
  ) );
#5006 = ORIENTED_EDGE('',*,*,#5007,.F.);
#5007 = EDGE_CURVE('',#4810,#4975,#5008,.T.);
#5008 = SURFACE_CURVE('',#5009,(#5013,#5020),.PCURVE_S1.);
#5009 = LINE('',#5010,#5011);
#5010 = CARTESIAN_POINT('',(12.,36.,11.5));
#5011 = VECTOR('',#5012,1.);
#5012 = DIRECTION('',(1.,0.,0.));
#5013 = PCURVE('',#4192,#5014);
#5014 = DEFINITIONAL_REPRESENTATION('',(#5015),#5019);
#5015 = LINE('',#5016,#5017);
#5016 = CARTESIAN_POINT('',(1.961361345425E-10,36.));
#5017 = VECTOR('',#5018,1.);
#5018 = DIRECTION('',(1.,0.));
#5019 = ( GEOMETRIC_REPRESENTATION_CONTEXT(2) 
PARAMETRIC_REPRESENTATION_CONTEXT() REPRESENTATION_CONTEXT('2D SPACE',''
  ) );
#5020 = PCURVE('',#4517,#5021);
#5021 = DEFINITIONAL_REPRESENTATION('',(#5022),#5026);
#5022 = LINE('',#5023,#5024);
#5023 = CARTESIAN_POINT('',(9.5,-11.5));
#5024 = VECTOR('',#5025,1.);
#5025 = DIRECTION('',(1.,0.));
#5026 = ( GEOMETRIC_REPRESENTATION_CONTEXT(2) 
PARAMETRIC_REPRESENTATION_CONTEXT() REPRESENTATION_CONTEXT('2D SPACE',''
  ) );
#5027 = ORIENTED_EDGE('',*,*,#4809,.F.);
#5028 = FACE_BOUND('',#5029,.T.);
#5029 = EDGE_LOOP('',(#5030));
#5030 = ORIENTED_EDGE('',*,*,#5031,.F.);
#5031 = EDGE_CURVE('',#5032,#5032,#5034,.T.);
#5032 = VERTEX_POINT('',#5033);
#5033 = CARTESIAN_POINT('',(5.35,-32.8,11.5));
#5034 = SURFACE_CURVE('',#5035,(#5040,#5047),.PCURVE_S1.);
#5035 = CIRCLE('',#5036,2.05);
#5036 = AXIS2_PLACEMENT_3D('',#5037,#5038,#5039);
#5037 = CARTESIAN_POINT('',(3.3,-32.8,11.5));
#5038 = DIRECTION('',(0.,0.,1.));
#5039 = DIRECTION('',(1.,0.,-0.));
#5040 = PCURVE('',#4192,#5041);
#5041 = DEFINITIONAL_REPRESENTATION('',(#5042),#5046);
#5042 = CIRCLE('',#5043,2.05);
#5043 = AXIS2_PLACEMENT_2D('',#5044,#5045);
#5044 = CARTESIAN_POINT('',(-8.699999999804,-32.8));
#5045 = DIRECTION('',(1.,0.));
#5046 = ( GEOMETRIC_REPRESENTATION_CONTEXT(2) 
PARAMETRIC_REPRESENTATION_CONTEXT() REPRESENTATION_CONTEXT('2D SPACE',''
  ) );
#5047 = PCURVE('',#5048,#5053);
#5048 = CONICAL_SURFACE('',#5049,1.15,0.785398163397);
#5049 = AXIS2_PLACEMENT_3D('',#5050,#5051,#5052);
#5050 = CARTESIAN_POINT('',(3.3,-32.8,10.6));
#5051 = DIRECTION('',(0.,0.,1.));
#5052 = DIRECTION('',(1.,0.,-0.));
#5053 = DEFINITIONAL_REPRESENTATION('',(#5054),#5058);
#5054 = LINE('',#5055,#5056);
#5055 = CARTESIAN_POINT('',(0.,0.9));
#5056 = VECTOR('',#5057,1.);
#5057 = DIRECTION('',(1.,0.));
#5058 = ( GEOMETRIC_REPRESENTATION_CONTEXT(2) 
PARAMETRIC_REPRESENTATION_CONTEXT() REPRESENTATION_CONTEXT('2D SPACE',''
  ) );
#5059 = FACE_BOUND('',#5060,.T.);
#5060 = EDGE_LOOP('',(#5061,#5089,#5122,#5148,#5181,#5207,#5240,#5266));
#5061 = ORIENTED_EDGE('',*,*,#5062,.F.);
#5062 = EDGE_CURVE('',#5063,#5065,#5067,.T.);
#5063 = VERTEX_POINT('',#5064);
#5064 = CARTESIAN_POINT('',(3.3,-9.199999973561,11.5));
#5065 = VERTEX_POINT('',#5066);
#5066 = CARTESIAN_POINT('',(3.3,-11.40000003873,11.5));
#5067 = SURFACE_CURVE('',#5068,(#5072,#5078),.PCURVE_S1.);
#5068 = LINE('',#5069,#5070);
#5069 = CARTESIAN_POINT('',(3.3,-5.700000019365,11.5));
#5070 = VECTOR('',#5071,1.);
#5071 = DIRECTION('',(0.,-1.,0.));
#5072 = PCURVE('',#4192,#5073);
#5073 = DEFINITIONAL_REPRESENTATION('',(#5074),#5077);
#5074 = B_SPLINE_CURVE_WITH_KNOTS('',1,(#5075,#5076),.UNSPECIFIED.,.F.,
  .F.,(2,2),(3.499999954196,5.700000019365),.PIECEWISE_BEZIER_KNOTS.);
#5075 = CARTESIAN_POINT('',(-8.699999999804,-9.199999973561));
#5076 = CARTESIAN_POINT('',(-8.699999999804,-11.40000003873));
#5077 = ( GEOMETRIC_REPRESENTATION_CONTEXT(2) 
PARAMETRIC_REPRESENTATION_CONTEXT() REPRESENTATION_CONTEXT('2D SPACE',''
  ) );
#5078 = PCURVE('',#5079,#5084);
#5079 = PLANE('',#5080);
#5080 = AXIS2_PLACEMENT_3D('',#5081,#5082,#5083);
#5081 = CARTESIAN_POINT('',(3.3,-11.40000003873,9.4));
#5082 = DIRECTION('',(-1.,0.,0.));
#5083 = DIRECTION('',(0.,1.,0.));
#5084 = DEFINITIONAL_REPRESENTATION('',(#5085),#5088);
#5085 = B_SPLINE_CURVE_WITH_KNOTS('',1,(#5086,#5087),.UNSPECIFIED.,.F.,
  .F.,(2,2),(3.499999954196,5.700000019365),.PIECEWISE_BEZIER_KNOTS.);
#5086 = CARTESIAN_POINT('',(2.200000065169,-2.1));
#5087 = CARTESIAN_POINT('',(0.,-2.1));
#5088 = ( GEOMETRIC_REPRESENTATION_CONTEXT(2) 
PARAMETRIC_REPRESENTATION_CONTEXT() REPRESENTATION_CONTEXT('2D SPACE',''
  ) );
#5089 = ORIENTED_EDGE('',*,*,#5090,.T.);
#5090 = EDGE_CURVE('',#5063,#5091,#5093,.T.);
#5091 = VERTEX_POINT('',#5092);
#5092 = CARTESIAN_POINT('',(3.7,-8.799999967416,11.5));
#5093 = SURFACE_CURVE('',#5094,(#5099,#5110),.PCURVE_S1.);
#5094 = CIRCLE('',#5095,0.4);
#5095 = AXIS2_PLACEMENT_3D('',#5096,#5097,#5098);
#5096 = CARTESIAN_POINT('',(3.7,-9.199999973561,11.5));
#5097 = DIRECTION('',(0.,0.,-1.));
#5098 = DIRECTION('',(-1.,0.,0.));
#5099 = PCURVE('',#4192,#5100);
#5100 = DEFINITIONAL_REPRESENTATION('',(#5101),#5109);
#5101 = ( BOUNDED_CURVE() B_SPLINE_CURVE(2,(#5102,#5103,#5104,#5105,
#5106,#5107,#5108),.UNSPECIFIED.,.T.,.F.) B_SPLINE_CURVE_WITH_KNOTS((1,2
    ,2,2,2,1),(-2.094395102393,0.,2.094395102393,4.188790204786,
6.28318530718,8.377580409573),.UNSPECIFIED.) CURVE() 
GEOMETRIC_REPRESENTATION_ITEM() RATIONAL_B_SPLINE_CURVE((1.,0.5,1.,0.5,
1.,0.5,1.)) REPRESENTATION_ITEM('') );
#5102 = CARTESIAN_POINT('',(-8.699999999804,-9.199999973561));
#5103 = CARTESIAN_POINT('',(-8.699999999804,-8.507179650534));
#5104 = CARTESIAN_POINT('',(-8.099999999804,-8.853589812048));
#5105 = CARTESIAN_POINT('',(-7.499999999804,-9.199999973561));
#5106 = CARTESIAN_POINT('',(-8.099999999804,-9.546410135075));
#5107 = CARTESIAN_POINT('',(-8.699999999804,-9.892820296589));
#5108 = CARTESIAN_POINT('',(-8.699999999804,-9.199999973561));
#5109 = ( GEOMETRIC_REPRESENTATION_CONTEXT(2) 
PARAMETRIC_REPRESENTATION_CONTEXT() REPRESENTATION_CONTEXT('2D SPACE',''
  ) );
#5110 = PCURVE('',#5111,#5116);
#5111 = CYLINDRICAL_SURFACE('',#5112,0.4);
#5112 = AXIS2_PLACEMENT_3D('',#5113,#5114,#5115);
#5113 = CARTESIAN_POINT('',(3.7,-9.199999973561,9.4));
#5114 = DIRECTION('',(0.,0.,-1.));
#5115 = DIRECTION('',(-1.,0.,0.));
#5116 = DEFINITIONAL_REPRESENTATION('',(#5117),#5121);
#5117 = LINE('',#5118,#5119);
#5118 = CARTESIAN_POINT('',(0.,-2.1));
#5119 = VECTOR('',#5120,1.);
#5120 = DIRECTION('',(1.,0.));
#5121 = ( GEOMETRIC_REPRESENTATION_CONTEXT(2) 
PARAMETRIC_REPRESENTATION_CONTEXT() REPRESENTATION_CONTEXT('2D SPACE',''
  ) );
#5122 = ORIENTED_EDGE('',*,*,#5123,.F.);
#5123 = EDGE_CURVE('',#5124,#5091,#5126,.T.);
#5124 = VERTEX_POINT('',#5125);
#5125 = CARTESIAN_POINT('',(5.9,-8.799999967416,11.5));
#5126 = SURFACE_CURVE('',#5127,(#5131,#5137),.PCURVE_S1.);
#5127 = LINE('',#5128,#5129);
#5128 = CARTESIAN_POINT('',(7.849999999902,-8.79999996127,11.5));
#5129 = VECTOR('',#5130,1.);
#5130 = DIRECTION('',(-1.,0.,0.));
#5131 = PCURVE('',#4192,#5132);
#5132 = DEFINITIONAL_REPRESENTATION('',(#5133),#5136);
#5133 = B_SPLINE_CURVE_WITH_KNOTS('',1,(#5134,#5135),.UNSPECIFIED.,.F.,
  .F.,(2,2),(1.949999999902,4.149999999902),.PIECEWISE_BEZIER_KNOTS.);
#5134 = CARTESIAN_POINT('',(-6.099999999804,-8.79999996127));
#5135 = CARTESIAN_POINT('',(-8.299999999804,-8.79999996127));
#5136 = ( GEOMETRIC_REPRESENTATION_CONTEXT(2) 
PARAMETRIC_REPRESENTATION_CONTEXT() REPRESENTATION_CONTEXT('2D SPACE',''
  ) );
#5137 = PCURVE('',#5138,#5143);
#5138 = PLANE('',#5139);
#5139 = AXIS2_PLACEMENT_3D('',#5140,#5141,#5142);
#5140 = CARTESIAN_POINT('',(3.7,-8.79999996127,9.4));
#5141 = DIRECTION('',(0.,1.,0.));
#5142 = DIRECTION('',(1.,0.,0.));
#5143 = DEFINITIONAL_REPRESENTATION('',(#5144),#5147);
#5144 = B_SPLINE_CURVE_WITH_KNOTS('',1,(#5145,#5146),.UNSPECIFIED.,.F.,
  .F.,(2,2),(1.949999999902,4.149999999902),.PIECEWISE_BEZIER_KNOTS.);
#5145 = CARTESIAN_POINT('',(2.2,-2.1));
#5146 = CARTESIAN_POINT('',(0.,-2.1));
#5147 = ( GEOMETRIC_REPRESENTATION_CONTEXT(2) 
PARAMETRIC_REPRESENTATION_CONTEXT() REPRESENTATION_CONTEXT('2D SPACE',''
  ) );
#5148 = ORIENTED_EDGE('',*,*,#5149,.T.);
#5149 = EDGE_CURVE('',#5124,#5150,#5152,.T.);
#5150 = VERTEX_POINT('',#5151);
#5151 = CARTESIAN_POINT('',(6.3,-9.199999973561,11.5));
#5152 = SURFACE_CURVE('',#5153,(#5158,#5169),.PCURVE_S1.);
#5153 = CIRCLE('',#5154,0.4);
#5154 = AXIS2_PLACEMENT_3D('',#5155,#5156,#5157);
#5155 = CARTESIAN_POINT('',(5.9,-9.199999973561,11.5));
#5156 = DIRECTION('',(0.,0.,-1.));
#5157 = DIRECTION('',(-1.,0.,0.));
#5158 = PCURVE('',#4192,#5159);
#5159 = DEFINITIONAL_REPRESENTATION('',(#5160),#5168);
#5160 = ( BOUNDED_CURVE() B_SPLINE_CURVE(2,(#5161,#5162,#5163,#5164,
#5165,#5166,#5167),.UNSPECIFIED.,.T.,.F.) B_SPLINE_CURVE_WITH_KNOTS((1,2
    ,2,2,2,1),(-2.094395102393,0.,2.094395102393,4.188790204786,
6.28318530718,8.377580409573),.UNSPECIFIED.) CURVE() 
GEOMETRIC_REPRESENTATION_ITEM() RATIONAL_B_SPLINE_CURVE((1.,0.5,1.,0.5,
1.,0.5,1.)) REPRESENTATION_ITEM('') );
#5161 = CARTESIAN_POINT('',(-6.499999999804,-9.199999973561));
#5162 = CARTESIAN_POINT('',(-6.499999999804,-8.507179650534));
#5163 = CARTESIAN_POINT('',(-5.899999999804,-8.853589812048));
#5164 = CARTESIAN_POINT('',(-5.299999999804,-9.199999973561));
#5165 = CARTESIAN_POINT('',(-5.899999999804,-9.546410135075));
#5166 = CARTESIAN_POINT('',(-6.499999999804,-9.892820296589));
#5167 = CARTESIAN_POINT('',(-6.499999999804,-9.199999973561));
#5168 = ( GEOMETRIC_REPRESENTATION_CONTEXT(2) 
PARAMETRIC_REPRESENTATION_CONTEXT() REPRESENTATION_CONTEXT('2D SPACE',''
  ) );
#5169 = PCURVE('',#5170,#5175);
#5170 = CYLINDRICAL_SURFACE('',#5171,0.4);
#5171 = AXIS2_PLACEMENT_3D('',#5172,#5173,#5174);
#5172 = CARTESIAN_POINT('',(5.9,-9.199999973561,9.4));
#5173 = DIRECTION('',(0.,0.,-1.));
#5174 = DIRECTION('',(-1.,0.,0.));
#5175 = DEFINITIONAL_REPRESENTATION('',(#5176),#5180);
#5176 = LINE('',#5177,#5178);
#5177 = CARTESIAN_POINT('',(0.,-2.1));
#5178 = VECTOR('',#5179,1.);
#5179 = DIRECTION('',(1.,0.));
#5180 = ( GEOMETRIC_REPRESENTATION_CONTEXT(2) 
PARAMETRIC_REPRESENTATION_CONTEXT() REPRESENTATION_CONTEXT('2D SPACE',''
  ) );
#5181 = ORIENTED_EDGE('',*,*,#5182,.T.);
#5182 = EDGE_CURVE('',#5150,#5183,#5185,.T.);
#5183 = VERTEX_POINT('',#5184);
#5184 = CARTESIAN_POINT('',(6.299999993854,-11.39999996127,11.5));
#5185 = SURFACE_CURVE('',#5186,(#5190,#5196),.PCURVE_S1.);
#5186 = LINE('',#5187,#5188);
#5187 = CARTESIAN_POINT('',(6.3,-5.699999980635,11.5));
#5188 = VECTOR('',#5189,1.);
#5189 = DIRECTION('',(0.,-1.,0.));
#5190 = PCURVE('',#4192,#5191);
#5191 = DEFINITIONAL_REPRESENTATION('',(#5192),#5195);
#5192 = B_SPLINE_CURVE_WITH_KNOTS('',1,(#5193,#5194),.UNSPECIFIED.,.F.,
  .F.,(2,2),(3.499999992926,5.699999980635),.PIECEWISE_BEZIER_KNOTS.);
#5193 = CARTESIAN_POINT('',(-5.699999999804,-9.199999973561));
#5194 = CARTESIAN_POINT('',(-5.699999999804,-11.39999996127));
#5195 = ( GEOMETRIC_REPRESENTATION_CONTEXT(2) 
PARAMETRIC_REPRESENTATION_CONTEXT() REPRESENTATION_CONTEXT('2D SPACE',''
  ) );
#5196 = PCURVE('',#5197,#5202);
#5197 = PLANE('',#5198);
#5198 = AXIS2_PLACEMENT_3D('',#5199,#5200,#5201);
#5199 = CARTESIAN_POINT('',(6.3,-11.39999996127,9.4));
#5200 = DIRECTION('',(-1.,0.,0.));
#5201 = DIRECTION('',(0.,1.,0.));
#5202 = DEFINITIONAL_REPRESENTATION('',(#5203),#5206);
#5203 = B_SPLINE_CURVE_WITH_KNOTS('',1,(#5204,#5205),.UNSPECIFIED.,.F.,
  .F.,(2,2),(3.499999992926,5.699999980635),.PIECEWISE_BEZIER_KNOTS.);
#5204 = CARTESIAN_POINT('',(2.199999987709,-2.1));
#5205 = CARTESIAN_POINT('',(0.,-2.1));
#5206 = ( GEOMETRIC_REPRESENTATION_CONTEXT(2) 
PARAMETRIC_REPRESENTATION_CONTEXT() REPRESENTATION_CONTEXT('2D SPACE',''
  ) );
#5207 = ORIENTED_EDGE('',*,*,#5208,.T.);
#5208 = EDGE_CURVE('',#5183,#5209,#5211,.T.);
#5209 = VERTEX_POINT('',#5210);
#5210 = CARTESIAN_POINT('',(5.899999987709,-11.79999996127,11.5));
#5211 = SURFACE_CURVE('',#5212,(#5217,#5228),.PCURVE_S1.);
#5212 = CIRCLE('',#5213,0.4);
#5213 = AXIS2_PLACEMENT_3D('',#5214,#5215,#5216);
#5214 = CARTESIAN_POINT('',(5.899999987709,-11.39999996127,11.5));
#5215 = DIRECTION('',(0.,0.,-1.));
#5216 = DIRECTION('',(-1.,0.,0.));
#5217 = PCURVE('',#4192,#5218);
#5218 = DEFINITIONAL_REPRESENTATION('',(#5219),#5227);
#5219 = ( BOUNDED_CURVE() B_SPLINE_CURVE(2,(#5220,#5221,#5222,#5223,
#5224,#5225,#5226),.UNSPECIFIED.,.T.,.F.) B_SPLINE_CURVE_WITH_KNOTS((1,2
    ,2,2,2,1),(-2.094395102393,0.,2.094395102393,4.188790204786,
6.28318530718,8.377580409573),.UNSPECIFIED.) CURVE() 
GEOMETRIC_REPRESENTATION_ITEM() RATIONAL_B_SPLINE_CURVE((1.,0.5,1.,0.5,
1.,0.5,1.)) REPRESENTATION_ITEM('') );
#5220 = CARTESIAN_POINT('',(-6.500000012095,-11.39999996127));
#5221 = CARTESIAN_POINT('',(-6.500000012095,-10.70717963824));
#5222 = CARTESIAN_POINT('',(-5.900000012095,-11.05358979975));
#5223 = CARTESIAN_POINT('',(-5.300000012095,-11.39999996127));
#5224 = CARTESIAN_POINT('',(-5.900000012095,-11.74641012278));
#5225 = CARTESIAN_POINT('',(-6.500000012095,-12.09282028429));
#5226 = CARTESIAN_POINT('',(-6.500000012095,-11.39999996127));
#5227 = ( GEOMETRIC_REPRESENTATION_CONTEXT(2) 
PARAMETRIC_REPRESENTATION_CONTEXT() REPRESENTATION_CONTEXT('2D SPACE',''
  ) );
#5228 = PCURVE('',#5229,#5234);
#5229 = CYLINDRICAL_SURFACE('',#5230,0.4);
#5230 = AXIS2_PLACEMENT_3D('',#5231,#5232,#5233);
#5231 = CARTESIAN_POINT('',(5.899999987709,-11.39999996127,9.4));
#5232 = DIRECTION('',(0.,0.,-1.));
#5233 = DIRECTION('',(-1.,0.,0.));
#5234 = DEFINITIONAL_REPRESENTATION('',(#5235),#5239);
#5235 = LINE('',#5236,#5237);
#5236 = CARTESIAN_POINT('',(0.,-2.1));
#5237 = VECTOR('',#5238,1.);
#5238 = DIRECTION('',(1.,0.));
#5239 = ( GEOMETRIC_REPRESENTATION_CONTEXT(2) 
PARAMETRIC_REPRESENTATION_CONTEXT() REPRESENTATION_CONTEXT('2D SPACE',''
  ) );
#5240 = ORIENTED_EDGE('',*,*,#5241,.T.);
#5241 = EDGE_CURVE('',#5209,#5242,#5244,.T.);
#5242 = VERTEX_POINT('',#5243);
#5243 = CARTESIAN_POINT('',(3.7,-11.8,11.5));
#5244 = SURFACE_CURVE('',#5245,(#5249,#5255),.PCURVE_S1.);
#5245 = LINE('',#5246,#5247);
#5246 = CARTESIAN_POINT('',(7.849999999902,-11.79999996127,11.5));
#5247 = VECTOR('',#5248,1.);
#5248 = DIRECTION('',(-1.,0.,0.));
#5249 = PCURVE('',#4192,#5250);
#5250 = DEFINITIONAL_REPRESENTATION('',(#5251),#5254);
#5251 = B_SPLINE_CURVE_WITH_KNOTS('',1,(#5252,#5253),.UNSPECIFIED.,.F.,
  .F.,(2,2),(1.950000012193,4.149999999902),.PIECEWISE_BEZIER_KNOTS.);
#5252 = CARTESIAN_POINT('',(-6.100000012095,-11.79999996127));
#5253 = CARTESIAN_POINT('',(-8.299999999804,-11.79999996127));
#5254 = ( GEOMETRIC_REPRESENTATION_CONTEXT(2) 
PARAMETRIC_REPRESENTATION_CONTEXT() REPRESENTATION_CONTEXT('2D SPACE',''
  ) );
#5255 = PCURVE('',#5256,#5261);
#5256 = PLANE('',#5257);
#5257 = AXIS2_PLACEMENT_3D('',#5258,#5259,#5260);
#5258 = CARTESIAN_POINT('',(3.7,-11.79999996127,9.4));
#5259 = DIRECTION('',(0.,1.,0.));
#5260 = DIRECTION('',(1.,0.,0.));
#5261 = DEFINITIONAL_REPRESENTATION('',(#5262),#5265);
#5262 = B_SPLINE_CURVE_WITH_KNOTS('',1,(#5263,#5264),.UNSPECIFIED.,.F.,
  .F.,(2,2),(1.950000012193,4.149999999902),.PIECEWISE_BEZIER_KNOTS.);
#5263 = CARTESIAN_POINT('',(2.199999987709,-2.1));
#5264 = CARTESIAN_POINT('',(0.,-2.1));
#5265 = ( GEOMETRIC_REPRESENTATION_CONTEXT(2) 
PARAMETRIC_REPRESENTATION_CONTEXT() REPRESENTATION_CONTEXT('2D SPACE',''
  ) );
#5266 = ORIENTED_EDGE('',*,*,#5267,.T.);
#5267 = EDGE_CURVE('',#5242,#5065,#5268,.T.);
#5268 = SURFACE_CURVE('',#5269,(#5274,#5285),.PCURVE_S1.);
#5269 = CIRCLE('',#5270,0.4);
#5270 = AXIS2_PLACEMENT_3D('',#5271,#5272,#5273);
#5271 = CARTESIAN_POINT('',(3.7,-11.40000003873,11.5));
#5272 = DIRECTION('',(0.,0.,-1.));
#5273 = DIRECTION('',(-1.,0.,0.));
#5274 = PCURVE('',#4192,#5275);
#5275 = DEFINITIONAL_REPRESENTATION('',(#5276),#5284);
#5276 = ( BOUNDED_CURVE() B_SPLINE_CURVE(2,(#5277,#5278,#5279,#5280,
#5281,#5282,#5283),.UNSPECIFIED.,.T.,.F.) B_SPLINE_CURVE_WITH_KNOTS((1,2
    ,2,2,2,1),(-2.094395102393,0.,2.094395102393,4.188790204786,
6.28318530718,8.377580409573),.UNSPECIFIED.) CURVE() 
GEOMETRIC_REPRESENTATION_ITEM() RATIONAL_B_SPLINE_CURVE((1.,0.5,1.,0.5,
1.,0.5,1.)) REPRESENTATION_ITEM('') );
#5277 = CARTESIAN_POINT('',(-8.699999999804,-11.40000003873));
#5278 = CARTESIAN_POINT('',(-8.699999999804,-10.7071797157));
#5279 = CARTESIAN_POINT('',(-8.099999999804,-11.05358987721));
#5280 = CARTESIAN_POINT('',(-7.499999999804,-11.40000003873));
#5281 = CARTESIAN_POINT('',(-8.099999999804,-11.74641020024));
#5282 = CARTESIAN_POINT('',(-8.699999999804,-12.09282036175));
#5283 = CARTESIAN_POINT('',(-8.699999999804,-11.40000003873));
#5284 = ( GEOMETRIC_REPRESENTATION_CONTEXT(2) 
PARAMETRIC_REPRESENTATION_CONTEXT() REPRESENTATION_CONTEXT('2D SPACE',''
  ) );
#5285 = PCURVE('',#5286,#5291);
#5286 = CYLINDRICAL_SURFACE('',#5287,0.4);
#5287 = AXIS2_PLACEMENT_3D('',#5288,#5289,#5290);
#5288 = CARTESIAN_POINT('',(3.7,-11.40000003873,9.4));
#5289 = DIRECTION('',(0.,0.,-1.));
#5290 = DIRECTION('',(-1.,0.,0.));
#5291 = DEFINITIONAL_REPRESENTATION('',(#5292),#5296);
#5292 = LINE('',#5293,#5294);
#5293 = CARTESIAN_POINT('',(0.,-2.1));
#5294 = VECTOR('',#5295,1.);
#5295 = DIRECTION('',(1.,0.));
#5296 = ( GEOMETRIC_REPRESENTATION_CONTEXT(2) 
PARAMETRIC_REPRESENTATION_CONTEXT() REPRESENTATION_CONTEXT('2D SPACE',''
  ) );
#5297 = FACE_BOUND('',#5298,.T.);
#5298 = EDGE_LOOP('',(#5299));
#5299 = ORIENTED_EDGE('',*,*,#5300,.F.);
#5300 = EDGE_CURVE('',#5301,#5301,#5303,.T.);
#5301 = VERTEX_POINT('',#5302);
#5302 = CARTESIAN_POINT('',(22.75,-32.8,11.5));
#5303 = SURFACE_CURVE('',#5304,(#5309,#5316),.PCURVE_S1.);
#5304 = CIRCLE('',#5305,2.05);
#5305 = AXIS2_PLACEMENT_3D('',#5306,#5307,#5308);
#5306 = CARTESIAN_POINT('',(20.7,-32.8,11.5));
#5307 = DIRECTION('',(0.,0.,1.));
#5308 = DIRECTION('',(1.,0.,-0.));
#5309 = PCURVE('',#4192,#5310);
#5310 = DEFINITIONAL_REPRESENTATION('',(#5311),#5315);
#5311 = CIRCLE('',#5312,2.05);
#5312 = AXIS2_PLACEMENT_2D('',#5313,#5314);
#5313 = CARTESIAN_POINT('',(8.700000000196,-32.8));
#5314 = DIRECTION('',(1.,0.));
#5315 = ( GEOMETRIC_REPRESENTATION_CONTEXT(2) 
PARAMETRIC_REPRESENTATION_CONTEXT() REPRESENTATION_CONTEXT('2D SPACE',''
  ) );
#5316 = PCURVE('',#5317,#5322);
#5317 = CONICAL_SURFACE('',#5318,1.15,0.785398163397);
#5318 = AXIS2_PLACEMENT_3D('',#5319,#5320,#5321);
#5319 = CARTESIAN_POINT('',(20.7,-32.8,10.6));
#5320 = DIRECTION('',(0.,0.,1.));
#5321 = DIRECTION('',(1.,0.,-0.));
#5322 = DEFINITIONAL_REPRESENTATION('',(#5323),#5327);
#5323 = LINE('',#5324,#5325);
#5324 = CARTESIAN_POINT('',(0.,0.9));
#5325 = VECTOR('',#5326,1.);
#5326 = DIRECTION('',(1.,0.));
#5327 = ( GEOMETRIC_REPRESENTATION_CONTEXT(2) 
PARAMETRIC_REPRESENTATION_CONTEXT() REPRESENTATION_CONTEXT('2D SPACE',''
  ) );
#5328 = FACE_BOUND('',#5329,.T.);
#5329 = EDGE_LOOP('',(#5330));
#5330 = ORIENTED_EDGE('',*,*,#5331,.F.);
#5331 = EDGE_CURVE('',#5332,#5332,#5334,.T.);
#5332 = VERTEX_POINT('',#5333);
#5333 = CARTESIAN_POINT('',(5.35,32.8,11.5));
#5334 = SURFACE_CURVE('',#5335,(#5340,#5347),.PCURVE_S1.);
#5335 = CIRCLE('',#5336,2.05);
#5336 = AXIS2_PLACEMENT_3D('',#5337,#5338,#5339);
#5337 = CARTESIAN_POINT('',(3.3,32.8,11.5));
#5338 = DIRECTION('',(0.,0.,1.));
#5339 = DIRECTION('',(1.,0.,-0.));
#5340 = PCURVE('',#4192,#5341);
#5341 = DEFINITIONAL_REPRESENTATION('',(#5342),#5346);
#5342 = CIRCLE('',#5343,2.05);
#5343 = AXIS2_PLACEMENT_2D('',#5344,#5345);
#5344 = CARTESIAN_POINT('',(-8.699999999804,32.8));
#5345 = DIRECTION('',(1.,0.));
#5346 = ( GEOMETRIC_REPRESENTATION_CONTEXT(2) 
PARAMETRIC_REPRESENTATION_CONTEXT() REPRESENTATION_CONTEXT('2D SPACE',''
  ) );
#5347 = PCURVE('',#5348,#5353);
#5348 = CONICAL_SURFACE('',#5349,1.15,0.785398163397);
#5349 = AXIS2_PLACEMENT_3D('',#5350,#5351,#5352);
#5350 = CARTESIAN_POINT('',(3.3,32.8,10.6));
#5351 = DIRECTION('',(0.,0.,1.));
#5352 = DIRECTION('',(1.,0.,-0.));
#5353 = DEFINITIONAL_REPRESENTATION('',(#5354),#5358);
#5354 = LINE('',#5355,#5356);
#5355 = CARTESIAN_POINT('',(0.,0.9));
#5356 = VECTOR('',#5357,1.);
#5357 = DIRECTION('',(1.,0.));
#5358 = ( GEOMETRIC_REPRESENTATION_CONTEXT(2) 
PARAMETRIC_REPRESENTATION_CONTEXT() REPRESENTATION_CONTEXT('2D SPACE',''
  ) );
#5359 = FACE_BOUND('',#5360,.T.);
#5360 = EDGE_LOOP('',(#5361));
#5361 = ORIENTED_EDGE('',*,*,#5362,.F.);
#5362 = EDGE_CURVE('',#5363,#5363,#5365,.T.);
#5363 = VERTEX_POINT('',#5364);
#5364 = CARTESIAN_POINT('',(22.75,32.8,11.5));
#5365 = SURFACE_CURVE('',#5366,(#5371,#5378),.PCURVE_S1.);
#5366 = CIRCLE('',#5367,2.05);
#5367 = AXIS2_PLACEMENT_3D('',#5368,#5369,#5370);
#5368 = CARTESIAN_POINT('',(20.7,32.8,11.5));
#5369 = DIRECTION('',(0.,0.,1.));
#5370 = DIRECTION('',(1.,0.,-0.));
#5371 = PCURVE('',#4192,#5372);
#5372 = DEFINITIONAL_REPRESENTATION('',(#5373),#5377);
#5373 = CIRCLE('',#5374,2.05);
#5374 = AXIS2_PLACEMENT_2D('',#5375,#5376);
#5375 = CARTESIAN_POINT('',(8.700000000196,32.8));
#5376 = DIRECTION('',(1.,0.));
#5377 = ( GEOMETRIC_REPRESENTATION_CONTEXT(2) 
PARAMETRIC_REPRESENTATION_CONTEXT() REPRESENTATION_CONTEXT('2D SPACE',''
  ) );
#5378 = PCURVE('',#5379,#5384);
#5379 = CONICAL_SURFACE('',#5380,1.15,0.785398163397);
#5380 = AXIS2_PLACEMENT_3D('',#5381,#5382,#5383);
#5381 = CARTESIAN_POINT('',(20.7,32.8,10.6));
#5382 = DIRECTION('',(0.,0.,1.));
#5383 = DIRECTION('',(1.,0.,-0.));
#5384 = DEFINITIONAL_REPRESENTATION('',(#5385),#5389);
#5385 = LINE('',#5386,#5387);
#5386 = CARTESIAN_POINT('',(0.,0.9));
#5387 = VECTOR('',#5388,1.);
#5388 = DIRECTION('',(1.,0.));
#5389 = ( GEOMETRIC_REPRESENTATION_CONTEXT(2) 
PARAMETRIC_REPRESENTATION_CONTEXT() REPRESENTATION_CONTEXT('2D SPACE',''
  ) );
#5390 = ADVANCED_FACE('',(#5391),#4164,.T.);
#5391 = FACE_BOUND('',#5392,.T.);
#5392 = EDGE_LOOP('',(#5393,#5394,#5415,#5416));
#5393 = ORIENTED_EDGE('',*,*,#4555,.F.);
#5394 = ORIENTED_EDGE('',*,*,#5395,.T.);
#5395 = EDGE_CURVE('',#4556,#4863,#5396,.T.);
#5396 = SURFACE_CURVE('',#5397,(#5401,#5408),.PCURVE_S1.);
#5397 = LINE('',#5398,#5399);
#5398 = CARTESIAN_POINT('',(2.5,-36.,0.));
#5399 = VECTOR('',#5400,1.);
#5400 = DIRECTION('',(0.,0.,1.));
#5401 = PCURVE('',#4164,#5402);
#5402 = DEFINITIONAL_REPRESENTATION('',(#5403),#5407);
#5403 = LINE('',#5404,#5405);
#5404 = CARTESIAN_POINT('',(4.712388980385,0.));
#5405 = VECTOR('',#5406,1.);
#5406 = DIRECTION('',(0.,-1.));
#5407 = ( GEOMETRIC_REPRESENTATION_CONTEXT(2) 
PARAMETRIC_REPRESENTATION_CONTEXT() REPRESENTATION_CONTEXT('2D SPACE',''
  ) );
#5408 = PCURVE('',#4599,#5409);
#5409 = DEFINITIONAL_REPRESENTATION('',(#5410),#5414);
#5410 = LINE('',#5411,#5412);
#5411 = CARTESIAN_POINT('',(1.7763568394E-15,0.));
#5412 = VECTOR('',#5413,1.);
#5413 = DIRECTION('',(0.,-1.));
#5414 = ( GEOMETRIC_REPRESENTATION_CONTEXT(2) 
PARAMETRIC_REPRESENTATION_CONTEXT() REPRESENTATION_CONTEXT('2D SPACE',''
  ) );
#5415 = ORIENTED_EDGE('',*,*,#4862,.T.);
#5416 = ORIENTED_EDGE('',*,*,#4148,.F.);
#5417 = ADVANCED_FACE('',(#5418),#4249,.F.);
#5418 = FACE_BOUND('',#5419,.F.);
#5419 = EDGE_LOOP('',(#5420,#5443,#5444,#5467));
#5420 = ORIENTED_EDGE('',*,*,#5421,.F.);
#5421 = EDGE_CURVE('',#4235,#5422,#5424,.T.);
#5422 = VERTEX_POINT('',#5423);
#5423 = CARTESIAN_POINT('',(1.20000000001,7.,8.));
#5424 = SURFACE_CURVE('',#5425,(#5429,#5436),.PCURVE_S1.);
#5425 = LINE('',#5426,#5427);
#5426 = CARTESIAN_POINT('',(-0.1,7.,8.));
#5427 = VECTOR('',#5428,1.);
#5428 = DIRECTION('',(1.,0.,-0.));
#5429 = PCURVE('',#4249,#5430);
#5430 = DEFINITIONAL_REPRESENTATION('',(#5431),#5435);
#5431 = LINE('',#5432,#5433);
#5432 = CARTESIAN_POINT('',(0.,14.));
#5433 = VECTOR('',#5434,1.);
#5434 = DIRECTION('',(1.,0.));
#5435 = ( GEOMETRIC_REPRESENTATION_CONTEXT(2) 
PARAMETRIC_REPRESENTATION_CONTEXT() REPRESENTATION_CONTEXT('2D SPACE',''
  ) );
#5436 = PCURVE('',#4429,#5437);
#5437 = DEFINITIONAL_REPRESENTATION('',(#5438),#5442);
#5438 = LINE('',#5439,#5440);
#5439 = CARTESIAN_POINT('',(4.7,0.));
#5440 = VECTOR('',#5441,1.);
#5441 = DIRECTION('',(0.,1.));
#5442 = ( GEOMETRIC_REPRESENTATION_CONTEXT(2) 
PARAMETRIC_REPRESENTATION_CONTEXT() REPRESENTATION_CONTEXT('2D SPACE',''
  ) );
#5443 = ORIENTED_EDGE('',*,*,#4232,.F.);
#5444 = ORIENTED_EDGE('',*,*,#5445,.T.);
#5445 = EDGE_CURVE('',#4233,#5446,#5448,.T.);
#5446 = VERTEX_POINT('',#5447);
#5447 = CARTESIAN_POINT('',(1.20000000001,-7.,8.));
#5448 = SURFACE_CURVE('',#5449,(#5453,#5460),.PCURVE_S1.);
#5449 = LINE('',#5450,#5451);
#5450 = CARTESIAN_POINT('',(-0.1,-7.,8.));
#5451 = VECTOR('',#5452,1.);
#5452 = DIRECTION('',(1.,0.,-0.));
#5453 = PCURVE('',#4249,#5454);
#5454 = DEFINITIONAL_REPRESENTATION('',(#5455),#5459);
#5455 = LINE('',#5456,#5457);
#5456 = CARTESIAN_POINT('',(0.,0.));
#5457 = VECTOR('',#5458,1.);
#5458 = DIRECTION('',(1.,0.));
#5459 = ( GEOMETRIC_REPRESENTATION_CONTEXT(2) 
PARAMETRIC_REPRESENTATION_CONTEXT() REPRESENTATION_CONTEXT('2D SPACE',''
  ) );
#5460 = PCURVE('',#4275,#5461);
#5461 = DEFINITIONAL_REPRESENTATION('',(#5462),#5466);
#5462 = LINE('',#5463,#5464);
#5463 = CARTESIAN_POINT('',(4.7,0.));
#5464 = VECTOR('',#5465,1.);
#5465 = DIRECTION('',(0.,1.));
#5466 = ( GEOMETRIC_REPRESENTATION_CONTEXT(2) 
PARAMETRIC_REPRESENTATION_CONTEXT() REPRESENTATION_CONTEXT('2D SPACE',''
  ) );
#5467 = ORIENTED_EDGE('',*,*,#5468,.T.);
#5468 = EDGE_CURVE('',#5446,#5422,#5469,.T.);
#5469 = SURFACE_CURVE('',#5470,(#5474,#5480),.PCURVE_S1.);
#5470 = LINE('',#5471,#5472);
#5471 = CARTESIAN_POINT('',(1.20000000001,-18.75,8.));
#5472 = VECTOR('',#5473,1.);
#5473 = DIRECTION('',(0.,1.,-0.));
#5474 = PCURVE('',#4249,#5475);
#5475 = DEFINITIONAL_REPRESENTATION('',(#5476),#5479);
#5476 = B_SPLINE_CURVE_WITH_KNOTS('',1,(#5477,#5478),.UNSPECIFIED.,.F.,
  .F.,(2,2),(11.75,25.75),.PIECEWISE_BEZIER_KNOTS.);
#5477 = CARTESIAN_POINT('',(1.30000000001,0.));
#5478 = CARTESIAN_POINT('',(1.30000000001,14.));
#5479 = ( GEOMETRIC_REPRESENTATION_CONTEXT(2) 
PARAMETRIC_REPRESENTATION_CONTEXT() REPRESENTATION_CONTEXT('2D SPACE',''
  ) );
#5480 = PCURVE('',#5481,#5486);
#5481 = PLANE('',#5482);
#5482 = AXIS2_PLACEMENT_3D('',#5483,#5484,#5485);
#5483 = CARTESIAN_POINT('',(1.20000000001,-30.5,2.));
#5484 = DIRECTION('',(-1.,0.,0.));
#5485 = DIRECTION('',(0.,1.,0.));
#5486 = DEFINITIONAL_REPRESENTATION('',(#5487),#5490);
#5487 = B_SPLINE_CURVE_WITH_KNOTS('',1,(#5488,#5489),.UNSPECIFIED.,.F.,
  .F.,(2,2),(11.75,25.75),.PIECEWISE_BEZIER_KNOTS.);
#5488 = CARTESIAN_POINT('',(23.5,-6.));
#5489 = CARTESIAN_POINT('',(37.5,-6.));
#5490 = ( GEOMETRIC_REPRESENTATION_CONTEXT(2) 
PARAMETRIC_REPRESENTATION_CONTEXT() REPRESENTATION_CONTEXT('2D SPACE',''
  ) );
#5491 = ADVANCED_FACE('',(#5492),#4275,.T.);
#5492 = FACE_BOUND('',#5493,.T.);
#5493 = EDGE_LOOP('',(#5494,#5517,#5518,#5519));
#5494 = ORIENTED_EDGE('',*,*,#5495,.F.);
#5495 = EDGE_CURVE('',#4261,#5496,#5498,.T.);
#5496 = VERTEX_POINT('',#5497);
#5497 = CARTESIAN_POINT('',(1.20000000001,-7.,3.3));
#5498 = SURFACE_CURVE('',#5499,(#5503,#5510),.PCURVE_S1.);
#5499 = LINE('',#5500,#5501);
#5500 = CARTESIAN_POINT('',(-0.1,-7.,3.3));
#5501 = VECTOR('',#5502,1.);
#5502 = DIRECTION('',(1.,0.,-0.));
#5503 = PCURVE('',#4275,#5504);
#5504 = DEFINITIONAL_REPRESENTATION('',(#5505),#5509);
#5505 = LINE('',#5506,#5507);
#5506 = CARTESIAN_POINT('',(0.,0.));
#5507 = VECTOR('',#5508,1.);
#5508 = DIRECTION('',(0.,1.));
#5509 = ( GEOMETRIC_REPRESENTATION_CONTEXT(2) 
PARAMETRIC_REPRESENTATION_CONTEXT() REPRESENTATION_CONTEXT('2D SPACE',''
  ) );
#5510 = PCURVE('',#4301,#5511);
#5511 = DEFINITIONAL_REPRESENTATION('',(#5512),#5516);
#5512 = LINE('',#5513,#5514);
#5513 = CARTESIAN_POINT('',(0.,0.));
#5514 = VECTOR('',#5515,1.);
#5515 = DIRECTION('',(1.,0.));
#5516 = ( GEOMETRIC_REPRESENTATION_CONTEXT(2) 
PARAMETRIC_REPRESENTATION_CONTEXT() REPRESENTATION_CONTEXT('2D SPACE',''
  ) );
#5517 = ORIENTED_EDGE('',*,*,#4260,.F.);
#5518 = ORIENTED_EDGE('',*,*,#5445,.T.);
#5519 = ORIENTED_EDGE('',*,*,#5520,.T.);
#5520 = EDGE_CURVE('',#5446,#5496,#5521,.T.);
#5521 = SURFACE_CURVE('',#5522,(#5526,#5532),.PCURVE_S1.);
#5522 = LINE('',#5523,#5524);
#5523 = CARTESIAN_POINT('',(1.20000000001,-7.,2.65));
#5524 = VECTOR('',#5525,1.);
#5525 = DIRECTION('',(0.,0.,-1.));
#5526 = PCURVE('',#4275,#5527);
#5527 = DEFINITIONAL_REPRESENTATION('',(#5528),#5531);
#5528 = B_SPLINE_CURVE_WITH_KNOTS('',1,(#5529,#5530),.UNSPECIFIED.,.F.,
  .F.,(2,2),(-5.35,-0.65),.PIECEWISE_BEZIER_KNOTS.);
#5529 = CARTESIAN_POINT('',(4.7,1.30000000001));
#5530 = CARTESIAN_POINT('',(0.,1.30000000001));
#5531 = ( GEOMETRIC_REPRESENTATION_CONTEXT(2) 
PARAMETRIC_REPRESENTATION_CONTEXT() REPRESENTATION_CONTEXT('2D SPACE',''
  ) );
#5532 = PCURVE('',#5481,#5533);
#5533 = DEFINITIONAL_REPRESENTATION('',(#5534),#5537);
#5534 = B_SPLINE_CURVE_WITH_KNOTS('',1,(#5535,#5536),.UNSPECIFIED.,.F.,
  .F.,(2,2),(-5.35,-0.65),.PIECEWISE_BEZIER_KNOTS.);
#5535 = CARTESIAN_POINT('',(23.5,-6.));
#5536 = CARTESIAN_POINT('',(23.5,-1.3));
#5537 = ( GEOMETRIC_REPRESENTATION_CONTEXT(2) 
PARAMETRIC_REPRESENTATION_CONTEXT() REPRESENTATION_CONTEXT('2D SPACE',''
  ) );
#5538 = ADVANCED_FACE('',(#5539),#4429,.F.);
#5539 = FACE_BOUND('',#5540,.F.);
#5540 = EDGE_LOOP('',(#5541,#5564,#5565,#5566));
#5541 = ORIENTED_EDGE('',*,*,#5542,.F.);
#5542 = EDGE_CURVE('',#4391,#5543,#5545,.T.);
#5543 = VERTEX_POINT('',#5544);
#5544 = CARTESIAN_POINT('',(1.20000000001,7.,3.3));
#5545 = SURFACE_CURVE('',#5546,(#5550,#5557),.PCURVE_S1.);
#5546 = LINE('',#5547,#5548);
#5547 = CARTESIAN_POINT('',(-0.1,7.,3.3));
#5548 = VECTOR('',#5549,1.);
#5549 = DIRECTION('',(1.,0.,-0.));
#5550 = PCURVE('',#4429,#5551);
#5551 = DEFINITIONAL_REPRESENTATION('',(#5552),#5556);
#5552 = LINE('',#5553,#5554);
#5553 = CARTESIAN_POINT('',(0.,0.));
#5554 = VECTOR('',#5555,1.);
#5555 = DIRECTION('',(0.,1.));
#5556 = ( GEOMETRIC_REPRESENTATION_CONTEXT(2) 
PARAMETRIC_REPRESENTATION_CONTEXT() REPRESENTATION_CONTEXT('2D SPACE',''
  ) );
#5557 = PCURVE('',#4405,#5558);
#5558 = DEFINITIONAL_REPRESENTATION('',(#5559),#5563);
#5559 = LINE('',#5560,#5561);
#5560 = CARTESIAN_POINT('',(0.,14.));
#5561 = VECTOR('',#5562,1.);
#5562 = DIRECTION('',(1.,0.));
#5563 = ( GEOMETRIC_REPRESENTATION_CONTEXT(2) 
PARAMETRIC_REPRESENTATION_CONTEXT() REPRESENTATION_CONTEXT('2D SPACE',''
  ) );
#5564 = ORIENTED_EDGE('',*,*,#4416,.F.);
#5565 = ORIENTED_EDGE('',*,*,#5421,.T.);
#5566 = ORIENTED_EDGE('',*,*,#5567,.T.);
#5567 = EDGE_CURVE('',#5422,#5543,#5568,.T.);
#5568 = SURFACE_CURVE('',#5569,(#5573,#5579),.PCURVE_S1.);
#5569 = LINE('',#5570,#5571);
#5570 = CARTESIAN_POINT('',(1.20000000001,7.,2.65));
#5571 = VECTOR('',#5572,1.);
#5572 = DIRECTION('',(0.,0.,-1.));
#5573 = PCURVE('',#4429,#5574);
#5574 = DEFINITIONAL_REPRESENTATION('',(#5575),#5578);
#5575 = B_SPLINE_CURVE_WITH_KNOTS('',1,(#5576,#5577),.UNSPECIFIED.,.F.,
  .F.,(2,2),(-5.35,-0.65),.PIECEWISE_BEZIER_KNOTS.);
#5576 = CARTESIAN_POINT('',(4.7,1.30000000001));
#5577 = CARTESIAN_POINT('',(0.,1.30000000001));
#5578 = ( GEOMETRIC_REPRESENTATION_CONTEXT(2) 
PARAMETRIC_REPRESENTATION_CONTEXT() REPRESENTATION_CONTEXT('2D SPACE',''
  ) );
#5579 = PCURVE('',#5481,#5580);
#5580 = DEFINITIONAL_REPRESENTATION('',(#5581),#5584);
#5581 = B_SPLINE_CURVE_WITH_KNOTS('',1,(#5582,#5583),.UNSPECIFIED.,.F.,
  .F.,(2,2),(-5.35,-0.65),.PIECEWISE_BEZIER_KNOTS.);
#5582 = CARTESIAN_POINT('',(37.5,-6.));
#5583 = CARTESIAN_POINT('',(37.5,-1.3));
#5584 = ( GEOMETRIC_REPRESENTATION_CONTEXT(2) 
PARAMETRIC_REPRESENTATION_CONTEXT() REPRESENTATION_CONTEXT('2D SPACE',''
  ) );
#5585 = ADVANCED_FACE('',(#5586),#4301,.T.);
#5586 = FACE_BOUND('',#5587,.T.);
#5587 = EDGE_LOOP('',(#5588,#5609,#5610,#5611));
#5588 = ORIENTED_EDGE('',*,*,#5589,.T.);
#5589 = EDGE_CURVE('',#5590,#4287,#5592,.T.);
#5590 = VERTEX_POINT('',#5591);
#5591 = CARTESIAN_POINT('',(1.20000000001,-1.55,3.3));
#5592 = SURFACE_CURVE('',#5593,(#5597,#5603),.PCURVE_S1.);
#5593 = LINE('',#5594,#5595);
#5594 = CARTESIAN_POINT('',(-0.1,-1.55,3.3));
#5595 = VECTOR('',#5596,1.);
#5596 = DIRECTION('',(-1.,-0.,0.));
#5597 = PCURVE('',#4301,#5598);
#5598 = DEFINITIONAL_REPRESENTATION('',(#5599),#5602);
#5599 = B_SPLINE_CURVE_WITH_KNOTS('',1,(#5600,#5601),.UNSPECIFIED.,.F.,
  .F.,(2,2),(-1.30000000001,-0.1),.PIECEWISE_BEZIER_KNOTS.);
#5600 = CARTESIAN_POINT('',(1.30000000001,5.45));
#5601 = CARTESIAN_POINT('',(0.1,5.45));
#5602 = ( GEOMETRIC_REPRESENTATION_CONTEXT(2) 
PARAMETRIC_REPRESENTATION_CONTEXT() REPRESENTATION_CONTEXT('2D SPACE',''
  ) );
#5603 = PCURVE('',#4327,#5604);
#5604 = DEFINITIONAL_REPRESENTATION('',(#5605),#5608);
#5605 = B_SPLINE_CURVE_WITH_KNOTS('',1,(#5606,#5607),.UNSPECIFIED.,.F.,
  .F.,(2,2),(-1.30000000001,-0.1),.PIECEWISE_BEZIER_KNOTS.);
#5606 = CARTESIAN_POINT('',(0.5,1.30000000001));
#5607 = CARTESIAN_POINT('',(0.5,0.1));
#5608 = ( GEOMETRIC_REPRESENTATION_CONTEXT(2) 
PARAMETRIC_REPRESENTATION_CONTEXT() REPRESENTATION_CONTEXT('2D SPACE',''
  ) );
#5609 = ORIENTED_EDGE('',*,*,#4286,.F.);
#5610 = ORIENTED_EDGE('',*,*,#5495,.T.);
#5611 = ORIENTED_EDGE('',*,*,#5612,.T.);
#5612 = EDGE_CURVE('',#5496,#5590,#5613,.T.);
#5613 = SURFACE_CURVE('',#5614,(#5618,#5624),.PCURVE_S1.);
#5614 = LINE('',#5615,#5616);
#5615 = CARTESIAN_POINT('',(1.20000000001,-18.75,3.3));
#5616 = VECTOR('',#5617,1.);
#5617 = DIRECTION('',(0.,1.,-0.));
#5618 = PCURVE('',#4301,#5619);
#5619 = DEFINITIONAL_REPRESENTATION('',(#5620),#5623);
#5620 = B_SPLINE_CURVE_WITH_KNOTS('',1,(#5621,#5622),.UNSPECIFIED.,.F.,
  .F.,(2,2),(11.75,25.75),.PIECEWISE_BEZIER_KNOTS.);
#5621 = CARTESIAN_POINT('',(1.30000000001,0.));
#5622 = CARTESIAN_POINT('',(1.30000000001,14.));
#5623 = ( GEOMETRIC_REPRESENTATION_CONTEXT(2) 
PARAMETRIC_REPRESENTATION_CONTEXT() REPRESENTATION_CONTEXT('2D SPACE',''
  ) );
#5624 = PCURVE('',#5481,#5625);
#5625 = DEFINITIONAL_REPRESENTATION('',(#5626),#5629);
#5626 = B_SPLINE_CURVE_WITH_KNOTS('',1,(#5627,#5628),.UNSPECIFIED.,.F.,
  .F.,(2,2),(11.75,25.75),.PIECEWISE_BEZIER_KNOTS.);
#5627 = CARTESIAN_POINT('',(23.5,-1.3));
#5628 = CARTESIAN_POINT('',(37.5,-1.3));
#5629 = ( GEOMETRIC_REPRESENTATION_CONTEXT(2) 
PARAMETRIC_REPRESENTATION_CONTEXT() REPRESENTATION_CONTEXT('2D SPACE',''
  ) );
#5630 = ADVANCED_FACE('',(#5631),#4405,.T.);
#5631 = FACE_BOUND('',#5632,.T.);
#5632 = EDGE_LOOP('',(#5633,#5634,#5635,#5656));
#5633 = ORIENTED_EDGE('',*,*,#5542,.F.);
#5634 = ORIENTED_EDGE('',*,*,#4390,.F.);
#5635 = ORIENTED_EDGE('',*,*,#5636,.F.);
#5636 = EDGE_CURVE('',#5637,#4365,#5639,.T.);
#5637 = VERTEX_POINT('',#5638);
#5638 = CARTESIAN_POINT('',(1.20000000001,2.05,3.3));
#5639 = SURFACE_CURVE('',#5640,(#5644,#5650),.PCURVE_S1.);
#5640 = LINE('',#5641,#5642);
#5641 = CARTESIAN_POINT('',(-0.1,2.05,3.3));
#5642 = VECTOR('',#5643,1.);
#5643 = DIRECTION('',(-1.,-0.,0.));
#5644 = PCURVE('',#4405,#5645);
#5645 = DEFINITIONAL_REPRESENTATION('',(#5646),#5649);
#5646 = B_SPLINE_CURVE_WITH_KNOTS('',1,(#5647,#5648),.UNSPECIFIED.,.F.,
  .F.,(2,2),(-1.30000000001,-0.1),.PIECEWISE_BEZIER_KNOTS.);
#5647 = CARTESIAN_POINT('',(1.30000000001,9.05));
#5648 = CARTESIAN_POINT('',(0.1,9.05));
#5649 = ( GEOMETRIC_REPRESENTATION_CONTEXT(2) 
PARAMETRIC_REPRESENTATION_CONTEXT() REPRESENTATION_CONTEXT('2D SPACE',''
  ) );
#5650 = PCURVE('',#4379,#5651);
#5651 = DEFINITIONAL_REPRESENTATION('',(#5652),#5655);
#5652 = B_SPLINE_CURVE_WITH_KNOTS('',1,(#5653,#5654),.UNSPECIFIED.,.F.,
  .F.,(2,2),(-1.30000000001,-0.1),.PIECEWISE_BEZIER_KNOTS.);
#5653 = CARTESIAN_POINT('',(0.5,1.30000000001));
#5654 = CARTESIAN_POINT('',(0.5,0.1));
#5655 = ( GEOMETRIC_REPRESENTATION_CONTEXT(2) 
PARAMETRIC_REPRESENTATION_CONTEXT() REPRESENTATION_CONTEXT('2D SPACE',''
  ) );
#5656 = ORIENTED_EDGE('',*,*,#5657,.T.);
#5657 = EDGE_CURVE('',#5637,#5543,#5658,.T.);
#5658 = SURFACE_CURVE('',#5659,(#5663,#5669),.PCURVE_S1.);
#5659 = LINE('',#5660,#5661);
#5660 = CARTESIAN_POINT('',(1.20000000001,-18.75,3.3));
#5661 = VECTOR('',#5662,1.);
#5662 = DIRECTION('',(0.,1.,-0.));
#5663 = PCURVE('',#4405,#5664);
#5664 = DEFINITIONAL_REPRESENTATION('',(#5665),#5668);
#5665 = B_SPLINE_CURVE_WITH_KNOTS('',1,(#5666,#5667),.UNSPECIFIED.,.F.,
  .F.,(2,2),(11.75,25.75),.PIECEWISE_BEZIER_KNOTS.);
#5666 = CARTESIAN_POINT('',(1.30000000001,0.));
#5667 = CARTESIAN_POINT('',(1.30000000001,14.));
#5668 = ( GEOMETRIC_REPRESENTATION_CONTEXT(2) 
PARAMETRIC_REPRESENTATION_CONTEXT() REPRESENTATION_CONTEXT('2D SPACE',''
  ) );
#5669 = PCURVE('',#5481,#5670);
#5670 = DEFINITIONAL_REPRESENTATION('',(#5671),#5674);
#5671 = B_SPLINE_CURVE_WITH_KNOTS('',1,(#5672,#5673),.UNSPECIFIED.,.F.,
  .F.,(2,2),(11.75,25.75),.PIECEWISE_BEZIER_KNOTS.);
#5672 = CARTESIAN_POINT('',(23.5,-1.3));
#5673 = CARTESIAN_POINT('',(37.5,-1.3));
#5674 = ( GEOMETRIC_REPRESENTATION_CONTEXT(2) 
PARAMETRIC_REPRESENTATION_CONTEXT() REPRESENTATION_CONTEXT('2D SPACE',''
  ) );
#5675 = ADVANCED_FACE('',(#5676),#4327,.T.);
#5676 = FACE_BOUND('',#5677,.T.);
#5677 = EDGE_LOOP('',(#5678,#5701,#5702,#5703));
#5678 = ORIENTED_EDGE('',*,*,#5679,.F.);
#5679 = EDGE_CURVE('',#4313,#5680,#5682,.T.);
#5680 = VERTEX_POINT('',#5681);
#5681 = CARTESIAN_POINT('',(1.20000000001,-1.55,2.8));
#5682 = SURFACE_CURVE('',#5683,(#5687,#5694),.PCURVE_S1.);
#5683 = LINE('',#5684,#5685);
#5684 = CARTESIAN_POINT('',(-0.1,-1.55,2.8));
#5685 = VECTOR('',#5686,1.);
#5686 = DIRECTION('',(1.,0.,-0.));
#5687 = PCURVE('',#4327,#5688);
#5688 = DEFINITIONAL_REPRESENTATION('',(#5689),#5693);
#5689 = LINE('',#5690,#5691);
#5690 = CARTESIAN_POINT('',(0.,0.));
#5691 = VECTOR('',#5692,1.);
#5692 = DIRECTION('',(0.,1.));
#5693 = ( GEOMETRIC_REPRESENTATION_CONTEXT(2) 
PARAMETRIC_REPRESENTATION_CONTEXT() REPRESENTATION_CONTEXT('2D SPACE',''
  ) );
#5694 = PCURVE('',#4353,#5695);
#5695 = DEFINITIONAL_REPRESENTATION('',(#5696),#5700);
#5696 = LINE('',#5697,#5698);
#5697 = CARTESIAN_POINT('',(0.,0.));
#5698 = VECTOR('',#5699,1.);
#5699 = DIRECTION('',(1.,0.));
#5700 = ( GEOMETRIC_REPRESENTATION_CONTEXT(2) 
PARAMETRIC_REPRESENTATION_CONTEXT() REPRESENTATION_CONTEXT('2D SPACE',''
  ) );
#5701 = ORIENTED_EDGE('',*,*,#4312,.F.);
#5702 = ORIENTED_EDGE('',*,*,#5589,.F.);
#5703 = ORIENTED_EDGE('',*,*,#5704,.T.);
#5704 = EDGE_CURVE('',#5590,#5680,#5705,.T.);
#5705 = SURFACE_CURVE('',#5706,(#5710,#5716),.PCURVE_S1.);
#5706 = LINE('',#5707,#5708);
#5707 = CARTESIAN_POINT('',(1.20000000001,-1.55,2.4));
#5708 = VECTOR('',#5709,1.);
#5709 = DIRECTION('',(0.,0.,-1.));
#5710 = PCURVE('',#4327,#5711);
#5711 = DEFINITIONAL_REPRESENTATION('',(#5712),#5715);
#5712 = B_SPLINE_CURVE_WITH_KNOTS('',1,(#5713,#5714),.UNSPECIFIED.,.F.,
  .F.,(2,2),(-3.6,-0.4),.PIECEWISE_BEZIER_KNOTS.);
#5713 = CARTESIAN_POINT('',(3.2,1.30000000001));
#5714 = CARTESIAN_POINT('',(0.,1.30000000001));
#5715 = ( GEOMETRIC_REPRESENTATION_CONTEXT(2) 
PARAMETRIC_REPRESENTATION_CONTEXT() REPRESENTATION_CONTEXT('2D SPACE',''
  ) );
#5716 = PCURVE('',#5481,#5717);
#5717 = DEFINITIONAL_REPRESENTATION('',(#5718),#5721);
#5718 = B_SPLINE_CURVE_WITH_KNOTS('',1,(#5719,#5720),.UNSPECIFIED.,.F.,
  .F.,(2,2),(-3.6,-0.4),.PIECEWISE_BEZIER_KNOTS.);
#5719 = CARTESIAN_POINT('',(28.95,-4.));
#5720 = CARTESIAN_POINT('',(28.95,-0.8));
#5721 = ( GEOMETRIC_REPRESENTATION_CONTEXT(2) 
PARAMETRIC_REPRESENTATION_CONTEXT() REPRESENTATION_CONTEXT('2D SPACE',''
  ) );
#5722 = ADVANCED_FACE('',(#5723),#4379,.F.);
#5723 = FACE_BOUND('',#5724,.F.);
#5724 = EDGE_LOOP('',(#5725,#5748,#5749,#5750));
#5725 = ORIENTED_EDGE('',*,*,#5726,.F.);
#5726 = EDGE_CURVE('',#4339,#5727,#5729,.T.);
#5727 = VERTEX_POINT('',#5728);
#5728 = CARTESIAN_POINT('',(1.20000000001,2.05,2.8));
#5729 = SURFACE_CURVE('',#5730,(#5734,#5741),.PCURVE_S1.);
#5730 = LINE('',#5731,#5732);
#5731 = CARTESIAN_POINT('',(-0.1,2.05,2.8));
#5732 = VECTOR('',#5733,1.);
#5733 = DIRECTION('',(1.,0.,-0.));
#5734 = PCURVE('',#4379,#5735);
#5735 = DEFINITIONAL_REPRESENTATION('',(#5736),#5740);
#5736 = LINE('',#5737,#5738);
#5737 = CARTESIAN_POINT('',(0.,0.));
#5738 = VECTOR('',#5739,1.);
#5739 = DIRECTION('',(0.,1.));
#5740 = ( GEOMETRIC_REPRESENTATION_CONTEXT(2) 
PARAMETRIC_REPRESENTATION_CONTEXT() REPRESENTATION_CONTEXT('2D SPACE',''
  ) );
#5741 = PCURVE('',#4353,#5742);
#5742 = DEFINITIONAL_REPRESENTATION('',(#5743),#5747);
#5743 = LINE('',#5744,#5745);
#5744 = CARTESIAN_POINT('',(0.,3.6));
#5745 = VECTOR('',#5746,1.);
#5746 = DIRECTION('',(1.,0.));
#5747 = ( GEOMETRIC_REPRESENTATION_CONTEXT(2) 
PARAMETRIC_REPRESENTATION_CONTEXT() REPRESENTATION_CONTEXT('2D SPACE',''
  ) );
#5748 = ORIENTED_EDGE('',*,*,#4364,.F.);
#5749 = ORIENTED_EDGE('',*,*,#5636,.F.);
#5750 = ORIENTED_EDGE('',*,*,#5751,.T.);
#5751 = EDGE_CURVE('',#5637,#5727,#5752,.T.);
#5752 = SURFACE_CURVE('',#5753,(#5757,#5763),.PCURVE_S1.);
#5753 = LINE('',#5754,#5755);
#5754 = CARTESIAN_POINT('',(1.20000000001,2.05,2.4));
#5755 = VECTOR('',#5756,1.);
#5756 = DIRECTION('',(0.,0.,-1.));
#5757 = PCURVE('',#4379,#5758);
#5758 = DEFINITIONAL_REPRESENTATION('',(#5759),#5762);
#5759 = B_SPLINE_CURVE_WITH_KNOTS('',1,(#5760,#5761),.UNSPECIFIED.,.F.,
  .F.,(2,2),(-3.6,-0.4),.PIECEWISE_BEZIER_KNOTS.);
#5760 = CARTESIAN_POINT('',(3.2,1.30000000001));
#5761 = CARTESIAN_POINT('',(0.,1.30000000001));
#5762 = ( GEOMETRIC_REPRESENTATION_CONTEXT(2) 
PARAMETRIC_REPRESENTATION_CONTEXT() REPRESENTATION_CONTEXT('2D SPACE',''
  ) );
#5763 = PCURVE('',#5481,#5764);
#5764 = DEFINITIONAL_REPRESENTATION('',(#5765),#5768);
#5765 = B_SPLINE_CURVE_WITH_KNOTS('',1,(#5766,#5767),.UNSPECIFIED.,.F.,
  .F.,(2,2),(-3.6,-0.4),.PIECEWISE_BEZIER_KNOTS.);
#5766 = CARTESIAN_POINT('',(32.55,-4.));
#5767 = CARTESIAN_POINT('',(32.55,-0.8));
#5768 = ( GEOMETRIC_REPRESENTATION_CONTEXT(2) 
PARAMETRIC_REPRESENTATION_CONTEXT() REPRESENTATION_CONTEXT('2D SPACE',''
  ) );
#5769 = ADVANCED_FACE('',(#5770),#4353,.T.);
#5770 = FACE_BOUND('',#5771,.T.);
#5771 = EDGE_LOOP('',(#5772,#5773,#5774,#5775));
#5772 = ORIENTED_EDGE('',*,*,#5726,.F.);
#5773 = ORIENTED_EDGE('',*,*,#4338,.F.);
#5774 = ORIENTED_EDGE('',*,*,#5679,.T.);
#5775 = ORIENTED_EDGE('',*,*,#5776,.T.);
#5776 = EDGE_CURVE('',#5680,#5727,#5777,.T.);
#5777 = SURFACE_CURVE('',#5778,(#5782,#5788),.PCURVE_S1.);
#5778 = LINE('',#5779,#5780);
#5779 = CARTESIAN_POINT('',(1.20000000001,-16.025,2.8));
#5780 = VECTOR('',#5781,1.);
#5781 = DIRECTION('',(0.,1.,-0.));
#5782 = PCURVE('',#4353,#5783);
#5783 = DEFINITIONAL_REPRESENTATION('',(#5784),#5787);
#5784 = B_SPLINE_CURVE_WITH_KNOTS('',1,(#5785,#5786),.UNSPECIFIED.,.F.,
  .F.,(2,2),(14.475,18.075),.PIECEWISE_BEZIER_KNOTS.);
#5785 = CARTESIAN_POINT('',(1.30000000001,0.));
#5786 = CARTESIAN_POINT('',(1.30000000001,3.6));
#5787 = ( GEOMETRIC_REPRESENTATION_CONTEXT(2) 
PARAMETRIC_REPRESENTATION_CONTEXT() REPRESENTATION_CONTEXT('2D SPACE',''
  ) );
#5788 = PCURVE('',#5481,#5789);
#5789 = DEFINITIONAL_REPRESENTATION('',(#5790),#5793);
#5790 = B_SPLINE_CURVE_WITH_KNOTS('',1,(#5791,#5792),.UNSPECIFIED.,.F.,
  .F.,(2,2),(14.475,18.075),.PIECEWISE_BEZIER_KNOTS.);
#5791 = CARTESIAN_POINT('',(28.95,-0.8));
#5792 = CARTESIAN_POINT('',(32.55,-0.8));
#5793 = ( GEOMETRIC_REPRESENTATION_CONTEXT(2) 
PARAMETRIC_REPRESENTATION_CONTEXT() REPRESENTATION_CONTEXT('2D SPACE',''
  ) );
#5794 = ADVANCED_FACE('',(#5795),#4461,.F.);
#5795 = FACE_BOUND('',#5796,.F.);
#5796 = EDGE_LOOP('',(#5797,#5798,#5821,#5849,#5875,#5901,#5927,#5955));
#5797 = ORIENTED_EDGE('',*,*,#4443,.F.);
#5798 = ORIENTED_EDGE('',*,*,#5799,.T.);
#5799 = EDGE_CURVE('',#4444,#5800,#5802,.T.);
#5800 = VERTEX_POINT('',#5801);
#5801 = CARTESIAN_POINT('',(1.2,35.,7.7));
#5802 = SURFACE_CURVE('',#5803,(#5807,#5814),.PCURVE_S1.);
#5803 = LINE('',#5804,#5805);
#5804 = CARTESIAN_POINT('',(1.2,35.,1.));
#5805 = VECTOR('',#5806,1.);
#5806 = DIRECTION('',(0.,0.,1.));
#5807 = PCURVE('',#4461,#5808);
#5808 = DEFINITIONAL_REPRESENTATION('',(#5809),#5813);
#5809 = LINE('',#5810,#5811);
#5810 = CARTESIAN_POINT('',(0.,0.));
#5811 = VECTOR('',#5812,1.);
#5812 = DIRECTION('',(1.,0.));
#5813 = ( GEOMETRIC_REPRESENTATION_CONTEXT(2) 
PARAMETRIC_REPRESENTATION_CONTEXT() REPRESENTATION_CONTEXT('2D SPACE',''
  ) );
#5814 = PCURVE('',#4792,#5815);
#5815 = DEFINITIONAL_REPRESENTATION('',(#5816),#5820);
#5816 = LINE('',#5817,#5818);
#5817 = CARTESIAN_POINT('',(0.,-4.4));
#5818 = VECTOR('',#5819,1.);
#5819 = DIRECTION('',(1.,0.));
#5820 = ( GEOMETRIC_REPRESENTATION_CONTEXT(2) 
PARAMETRIC_REPRESENTATION_CONTEXT() REPRESENTATION_CONTEXT('2D SPACE',''
  ) );
#5821 = ORIENTED_EDGE('',*,*,#5822,.T.);
#5822 = EDGE_CURVE('',#5800,#5823,#5825,.T.);
#5823 = VERTEX_POINT('',#5824);
#5824 = CARTESIAN_POINT('',(7.2,35.,7.7));
#5825 = SURFACE_CURVE('',#5826,(#5830,#5837),.PCURVE_S1.);
#5826 = LINE('',#5827,#5828);
#5827 = CARTESIAN_POINT('',(1.2,35.,7.7));
#5828 = VECTOR('',#5829,1.);
#5829 = DIRECTION('',(1.,0.,-0.));
#5830 = PCURVE('',#4461,#5831);
#5831 = DEFINITIONAL_REPRESENTATION('',(#5832),#5836);
#5832 = LINE('',#5833,#5834);
#5833 = CARTESIAN_POINT('',(6.7,0.));
#5834 = VECTOR('',#5835,1.);
#5835 = DIRECTION('',(0.,1.));
#5836 = ( GEOMETRIC_REPRESENTATION_CONTEXT(2) 
PARAMETRIC_REPRESENTATION_CONTEXT() REPRESENTATION_CONTEXT('2D SPACE',''
  ) );
#5837 = PCURVE('',#5838,#5843);
#5838 = PLANE('',#5839);
#5839 = AXIS2_PLACEMENT_3D('',#5840,#5841,#5842);
#5840 = CARTESIAN_POINT('',(1.2,30.6,7.7));
#5841 = DIRECTION('',(0.,0.,1.));
#5842 = DIRECTION('',(1.,0.,-0.));
#5843 = DEFINITIONAL_REPRESENTATION('',(#5844),#5848);
#5844 = LINE('',#5845,#5846);
#5845 = CARTESIAN_POINT('',(0.,4.4));
#5846 = VECTOR('',#5847,1.);
#5847 = DIRECTION('',(1.,0.));
#5848 = ( GEOMETRIC_REPRESENTATION_CONTEXT(2) 
PARAMETRIC_REPRESENTATION_CONTEXT() REPRESENTATION_CONTEXT('2D SPACE',''
  ) );
#5849 = ORIENTED_EDGE('',*,*,#5850,.F.);
#5850 = EDGE_CURVE('',#5851,#5823,#5853,.T.);
#5851 = VERTEX_POINT('',#5852);
#5852 = CARTESIAN_POINT('',(7.2,35.,2.6));
#5853 = SURFACE_CURVE('',#5854,(#5858,#5864),.PCURVE_S1.);
#5854 = LINE('',#5855,#5856);
#5855 = CARTESIAN_POINT('',(7.2,35.,1.8));
#5856 = VECTOR('',#5857,1.);
#5857 = DIRECTION('',(0.,0.,1.));
#5858 = PCURVE('',#4461,#5859);
#5859 = DEFINITIONAL_REPRESENTATION('',(#5860),#5863);
#5860 = B_SPLINE_CURVE_WITH_KNOTS('',1,(#5861,#5862),.UNSPECIFIED.,.F.,
  .F.,(2,2),(0.8,5.9),.PIECEWISE_BEZIER_KNOTS.);
#5861 = CARTESIAN_POINT('',(1.6,6.));
#5862 = CARTESIAN_POINT('',(6.7,6.));
#5863 = ( GEOMETRIC_REPRESENTATION_CONTEXT(2) 
PARAMETRIC_REPRESENTATION_CONTEXT() REPRESENTATION_CONTEXT('2D SPACE',''
  ) );
#5864 = PCURVE('',#5865,#5870);
#5865 = PLANE('',#5866);
#5866 = AXIS2_PLACEMENT_3D('',#5867,#5868,#5869);
#5867 = CARTESIAN_POINT('',(7.2,30.79,2.6));
#5868 = DIRECTION('',(1.,0.,-0.));
#5869 = DIRECTION('',(0.,0.,1.));
#5870 = DEFINITIONAL_REPRESENTATION('',(#5871),#5874);
#5871 = B_SPLINE_CURVE_WITH_KNOTS('',1,(#5872,#5873),.UNSPECIFIED.,.F.,
  .F.,(2,2),(0.8,5.9),.PIECEWISE_BEZIER_KNOTS.);
#5872 = CARTESIAN_POINT('',(0.,-4.21));
#5873 = CARTESIAN_POINT('',(5.1,-4.21));
#5874 = ( GEOMETRIC_REPRESENTATION_CONTEXT(2) 
PARAMETRIC_REPRESENTATION_CONTEXT() REPRESENTATION_CONTEXT('2D SPACE',''
  ) );
#5875 = ORIENTED_EDGE('',*,*,#5876,.F.);
#5876 = EDGE_CURVE('',#5877,#5851,#5879,.T.);
#5877 = VERTEX_POINT('',#5878);
#5878 = CARTESIAN_POINT('',(16.8,35.,2.6));
#5879 = SURFACE_CURVE('',#5880,(#5884,#5890),.PCURVE_S1.);
#5880 = LINE('',#5881,#5882);
#5881 = CARTESIAN_POINT('',(4.2,35.,2.6));
#5882 = VECTOR('',#5883,1.);
#5883 = DIRECTION('',(-1.,-0.,0.));
#5884 = PCURVE('',#4461,#5885);
#5885 = DEFINITIONAL_REPRESENTATION('',(#5886),#5889);
#5886 = B_SPLINE_CURVE_WITH_KNOTS('',1,(#5887,#5888),.UNSPECIFIED.,.F.,
  .F.,(2,2),(-12.6,-3.),.PIECEWISE_BEZIER_KNOTS.);
#5887 = CARTESIAN_POINT('',(1.6,15.6));
#5888 = CARTESIAN_POINT('',(1.6,6.));
#5889 = ( GEOMETRIC_REPRESENTATION_CONTEXT(2) 
PARAMETRIC_REPRESENTATION_CONTEXT() REPRESENTATION_CONTEXT('2D SPACE',''
  ) );
#5890 = PCURVE('',#5891,#5896);
#5891 = PLANE('',#5892);
#5892 = AXIS2_PLACEMENT_3D('',#5893,#5894,#5895);
#5893 = CARTESIAN_POINT('',(7.2,30.79,2.6));
#5894 = DIRECTION('',(0.,0.,1.));
#5895 = DIRECTION('',(1.,0.,-0.));
#5896 = DEFINITIONAL_REPRESENTATION('',(#5897),#5900);
#5897 = B_SPLINE_CURVE_WITH_KNOTS('',1,(#5898,#5899),.UNSPECIFIED.,.F.,
  .F.,(2,2),(-12.6,-3.),.PIECEWISE_BEZIER_KNOTS.);
#5898 = CARTESIAN_POINT('',(9.6,4.21));
#5899 = CARTESIAN_POINT('',(0.,4.21));
#5900 = ( GEOMETRIC_REPRESENTATION_CONTEXT(2) 
PARAMETRIC_REPRESENTATION_CONTEXT() REPRESENTATION_CONTEXT('2D SPACE',''
  ) );
#5901 = ORIENTED_EDGE('',*,*,#5902,.T.);
#5902 = EDGE_CURVE('',#5877,#5903,#5905,.T.);
#5903 = VERTEX_POINT('',#5904);
#5904 = CARTESIAN_POINT('',(16.8,35.,7.7));
#5905 = SURFACE_CURVE('',#5906,(#5910,#5916),.PCURVE_S1.);
#5906 = LINE('',#5907,#5908);
#5907 = CARTESIAN_POINT('',(16.8,35.,1.8));
#5908 = VECTOR('',#5909,1.);
#5909 = DIRECTION('',(0.,0.,1.));
#5910 = PCURVE('',#4461,#5911);
#5911 = DEFINITIONAL_REPRESENTATION('',(#5912),#5915);
#5912 = B_SPLINE_CURVE_WITH_KNOTS('',1,(#5913,#5914),.UNSPECIFIED.,.F.,
  .F.,(2,2),(0.8,5.9),.PIECEWISE_BEZIER_KNOTS.);
#5913 = CARTESIAN_POINT('',(1.6,15.6));
#5914 = CARTESIAN_POINT('',(6.7,15.6));
#5915 = ( GEOMETRIC_REPRESENTATION_CONTEXT(2) 
PARAMETRIC_REPRESENTATION_CONTEXT() REPRESENTATION_CONTEXT('2D SPACE',''
  ) );
#5916 = PCURVE('',#5917,#5922);
#5917 = PLANE('',#5918);
#5918 = AXIS2_PLACEMENT_3D('',#5919,#5920,#5921);
#5919 = CARTESIAN_POINT('',(16.8,30.79,2.6));
#5920 = DIRECTION('',(1.,0.,-0.));
#5921 = DIRECTION('',(0.,0.,1.));
#5922 = DEFINITIONAL_REPRESENTATION('',(#5923),#5926);
#5923 = B_SPLINE_CURVE_WITH_KNOTS('',1,(#5924,#5925),.UNSPECIFIED.,.F.,
  .F.,(2,2),(0.8,5.9),.PIECEWISE_BEZIER_KNOTS.);
#5924 = CARTESIAN_POINT('',(0.,-4.21));
#5925 = CARTESIAN_POINT('',(5.1,-4.21));
#5926 = ( GEOMETRIC_REPRESENTATION_CONTEXT(2) 
PARAMETRIC_REPRESENTATION_CONTEXT() REPRESENTATION_CONTEXT('2D SPACE',''
  ) );
#5927 = ORIENTED_EDGE('',*,*,#5928,.T.);
#5928 = EDGE_CURVE('',#5903,#5929,#5931,.T.);
#5929 = VERTEX_POINT('',#5930);
#5930 = CARTESIAN_POINT('',(18.,35.,7.7));
#5931 = SURFACE_CURVE('',#5932,(#5936,#5943),.PCURVE_S1.);
#5932 = LINE('',#5933,#5934);
#5933 = CARTESIAN_POINT('',(1.2,35.,7.7));
#5934 = VECTOR('',#5935,1.);
#5935 = DIRECTION('',(1.,0.,-0.));
#5936 = PCURVE('',#4461,#5937);
#5937 = DEFINITIONAL_REPRESENTATION('',(#5938),#5942);
#5938 = LINE('',#5939,#5940);
#5939 = CARTESIAN_POINT('',(6.7,0.));
#5940 = VECTOR('',#5941,1.);
#5941 = DIRECTION('',(0.,1.));
#5942 = ( GEOMETRIC_REPRESENTATION_CONTEXT(2) 
PARAMETRIC_REPRESENTATION_CONTEXT() REPRESENTATION_CONTEXT('2D SPACE',''
  ) );
#5943 = PCURVE('',#5944,#5949);
#5944 = PLANE('',#5945);
#5945 = AXIS2_PLACEMENT_3D('',#5946,#5947,#5948);
#5946 = CARTESIAN_POINT('',(1.2,30.6,7.7));
#5947 = DIRECTION('',(0.,0.,1.));
#5948 = DIRECTION('',(1.,0.,-0.));
#5949 = DEFINITIONAL_REPRESENTATION('',(#5950),#5954);
#5950 = LINE('',#5951,#5952);
#5951 = CARTESIAN_POINT('',(0.,4.4));
#5952 = VECTOR('',#5953,1.);
#5953 = DIRECTION('',(1.,0.));
#5954 = ( GEOMETRIC_REPRESENTATION_CONTEXT(2) 
PARAMETRIC_REPRESENTATION_CONTEXT() REPRESENTATION_CONTEXT('2D SPACE',''
  ) );
#5955 = ORIENTED_EDGE('',*,*,#5956,.F.);
#5956 = EDGE_CURVE('',#4446,#5929,#5957,.T.);
#5957 = SURFACE_CURVE('',#5958,(#5962,#5968),.PCURVE_S1.);
#5958 = LINE('',#5959,#5960);
#5959 = CARTESIAN_POINT('',(18.,35.,1.));
#5960 = VECTOR('',#5961,1.);
#5961 = DIRECTION('',(0.,0.,1.));
#5962 = PCURVE('',#4461,#5963);
#5963 = DEFINITIONAL_REPRESENTATION('',(#5964),#5967);
#5964 = B_SPLINE_CURVE_WITH_KNOTS('',1,(#5965,#5966),.UNSPECIFIED.,.F.,
  .F.,(2,2),(0.,6.7),.PIECEWISE_BEZIER_KNOTS.);
#5965 = CARTESIAN_POINT('',(0.,16.8));
#5966 = CARTESIAN_POINT('',(6.7,16.8));
#5967 = ( GEOMETRIC_REPRESENTATION_CONTEXT(2) 
PARAMETRIC_REPRESENTATION_CONTEXT() REPRESENTATION_CONTEXT('2D SPACE',''
  ) );
#5968 = PCURVE('',#4489,#5969);
#5969 = DEFINITIONAL_REPRESENTATION('',(#5970),#5973);
#5970 = B_SPLINE_CURVE_WITH_KNOTS('',1,(#5971,#5972),.UNSPECIFIED.,.F.,
  .F.,(2,2),(0.,6.7),.PIECEWISE_BEZIER_KNOTS.);
#5971 = CARTESIAN_POINT('',(0.,-75.));
#5972 = CARTESIAN_POINT('',(6.7,-75.));
#5973 = ( GEOMETRIC_REPRESENTATION_CONTEXT(2) 
PARAMETRIC_REPRESENTATION_CONTEXT() REPRESENTATION_CONTEXT('2D SPACE',''
  ) );
#5974 = ADVANCED_FACE('',(#5975),#4792,.T.);
#5975 = FACE_BOUND('',#5976,.T.);
#5976 = EDGE_LOOP('',(#5977,#6000,#6001,#6002));
#5977 = ORIENTED_EDGE('',*,*,#5978,.F.);
#5978 = EDGE_CURVE('',#4751,#5979,#5981,.T.);
#5979 = VERTEX_POINT('',#5980);
#5980 = CARTESIAN_POINT('',(1.2,30.6,7.7));
#5981 = SURFACE_CURVE('',#5982,(#5986,#5993),.PCURVE_S1.);
#5982 = LINE('',#5983,#5984);
#5983 = CARTESIAN_POINT('',(1.2,30.6,1.));
#5984 = VECTOR('',#5985,1.);
#5985 = DIRECTION('',(0.,0.,1.));
#5986 = PCURVE('',#4792,#5987);
#5987 = DEFINITIONAL_REPRESENTATION('',(#5988),#5992);
#5988 = LINE('',#5989,#5990);
#5989 = CARTESIAN_POINT('',(0.,0.));
#5990 = VECTOR('',#5991,1.);
#5991 = DIRECTION('',(1.,0.));
#5992 = ( GEOMETRIC_REPRESENTATION_CONTEXT(2) 
PARAMETRIC_REPRESENTATION_CONTEXT() REPRESENTATION_CONTEXT('2D SPACE',''
  ) );
#5993 = PCURVE('',#4766,#5994);
#5994 = DEFINITIONAL_REPRESENTATION('',(#5995),#5999);
#5995 = LINE('',#5996,#5997);
#5996 = CARTESIAN_POINT('',(0.,0.));
#5997 = VECTOR('',#5998,1.);
#5998 = DIRECTION('',(1.,0.));
#5999 = ( GEOMETRIC_REPRESENTATION_CONTEXT(2) 
PARAMETRIC_REPRESENTATION_CONTEXT() REPRESENTATION_CONTEXT('2D SPACE',''
  ) );
#6000 = ORIENTED_EDGE('',*,*,#4778,.T.);
#6001 = ORIENTED_EDGE('',*,*,#5799,.T.);
#6002 = ORIENTED_EDGE('',*,*,#6003,.F.);
#6003 = EDGE_CURVE('',#5979,#5800,#6004,.T.);
#6004 = SURFACE_CURVE('',#6005,(#6009,#6016),.PCURVE_S1.);
#6005 = LINE('',#6006,#6007);
#6006 = CARTESIAN_POINT('',(1.2,30.6,7.7));
#6007 = VECTOR('',#6008,1.);
#6008 = DIRECTION('',(-0.,1.,0.));
#6009 = PCURVE('',#4792,#6010);
#6010 = DEFINITIONAL_REPRESENTATION('',(#6011),#6015);
#6011 = LINE('',#6012,#6013);
#6012 = CARTESIAN_POINT('',(6.7,0.));
#6013 = VECTOR('',#6014,1.);
#6014 = DIRECTION('',(0.,-1.));
#6015 = ( GEOMETRIC_REPRESENTATION_CONTEXT(2) 
PARAMETRIC_REPRESENTATION_CONTEXT() REPRESENTATION_CONTEXT('2D SPACE',''
  ) );
#6016 = PCURVE('',#5838,#6017);
#6017 = DEFINITIONAL_REPRESENTATION('',(#6018),#6022);
#6018 = LINE('',#6019,#6020);
#6019 = CARTESIAN_POINT('',(0.,0.));
#6020 = VECTOR('',#6021,1.);
#6021 = DIRECTION('',(0.,1.));
#6022 = ( GEOMETRIC_REPRESENTATION_CONTEXT(2) 
PARAMETRIC_REPRESENTATION_CONTEXT() REPRESENTATION_CONTEXT('2D SPACE',''
  ) );
#6023 = ADVANCED_FACE('',(#6024),#4766,.T.);
#6024 = FACE_BOUND('',#6025,.T.);
#6025 = EDGE_LOOP('',(#6026,#6027,#6028,#6051,#6077,#6103));
#6026 = ORIENTED_EDGE('',*,*,#4750,.F.);
#6027 = ORIENTED_EDGE('',*,*,#5978,.T.);
#6028 = ORIENTED_EDGE('',*,*,#6029,.T.);
#6029 = EDGE_CURVE('',#5979,#6030,#6032,.T.);
#6030 = VERTEX_POINT('',#6031);
#6031 = CARTESIAN_POINT('',(1.217157287515,30.6,7.7));
#6032 = SURFACE_CURVE('',#6033,(#6037,#6044),.PCURVE_S1.);
#6033 = LINE('',#6034,#6035);
#6034 = CARTESIAN_POINT('',(1.2,30.6,7.7));
#6035 = VECTOR('',#6036,1.);
#6036 = DIRECTION('',(1.,0.,-0.));
#6037 = PCURVE('',#4766,#6038);
#6038 = DEFINITIONAL_REPRESENTATION('',(#6039),#6043);
#6039 = LINE('',#6040,#6041);
#6040 = CARTESIAN_POINT('',(6.7,0.));
#6041 = VECTOR('',#6042,1.);
#6042 = DIRECTION('',(0.,1.));
#6043 = ( GEOMETRIC_REPRESENTATION_CONTEXT(2) 
PARAMETRIC_REPRESENTATION_CONTEXT() REPRESENTATION_CONTEXT('2D SPACE',''
  ) );
#6044 = PCURVE('',#5838,#6045);
#6045 = DEFINITIONAL_REPRESENTATION('',(#6046),#6050);
#6046 = LINE('',#6047,#6048);
#6047 = CARTESIAN_POINT('',(0.,0.));
#6048 = VECTOR('',#6049,1.);
#6049 = DIRECTION('',(1.,0.));
#6050 = ( GEOMETRIC_REPRESENTATION_CONTEXT(2) 
PARAMETRIC_REPRESENTATION_CONTEXT() REPRESENTATION_CONTEXT('2D SPACE',''
  ) );
#6051 = ORIENTED_EDGE('',*,*,#6052,.T.);
#6052 = EDGE_CURVE('',#6030,#6053,#6055,.T.);
#6053 = VERTEX_POINT('',#6054);
#6054 = CARTESIAN_POINT('',(1.217157287515,30.6,2.));
#6055 = SURFACE_CURVE('',#6056,(#6060,#6066),.PCURVE_S1.);
#6056 = LINE('',#6057,#6058);
#6057 = CARTESIAN_POINT('',(1.217157287515,30.6,2.));
#6058 = VECTOR('',#6059,1.);
#6059 = DIRECTION('',(0.,0.,-1.));
#6060 = PCURVE('',#4766,#6061);
#6061 = DEFINITIONAL_REPRESENTATION('',(#6062),#6065);
#6062 = B_SPLINE_CURVE_WITH_KNOTS('',1,(#6063,#6064),.UNSPECIFIED.,.F.,
  .F.,(2,2),(-6.37,5.999999999062E-07),.PIECEWISE_BEZIER_KNOTS.);
#6063 = CARTESIAN_POINT('',(7.37,1.71572875152E-02));
#6064 = CARTESIAN_POINT('',(0.9999994,1.71572875152E-02));
#6065 = ( GEOMETRIC_REPRESENTATION_CONTEXT(2) 
PARAMETRIC_REPRESENTATION_CONTEXT() REPRESENTATION_CONTEXT('2D SPACE',''
  ) );
#6066 = PCURVE('',#6067,#6072);
#6067 = CYLINDRICAL_SURFACE('',#6068,0.3);
#6068 = AXIS2_PLACEMENT_3D('',#6069,#6070,#6071);
#6069 = CARTESIAN_POINT('',(1.49999999999,30.5,2.));
#6070 = DIRECTION('',(0.,0.,-1.));
#6071 = DIRECTION('',(-1.,0.,0.));
#6072 = DEFINITIONAL_REPRESENTATION('',(#6073),#6076);
#6073 = B_SPLINE_CURVE_WITH_KNOTS('',1,(#6074,#6075),.UNSPECIFIED.,.F.,
  .F.,(2,2),(-6.37,5.999999999062E-07),.PIECEWISE_BEZIER_KNOTS.);
#6074 = CARTESIAN_POINT('',(0.339836909454,-6.37));
#6075 = CARTESIAN_POINT('',(0.339836909454,5.999999999062E-07));
#6076 = ( GEOMETRIC_REPRESENTATION_CONTEXT(2) 
PARAMETRIC_REPRESENTATION_CONTEXT() REPRESENTATION_CONTEXT('2D SPACE',''
  ) );
#6077 = ORIENTED_EDGE('',*,*,#6078,.F.);
#6078 = EDGE_CURVE('',#6079,#6053,#6081,.T.);
#6079 = VERTEX_POINT('',#6080);
#6080 = CARTESIAN_POINT('',(2.2,30.6,2.));
#6081 = SURFACE_CURVE('',#6082,(#6086,#6092),.PCURVE_S1.);
#6082 = LINE('',#6083,#6084);
#6083 = CARTESIAN_POINT('',(6.599999999595,30.6,2.));
#6084 = VECTOR('',#6085,1.);
#6085 = DIRECTION('',(-1.,-0.,0.));
#6086 = PCURVE('',#4766,#6087);
#6087 = DEFINITIONAL_REPRESENTATION('',(#6088),#6091);
#6088 = B_SPLINE_CURVE_WITH_KNOTS('',1,(#6089,#6090),.UNSPECIFIED.,.F.,
  .F.,(2,2),(4.399999999595,5.399999999595),.PIECEWISE_BEZIER_KNOTS.);
#6089 = CARTESIAN_POINT('',(1.,1.));
#6090 = CARTESIAN_POINT('',(1.,0.));
#6091 = ( GEOMETRIC_REPRESENTATION_CONTEXT(2) 
PARAMETRIC_REPRESENTATION_CONTEXT() REPRESENTATION_CONTEXT('2D SPACE',''
  ) );
#6092 = PCURVE('',#6093,#6098);
#6093 = PLANE('',#6094);
#6094 = AXIS2_PLACEMENT_3D('',#6095,#6096,#6097);
#6095 = CARTESIAN_POINT('',(11.99999999919,-2.475398107051E-16,2.));
#6096 = DIRECTION('',(0.,0.,1.));
#6097 = DIRECTION('',(1.,0.,-0.));
#6098 = DEFINITIONAL_REPRESENTATION('',(#6099),#6102);
#6099 = B_SPLINE_CURVE_WITH_KNOTS('',1,(#6100,#6101),.UNSPECIFIED.,.F.,
  .F.,(2,2),(4.399999999595,5.399999999595),.PIECEWISE_BEZIER_KNOTS.);
#6100 = CARTESIAN_POINT('',(-9.79999999919,30.6));
#6101 = CARTESIAN_POINT('',(-10.79999999919,30.6));
#6102 = ( GEOMETRIC_REPRESENTATION_CONTEXT(2) 
PARAMETRIC_REPRESENTATION_CONTEXT() REPRESENTATION_CONTEXT('2D SPACE',''
  ) );
#6103 = ORIENTED_EDGE('',*,*,#6104,.F.);
#6104 = EDGE_CURVE('',#4723,#6079,#6105,.T.);
#6105 = SURFACE_CURVE('',#6106,(#6110,#6116),.PCURVE_S1.);
#6106 = LINE('',#6107,#6108);
#6107 = CARTESIAN_POINT('',(2.2,30.6,1.));
#6108 = VECTOR('',#6109,1.);
#6109 = DIRECTION('',(0.,0.,1.));
#6110 = PCURVE('',#4766,#6111);
#6111 = DEFINITIONAL_REPRESENTATION('',(#6112),#6115);
#6112 = B_SPLINE_CURVE_WITH_KNOTS('',1,(#6113,#6114),.UNSPECIFIED.,.F.,
  .F.,(2,2),(0.,1.),.PIECEWISE_BEZIER_KNOTS.);
#6113 = CARTESIAN_POINT('',(0.,1.));
#6114 = CARTESIAN_POINT('',(1.,1.));
#6115 = ( GEOMETRIC_REPRESENTATION_CONTEXT(2) 
PARAMETRIC_REPRESENTATION_CONTEXT() REPRESENTATION_CONTEXT('2D SPACE',''
  ) );
#6116 = PCURVE('',#4738,#6117);
#6117 = DEFINITIONAL_REPRESENTATION('',(#6118),#6121);
#6118 = B_SPLINE_CURVE_WITH_KNOTS('',1,(#6119,#6120),.UNSPECIFIED.,.F.,
  .F.,(2,2),(0.,1.),.PIECEWISE_BEZIER_KNOTS.);
#6119 = CARTESIAN_POINT('',(0.,-61.4));
#6120 = CARTESIAN_POINT('',(1.,-61.4));
#6121 = ( GEOMETRIC_REPRESENTATION_CONTEXT(2) 
PARAMETRIC_REPRESENTATION_CONTEXT() REPRESENTATION_CONTEXT('2D SPACE',''
  ) );
#6122 = ADVANCED_FACE('',(#6123),#4738,.T.);
#6123 = FACE_BOUND('',#6124,.T.);
#6124 = EDGE_LOOP('',(#6125,#6146,#6147,#6148));
#6125 = ORIENTED_EDGE('',*,*,#6126,.F.);
#6126 = EDGE_CURVE('',#4695,#6127,#6129,.T.);
#6127 = VERTEX_POINT('',#6128);
#6128 = CARTESIAN_POINT('',(2.2,-30.6,2.));
#6129 = SURFACE_CURVE('',#6130,(#6134,#6140),.PCURVE_S1.);
#6130 = LINE('',#6131,#6132);
#6131 = CARTESIAN_POINT('',(2.2,-30.6,1.));
#6132 = VECTOR('',#6133,1.);
#6133 = DIRECTION('',(0.,0.,1.));
#6134 = PCURVE('',#4738,#6135);
#6135 = DEFINITIONAL_REPRESENTATION('',(#6136),#6139);
#6136 = B_SPLINE_CURVE_WITH_KNOTS('',1,(#6137,#6138),.UNSPECIFIED.,.F.,
  .F.,(2,2),(0.,1.),.PIECEWISE_BEZIER_KNOTS.);
#6137 = CARTESIAN_POINT('',(0.,-0.2));
#6138 = CARTESIAN_POINT('',(1.,-0.2));
#6139 = ( GEOMETRIC_REPRESENTATION_CONTEXT(2) 
PARAMETRIC_REPRESENTATION_CONTEXT() REPRESENTATION_CONTEXT('2D SPACE',''
  ) );
#6140 = PCURVE('',#4710,#6141);
#6141 = DEFINITIONAL_REPRESENTATION('',(#6142),#6145);
#6142 = B_SPLINE_CURVE_WITH_KNOTS('',1,(#6143,#6144),.UNSPECIFIED.,.F.,
  .F.,(2,2),(0.,1.),.PIECEWISE_BEZIER_KNOTS.);
#6143 = CARTESIAN_POINT('',(0.,1.));
#6144 = CARTESIAN_POINT('',(1.,1.));
#6145 = ( GEOMETRIC_REPRESENTATION_CONTEXT(2) 
PARAMETRIC_REPRESENTATION_CONTEXT() REPRESENTATION_CONTEXT('2D SPACE',''
  ) );
#6146 = ORIENTED_EDGE('',*,*,#4722,.T.);
#6147 = ORIENTED_EDGE('',*,*,#6104,.T.);
#6148 = ORIENTED_EDGE('',*,*,#6149,.F.);
#6149 = EDGE_CURVE('',#6127,#6079,#6150,.T.);
#6150 = SURFACE_CURVE('',#6151,(#6155,#6161),.PCURVE_S1.);
#6151 = LINE('',#6152,#6153);
#6152 = CARTESIAN_POINT('',(2.2,-15.4,2.));
#6153 = VECTOR('',#6154,1.);
#6154 = DIRECTION('',(-0.,1.,0.));
#6155 = PCURVE('',#4738,#6156);
#6156 = DEFINITIONAL_REPRESENTATION('',(#6157),#6160);
#6157 = B_SPLINE_CURVE_WITH_KNOTS('',1,(#6158,#6159),.UNSPECIFIED.,.F.,
  .F.,(2,2),(-15.4,46.2),.PIECEWISE_BEZIER_KNOTS.);
#6158 = CARTESIAN_POINT('',(1.,0.));
#6159 = CARTESIAN_POINT('',(1.,-61.6));
#6160 = ( GEOMETRIC_REPRESENTATION_CONTEXT(2) 
PARAMETRIC_REPRESENTATION_CONTEXT() REPRESENTATION_CONTEXT('2D SPACE',''
  ) );
#6161 = PCURVE('',#6093,#6162);
#6162 = DEFINITIONAL_REPRESENTATION('',(#6163),#6166);
#6163 = B_SPLINE_CURVE_WITH_KNOTS('',1,(#6164,#6165),.UNSPECIFIED.,.F.,
  .F.,(2,2),(-15.4,46.2),.PIECEWISE_BEZIER_KNOTS.);
#6164 = CARTESIAN_POINT('',(-9.79999999919,-30.8));
#6165 = CARTESIAN_POINT('',(-9.79999999919,30.8));
#6166 = ( GEOMETRIC_REPRESENTATION_CONTEXT(2) 
PARAMETRIC_REPRESENTATION_CONTEXT() REPRESENTATION_CONTEXT('2D SPACE',''
  ) );
#6167 = ADVANCED_FACE('',(#6168),#4710,.F.);
#6168 = FACE_BOUND('',#6169,.F.);
#6169 = EDGE_LOOP('',(#6170,#6171,#6194,#6222,#6248,#6267));
#6170 = ORIENTED_EDGE('',*,*,#4694,.F.);
#6171 = ORIENTED_EDGE('',*,*,#6172,.T.);
#6172 = EDGE_CURVE('',#4667,#6173,#6175,.T.);
#6173 = VERTEX_POINT('',#6174);
#6174 = CARTESIAN_POINT('',(1.2,-30.6,7.7));
#6175 = SURFACE_CURVE('',#6176,(#6180,#6187),.PCURVE_S1.);
#6176 = LINE('',#6177,#6178);
#6177 = CARTESIAN_POINT('',(1.2,-30.6,1.));
#6178 = VECTOR('',#6179,1.);
#6179 = DIRECTION('',(0.,0.,1.));
#6180 = PCURVE('',#4710,#6181);
#6181 = DEFINITIONAL_REPRESENTATION('',(#6182),#6186);
#6182 = LINE('',#6183,#6184);
#6183 = CARTESIAN_POINT('',(0.,0.));
#6184 = VECTOR('',#6185,1.);
#6185 = DIRECTION('',(1.,0.));
#6186 = ( GEOMETRIC_REPRESENTATION_CONTEXT(2) 
PARAMETRIC_REPRESENTATION_CONTEXT() REPRESENTATION_CONTEXT('2D SPACE',''
  ) );
#6187 = PCURVE('',#4682,#6188);
#6188 = DEFINITIONAL_REPRESENTATION('',(#6189),#6193);
#6189 = LINE('',#6190,#6191);
#6190 = CARTESIAN_POINT('',(0.,-4.4));
#6191 = VECTOR('',#6192,1.);
#6192 = DIRECTION('',(1.,0.));
#6193 = ( GEOMETRIC_REPRESENTATION_CONTEXT(2) 
PARAMETRIC_REPRESENTATION_CONTEXT() REPRESENTATION_CONTEXT('2D SPACE',''
  ) );
#6194 = ORIENTED_EDGE('',*,*,#6195,.T.);
#6195 = EDGE_CURVE('',#6173,#6196,#6198,.T.);
#6196 = VERTEX_POINT('',#6197);
#6197 = CARTESIAN_POINT('',(1.217157287515,-30.6,7.7));
#6198 = SURFACE_CURVE('',#6199,(#6203,#6210),.PCURVE_S1.);
#6199 = LINE('',#6200,#6201);
#6200 = CARTESIAN_POINT('',(1.2,-30.6,7.7));
#6201 = VECTOR('',#6202,1.);
#6202 = DIRECTION('',(1.,0.,-0.));
#6203 = PCURVE('',#4710,#6204);
#6204 = DEFINITIONAL_REPRESENTATION('',(#6205),#6209);
#6205 = LINE('',#6206,#6207);
#6206 = CARTESIAN_POINT('',(6.7,0.));
#6207 = VECTOR('',#6208,1.);
#6208 = DIRECTION('',(0.,1.));
#6209 = ( GEOMETRIC_REPRESENTATION_CONTEXT(2) 
PARAMETRIC_REPRESENTATION_CONTEXT() REPRESENTATION_CONTEXT('2D SPACE',''
  ) );
#6210 = PCURVE('',#6211,#6216);
#6211 = PLANE('',#6212);
#6212 = AXIS2_PLACEMENT_3D('',#6213,#6214,#6215);
#6213 = CARTESIAN_POINT('',(1.2,-35.,7.7));
#6214 = DIRECTION('',(0.,0.,1.));
#6215 = DIRECTION('',(1.,0.,-0.));
#6216 = DEFINITIONAL_REPRESENTATION('',(#6217),#6221);
#6217 = LINE('',#6218,#6219);
#6218 = CARTESIAN_POINT('',(0.,4.4));
#6219 = VECTOR('',#6220,1.);
#6220 = DIRECTION('',(1.,0.));
#6221 = ( GEOMETRIC_REPRESENTATION_CONTEXT(2) 
PARAMETRIC_REPRESENTATION_CONTEXT() REPRESENTATION_CONTEXT('2D SPACE',''
  ) );
#6222 = ORIENTED_EDGE('',*,*,#6223,.T.);
#6223 = EDGE_CURVE('',#6196,#6224,#6226,.T.);
#6224 = VERTEX_POINT('',#6225);
#6225 = CARTESIAN_POINT('',(1.217157287515,-30.6,2.));
#6226 = SURFACE_CURVE('',#6227,(#6231,#6237),.PCURVE_S1.);
#6227 = LINE('',#6228,#6229);
#6228 = CARTESIAN_POINT('',(1.217157287515,-30.6,2.));
#6229 = VECTOR('',#6230,1.);
#6230 = DIRECTION('',(0.,0.,-1.));
#6231 = PCURVE('',#4710,#6232);
#6232 = DEFINITIONAL_REPRESENTATION('',(#6233),#6236);
#6233 = B_SPLINE_CURVE_WITH_KNOTS('',1,(#6234,#6235),.UNSPECIFIED.,.F.,
  .F.,(2,2),(-6.37,5.999999999062E-07),.PIECEWISE_BEZIER_KNOTS.);
#6234 = CARTESIAN_POINT('',(7.37,1.71572875152E-02));
#6235 = CARTESIAN_POINT('',(0.9999994,1.71572875152E-02));
#6236 = ( GEOMETRIC_REPRESENTATION_CONTEXT(2) 
PARAMETRIC_REPRESENTATION_CONTEXT() REPRESENTATION_CONTEXT('2D SPACE',''
  ) );
#6237 = PCURVE('',#6238,#6243);
#6238 = CYLINDRICAL_SURFACE('',#6239,0.3);
#6239 = AXIS2_PLACEMENT_3D('',#6240,#6241,#6242);
#6240 = CARTESIAN_POINT('',(1.49999999999,-30.5,2.));
#6241 = DIRECTION('',(0.,0.,-1.));
#6242 = DIRECTION('',(-1.,0.,0.));
#6243 = DEFINITIONAL_REPRESENTATION('',(#6244),#6247);
#6244 = B_SPLINE_CURVE_WITH_KNOTS('',1,(#6245,#6246),.UNSPECIFIED.,.F.,
  .F.,(2,2),(-6.37,5.999999999062E-07),.PIECEWISE_BEZIER_KNOTS.);
#6245 = CARTESIAN_POINT('',(5.943348397725,-6.37));
#6246 = CARTESIAN_POINT('',(5.943348397725,5.999999999062E-07));
#6247 = ( GEOMETRIC_REPRESENTATION_CONTEXT(2) 
PARAMETRIC_REPRESENTATION_CONTEXT() REPRESENTATION_CONTEXT('2D SPACE',''
  ) );
#6248 = ORIENTED_EDGE('',*,*,#6249,.F.);
#6249 = EDGE_CURVE('',#6127,#6224,#6250,.T.);
#6250 = SURFACE_CURVE('',#6251,(#6255,#6261),.PCURVE_S1.);
#6251 = LINE('',#6252,#6253);
#6252 = CARTESIAN_POINT('',(6.599999999595,-30.6,2.));
#6253 = VECTOR('',#6254,1.);
#6254 = DIRECTION('',(-1.,-0.,0.));
#6255 = PCURVE('',#4710,#6256);
#6256 = DEFINITIONAL_REPRESENTATION('',(#6257),#6260);
#6257 = B_SPLINE_CURVE_WITH_KNOTS('',1,(#6258,#6259),.UNSPECIFIED.,.F.,
  .F.,(2,2),(4.399999999595,5.399999999595),.PIECEWISE_BEZIER_KNOTS.);
#6258 = CARTESIAN_POINT('',(1.,1.));
#6259 = CARTESIAN_POINT('',(1.,0.));
#6260 = ( GEOMETRIC_REPRESENTATION_CONTEXT(2) 
PARAMETRIC_REPRESENTATION_CONTEXT() REPRESENTATION_CONTEXT('2D SPACE',''
  ) );
#6261 = PCURVE('',#6093,#6262);
#6262 = DEFINITIONAL_REPRESENTATION('',(#6263),#6266);
#6263 = B_SPLINE_CURVE_WITH_KNOTS('',1,(#6264,#6265),.UNSPECIFIED.,.F.,
  .F.,(2,2),(4.399999999595,5.399999999595),.PIECEWISE_BEZIER_KNOTS.);
#6264 = CARTESIAN_POINT('',(-9.79999999919,-30.6));
#6265 = CARTESIAN_POINT('',(-10.79999999919,-30.6));
#6266 = ( GEOMETRIC_REPRESENTATION_CONTEXT(2) 
PARAMETRIC_REPRESENTATION_CONTEXT() REPRESENTATION_CONTEXT('2D SPACE',''
  ) );
#6267 = ORIENTED_EDGE('',*,*,#6126,.F.);
#6268 = ADVANCED_FACE('',(#6269),#4682,.T.);
#6269 = FACE_BOUND('',#6270,.T.);
#6270 = EDGE_LOOP('',(#6271,#6294,#6295,#6296));
#6271 = ORIENTED_EDGE('',*,*,#6272,.F.);
#6272 = EDGE_CURVE('',#4639,#6273,#6275,.T.);
#6273 = VERTEX_POINT('',#6274);
#6274 = CARTESIAN_POINT('',(1.2,-35.,7.7));
#6275 = SURFACE_CURVE('',#6276,(#6280,#6287),.PCURVE_S1.);
#6276 = LINE('',#6277,#6278);
#6277 = CARTESIAN_POINT('',(1.2,-35.,1.));
#6278 = VECTOR('',#6279,1.);
#6279 = DIRECTION('',(0.,0.,1.));
#6280 = PCURVE('',#4682,#6281);
#6281 = DEFINITIONAL_REPRESENTATION('',(#6282),#6286);
#6282 = LINE('',#6283,#6284);
#6283 = CARTESIAN_POINT('',(0.,0.));
#6284 = VECTOR('',#6285,1.);
#6285 = DIRECTION('',(1.,0.));
#6286 = ( GEOMETRIC_REPRESENTATION_CONTEXT(2) 
PARAMETRIC_REPRESENTATION_CONTEXT() REPRESENTATION_CONTEXT('2D SPACE',''
  ) );
#6287 = PCURVE('',#4654,#6288);
#6288 = DEFINITIONAL_REPRESENTATION('',(#6289),#6293);
#6289 = LINE('',#6290,#6291);
#6290 = CARTESIAN_POINT('',(0.,0.));
#6291 = VECTOR('',#6292,1.);
#6292 = DIRECTION('',(1.,0.));
#6293 = ( GEOMETRIC_REPRESENTATION_CONTEXT(2) 
PARAMETRIC_REPRESENTATION_CONTEXT() REPRESENTATION_CONTEXT('2D SPACE',''
  ) );
#6294 = ORIENTED_EDGE('',*,*,#4666,.T.);
#6295 = ORIENTED_EDGE('',*,*,#6172,.T.);
#6296 = ORIENTED_EDGE('',*,*,#6297,.F.);
#6297 = EDGE_CURVE('',#6273,#6173,#6298,.T.);
#6298 = SURFACE_CURVE('',#6299,(#6303,#6310),.PCURVE_S1.);
#6299 = LINE('',#6300,#6301);
#6300 = CARTESIAN_POINT('',(1.2,-35.,7.7));
#6301 = VECTOR('',#6302,1.);
#6302 = DIRECTION('',(-0.,1.,0.));
#6303 = PCURVE('',#4682,#6304);
#6304 = DEFINITIONAL_REPRESENTATION('',(#6305),#6309);
#6305 = LINE('',#6306,#6307);
#6306 = CARTESIAN_POINT('',(6.7,0.));
#6307 = VECTOR('',#6308,1.);
#6308 = DIRECTION('',(0.,-1.));
#6309 = ( GEOMETRIC_REPRESENTATION_CONTEXT(2) 
PARAMETRIC_REPRESENTATION_CONTEXT() REPRESENTATION_CONTEXT('2D SPACE',''
  ) );
#6310 = PCURVE('',#6211,#6311);
#6311 = DEFINITIONAL_REPRESENTATION('',(#6312),#6316);
#6312 = LINE('',#6313,#6314);
#6313 = CARTESIAN_POINT('',(0.,0.));
#6314 = VECTOR('',#6315,1.);
#6315 = DIRECTION('',(0.,1.));
#6316 = ( GEOMETRIC_REPRESENTATION_CONTEXT(2) 
PARAMETRIC_REPRESENTATION_CONTEXT() REPRESENTATION_CONTEXT('2D SPACE',''
  ) );
#6317 = ADVANCED_FACE('',(#6318),#4654,.T.);
#6318 = FACE_BOUND('',#6319,.T.);
#6319 = EDGE_LOOP('',(#6320,#6321,#6322,#6345));
#6320 = ORIENTED_EDGE('',*,*,#4638,.F.);
#6321 = ORIENTED_EDGE('',*,*,#6272,.T.);
#6322 = ORIENTED_EDGE('',*,*,#6323,.T.);
#6323 = EDGE_CURVE('',#6273,#6324,#6326,.T.);
#6324 = VERTEX_POINT('',#6325);
#6325 = CARTESIAN_POINT('',(18.,-35.,7.7));
#6326 = SURFACE_CURVE('',#6327,(#6331,#6338),.PCURVE_S1.);
#6327 = LINE('',#6328,#6329);
#6328 = CARTESIAN_POINT('',(1.2,-35.,7.7));
#6329 = VECTOR('',#6330,1.);
#6330 = DIRECTION('',(1.,0.,-0.));
#6331 = PCURVE('',#4654,#6332);
#6332 = DEFINITIONAL_REPRESENTATION('',(#6333),#6337);
#6333 = LINE('',#6334,#6335);
#6334 = CARTESIAN_POINT('',(6.7,0.));
#6335 = VECTOR('',#6336,1.);
#6336 = DIRECTION('',(0.,1.));
#6337 = ( GEOMETRIC_REPRESENTATION_CONTEXT(2) 
PARAMETRIC_REPRESENTATION_CONTEXT() REPRESENTATION_CONTEXT('2D SPACE',''
  ) );
#6338 = PCURVE('',#6211,#6339);
#6339 = DEFINITIONAL_REPRESENTATION('',(#6340),#6344);
#6340 = LINE('',#6341,#6342);
#6341 = CARTESIAN_POINT('',(0.,0.));
#6342 = VECTOR('',#6343,1.);
#6343 = DIRECTION('',(1.,0.));
#6344 = ( GEOMETRIC_REPRESENTATION_CONTEXT(2) 
PARAMETRIC_REPRESENTATION_CONTEXT() REPRESENTATION_CONTEXT('2D SPACE',''
  ) );
#6345 = ORIENTED_EDGE('',*,*,#6346,.F.);
#6346 = EDGE_CURVE('',#4611,#6324,#6347,.T.);
#6347 = SURFACE_CURVE('',#6348,(#6352,#6358),.PCURVE_S1.);
#6348 = LINE('',#6349,#6350);
#6349 = CARTESIAN_POINT('',(18.,-35.,1.));
#6350 = VECTOR('',#6351,1.);
#6351 = DIRECTION('',(0.,0.,1.));
#6352 = PCURVE('',#4654,#6353);
#6353 = DEFINITIONAL_REPRESENTATION('',(#6354),#6357);
#6354 = B_SPLINE_CURVE_WITH_KNOTS('',1,(#6355,#6356),.UNSPECIFIED.,.F.,
  .F.,(2,2),(0.,6.7),.PIECEWISE_BEZIER_KNOTS.);
#6355 = CARTESIAN_POINT('',(0.,16.8));
#6356 = CARTESIAN_POINT('',(6.7,16.8));
#6357 = ( GEOMETRIC_REPRESENTATION_CONTEXT(2) 
PARAMETRIC_REPRESENTATION_CONTEXT() REPRESENTATION_CONTEXT('2D SPACE',''
  ) );
#6358 = PCURVE('',#4626,#6359);
#6359 = DEFINITIONAL_REPRESENTATION('',(#6360),#6363);
#6360 = B_SPLINE_CURVE_WITH_KNOTS('',1,(#6361,#6362),.UNSPECIFIED.,.F.,
  .F.,(2,2),(0.,6.7),.PIECEWISE_BEZIER_KNOTS.);
#6361 = CARTESIAN_POINT('',(0.,-5.));
#6362 = CARTESIAN_POINT('',(6.7,-5.));
#6363 = ( GEOMETRIC_REPRESENTATION_CONTEXT(2) 
PARAMETRIC_REPRESENTATION_CONTEXT() REPRESENTATION_CONTEXT('2D SPACE',''
  ) );
#6364 = ADVANCED_FACE('',(#6365),#4626,.T.);
#6365 = FACE_BOUND('',#6366,.T.);
#6366 = EDGE_LOOP('',(#6367,#6395,#6423,#6442,#6443,#6444));
#6367 = ORIENTED_EDGE('',*,*,#6368,.F.);
#6368 = EDGE_CURVE('',#6369,#6371,#6373,.T.);
#6369 = VERTEX_POINT('',#6370);
#6370 = CARTESIAN_POINT('',(18.,-30.8,9.5));
#6371 = VERTEX_POINT('',#6372);
#6372 = CARTESIAN_POINT('',(18.,-30.8,7.7));
#6373 = SURFACE_CURVE('',#6374,(#6378,#6384),.PCURVE_S1.);
#6374 = LINE('',#6375,#6376);
#6375 = CARTESIAN_POINT('',(18.,-30.8,1.5));
#6376 = VECTOR('',#6377,1.);
#6377 = DIRECTION('',(-0.,0.,-1.));
#6378 = PCURVE('',#4626,#6379);
#6379 = DEFINITIONAL_REPRESENTATION('',(#6380),#6383);
#6380 = B_SPLINE_CURVE_WITH_KNOTS('',1,(#6381,#6382),.UNSPECIFIED.,.F.,
  .F.,(2,2),(-8.,0.5),.PIECEWISE_BEZIER_KNOTS.);
#6381 = CARTESIAN_POINT('',(8.5,-9.2));
#6382 = CARTESIAN_POINT('',(0.,-9.2));
#6383 = ( GEOMETRIC_REPRESENTATION_CONTEXT(2) 
PARAMETRIC_REPRESENTATION_CONTEXT() REPRESENTATION_CONTEXT('2D SPACE',''
  ) );
#6384 = PCURVE('',#6385,#6390);
#6385 = PLANE('',#6386);
#6386 = AXIS2_PLACEMENT_3D('',#6387,#6388,#6389);
#6387 = CARTESIAN_POINT('',(1.49999999999,-30.8,2.));
#6388 = DIRECTION('',(0.,1.,0.));
#6389 = DIRECTION('',(1.,0.,0.));
#6390 = DEFINITIONAL_REPRESENTATION('',(#6391),#6394);
#6391 = B_SPLINE_CURVE_WITH_KNOTS('',1,(#6392,#6393),.UNSPECIFIED.,.F.,
  .F.,(2,2),(-8.,0.5),.PIECEWISE_BEZIER_KNOTS.);
#6392 = CARTESIAN_POINT('',(16.50000000001,-7.5));
#6393 = CARTESIAN_POINT('',(16.50000000001,1.));
#6394 = ( GEOMETRIC_REPRESENTATION_CONTEXT(2) 
PARAMETRIC_REPRESENTATION_CONTEXT() REPRESENTATION_CONTEXT('2D SPACE',''
  ) );
#6395 = ORIENTED_EDGE('',*,*,#6396,.F.);
#6396 = EDGE_CURVE('',#6397,#6369,#6399,.T.);
#6397 = VERTEX_POINT('',#6398);
#6398 = CARTESIAN_POINT('',(18.,-36.,9.5));
#6399 = SURFACE_CURVE('',#6400,(#6404,#6411),.PCURVE_S1.);
#6400 = LINE('',#6401,#6402);
#6401 = CARTESIAN_POINT('',(18.,-40.,9.5));
#6402 = VECTOR('',#6403,1.);
#6403 = DIRECTION('',(-0.,1.,0.));
#6404 = PCURVE('',#4626,#6405);
#6405 = DEFINITIONAL_REPRESENTATION('',(#6406),#6410);
#6406 = LINE('',#6407,#6408);
#6407 = CARTESIAN_POINT('',(8.5,0.));
#6408 = VECTOR('',#6409,1.);
#6409 = DIRECTION('',(0.,-1.));
#6410 = ( GEOMETRIC_REPRESENTATION_CONTEXT(2) 
PARAMETRIC_REPRESENTATION_CONTEXT() REPRESENTATION_CONTEXT('2D SPACE',''
  ) );
#6411 = PCURVE('',#6412,#6417);
#6412 = PLANE('',#6413);
#6413 = AXIS2_PLACEMENT_3D('',#6414,#6415,#6416);
#6414 = CARTESIAN_POINT('',(18.,-40.,9.5));
#6415 = DIRECTION('',(0.,0.,1.));
#6416 = DIRECTION('',(1.,0.,-0.));
#6417 = DEFINITIONAL_REPRESENTATION('',(#6418),#6422);
#6418 = LINE('',#6419,#6420);
#6419 = CARTESIAN_POINT('',(0.,0.));
#6420 = VECTOR('',#6421,1.);
#6421 = DIRECTION('',(0.,1.));
#6422 = ( GEOMETRIC_REPRESENTATION_CONTEXT(2) 
PARAMETRIC_REPRESENTATION_CONTEXT() REPRESENTATION_CONTEXT('2D SPACE',''
  ) );
#6423 = ORIENTED_EDGE('',*,*,#6424,.T.);
#6424 = EDGE_CURVE('',#6397,#4584,#6425,.T.);
#6425 = SURFACE_CURVE('',#6426,(#6430,#6436),.PCURVE_S1.);
#6426 = LINE('',#6427,#6428);
#6427 = CARTESIAN_POINT('',(18.,-36.,0.5));
#6428 = VECTOR('',#6429,1.);
#6429 = DIRECTION('',(-0.,0.,-1.));
#6430 = PCURVE('',#4626,#6431);
#6431 = DEFINITIONAL_REPRESENTATION('',(#6432),#6435);
#6432 = B_SPLINE_CURVE_WITH_KNOTS('',1,(#6433,#6434),.UNSPECIFIED.,.F.,
  .F.,(2,2),(-9.,-0.5),.PIECEWISE_BEZIER_KNOTS.);
#6433 = CARTESIAN_POINT('',(8.5,-4.));
#6434 = CARTESIAN_POINT('',(0.,-4.));
#6435 = ( GEOMETRIC_REPRESENTATION_CONTEXT(2) 
PARAMETRIC_REPRESENTATION_CONTEXT() REPRESENTATION_CONTEXT('2D SPACE',''
  ) );
#6436 = PCURVE('',#4599,#6437);
#6437 = DEFINITIONAL_REPRESENTATION('',(#6438),#6441);
#6438 = B_SPLINE_CURVE_WITH_KNOTS('',1,(#6439,#6440),.UNSPECIFIED.,.F.,
  .F.,(2,2),(-9.,-0.5),.PIECEWISE_BEZIER_KNOTS.);
#6439 = CARTESIAN_POINT('',(15.5,-9.5));
#6440 = CARTESIAN_POINT('',(15.5,-1.));
#6441 = ( GEOMETRIC_REPRESENTATION_CONTEXT(2) 
PARAMETRIC_REPRESENTATION_CONTEXT() REPRESENTATION_CONTEXT('2D SPACE',''
  ) );
#6442 = ORIENTED_EDGE('',*,*,#4610,.T.);
#6443 = ORIENTED_EDGE('',*,*,#6346,.T.);
#6444 = ORIENTED_EDGE('',*,*,#6445,.F.);
#6445 = EDGE_CURVE('',#6371,#6324,#6446,.T.);
#6446 = SURFACE_CURVE('',#6447,(#6451,#6457),.PCURVE_S1.);
#6447 = LINE('',#6448,#6449);
#6448 = CARTESIAN_POINT('',(18.,-37.5,7.7));
#6449 = VECTOR('',#6450,1.);
#6450 = DIRECTION('',(0.,-1.,0.));
#6451 = PCURVE('',#4626,#6452);
#6452 = DEFINITIONAL_REPRESENTATION('',(#6453),#6456);
#6453 = B_SPLINE_CURVE_WITH_KNOTS('',1,(#6454,#6455),.UNSPECIFIED.,.F.,
  .F.,(2,2),(-6.7,-2.5),.PIECEWISE_BEZIER_KNOTS.);
#6454 = CARTESIAN_POINT('',(6.7,-9.2));
#6455 = CARTESIAN_POINT('',(6.7,-5.));
#6456 = ( GEOMETRIC_REPRESENTATION_CONTEXT(2) 
PARAMETRIC_REPRESENTATION_CONTEXT() REPRESENTATION_CONTEXT('2D SPACE',''
  ) );
#6457 = PCURVE('',#6211,#6458);
#6458 = DEFINITIONAL_REPRESENTATION('',(#6459),#6462);
#6459 = B_SPLINE_CURVE_WITH_KNOTS('',1,(#6460,#6461),.UNSPECIFIED.,.F.,
  .F.,(2,2),(-6.7,-2.5),.PIECEWISE_BEZIER_KNOTS.);
#6460 = CARTESIAN_POINT('',(16.8,4.2));
#6461 = CARTESIAN_POINT('',(16.8,0.));
#6462 = ( GEOMETRIC_REPRESENTATION_CONTEXT(2) 
PARAMETRIC_REPRESENTATION_CONTEXT() REPRESENTATION_CONTEXT('2D SPACE',''
  ) );
#6463 = ADVANCED_FACE('',(#6464),#4599,.F.);
#6464 = FACE_BOUND('',#6465,.F.);
#6465 = EDGE_LOOP('',(#6466,#6467,#6468,#6469,#6492,#6512));
#6466 = ORIENTED_EDGE('',*,*,#4583,.F.);
#6467 = ORIENTED_EDGE('',*,*,#5395,.T.);
#6468 = ORIENTED_EDGE('',*,*,#4890,.T.);
#6469 = ORIENTED_EDGE('',*,*,#6470,.F.);
#6470 = EDGE_CURVE('',#6471,#4891,#6473,.T.);
#6471 = VERTEX_POINT('',#6472);
#6472 = CARTESIAN_POINT('',(21.499999998626,-36.,9.5));
#6473 = SURFACE_CURVE('',#6474,(#6478,#6485),.PCURVE_S1.);
#6474 = LINE('',#6475,#6476);
#6475 = CARTESIAN_POINT('',(21.499999998626,-36.,0.));
#6476 = VECTOR('',#6477,1.);
#6477 = DIRECTION('',(0.,0.,1.));
#6478 = PCURVE('',#4599,#6479);
#6479 = DEFINITIONAL_REPRESENTATION('',(#6480),#6484);
#6480 = LINE('',#6481,#6482);
#6481 = CARTESIAN_POINT('',(18.999999998626,0.));
#6482 = VECTOR('',#6483,1.);
#6483 = DIRECTION('',(0.,-1.));
#6484 = ( GEOMETRIC_REPRESENTATION_CONTEXT(2) 
PARAMETRIC_REPRESENTATION_CONTEXT() REPRESENTATION_CONTEXT('2D SPACE',''
  ) );
#6485 = PCURVE('',#4934,#6486);
#6486 = DEFINITIONAL_REPRESENTATION('',(#6487),#6491);
#6487 = LINE('',#6488,#6489);
#6488 = CARTESIAN_POINT('',(4.712388980385,0.));
#6489 = VECTOR('',#6490,1.);
#6490 = DIRECTION('',(0.,-1.));
#6491 = ( GEOMETRIC_REPRESENTATION_CONTEXT(2) 
PARAMETRIC_REPRESENTATION_CONTEXT() REPRESENTATION_CONTEXT('2D SPACE',''
  ) );
#6492 = ORIENTED_EDGE('',*,*,#6493,.F.);
#6493 = EDGE_CURVE('',#6397,#6471,#6494,.T.);
#6494 = SURFACE_CURVE('',#6495,(#6499,#6505),.PCURVE_S1.);
#6495 = LINE('',#6496,#6497);
#6496 = CARTESIAN_POINT('',(10.25,-36.,9.5));
#6497 = VECTOR('',#6498,1.);
#6498 = DIRECTION('',(1.,0.,0.));
#6499 = PCURVE('',#4599,#6500);
#6500 = DEFINITIONAL_REPRESENTATION('',(#6501),#6504);
#6501 = B_SPLINE_CURVE_WITH_KNOTS('',1,(#6502,#6503),.UNSPECIFIED.,.F.,
  .F.,(2,2),(7.75,11.249999998626),.PIECEWISE_BEZIER_KNOTS.);
#6502 = CARTESIAN_POINT('',(15.5,-9.5));
#6503 = CARTESIAN_POINT('',(18.999999998626,-9.5));
#6504 = ( GEOMETRIC_REPRESENTATION_CONTEXT(2) 
PARAMETRIC_REPRESENTATION_CONTEXT() REPRESENTATION_CONTEXT('2D SPACE',''
  ) );
#6505 = PCURVE('',#6412,#6506);
#6506 = DEFINITIONAL_REPRESENTATION('',(#6507),#6511);
#6507 = LINE('',#6508,#6509);
#6508 = CARTESIAN_POINT('',(-7.75,4.));
#6509 = VECTOR('',#6510,1.);
#6510 = DIRECTION('',(1.,0.));
#6511 = ( GEOMETRIC_REPRESENTATION_CONTEXT(2) 
PARAMETRIC_REPRESENTATION_CONTEXT() REPRESENTATION_CONTEXT('2D SPACE',''
  ) );
#6512 = ORIENTED_EDGE('',*,*,#6424,.T.);
#6513 = ADVANCED_FACE('',(#6514,#6583),#4517,.T.);
#6514 = FACE_BOUND('',#6515,.T.);
#6515 = EDGE_LOOP('',(#6516,#6517,#6518,#6519,#6542,#6564));
#6516 = ORIENTED_EDGE('',*,*,#4501,.F.);
#6517 = ORIENTED_EDGE('',*,*,#4837,.T.);
#6518 = ORIENTED_EDGE('',*,*,#5007,.T.);
#6519 = ORIENTED_EDGE('',*,*,#6520,.F.);
#6520 = EDGE_CURVE('',#6521,#4975,#6523,.T.);
#6521 = VERTEX_POINT('',#6522);
#6522 = CARTESIAN_POINT('',(21.499999998626,36.,9.5));
#6523 = SURFACE_CURVE('',#6524,(#6528,#6535),.PCURVE_S1.);
#6524 = LINE('',#6525,#6526);
#6525 = CARTESIAN_POINT('',(21.499999998626,36.,0.));
#6526 = VECTOR('',#6527,1.);
#6527 = DIRECTION('',(0.,0.,1.));
#6528 = PCURVE('',#4517,#6529);
#6529 = DEFINITIONAL_REPRESENTATION('',(#6530),#6534);
#6530 = LINE('',#6531,#6532);
#6531 = CARTESIAN_POINT('',(18.999999998626,0.));
#6532 = VECTOR('',#6533,1.);
#6533 = DIRECTION('',(0.,-1.));
#6534 = ( GEOMETRIC_REPRESENTATION_CONTEXT(2) 
PARAMETRIC_REPRESENTATION_CONTEXT() REPRESENTATION_CONTEXT('2D SPACE',''
  ) );
#6535 = PCURVE('',#4995,#6536);
#6536 = DEFINITIONAL_REPRESENTATION('',(#6537),#6541);
#6537 = LINE('',#6538,#6539);
#6538 = CARTESIAN_POINT('',(1.570796326795,0.));
#6539 = VECTOR('',#6540,1.);
#6540 = DIRECTION('',(0.,-1.));
#6541 = ( GEOMETRIC_REPRESENTATION_CONTEXT(2) 
PARAMETRIC_REPRESENTATION_CONTEXT() REPRESENTATION_CONTEXT('2D SPACE',''
  ) );
#6542 = ORIENTED_EDGE('',*,*,#6543,.F.);
#6543 = EDGE_CURVE('',#6544,#6521,#6546,.T.);
#6544 = VERTEX_POINT('',#6545);
#6545 = CARTESIAN_POINT('',(18.,36.,9.5));
#6546 = SURFACE_CURVE('',#6547,(#6551,#6557),.PCURVE_S1.);
#6547 = LINE('',#6548,#6549);
#6548 = CARTESIAN_POINT('',(10.25,36.,9.5));
#6549 = VECTOR('',#6550,1.);
#6550 = DIRECTION('',(1.,0.,0.));
#6551 = PCURVE('',#4517,#6552);
#6552 = DEFINITIONAL_REPRESENTATION('',(#6553),#6556);
#6553 = B_SPLINE_CURVE_WITH_KNOTS('',1,(#6554,#6555),.UNSPECIFIED.,.F.,
  .F.,(2,2),(7.75,11.249999998626),.PIECEWISE_BEZIER_KNOTS.);
#6554 = CARTESIAN_POINT('',(15.5,-9.5));
#6555 = CARTESIAN_POINT('',(18.999999998626,-9.5));
#6556 = ( GEOMETRIC_REPRESENTATION_CONTEXT(2) 
PARAMETRIC_REPRESENTATION_CONTEXT() REPRESENTATION_CONTEXT('2D SPACE',''
  ) );
#6557 = PCURVE('',#6412,#6558);
#6558 = DEFINITIONAL_REPRESENTATION('',(#6559),#6563);
#6559 = LINE('',#6560,#6561);
#6560 = CARTESIAN_POINT('',(-7.75,76.));
#6561 = VECTOR('',#6562,1.);
#6562 = DIRECTION('',(1.,0.));
#6563 = ( GEOMETRIC_REPRESENTATION_CONTEXT(2) 
PARAMETRIC_REPRESENTATION_CONTEXT() REPRESENTATION_CONTEXT('2D SPACE',''
  ) );
#6564 = ORIENTED_EDGE('',*,*,#6565,.T.);
#6565 = EDGE_CURVE('',#6544,#4474,#6566,.T.);
#6566 = SURFACE_CURVE('',#6567,(#6571,#6577),.PCURVE_S1.);
#6567 = LINE('',#6568,#6569);
#6568 = CARTESIAN_POINT('',(18.,36.,0.5));
#6569 = VECTOR('',#6570,1.);
#6570 = DIRECTION('',(-0.,0.,-1.));
#6571 = PCURVE('',#4517,#6572);
#6572 = DEFINITIONAL_REPRESENTATION('',(#6573),#6576);
#6573 = B_SPLINE_CURVE_WITH_KNOTS('',1,(#6574,#6575),.UNSPECIFIED.,.F.,
  .F.,(2,2),(-9.,-0.5),.PIECEWISE_BEZIER_KNOTS.);
#6574 = CARTESIAN_POINT('',(15.5,-9.5));
#6575 = CARTESIAN_POINT('',(15.5,-1.));
#6576 = ( GEOMETRIC_REPRESENTATION_CONTEXT(2) 
PARAMETRIC_REPRESENTATION_CONTEXT() REPRESENTATION_CONTEXT('2D SPACE',''
  ) );
#6577 = PCURVE('',#4489,#6578);
#6578 = DEFINITIONAL_REPRESENTATION('',(#6579),#6582);
#6579 = B_SPLINE_CURVE_WITH_KNOTS('',1,(#6580,#6581),.UNSPECIFIED.,.F.,
  .F.,(2,2),(-9.,-0.5),.PIECEWISE_BEZIER_KNOTS.);
#6580 = CARTESIAN_POINT('',(8.5,-76.));
#6581 = CARTESIAN_POINT('',(0.,-76.));
#6582 = ( GEOMETRIC_REPRESENTATION_CONTEXT(2) 
PARAMETRIC_REPRESENTATION_CONTEXT() REPRESENTATION_CONTEXT('2D SPACE',''
  ) );
#6583 = FACE_BOUND('',#6584,.T.);
#6584 = EDGE_LOOP('',(#6585,#6613,#6634,#6655));
#6585 = ORIENTED_EDGE('',*,*,#6586,.F.);
#6586 = EDGE_CURVE('',#6587,#6589,#6591,.T.);
#6587 = VERTEX_POINT('',#6588);
#6588 = CARTESIAN_POINT('',(7.2,36.,8.));
#6589 = VERTEX_POINT('',#6590);
#6590 = CARTESIAN_POINT('',(16.8,36.,8.));
#6591 = SURFACE_CURVE('',#6592,(#6596,#6602),.PCURVE_S1.);
#6592 = LINE('',#6593,#6594);
#6593 = CARTESIAN_POINT('',(4.85,36.,8.));
#6594 = VECTOR('',#6595,1.);
#6595 = DIRECTION('',(1.,0.,0.));
#6596 = PCURVE('',#4517,#6597);
#6597 = DEFINITIONAL_REPRESENTATION('',(#6598),#6601);
#6598 = B_SPLINE_CURVE_WITH_KNOTS('',1,(#6599,#6600),.UNSPECIFIED.,.F.,
  .F.,(2,2),(2.35,11.95),.PIECEWISE_BEZIER_KNOTS.);
#6599 = CARTESIAN_POINT('',(4.7,-8.));
#6600 = CARTESIAN_POINT('',(14.3,-8.));
#6601 = ( GEOMETRIC_REPRESENTATION_CONTEXT(2) 
PARAMETRIC_REPRESENTATION_CONTEXT() REPRESENTATION_CONTEXT('2D SPACE',''
  ) );
#6602 = PCURVE('',#6603,#6608);
#6603 = PLANE('',#6604);
#6604 = AXIS2_PLACEMENT_3D('',#6605,#6606,#6607);
#6605 = CARTESIAN_POINT('',(7.2,30.79,8.));
#6606 = DIRECTION('',(0.,0.,1.));
#6607 = DIRECTION('',(1.,0.,-0.));
#6608 = DEFINITIONAL_REPRESENTATION('',(#6609),#6612);
#6609 = B_SPLINE_CURVE_WITH_KNOTS('',1,(#6610,#6611),.UNSPECIFIED.,.F.,
  .F.,(2,2),(2.35,11.95),.PIECEWISE_BEZIER_KNOTS.);
#6610 = CARTESIAN_POINT('',(0.,5.21));
#6611 = CARTESIAN_POINT('',(9.6,5.21));
#6612 = ( GEOMETRIC_REPRESENTATION_CONTEXT(2) 
PARAMETRIC_REPRESENTATION_CONTEXT() REPRESENTATION_CONTEXT('2D SPACE',''
  ) );
#6613 = ORIENTED_EDGE('',*,*,#6614,.T.);
#6614 = EDGE_CURVE('',#6587,#6615,#6617,.T.);
#6615 = VERTEX_POINT('',#6616);
#6616 = CARTESIAN_POINT('',(7.2,36.,2.6));
#6617 = SURFACE_CURVE('',#6618,(#6622,#6628),.PCURVE_S1.);
#6618 = LINE('',#6619,#6620);
#6619 = CARTESIAN_POINT('',(7.2,36.,1.3));
#6620 = VECTOR('',#6621,1.);
#6621 = DIRECTION('',(-0.,0.,-1.));
#6622 = PCURVE('',#4517,#6623);
#6623 = DEFINITIONAL_REPRESENTATION('',(#6624),#6627);
#6624 = B_SPLINE_CURVE_WITH_KNOTS('',1,(#6625,#6626),.UNSPECIFIED.,.F.,
  .F.,(2,2),(-6.7,-1.3),.PIECEWISE_BEZIER_KNOTS.);
#6625 = CARTESIAN_POINT('',(4.7,-8.));
#6626 = CARTESIAN_POINT('',(4.7,-2.6));
#6627 = ( GEOMETRIC_REPRESENTATION_CONTEXT(2) 
PARAMETRIC_REPRESENTATION_CONTEXT() REPRESENTATION_CONTEXT('2D SPACE',''
  ) );
#6628 = PCURVE('',#5865,#6629);
#6629 = DEFINITIONAL_REPRESENTATION('',(#6630),#6633);
#6630 = B_SPLINE_CURVE_WITH_KNOTS('',1,(#6631,#6632),.UNSPECIFIED.,.F.,
  .F.,(2,2),(-6.7,-1.3),.PIECEWISE_BEZIER_KNOTS.);
#6631 = CARTESIAN_POINT('',(5.4,-5.21));
#6632 = CARTESIAN_POINT('',(0.,-5.21));
#6633 = ( GEOMETRIC_REPRESENTATION_CONTEXT(2) 
PARAMETRIC_REPRESENTATION_CONTEXT() REPRESENTATION_CONTEXT('2D SPACE',''
  ) );
#6634 = ORIENTED_EDGE('',*,*,#6635,.T.);
#6635 = EDGE_CURVE('',#6615,#6636,#6638,.T.);
#6636 = VERTEX_POINT('',#6637);
#6637 = CARTESIAN_POINT('',(16.8,36.,2.6));
#6638 = SURFACE_CURVE('',#6639,(#6643,#6649),.PCURVE_S1.);
#6639 = LINE('',#6640,#6641);
#6640 = CARTESIAN_POINT('',(4.85,36.,2.6));
#6641 = VECTOR('',#6642,1.);
#6642 = DIRECTION('',(1.,0.,0.));
#6643 = PCURVE('',#4517,#6644);
#6644 = DEFINITIONAL_REPRESENTATION('',(#6645),#6648);
#6645 = B_SPLINE_CURVE_WITH_KNOTS('',1,(#6646,#6647),.UNSPECIFIED.,.F.,
  .F.,(2,2),(2.35,11.95),.PIECEWISE_BEZIER_KNOTS.);
#6646 = CARTESIAN_POINT('',(4.7,-2.6));
#6647 = CARTESIAN_POINT('',(14.3,-2.6));
#6648 = ( GEOMETRIC_REPRESENTATION_CONTEXT(2) 
PARAMETRIC_REPRESENTATION_CONTEXT() REPRESENTATION_CONTEXT('2D SPACE',''
  ) );
#6649 = PCURVE('',#5891,#6650);
#6650 = DEFINITIONAL_REPRESENTATION('',(#6651),#6654);
#6651 = B_SPLINE_CURVE_WITH_KNOTS('',1,(#6652,#6653),.UNSPECIFIED.,.F.,
  .F.,(2,2),(2.35,11.95),.PIECEWISE_BEZIER_KNOTS.);
#6652 = CARTESIAN_POINT('',(0.,5.21));
#6653 = CARTESIAN_POINT('',(9.6,5.21));
#6654 = ( GEOMETRIC_REPRESENTATION_CONTEXT(2) 
PARAMETRIC_REPRESENTATION_CONTEXT() REPRESENTATION_CONTEXT('2D SPACE',''
  ) );
#6655 = ORIENTED_EDGE('',*,*,#6656,.F.);
#6656 = EDGE_CURVE('',#6589,#6636,#6657,.T.);
#6657 = SURFACE_CURVE('',#6658,(#6662,#6668),.PCURVE_S1.);
#6658 = LINE('',#6659,#6660);
#6659 = CARTESIAN_POINT('',(16.8,36.,1.3));
#6660 = VECTOR('',#6661,1.);
#6661 = DIRECTION('',(-0.,0.,-1.));
#6662 = PCURVE('',#4517,#6663);
#6663 = DEFINITIONAL_REPRESENTATION('',(#6664),#6667);
#6664 = B_SPLINE_CURVE_WITH_KNOTS('',1,(#6665,#6666),.UNSPECIFIED.,.F.,
  .F.,(2,2),(-6.7,-1.3),.PIECEWISE_BEZIER_KNOTS.);
#6665 = CARTESIAN_POINT('',(14.3,-8.));
#6666 = CARTESIAN_POINT('',(14.3,-2.6));
#6667 = ( GEOMETRIC_REPRESENTATION_CONTEXT(2) 
PARAMETRIC_REPRESENTATION_CONTEXT() REPRESENTATION_CONTEXT('2D SPACE',''
  ) );
#6668 = PCURVE('',#5917,#6669);
#6669 = DEFINITIONAL_REPRESENTATION('',(#6670),#6673);
#6670 = B_SPLINE_CURVE_WITH_KNOTS('',1,(#6671,#6672),.UNSPECIFIED.,.F.,
  .F.,(2,2),(-6.7,-1.3),.PIECEWISE_BEZIER_KNOTS.);
#6671 = CARTESIAN_POINT('',(5.4,-5.21));
#6672 = CARTESIAN_POINT('',(0.,-5.21));
#6673 = ( GEOMETRIC_REPRESENTATION_CONTEXT(2) 
PARAMETRIC_REPRESENTATION_CONTEXT() REPRESENTATION_CONTEXT('2D SPACE',''
  ) );
#6674 = ADVANCED_FACE('',(#6675),#4489,.T.);
#6675 = FACE_BOUND('',#6676,.T.);
#6676 = EDGE_LOOP('',(#6677,#6678,#6701,#6727,#6746,#6747));
#6677 = ORIENTED_EDGE('',*,*,#6565,.F.);
#6678 = ORIENTED_EDGE('',*,*,#6679,.F.);
#6679 = EDGE_CURVE('',#6680,#6544,#6682,.T.);
#6680 = VERTEX_POINT('',#6681);
#6681 = CARTESIAN_POINT('',(18.,30.8,9.5));
#6682 = SURFACE_CURVE('',#6683,(#6687,#6694),.PCURVE_S1.);
#6683 = LINE('',#6684,#6685);
#6684 = CARTESIAN_POINT('',(18.,-40.,9.5));
#6685 = VECTOR('',#6686,1.);
#6686 = DIRECTION('',(-0.,1.,0.));
#6687 = PCURVE('',#4489,#6688);
#6688 = DEFINITIONAL_REPRESENTATION('',(#6689),#6693);
#6689 = LINE('',#6690,#6691);
#6690 = CARTESIAN_POINT('',(8.5,0.));
#6691 = VECTOR('',#6692,1.);
#6692 = DIRECTION('',(0.,-1.));
#6693 = ( GEOMETRIC_REPRESENTATION_CONTEXT(2) 
PARAMETRIC_REPRESENTATION_CONTEXT() REPRESENTATION_CONTEXT('2D SPACE',''
  ) );
#6694 = PCURVE('',#6412,#6695);
#6695 = DEFINITIONAL_REPRESENTATION('',(#6696),#6700);
#6696 = LINE('',#6697,#6698);
#6697 = CARTESIAN_POINT('',(0.,0.));
#6698 = VECTOR('',#6699,1.);
#6699 = DIRECTION('',(0.,1.));
#6700 = ( GEOMETRIC_REPRESENTATION_CONTEXT(2) 
PARAMETRIC_REPRESENTATION_CONTEXT() REPRESENTATION_CONTEXT('2D SPACE',''
  ) );
#6701 = ORIENTED_EDGE('',*,*,#6702,.T.);
#6702 = EDGE_CURVE('',#6680,#6703,#6705,.T.);
#6703 = VERTEX_POINT('',#6704);
#6704 = CARTESIAN_POINT('',(18.,30.8,7.7));
#6705 = SURFACE_CURVE('',#6706,(#6710,#6716),.PCURVE_S1.);
#6706 = LINE('',#6707,#6708);
#6707 = CARTESIAN_POINT('',(18.,30.8,1.5));
#6708 = VECTOR('',#6709,1.);
#6709 = DIRECTION('',(-0.,0.,-1.));
#6710 = PCURVE('',#4489,#6711);
#6711 = DEFINITIONAL_REPRESENTATION('',(#6712),#6715);
#6712 = B_SPLINE_CURVE_WITH_KNOTS('',1,(#6713,#6714),.UNSPECIFIED.,.F.,
  .F.,(2,2),(-8.,0.5),.PIECEWISE_BEZIER_KNOTS.);
#6713 = CARTESIAN_POINT('',(8.5,-70.8));
#6714 = CARTESIAN_POINT('',(0.,-70.8));
#6715 = ( GEOMETRIC_REPRESENTATION_CONTEXT(2) 
PARAMETRIC_REPRESENTATION_CONTEXT() REPRESENTATION_CONTEXT('2D SPACE',''
  ) );
#6716 = PCURVE('',#6717,#6722);
#6717 = PLANE('',#6718);
#6718 = AXIS2_PLACEMENT_3D('',#6719,#6720,#6721);
#6719 = CARTESIAN_POINT('',(1.49999999999,30.8,2.));
#6720 = DIRECTION('',(0.,1.,0.));
#6721 = DIRECTION('',(1.,0.,0.));
#6722 = DEFINITIONAL_REPRESENTATION('',(#6723),#6726);
#6723 = B_SPLINE_CURVE_WITH_KNOTS('',1,(#6724,#6725),.UNSPECIFIED.,.F.,
  .F.,(2,2),(-8.,0.5),.PIECEWISE_BEZIER_KNOTS.);
#6724 = CARTESIAN_POINT('',(16.50000000001,-7.5));
#6725 = CARTESIAN_POINT('',(16.50000000001,1.));
#6726 = ( GEOMETRIC_REPRESENTATION_CONTEXT(2) 
PARAMETRIC_REPRESENTATION_CONTEXT() REPRESENTATION_CONTEXT('2D SPACE',''
  ) );
#6727 = ORIENTED_EDGE('',*,*,#6728,.F.);
#6728 = EDGE_CURVE('',#5929,#6703,#6729,.T.);
#6729 = SURFACE_CURVE('',#6730,(#6734,#6740),.PCURVE_S1.);
#6730 = LINE('',#6731,#6732);
#6731 = CARTESIAN_POINT('',(18.,-4.7,7.7));
#6732 = VECTOR('',#6733,1.);
#6733 = DIRECTION('',(0.,-1.,0.));
#6734 = PCURVE('',#4489,#6735);
#6735 = DEFINITIONAL_REPRESENTATION('',(#6736),#6739);
#6736 = B_SPLINE_CURVE_WITH_KNOTS('',1,(#6737,#6738),.UNSPECIFIED.,.F.,
  .F.,(2,2),(-39.7,-35.5),.PIECEWISE_BEZIER_KNOTS.);
#6737 = CARTESIAN_POINT('',(6.7,-75.));
#6738 = CARTESIAN_POINT('',(6.7,-70.8));
#6739 = ( GEOMETRIC_REPRESENTATION_CONTEXT(2) 
PARAMETRIC_REPRESENTATION_CONTEXT() REPRESENTATION_CONTEXT('2D SPACE',''
  ) );
#6740 = PCURVE('',#5944,#6741);
#6741 = DEFINITIONAL_REPRESENTATION('',(#6742),#6745);
#6742 = B_SPLINE_CURVE_WITH_KNOTS('',1,(#6743,#6744),.UNSPECIFIED.,.F.,
  .F.,(2,2),(-39.7,-35.5),.PIECEWISE_BEZIER_KNOTS.);
#6743 = CARTESIAN_POINT('',(16.8,4.4));
#6744 = CARTESIAN_POINT('',(16.8,0.2));
#6745 = ( GEOMETRIC_REPRESENTATION_CONTEXT(2) 
PARAMETRIC_REPRESENTATION_CONTEXT() REPRESENTATION_CONTEXT('2D SPACE',''
  ) );
#6746 = ORIENTED_EDGE('',*,*,#5956,.F.);
#6747 = ORIENTED_EDGE('',*,*,#4473,.T.);
#6748 = ADVANCED_FACE('',(#6749),#4934,.T.);
#6749 = FACE_BOUND('',#6750,.T.);
#6750 = EDGE_LOOP('',(#6751,#6779,#6800,#6801));
#6751 = ORIENTED_EDGE('',*,*,#6752,.F.);
#6752 = EDGE_CURVE('',#6753,#6471,#6755,.T.);
#6753 = VERTEX_POINT('',#6754);
#6754 = CARTESIAN_POINT('',(23.999999999313,-33.5,9.5));
#6755 = SURFACE_CURVE('',#6756,(#6761,#6768),.PCURVE_S1.);
#6756 = CIRCLE('',#6757,2.5);
#6757 = AXIS2_PLACEMENT_3D('',#6758,#6759,#6760);
#6758 = CARTESIAN_POINT('',(21.499999998626,-33.5,9.5));
#6759 = DIRECTION('',(0.,0.,-1.));
#6760 = DIRECTION('',(-1.,0.,0.));
#6761 = PCURVE('',#4934,#6762);
#6762 = DEFINITIONAL_REPRESENTATION('',(#6763),#6767);
#6763 = LINE('',#6764,#6765);
#6764 = CARTESIAN_POINT('',(0.,-9.5));
#6765 = VECTOR('',#6766,1.);
#6766 = DIRECTION('',(1.,0.));
#6767 = ( GEOMETRIC_REPRESENTATION_CONTEXT(2) 
PARAMETRIC_REPRESENTATION_CONTEXT() REPRESENTATION_CONTEXT('2D SPACE',''
  ) );
#6768 = PCURVE('',#6412,#6769);
#6769 = DEFINITIONAL_REPRESENTATION('',(#6770),#6778);
#6770 = ( BOUNDED_CURVE() B_SPLINE_CURVE(2,(#6771,#6772,#6773,#6774,
#6775,#6776,#6777),.UNSPECIFIED.,.T.,.F.) B_SPLINE_CURVE_WITH_KNOTS((1,2
    ,2,2,2,1),(-2.094395102393,0.,2.094395102393,4.188790204786,
6.28318530718,8.377580409573),.UNSPECIFIED.) CURVE() 
GEOMETRIC_REPRESENTATION_ITEM() RATIONAL_B_SPLINE_CURVE((1.,0.5,1.,0.5,
1.,0.5,1.)) REPRESENTATION_ITEM('') );
#6771 = CARTESIAN_POINT('',(0.999999998626,6.5));
#6772 = CARTESIAN_POINT('',(0.999999998626,10.830127018922));
#6773 = CARTESIAN_POINT('',(4.749999998626,8.665063509461));
#6774 = CARTESIAN_POINT('',(8.499999998626,6.5));
#6775 = CARTESIAN_POINT('',(4.749999998626,4.334936490539));
#6776 = CARTESIAN_POINT('',(0.999999998626,2.169872981078));
#6777 = CARTESIAN_POINT('',(0.999999998626,6.5));
#6778 = ( GEOMETRIC_REPRESENTATION_CONTEXT(2) 
PARAMETRIC_REPRESENTATION_CONTEXT() REPRESENTATION_CONTEXT('2D SPACE',''
  ) );
#6779 = ORIENTED_EDGE('',*,*,#6780,.T.);
#6780 = EDGE_CURVE('',#6753,#4914,#6781,.T.);
#6781 = SURFACE_CURVE('',#6782,(#6786,#6793),.PCURVE_S1.);
#6782 = LINE('',#6783,#6784);
#6783 = CARTESIAN_POINT('',(23.999999999313,-33.5,0.));
#6784 = VECTOR('',#6785,1.);
#6785 = DIRECTION('',(0.,0.,1.));
#6786 = PCURVE('',#4934,#6787);
#6787 = DEFINITIONAL_REPRESENTATION('',(#6788),#6792);
#6788 = LINE('',#6789,#6790);
#6789 = CARTESIAN_POINT('',(3.14159265359,0.));
#6790 = VECTOR('',#6791,1.);
#6791 = DIRECTION('',(0.,-1.));
#6792 = ( GEOMETRIC_REPRESENTATION_CONTEXT(2) 
PARAMETRIC_REPRESENTATION_CONTEXT() REPRESENTATION_CONTEXT('2D SPACE',''
  ) );
#6793 = PCURVE('',#4962,#6794);
#6794 = DEFINITIONAL_REPRESENTATION('',(#6795),#6799);
#6795 = LINE('',#6796,#6797);
#6796 = CARTESIAN_POINT('',(0.,0.));
#6797 = VECTOR('',#6798,1.);
#6798 = DIRECTION('',(0.,-1.));
#6799 = ( GEOMETRIC_REPRESENTATION_CONTEXT(2) 
PARAMETRIC_REPRESENTATION_CONTEXT() REPRESENTATION_CONTEXT('2D SPACE',''
  ) );
#6800 = ORIENTED_EDGE('',*,*,#4913,.T.);
#6801 = ORIENTED_EDGE('',*,*,#6470,.F.);
#6802 = ADVANCED_FACE('',(#6803),#4995,.T.);
#6803 = FACE_BOUND('',#6804,.T.);
#6804 = EDGE_LOOP('',(#6805,#6833,#6834,#6835));
#6805 = ORIENTED_EDGE('',*,*,#6806,.F.);
#6806 = EDGE_CURVE('',#6521,#6807,#6809,.T.);
#6807 = VERTEX_POINT('',#6808);
#6808 = CARTESIAN_POINT('',(23.999999999313,33.5,9.5));
#6809 = SURFACE_CURVE('',#6810,(#6815,#6822),.PCURVE_S1.);
#6810 = CIRCLE('',#6811,2.5);
#6811 = AXIS2_PLACEMENT_3D('',#6812,#6813,#6814);
#6812 = CARTESIAN_POINT('',(21.499999998626,33.5,9.5));
#6813 = DIRECTION('',(0.,0.,-1.));
#6814 = DIRECTION('',(-1.,0.,0.));
#6815 = PCURVE('',#4995,#6816);
#6816 = DEFINITIONAL_REPRESENTATION('',(#6817),#6821);
#6817 = LINE('',#6818,#6819);
#6818 = CARTESIAN_POINT('',(0.,-9.5));
#6819 = VECTOR('',#6820,1.);
#6820 = DIRECTION('',(1.,0.));
#6821 = ( GEOMETRIC_REPRESENTATION_CONTEXT(2) 
PARAMETRIC_REPRESENTATION_CONTEXT() REPRESENTATION_CONTEXT('2D SPACE',''
  ) );
#6822 = PCURVE('',#6412,#6823);
#6823 = DEFINITIONAL_REPRESENTATION('',(#6824),#6832);
#6824 = ( BOUNDED_CURVE() B_SPLINE_CURVE(2,(#6825,#6826,#6827,#6828,
#6829,#6830,#6831),.UNSPECIFIED.,.T.,.F.) B_SPLINE_CURVE_WITH_KNOTS((1,2
    ,2,2,2,1),(-2.094395102393,0.,2.094395102393,4.188790204786,
6.28318530718,8.377580409573),.UNSPECIFIED.) CURVE() 
GEOMETRIC_REPRESENTATION_ITEM() RATIONAL_B_SPLINE_CURVE((1.,0.5,1.,0.5,
1.,0.5,1.)) REPRESENTATION_ITEM('') );
#6825 = CARTESIAN_POINT('',(0.999999998626,73.5));
#6826 = CARTESIAN_POINT('',(0.999999998626,77.830127018922));
#6827 = CARTESIAN_POINT('',(4.749999998626,75.665063509461));
#6828 = CARTESIAN_POINT('',(8.499999998626,73.5));
#6829 = CARTESIAN_POINT('',(4.749999998626,71.334936490539));
#6830 = CARTESIAN_POINT('',(0.999999998626,69.169872981078));
#6831 = CARTESIAN_POINT('',(0.999999998626,73.5));
#6832 = ( GEOMETRIC_REPRESENTATION_CONTEXT(2) 
PARAMETRIC_REPRESENTATION_CONTEXT() REPRESENTATION_CONTEXT('2D SPACE',''
  ) );
#6833 = ORIENTED_EDGE('',*,*,#6520,.T.);
#6834 = ORIENTED_EDGE('',*,*,#4974,.T.);
#6835 = ORIENTED_EDGE('',*,*,#6836,.F.);
#6836 = EDGE_CURVE('',#6807,#4947,#6837,.T.);
#6837 = SURFACE_CURVE('',#6838,(#6842,#6849),.PCURVE_S1.);
#6838 = LINE('',#6839,#6840);
#6839 = CARTESIAN_POINT('',(23.999999999313,33.5,0.));
#6840 = VECTOR('',#6841,1.);
#6841 = DIRECTION('',(0.,0.,1.));
#6842 = PCURVE('',#4995,#6843);
#6843 = DEFINITIONAL_REPRESENTATION('',(#6844),#6848);
#6844 = LINE('',#6845,#6846);
#6845 = CARTESIAN_POINT('',(3.14159265359,0.));
#6846 = VECTOR('',#6847,1.);
#6847 = DIRECTION('',(0.,-1.));
#6848 = ( GEOMETRIC_REPRESENTATION_CONTEXT(2) 
PARAMETRIC_REPRESENTATION_CONTEXT() REPRESENTATION_CONTEXT('2D SPACE',''
  ) );
#6849 = PCURVE('',#4962,#6850);
#6850 = DEFINITIONAL_REPRESENTATION('',(#6851),#6855);
#6851 = LINE('',#6852,#6853);
#6852 = CARTESIAN_POINT('',(67.,0.));
#6853 = VECTOR('',#6854,1.);
#6854 = DIRECTION('',(0.,-1.));
#6855 = ( GEOMETRIC_REPRESENTATION_CONTEXT(2) 
PARAMETRIC_REPRESENTATION_CONTEXT() REPRESENTATION_CONTEXT('2D SPACE',''
  ) );
#6856 = ADVANCED_FACE('',(#6857),#4962,.F.);
#6857 = FACE_BOUND('',#6858,.F.);
#6858 = EDGE_LOOP('',(#6859,#6879,#6880,#6881));
#6859 = ORIENTED_EDGE('',*,*,#6860,.F.);
#6860 = EDGE_CURVE('',#6753,#6807,#6861,.T.);
#6861 = SURFACE_CURVE('',#6862,(#6866,#6872),.PCURVE_S1.);
#6862 = LINE('',#6863,#6864);
#6863 = CARTESIAN_POINT('',(24.,-36.75,9.5));
#6864 = VECTOR('',#6865,1.);
#6865 = DIRECTION('',(0.,1.,-0.));
#6866 = PCURVE('',#4962,#6867);
#6867 = DEFINITIONAL_REPRESENTATION('',(#6868),#6871);
#6868 = B_SPLINE_CURVE_WITH_KNOTS('',1,(#6869,#6870),.UNSPECIFIED.,.F.,
  .F.,(2,2),(3.25,70.25),.PIECEWISE_BEZIER_KNOTS.);
#6869 = CARTESIAN_POINT('',(0.,-9.5));
#6870 = CARTESIAN_POINT('',(67.,-9.5));
#6871 = ( GEOMETRIC_REPRESENTATION_CONTEXT(2) 
PARAMETRIC_REPRESENTATION_CONTEXT() REPRESENTATION_CONTEXT('2D SPACE',''
  ) );
#6872 = PCURVE('',#6412,#6873);
#6873 = DEFINITIONAL_REPRESENTATION('',(#6874),#6878);
#6874 = LINE('',#6875,#6876);
#6875 = CARTESIAN_POINT('',(6.,3.25));
#6876 = VECTOR('',#6877,1.);
#6877 = DIRECTION('',(0.,1.));
#6878 = ( GEOMETRIC_REPRESENTATION_CONTEXT(2) 
PARAMETRIC_REPRESENTATION_CONTEXT() REPRESENTATION_CONTEXT('2D SPACE',''
  ) );
#6879 = ORIENTED_EDGE('',*,*,#6780,.T.);
#6880 = ORIENTED_EDGE('',*,*,#4946,.T.);
#6881 = ORIENTED_EDGE('',*,*,#6836,.F.);
#6882 = ADVANCED_FACE('',(#6883),#5048,.F.);
#6883 = FACE_BOUND('',#6884,.F.);
#6884 = EDGE_LOOP('',(#6885,#6886,#6909,#6936));
#6885 = ORIENTED_EDGE('',*,*,#5031,.F.);
#6886 = ORIENTED_EDGE('',*,*,#6887,.F.);
#6887 = EDGE_CURVE('',#6888,#5032,#6890,.T.);
#6888 = VERTEX_POINT('',#6889);
#6889 = CARTESIAN_POINT('',(4.45,-32.8,10.6));
#6890 = SEAM_CURVE('',#6891,(#6895,#6902),.PCURVE_S1.);
#6891 = LINE('',#6892,#6893);
#6892 = CARTESIAN_POINT('',(4.45,-32.8,10.6));
#6893 = VECTOR('',#6894,1.);
#6894 = DIRECTION('',(0.707106781187,-1.731912112471E-16,0.707106781187)
  );
#6895 = PCURVE('',#5048,#6896);
#6896 = DEFINITIONAL_REPRESENTATION('',(#6897),#6901);
#6897 = LINE('',#6898,#6899);
#6898 = CARTESIAN_POINT('',(6.28318530718,-0.));
#6899 = VECTOR('',#6900,1.);
#6900 = DIRECTION('',(0.,1.));
#6901 = ( GEOMETRIC_REPRESENTATION_CONTEXT(2) 
PARAMETRIC_REPRESENTATION_CONTEXT() REPRESENTATION_CONTEXT('2D SPACE',''
  ) );
#6902 = PCURVE('',#5048,#6903);
#6903 = DEFINITIONAL_REPRESENTATION('',(#6904),#6908);
#6904 = LINE('',#6905,#6906);
#6905 = CARTESIAN_POINT('',(0.,-0.));
#6906 = VECTOR('',#6907,1.);
#6907 = DIRECTION('',(0.,1.));
#6908 = ( GEOMETRIC_REPRESENTATION_CONTEXT(2) 
PARAMETRIC_REPRESENTATION_CONTEXT() REPRESENTATION_CONTEXT('2D SPACE',''
  ) );
#6909 = ORIENTED_EDGE('',*,*,#6910,.T.);
#6910 = EDGE_CURVE('',#6888,#6888,#6911,.T.);
#6911 = SURFACE_CURVE('',#6912,(#6917,#6924),.PCURVE_S1.);
#6912 = CIRCLE('',#6913,1.15);
#6913 = AXIS2_PLACEMENT_3D('',#6914,#6915,#6916);
#6914 = CARTESIAN_POINT('',(3.3,-32.8,10.6));
#6915 = DIRECTION('',(0.,0.,1.));
#6916 = DIRECTION('',(1.,0.,-0.));
#6917 = PCURVE('',#5048,#6918);
#6918 = DEFINITIONAL_REPRESENTATION('',(#6919),#6923);
#6919 = LINE('',#6920,#6921);
#6920 = CARTESIAN_POINT('',(0.,0.));
#6921 = VECTOR('',#6922,1.);
#6922 = DIRECTION('',(1.,0.));
#6923 = ( GEOMETRIC_REPRESENTATION_CONTEXT(2) 
PARAMETRIC_REPRESENTATION_CONTEXT() REPRESENTATION_CONTEXT('2D SPACE',''
  ) );
#6924 = PCURVE('',#6925,#6930);
#6925 = CYLINDRICAL_SURFACE('',#6926,1.15);
#6926 = AXIS2_PLACEMENT_3D('',#6927,#6928,#6929);
#6927 = CARTESIAN_POINT('',(3.3,-32.8,7.4));
#6928 = DIRECTION('',(0.,0.,1.));
#6929 = DIRECTION('',(1.,0.,-0.));
#6930 = DEFINITIONAL_REPRESENTATION('',(#6931),#6935);
#6931 = LINE('',#6932,#6933);
#6932 = CARTESIAN_POINT('',(0.,3.2));
#6933 = VECTOR('',#6934,1.);
#6934 = DIRECTION('',(1.,0.));
#6935 = ( GEOMETRIC_REPRESENTATION_CONTEXT(2) 
PARAMETRIC_REPRESENTATION_CONTEXT() REPRESENTATION_CONTEXT('2D SPACE',''
  ) );
#6936 = ORIENTED_EDGE('',*,*,#6887,.T.);
#6937 = ADVANCED_FACE('',(#6938),#5079,.F.);
#6938 = FACE_BOUND('',#6939,.F.);
#6939 = EDGE_LOOP('',(#6940,#6964,#6985,#6986));
#6940 = ORIENTED_EDGE('',*,*,#6941,.T.);
#6941 = EDGE_CURVE('',#6942,#6944,#6946,.T.);
#6942 = VERTEX_POINT('',#6943);
#6943 = CARTESIAN_POINT('',(3.3,-9.199999973561,9.5));
#6944 = VERTEX_POINT('',#6945);
#6945 = CARTESIAN_POINT('',(3.3,-11.40000003873,9.5));
#6946 = SURFACE_CURVE('',#6947,(#6951,#6957),.PCURVE_S1.);
#6947 = LINE('',#6948,#6949);
#6948 = CARTESIAN_POINT('',(3.3,-5.700000019365,9.5));
#6949 = VECTOR('',#6950,1.);
#6950 = DIRECTION('',(0.,-1.,0.));
#6951 = PCURVE('',#5079,#6952);
#6952 = DEFINITIONAL_REPRESENTATION('',(#6953),#6956);
#6953 = B_SPLINE_CURVE_WITH_KNOTS('',1,(#6954,#6955),.UNSPECIFIED.,.F.,
  .F.,(2,2),(3.499999954196,5.700000019365),.PIECEWISE_BEZIER_KNOTS.);
#6954 = CARTESIAN_POINT('',(2.200000065169,-1.E-01));
#6955 = CARTESIAN_POINT('',(0.,-1.E-01));
#6956 = ( GEOMETRIC_REPRESENTATION_CONTEXT(2) 
PARAMETRIC_REPRESENTATION_CONTEXT() REPRESENTATION_CONTEXT('2D SPACE',''
  ) );
#6957 = PCURVE('',#6412,#6958);
#6958 = DEFINITIONAL_REPRESENTATION('',(#6959),#6963);
#6959 = LINE('',#6960,#6961);
#6960 = CARTESIAN_POINT('',(-14.7,34.299999980635));
#6961 = VECTOR('',#6962,1.);
#6962 = DIRECTION('',(0.,-1.));
#6963 = ( GEOMETRIC_REPRESENTATION_CONTEXT(2) 
PARAMETRIC_REPRESENTATION_CONTEXT() REPRESENTATION_CONTEXT('2D SPACE',''
  ) );
#6964 = ORIENTED_EDGE('',*,*,#6965,.T.);
#6965 = EDGE_CURVE('',#6944,#5065,#6966,.T.);
#6966 = SURFACE_CURVE('',#6967,(#6971,#6978),.PCURVE_S1.);
#6967 = LINE('',#6968,#6969);
#6968 = CARTESIAN_POINT('',(3.3,-11.40000003873,9.4));
#6969 = VECTOR('',#6970,1.);
#6970 = DIRECTION('',(0.,0.,1.));
#6971 = PCURVE('',#5079,#6972);
#6972 = DEFINITIONAL_REPRESENTATION('',(#6973),#6977);
#6973 = LINE('',#6974,#6975);
#6974 = CARTESIAN_POINT('',(-2.22044604925E-16,0.));
#6975 = VECTOR('',#6976,1.);
#6976 = DIRECTION('',(0.,-1.));
#6977 = ( GEOMETRIC_REPRESENTATION_CONTEXT(2) 
PARAMETRIC_REPRESENTATION_CONTEXT() REPRESENTATION_CONTEXT('2D SPACE',''
  ) );
#6978 = PCURVE('',#5286,#6979);
#6979 = DEFINITIONAL_REPRESENTATION('',(#6980),#6984);
#6980 = LINE('',#6981,#6982);
#6981 = CARTESIAN_POINT('',(6.28318530718,0.));
#6982 = VECTOR('',#6983,1.);
#6983 = DIRECTION('',(0.,-1.));
#6984 = ( GEOMETRIC_REPRESENTATION_CONTEXT(2) 
PARAMETRIC_REPRESENTATION_CONTEXT() REPRESENTATION_CONTEXT('2D SPACE',''
  ) );
#6985 = ORIENTED_EDGE('',*,*,#5062,.F.);
#6986 = ORIENTED_EDGE('',*,*,#6987,.F.);
#6987 = EDGE_CURVE('',#6942,#5063,#6988,.T.);
#6988 = SURFACE_CURVE('',#6989,(#6993,#7000),.PCURVE_S1.);
#6989 = LINE('',#6990,#6991);
#6990 = CARTESIAN_POINT('',(3.3,-9.199999973561,9.4));
#6991 = VECTOR('',#6992,1.);
#6992 = DIRECTION('',(0.,0.,1.));
#6993 = PCURVE('',#5079,#6994);
#6994 = DEFINITIONAL_REPRESENTATION('',(#6995),#6999);
#6995 = LINE('',#6996,#6997);
#6996 = CARTESIAN_POINT('',(2.200000065169,0.));
#6997 = VECTOR('',#6998,1.);
#6998 = DIRECTION('',(0.,-1.));
#6999 = ( GEOMETRIC_REPRESENTATION_CONTEXT(2) 
PARAMETRIC_REPRESENTATION_CONTEXT() REPRESENTATION_CONTEXT('2D SPACE',''
  ) );
#7000 = PCURVE('',#5111,#7001);
#7001 = DEFINITIONAL_REPRESENTATION('',(#7002),#7006);
#7002 = LINE('',#7003,#7004);
#7003 = CARTESIAN_POINT('',(0.,0.));
#7004 = VECTOR('',#7005,1.);
#7005 = DIRECTION('',(0.,-1.));
#7006 = ( GEOMETRIC_REPRESENTATION_CONTEXT(2) 
PARAMETRIC_REPRESENTATION_CONTEXT() REPRESENTATION_CONTEXT('2D SPACE',''
  ) );
#7007 = ADVANCED_FACE('',(#7008),#5111,.F.);
#7008 = FACE_BOUND('',#7009,.F.);
#7009 = EDGE_LOOP('',(#7010,#7038,#7039,#7040));
#7010 = ORIENTED_EDGE('',*,*,#7011,.F.);
#7011 = EDGE_CURVE('',#6942,#7012,#7014,.T.);
#7012 = VERTEX_POINT('',#7013);
#7013 = CARTESIAN_POINT('',(3.7,-8.799999967416,9.5));
#7014 = SURFACE_CURVE('',#7015,(#7020,#7027),.PCURVE_S1.);
#7015 = CIRCLE('',#7016,0.4);
#7016 = AXIS2_PLACEMENT_3D('',#7017,#7018,#7019);
#7017 = CARTESIAN_POINT('',(3.7,-9.199999973561,9.5));
#7018 = DIRECTION('',(0.,0.,-1.));
#7019 = DIRECTION('',(-1.,0.,0.));
#7020 = PCURVE('',#5111,#7021);
#7021 = DEFINITIONAL_REPRESENTATION('',(#7022),#7026);
#7022 = LINE('',#7023,#7024);
#7023 = CARTESIAN_POINT('',(0.,-1.E-01));
#7024 = VECTOR('',#7025,1.);
#7025 = DIRECTION('',(1.,0.));
#7026 = ( GEOMETRIC_REPRESENTATION_CONTEXT(2) 
PARAMETRIC_REPRESENTATION_CONTEXT() REPRESENTATION_CONTEXT('2D SPACE',''
  ) );
#7027 = PCURVE('',#6412,#7028);
#7028 = DEFINITIONAL_REPRESENTATION('',(#7029),#7037);
#7029 = ( BOUNDED_CURVE() B_SPLINE_CURVE(2,(#7030,#7031,#7032,#7033,
#7034,#7035,#7036),.UNSPECIFIED.,.T.,.F.) B_SPLINE_CURVE_WITH_KNOTS((1,2
    ,2,2,2,1),(-2.094395102393,0.,2.094395102393,4.188790204786,
6.28318530718,8.377580409573),.UNSPECIFIED.) CURVE() 
GEOMETRIC_REPRESENTATION_ITEM() RATIONAL_B_SPLINE_CURVE((1.,0.5,1.,0.5,
1.,0.5,1.)) REPRESENTATION_ITEM('') );
#7030 = CARTESIAN_POINT('',(-14.7,30.800000026439));
#7031 = CARTESIAN_POINT('',(-14.7,31.492820349466));
#7032 = CARTESIAN_POINT('',(-14.1,31.146410187952));
#7033 = CARTESIAN_POINT('',(-13.5,30.800000026439));
#7034 = CARTESIAN_POINT('',(-14.1,30.453589864925));
#7035 = CARTESIAN_POINT('',(-14.7,30.107179703411));
#7036 = CARTESIAN_POINT('',(-14.7,30.800000026439));
#7037 = ( GEOMETRIC_REPRESENTATION_CONTEXT(2) 
PARAMETRIC_REPRESENTATION_CONTEXT() REPRESENTATION_CONTEXT('2D SPACE',''
  ) );
#7038 = ORIENTED_EDGE('',*,*,#6987,.T.);
#7039 = ORIENTED_EDGE('',*,*,#5090,.T.);
#7040 = ORIENTED_EDGE('',*,*,#7041,.F.);
#7041 = EDGE_CURVE('',#7012,#5091,#7042,.T.);
#7042 = SURFACE_CURVE('',#7043,(#7047,#7054),.PCURVE_S1.);
#7043 = LINE('',#7044,#7045);
#7044 = CARTESIAN_POINT('',(3.7,-8.799999967416,9.4));
#7045 = VECTOR('',#7046,1.);
#7046 = DIRECTION('',(0.,0.,1.));
#7047 = PCURVE('',#5111,#7048);
#7048 = DEFINITIONAL_REPRESENTATION('',(#7049),#7053);
#7049 = LINE('',#7050,#7051);
#7050 = CARTESIAN_POINT('',(1.570796326795,0.));
#7051 = VECTOR('',#7052,1.);
#7052 = DIRECTION('',(0.,-1.));
#7053 = ( GEOMETRIC_REPRESENTATION_CONTEXT(2) 
PARAMETRIC_REPRESENTATION_CONTEXT() REPRESENTATION_CONTEXT('2D SPACE',''
  ) );
#7054 = PCURVE('',#5138,#7055);
#7055 = DEFINITIONAL_REPRESENTATION('',(#7056),#7060);
#7056 = LINE('',#7057,#7058);
#7057 = CARTESIAN_POINT('',(0.,0.));
#7058 = VECTOR('',#7059,1.);
#7059 = DIRECTION('',(0.,-1.));
#7060 = ( GEOMETRIC_REPRESENTATION_CONTEXT(2) 
PARAMETRIC_REPRESENTATION_CONTEXT() REPRESENTATION_CONTEXT('2D SPACE',''
  ) );
#7061 = ADVANCED_FACE('',(#7062),#5286,.F.);
#7062 = FACE_BOUND('',#7063,.F.);
#7063 = EDGE_LOOP('',(#7064,#7092,#7113,#7114));
#7064 = ORIENTED_EDGE('',*,*,#7065,.F.);
#7065 = EDGE_CURVE('',#7066,#6944,#7068,.T.);
#7066 = VERTEX_POINT('',#7067);
#7067 = CARTESIAN_POINT('',(3.7,-11.8,9.5));
#7068 = SURFACE_CURVE('',#7069,(#7074,#7081),.PCURVE_S1.);
#7069 = CIRCLE('',#7070,0.4);
#7070 = AXIS2_PLACEMENT_3D('',#7071,#7072,#7073);
#7071 = CARTESIAN_POINT('',(3.7,-11.40000003873,9.5));
#7072 = DIRECTION('',(0.,0.,-1.));
#7073 = DIRECTION('',(-1.,0.,0.));
#7074 = PCURVE('',#5286,#7075);
#7075 = DEFINITIONAL_REPRESENTATION('',(#7076),#7080);
#7076 = LINE('',#7077,#7078);
#7077 = CARTESIAN_POINT('',(0.,-1.E-01));
#7078 = VECTOR('',#7079,1.);
#7079 = DIRECTION('',(1.,0.));
#7080 = ( GEOMETRIC_REPRESENTATION_CONTEXT(2) 
PARAMETRIC_REPRESENTATION_CONTEXT() REPRESENTATION_CONTEXT('2D SPACE',''
  ) );
#7081 = PCURVE('',#6412,#7082);
#7082 = DEFINITIONAL_REPRESENTATION('',(#7083),#7091);
#7083 = ( BOUNDED_CURVE() B_SPLINE_CURVE(2,(#7084,#7085,#7086,#7087,
#7088,#7089,#7090),.UNSPECIFIED.,.T.,.F.) B_SPLINE_CURVE_WITH_KNOTS((1,2
    ,2,2,2,1),(-2.094395102393,0.,2.094395102393,4.188790204786,
6.28318530718,8.377580409573),.UNSPECIFIED.) CURVE() 
GEOMETRIC_REPRESENTATION_ITEM() RATIONAL_B_SPLINE_CURVE((1.,0.5,1.,0.5,
1.,0.5,1.)) REPRESENTATION_ITEM('') );
#7084 = CARTESIAN_POINT('',(-14.7,28.59999996127));
#7085 = CARTESIAN_POINT('',(-14.7,29.292820284298));
#7086 = CARTESIAN_POINT('',(-14.1,28.946410122784));
#7087 = CARTESIAN_POINT('',(-13.5,28.59999996127));
#7088 = CARTESIAN_POINT('',(-14.1,28.253589799756));
#7089 = CARTESIAN_POINT('',(-14.7,27.907179638243));
#7090 = CARTESIAN_POINT('',(-14.7,28.59999996127));
#7091 = ( GEOMETRIC_REPRESENTATION_CONTEXT(2) 
PARAMETRIC_REPRESENTATION_CONTEXT() REPRESENTATION_CONTEXT('2D SPACE',''
  ) );
#7092 = ORIENTED_EDGE('',*,*,#7093,.T.);
#7093 = EDGE_CURVE('',#7066,#5242,#7094,.T.);
#7094 = SURFACE_CURVE('',#7095,(#7099,#7106),.PCURVE_S1.);
#7095 = LINE('',#7096,#7097);
#7096 = CARTESIAN_POINT('',(3.7,-11.8,9.4));
#7097 = VECTOR('',#7098,1.);
#7098 = DIRECTION('',(0.,0.,1.));
#7099 = PCURVE('',#5286,#7100);
#7100 = DEFINITIONAL_REPRESENTATION('',(#7101),#7105);
#7101 = LINE('',#7102,#7103);
#7102 = CARTESIAN_POINT('',(4.712388980385,0.));
#7103 = VECTOR('',#7104,1.);
#7104 = DIRECTION('',(0.,-1.));
#7105 = ( GEOMETRIC_REPRESENTATION_CONTEXT(2) 
PARAMETRIC_REPRESENTATION_CONTEXT() REPRESENTATION_CONTEXT('2D SPACE',''
  ) );
#7106 = PCURVE('',#5256,#7107);
#7107 = DEFINITIONAL_REPRESENTATION('',(#7108),#7112);
#7108 = LINE('',#7109,#7110);
#7109 = CARTESIAN_POINT('',(0.,0.));
#7110 = VECTOR('',#7111,1.);
#7111 = DIRECTION('',(0.,-1.));
#7112 = ( GEOMETRIC_REPRESENTATION_CONTEXT(2) 
PARAMETRIC_REPRESENTATION_CONTEXT() REPRESENTATION_CONTEXT('2D SPACE',''
  ) );
#7113 = ORIENTED_EDGE('',*,*,#5267,.T.);
#7114 = ORIENTED_EDGE('',*,*,#6965,.F.);
#7115 = ADVANCED_FACE('',(#7116),#5138,.F.);
#7116 = FACE_BOUND('',#7117,.F.);
#7117 = EDGE_LOOP('',(#7118,#7140,#7141,#7142));
#7118 = ORIENTED_EDGE('',*,*,#7119,.T.);
#7119 = EDGE_CURVE('',#7120,#7012,#7122,.T.);
#7120 = VERTEX_POINT('',#7121);
#7121 = CARTESIAN_POINT('',(5.9,-8.799999967416,9.5));
#7122 = SURFACE_CURVE('',#7123,(#7127,#7133),.PCURVE_S1.);
#7123 = LINE('',#7124,#7125);
#7124 = CARTESIAN_POINT('',(7.849999999595,-8.79999996127,9.5));
#7125 = VECTOR('',#7126,1.);
#7126 = DIRECTION('',(-1.,0.,0.));
#7127 = PCURVE('',#5138,#7128);
#7128 = DEFINITIONAL_REPRESENTATION('',(#7129),#7132);
#7129 = B_SPLINE_CURVE_WITH_KNOTS('',1,(#7130,#7131),.UNSPECIFIED.,.F.,
  .F.,(2,2),(1.949999999595,4.149999999595),.PIECEWISE_BEZIER_KNOTS.);
#7130 = CARTESIAN_POINT('',(2.2,-1.E-01));
#7131 = CARTESIAN_POINT('',(0.,-1.E-01));
#7132 = ( GEOMETRIC_REPRESENTATION_CONTEXT(2) 
PARAMETRIC_REPRESENTATION_CONTEXT() REPRESENTATION_CONTEXT('2D SPACE',''
  ) );
#7133 = PCURVE('',#6412,#7134);
#7134 = DEFINITIONAL_REPRESENTATION('',(#7135),#7139);
#7135 = LINE('',#7136,#7137);
#7136 = CARTESIAN_POINT('',(-10.1500000004,31.20000003873));
#7137 = VECTOR('',#7138,1.);
#7138 = DIRECTION('',(-1.,0.));
#7139 = ( GEOMETRIC_REPRESENTATION_CONTEXT(2) 
PARAMETRIC_REPRESENTATION_CONTEXT() REPRESENTATION_CONTEXT('2D SPACE',''
  ) );
#7140 = ORIENTED_EDGE('',*,*,#7041,.T.);
#7141 = ORIENTED_EDGE('',*,*,#5123,.F.);
#7142 = ORIENTED_EDGE('',*,*,#7143,.F.);
#7143 = EDGE_CURVE('',#7120,#5124,#7144,.T.);
#7144 = SURFACE_CURVE('',#7145,(#7149,#7156),.PCURVE_S1.);
#7145 = LINE('',#7146,#7147);
#7146 = CARTESIAN_POINT('',(5.9,-8.799999967416,9.4));
#7147 = VECTOR('',#7148,1.);
#7148 = DIRECTION('',(0.,0.,1.));
#7149 = PCURVE('',#5138,#7150);
#7150 = DEFINITIONAL_REPRESENTATION('',(#7151),#7155);
#7151 = LINE('',#7152,#7153);
#7152 = CARTESIAN_POINT('',(2.2,0.));
#7153 = VECTOR('',#7154,1.);
#7154 = DIRECTION('',(0.,-1.));
#7155 = ( GEOMETRIC_REPRESENTATION_CONTEXT(2) 
PARAMETRIC_REPRESENTATION_CONTEXT() REPRESENTATION_CONTEXT('2D SPACE',''
  ) );
#7156 = PCURVE('',#5170,#7157);
#7157 = DEFINITIONAL_REPRESENTATION('',(#7158),#7162);
#7158 = LINE('',#7159,#7160);
#7159 = CARTESIAN_POINT('',(1.570796326795,0.));
#7160 = VECTOR('',#7161,1.);
#7161 = DIRECTION('',(0.,-1.));
#7162 = ( GEOMETRIC_REPRESENTATION_CONTEXT(2) 
PARAMETRIC_REPRESENTATION_CONTEXT() REPRESENTATION_CONTEXT('2D SPACE',''
  ) );
#7163 = ADVANCED_FACE('',(#7164),#5256,.T.);
#7164 = FACE_BOUND('',#7165,.T.);
#7165 = EDGE_LOOP('',(#7166,#7188,#7189,#7190));
#7166 = ORIENTED_EDGE('',*,*,#7167,.T.);
#7167 = EDGE_CURVE('',#7168,#7066,#7170,.T.);
#7168 = VERTEX_POINT('',#7169);
#7169 = CARTESIAN_POINT('',(5.899999987709,-11.79999996127,9.5));
#7170 = SURFACE_CURVE('',#7171,(#7175,#7181),.PCURVE_S1.);
#7171 = LINE('',#7172,#7173);
#7172 = CARTESIAN_POINT('',(7.849999999595,-11.79999996127,9.5));
#7173 = VECTOR('',#7174,1.);
#7174 = DIRECTION('',(-1.,0.,0.));
#7175 = PCURVE('',#5256,#7176);
#7176 = DEFINITIONAL_REPRESENTATION('',(#7177),#7180);
#7177 = B_SPLINE_CURVE_WITH_KNOTS('',1,(#7178,#7179),.UNSPECIFIED.,.F.,
  .F.,(2,2),(1.950000011886,4.149999999595),.PIECEWISE_BEZIER_KNOTS.);
#7178 = CARTESIAN_POINT('',(2.199999987709,-1.E-01));
#7179 = CARTESIAN_POINT('',(0.,-1.E-01));
#7180 = ( GEOMETRIC_REPRESENTATION_CONTEXT(2) 
PARAMETRIC_REPRESENTATION_CONTEXT() REPRESENTATION_CONTEXT('2D SPACE',''
  ) );
#7181 = PCURVE('',#6412,#7182);
#7182 = DEFINITIONAL_REPRESENTATION('',(#7183),#7187);
#7183 = LINE('',#7184,#7185);
#7184 = CARTESIAN_POINT('',(-10.1500000004,28.20000003873));
#7185 = VECTOR('',#7186,1.);
#7186 = DIRECTION('',(-1.,0.));
#7187 = ( GEOMETRIC_REPRESENTATION_CONTEXT(2) 
PARAMETRIC_REPRESENTATION_CONTEXT() REPRESENTATION_CONTEXT('2D SPACE',''
  ) );
#7188 = ORIENTED_EDGE('',*,*,#7093,.T.);
#7189 = ORIENTED_EDGE('',*,*,#5241,.F.);
#7190 = ORIENTED_EDGE('',*,*,#7191,.F.);
#7191 = EDGE_CURVE('',#7168,#5209,#7192,.T.);
#7192 = SURFACE_CURVE('',#7193,(#7197,#7204),.PCURVE_S1.);
#7193 = LINE('',#7194,#7195);
#7194 = CARTESIAN_POINT('',(5.899999987709,-11.79999996127,9.4));
#7195 = VECTOR('',#7196,1.);
#7196 = DIRECTION('',(0.,0.,1.));
#7197 = PCURVE('',#5256,#7198);
#7198 = DEFINITIONAL_REPRESENTATION('',(#7199),#7203);
#7199 = LINE('',#7200,#7201);
#7200 = CARTESIAN_POINT('',(2.199999987709,0.));
#7201 = VECTOR('',#7202,1.);
#7202 = DIRECTION('',(0.,-1.));
#7203 = ( GEOMETRIC_REPRESENTATION_CONTEXT(2) 
PARAMETRIC_REPRESENTATION_CONTEXT() REPRESENTATION_CONTEXT('2D SPACE',''
  ) );
#7204 = PCURVE('',#5229,#7205);
#7205 = DEFINITIONAL_REPRESENTATION('',(#7206),#7210);
#7206 = LINE('',#7207,#7208);
#7207 = CARTESIAN_POINT('',(4.712388980385,0.));
#7208 = VECTOR('',#7209,1.);
#7209 = DIRECTION('',(0.,-1.));
#7210 = ( GEOMETRIC_REPRESENTATION_CONTEXT(2) 
PARAMETRIC_REPRESENTATION_CONTEXT() REPRESENTATION_CONTEXT('2D SPACE',''
  ) );
#7211 = ADVANCED_FACE('',(#7212),#5170,.F.);
#7212 = FACE_BOUND('',#7213,.F.);
#7213 = EDGE_LOOP('',(#7214,#7242,#7243,#7244));
#7214 = ORIENTED_EDGE('',*,*,#7215,.F.);
#7215 = EDGE_CURVE('',#7120,#7216,#7218,.T.);
#7216 = VERTEX_POINT('',#7217);
#7217 = CARTESIAN_POINT('',(6.3,-9.199999973561,9.5));
#7218 = SURFACE_CURVE('',#7219,(#7224,#7231),.PCURVE_S1.);
#7219 = CIRCLE('',#7220,0.4);
#7220 = AXIS2_PLACEMENT_3D('',#7221,#7222,#7223);
#7221 = CARTESIAN_POINT('',(5.9,-9.199999973561,9.5));
#7222 = DIRECTION('',(0.,0.,-1.));
#7223 = DIRECTION('',(-1.,0.,0.));
#7224 = PCURVE('',#5170,#7225);
#7225 = DEFINITIONAL_REPRESENTATION('',(#7226),#7230);
#7226 = LINE('',#7227,#7228);
#7227 = CARTESIAN_POINT('',(0.,-1.E-01));
#7228 = VECTOR('',#7229,1.);
#7229 = DIRECTION('',(1.,0.));
#7230 = ( GEOMETRIC_REPRESENTATION_CONTEXT(2) 
PARAMETRIC_REPRESENTATION_CONTEXT() REPRESENTATION_CONTEXT('2D SPACE',''
  ) );
#7231 = PCURVE('',#6412,#7232);
#7232 = DEFINITIONAL_REPRESENTATION('',(#7233),#7241);
#7233 = ( BOUNDED_CURVE() B_SPLINE_CURVE(2,(#7234,#7235,#7236,#7237,
#7238,#7239,#7240),.UNSPECIFIED.,.T.,.F.) B_SPLINE_CURVE_WITH_KNOTS((1,2
    ,2,2,2,1),(-2.094395102393,0.,2.094395102393,4.188790204786,
6.28318530718,8.377580409573),.UNSPECIFIED.) CURVE() 
GEOMETRIC_REPRESENTATION_ITEM() RATIONAL_B_SPLINE_CURVE((1.,0.5,1.,0.5,
1.,0.5,1.)) REPRESENTATION_ITEM('') );
#7234 = CARTESIAN_POINT('',(-12.5,30.800000026439));
#7235 = CARTESIAN_POINT('',(-12.5,31.492820349466));
#7236 = CARTESIAN_POINT('',(-11.9,31.146410187952));
#7237 = CARTESIAN_POINT('',(-11.3,30.800000026439));
#7238 = CARTESIAN_POINT('',(-11.9,30.453589864925));
#7239 = CARTESIAN_POINT('',(-12.5,30.107179703411));
#7240 = CARTESIAN_POINT('',(-12.5,30.800000026439));
#7241 = ( GEOMETRIC_REPRESENTATION_CONTEXT(2) 
PARAMETRIC_REPRESENTATION_CONTEXT() REPRESENTATION_CONTEXT('2D SPACE',''
  ) );
#7242 = ORIENTED_EDGE('',*,*,#7143,.T.);
#7243 = ORIENTED_EDGE('',*,*,#5149,.T.);
#7244 = ORIENTED_EDGE('',*,*,#7245,.F.);
#7245 = EDGE_CURVE('',#7216,#5150,#7246,.T.);
#7246 = SURFACE_CURVE('',#7247,(#7251,#7258),.PCURVE_S1.);
#7247 = LINE('',#7248,#7249);
#7248 = CARTESIAN_POINT('',(6.3,-9.199999973561,9.4));
#7249 = VECTOR('',#7250,1.);
#7250 = DIRECTION('',(0.,0.,1.));
#7251 = PCURVE('',#5170,#7252);
#7252 = DEFINITIONAL_REPRESENTATION('',(#7253),#7257);
#7253 = LINE('',#7254,#7255);
#7254 = CARTESIAN_POINT('',(3.14159265359,0.));
#7255 = VECTOR('',#7256,1.);
#7256 = DIRECTION('',(0.,-1.));
#7257 = ( GEOMETRIC_REPRESENTATION_CONTEXT(2) 
PARAMETRIC_REPRESENTATION_CONTEXT() REPRESENTATION_CONTEXT('2D SPACE',''
  ) );
#7258 = PCURVE('',#5197,#7259);
#7259 = DEFINITIONAL_REPRESENTATION('',(#7260),#7264);
#7260 = LINE('',#7261,#7262);
#7261 = CARTESIAN_POINT('',(2.199999987709,0.));
#7262 = VECTOR('',#7263,1.);
#7263 = DIRECTION('',(0.,-1.));
#7264 = ( GEOMETRIC_REPRESENTATION_CONTEXT(2) 
PARAMETRIC_REPRESENTATION_CONTEXT() REPRESENTATION_CONTEXT('2D SPACE',''
  ) );
#7265 = ADVANCED_FACE('',(#7266),#5229,.F.);
#7266 = FACE_BOUND('',#7267,.F.);
#7267 = EDGE_LOOP('',(#7268,#7296,#7317,#7318));
#7268 = ORIENTED_EDGE('',*,*,#7269,.F.);
#7269 = EDGE_CURVE('',#7270,#7168,#7272,.T.);
#7270 = VERTEX_POINT('',#7271);
#7271 = CARTESIAN_POINT('',(6.299999993854,-11.39999996127,9.5));
#7272 = SURFACE_CURVE('',#7273,(#7278,#7285),.PCURVE_S1.);
#7273 = CIRCLE('',#7274,0.4);
#7274 = AXIS2_PLACEMENT_3D('',#7275,#7276,#7277);
#7275 = CARTESIAN_POINT('',(5.899999987709,-11.39999996127,9.5));
#7276 = DIRECTION('',(0.,0.,-1.));
#7277 = DIRECTION('',(-1.,0.,0.));
#7278 = PCURVE('',#5229,#7279);
#7279 = DEFINITIONAL_REPRESENTATION('',(#7280),#7284);
#7280 = LINE('',#7281,#7282);
#7281 = CARTESIAN_POINT('',(0.,-1.E-01));
#7282 = VECTOR('',#7283,1.);
#7283 = DIRECTION('',(1.,0.));
#7284 = ( GEOMETRIC_REPRESENTATION_CONTEXT(2) 
PARAMETRIC_REPRESENTATION_CONTEXT() REPRESENTATION_CONTEXT('2D SPACE',''
  ) );
#7285 = PCURVE('',#6412,#7286);
#7286 = DEFINITIONAL_REPRESENTATION('',(#7287),#7295);
#7287 = ( BOUNDED_CURVE() B_SPLINE_CURVE(2,(#7288,#7289,#7290,#7291,
#7292,#7293,#7294),.UNSPECIFIED.,.T.,.F.) B_SPLINE_CURVE_WITH_KNOTS((1,2
    ,2,2,2,1),(-2.094395102393,0.,2.094395102393,4.188790204786,
6.28318530718,8.377580409573),.UNSPECIFIED.) CURVE() 
GEOMETRIC_REPRESENTATION_ITEM() RATIONAL_B_SPLINE_CURVE((1.,0.5,1.,0.5,
1.,0.5,1.)) REPRESENTATION_ITEM('') );
#7288 = CARTESIAN_POINT('',(-12.50000001229,28.60000003873));
#7289 = CARTESIAN_POINT('',(-12.50000001229,29.292820361758));
#7290 = CARTESIAN_POINT('',(-11.90000001229,28.946410200244));
#7291 = CARTESIAN_POINT('',(-11.30000001229,28.60000003873));
#7292 = CARTESIAN_POINT('',(-11.90000001229,28.253589877216));
#7293 = CARTESIAN_POINT('',(-12.50000001229,27.907179715702));
#7294 = CARTESIAN_POINT('',(-12.50000001229,28.60000003873));
#7295 = ( GEOMETRIC_REPRESENTATION_CONTEXT(2) 
PARAMETRIC_REPRESENTATION_CONTEXT() REPRESENTATION_CONTEXT('2D SPACE',''
  ) );
#7296 = ORIENTED_EDGE('',*,*,#7297,.T.);
#7297 = EDGE_CURVE('',#7270,#5183,#7298,.T.);
#7298 = SURFACE_CURVE('',#7299,(#7303,#7310),.PCURVE_S1.);
#7299 = LINE('',#7300,#7301);
#7300 = CARTESIAN_POINT('',(6.299999993854,-11.39999996127,9.4));
#7301 = VECTOR('',#7302,1.);
#7302 = DIRECTION('',(0.,0.,1.));
#7303 = PCURVE('',#5229,#7304);
#7304 = DEFINITIONAL_REPRESENTATION('',(#7305),#7309);
#7305 = LINE('',#7306,#7307);
#7306 = CARTESIAN_POINT('',(3.14159265359,0.));
#7307 = VECTOR('',#7308,1.);
#7308 = DIRECTION('',(0.,-1.));
#7309 = ( GEOMETRIC_REPRESENTATION_CONTEXT(2) 
PARAMETRIC_REPRESENTATION_CONTEXT() REPRESENTATION_CONTEXT('2D SPACE',''
  ) );
#7310 = PCURVE('',#5197,#7311);
#7311 = DEFINITIONAL_REPRESENTATION('',(#7312),#7316);
#7312 = LINE('',#7313,#7314);
#7313 = CARTESIAN_POINT('',(0.,0.));
#7314 = VECTOR('',#7315,1.);
#7315 = DIRECTION('',(0.,-1.));
#7316 = ( GEOMETRIC_REPRESENTATION_CONTEXT(2) 
PARAMETRIC_REPRESENTATION_CONTEXT() REPRESENTATION_CONTEXT('2D SPACE',''
  ) );
#7317 = ORIENTED_EDGE('',*,*,#5208,.T.);
#7318 = ORIENTED_EDGE('',*,*,#7191,.F.);
#7319 = ADVANCED_FACE('',(#7320),#5197,.T.);
#7320 = FACE_BOUND('',#7321,.T.);
#7321 = EDGE_LOOP('',(#7322,#7342,#7343,#7344));
#7322 = ORIENTED_EDGE('',*,*,#7323,.T.);
#7323 = EDGE_CURVE('',#7216,#7270,#7324,.T.);
#7324 = SURFACE_CURVE('',#7325,(#7329,#7335),.PCURVE_S1.);
#7325 = LINE('',#7326,#7327);
#7326 = CARTESIAN_POINT('',(6.3,-5.699999980635,9.5));
#7327 = VECTOR('',#7328,1.);
#7328 = DIRECTION('',(0.,-1.,0.));
#7329 = PCURVE('',#5197,#7330);
#7330 = DEFINITIONAL_REPRESENTATION('',(#7331),#7334);
#7331 = B_SPLINE_CURVE_WITH_KNOTS('',1,(#7332,#7333),.UNSPECIFIED.,.F.,
  .F.,(2,2),(3.499999992926,5.699999980635),.PIECEWISE_BEZIER_KNOTS.);
#7332 = CARTESIAN_POINT('',(2.199999987709,-1.E-01));
#7333 = CARTESIAN_POINT('',(0.,-1.E-01));
#7334 = ( GEOMETRIC_REPRESENTATION_CONTEXT(2) 
PARAMETRIC_REPRESENTATION_CONTEXT() REPRESENTATION_CONTEXT('2D SPACE',''
  ) );
#7335 = PCURVE('',#6412,#7336);
#7336 = DEFINITIONAL_REPRESENTATION('',(#7337),#7341);
#7337 = LINE('',#7338,#7339);
#7338 = CARTESIAN_POINT('',(-11.7,34.300000019365));
#7339 = VECTOR('',#7340,1.);
#7340 = DIRECTION('',(0.,-1.));
#7341 = ( GEOMETRIC_REPRESENTATION_CONTEXT(2) 
PARAMETRIC_REPRESENTATION_CONTEXT() REPRESENTATION_CONTEXT('2D SPACE',''
  ) );
#7342 = ORIENTED_EDGE('',*,*,#7297,.T.);
#7343 = ORIENTED_EDGE('',*,*,#5182,.F.);
#7344 = ORIENTED_EDGE('',*,*,#7245,.F.);
#7345 = ADVANCED_FACE('',(#7346),#5317,.F.);
#7346 = FACE_BOUND('',#7347,.F.);
#7347 = EDGE_LOOP('',(#7348,#7349,#7372,#7399));
#7348 = ORIENTED_EDGE('',*,*,#5300,.F.);
#7349 = ORIENTED_EDGE('',*,*,#7350,.F.);
#7350 = EDGE_CURVE('',#7351,#5301,#7353,.T.);
#7351 = VERTEX_POINT('',#7352);
#7352 = CARTESIAN_POINT('',(21.85,-32.8,10.6));
#7353 = SEAM_CURVE('',#7354,(#7358,#7365),.PCURVE_S1.);
#7354 = LINE('',#7355,#7356);
#7355 = CARTESIAN_POINT('',(21.85,-32.8,10.6));
#7356 = VECTOR('',#7357,1.);
#7357 = DIRECTION('',(0.707106781187,-1.731912112471E-16,0.707106781187)
  );
#7358 = PCURVE('',#5317,#7359);
#7359 = DEFINITIONAL_REPRESENTATION('',(#7360),#7364);
#7360 = LINE('',#7361,#7362);
#7361 = CARTESIAN_POINT('',(6.28318530718,-0.));
#7362 = VECTOR('',#7363,1.);
#7363 = DIRECTION('',(0.,1.));
#7364 = ( GEOMETRIC_REPRESENTATION_CONTEXT(2) 
PARAMETRIC_REPRESENTATION_CONTEXT() REPRESENTATION_CONTEXT('2D SPACE',''
  ) );
#7365 = PCURVE('',#5317,#7366);
#7366 = DEFINITIONAL_REPRESENTATION('',(#7367),#7371);
#7367 = LINE('',#7368,#7369);
#7368 = CARTESIAN_POINT('',(0.,-0.));
#7369 = VECTOR('',#7370,1.);
#7370 = DIRECTION('',(0.,1.));
#7371 = ( GEOMETRIC_REPRESENTATION_CONTEXT(2) 
PARAMETRIC_REPRESENTATION_CONTEXT() REPRESENTATION_CONTEXT('2D SPACE',''
  ) );
#7372 = ORIENTED_EDGE('',*,*,#7373,.T.);
#7373 = EDGE_CURVE('',#7351,#7351,#7374,.T.);
#7374 = SURFACE_CURVE('',#7375,(#7380,#7387),.PCURVE_S1.);
#7375 = CIRCLE('',#7376,1.15);
#7376 = AXIS2_PLACEMENT_3D('',#7377,#7378,#7379);
#7377 = CARTESIAN_POINT('',(20.7,-32.8,10.6));
#7378 = DIRECTION('',(0.,0.,1.));
#7379 = DIRECTION('',(1.,0.,-0.));
#7380 = PCURVE('',#5317,#7381);
#7381 = DEFINITIONAL_REPRESENTATION('',(#7382),#7386);
#7382 = LINE('',#7383,#7384);
#7383 = CARTESIAN_POINT('',(0.,0.));
#7384 = VECTOR('',#7385,1.);
#7385 = DIRECTION('',(1.,0.));
#7386 = ( GEOMETRIC_REPRESENTATION_CONTEXT(2) 
PARAMETRIC_REPRESENTATION_CONTEXT() REPRESENTATION_CONTEXT('2D SPACE',''
  ) );
#7387 = PCURVE('',#7388,#7393);
#7388 = CYLINDRICAL_SURFACE('',#7389,1.15);
#7389 = AXIS2_PLACEMENT_3D('',#7390,#7391,#7392);
#7390 = CARTESIAN_POINT('',(20.7,-32.8,9.4));
#7391 = DIRECTION('',(0.,0.,1.));
#7392 = DIRECTION('',(1.,0.,-0.));
#7393 = DEFINITIONAL_REPRESENTATION('',(#7394),#7398);
#7394 = LINE('',#7395,#7396);
#7395 = CARTESIAN_POINT('',(0.,1.2));
#7396 = VECTOR('',#7397,1.);
#7397 = DIRECTION('',(1.,0.));
#7398 = ( GEOMETRIC_REPRESENTATION_CONTEXT(2) 
PARAMETRIC_REPRESENTATION_CONTEXT() REPRESENTATION_CONTEXT('2D SPACE',''
  ) );
#7399 = ORIENTED_EDGE('',*,*,#7350,.T.);
#7400 = ADVANCED_FACE('',(#7401),#5348,.F.);
#7401 = FACE_BOUND('',#7402,.F.);
#7402 = EDGE_LOOP('',(#7403,#7404,#7427,#7454));
#7403 = ORIENTED_EDGE('',*,*,#5331,.F.);
#7404 = ORIENTED_EDGE('',*,*,#7405,.F.);
#7405 = EDGE_CURVE('',#7406,#5332,#7408,.T.);
#7406 = VERTEX_POINT('',#7407);
#7407 = CARTESIAN_POINT('',(4.45,32.8,10.6));
#7408 = SEAM_CURVE('',#7409,(#7413,#7420),.PCURVE_S1.);
#7409 = LINE('',#7410,#7411);
#7410 = CARTESIAN_POINT('',(4.45,32.8,10.6));
#7411 = VECTOR('',#7412,1.);
#7412 = DIRECTION('',(0.707106781187,-1.731912112471E-16,0.707106781187)
  );
#7413 = PCURVE('',#5348,#7414);
#7414 = DEFINITIONAL_REPRESENTATION('',(#7415),#7419);
#7415 = LINE('',#7416,#7417);
#7416 = CARTESIAN_POINT('',(6.28318530718,-0.));
#7417 = VECTOR('',#7418,1.);
#7418 = DIRECTION('',(0.,1.));
#7419 = ( GEOMETRIC_REPRESENTATION_CONTEXT(2) 
PARAMETRIC_REPRESENTATION_CONTEXT() REPRESENTATION_CONTEXT('2D SPACE',''
  ) );
#7420 = PCURVE('',#5348,#7421);
#7421 = DEFINITIONAL_REPRESENTATION('',(#7422),#7426);
#7422 = LINE('',#7423,#7424);
#7423 = CARTESIAN_POINT('',(0.,-0.));
#7424 = VECTOR('',#7425,1.);
#7425 = DIRECTION('',(0.,1.));
#7426 = ( GEOMETRIC_REPRESENTATION_CONTEXT(2) 
PARAMETRIC_REPRESENTATION_CONTEXT() REPRESENTATION_CONTEXT('2D SPACE',''
  ) );
#7427 = ORIENTED_EDGE('',*,*,#7428,.T.);
#7428 = EDGE_CURVE('',#7406,#7406,#7429,.T.);
#7429 = SURFACE_CURVE('',#7430,(#7435,#7442),.PCURVE_S1.);
#7430 = CIRCLE('',#7431,1.15);
#7431 = AXIS2_PLACEMENT_3D('',#7432,#7433,#7434);
#7432 = CARTESIAN_POINT('',(3.3,32.8,10.6));
#7433 = DIRECTION('',(0.,0.,1.));
#7434 = DIRECTION('',(1.,0.,-0.));
#7435 = PCURVE('',#5348,#7436);
#7436 = DEFINITIONAL_REPRESENTATION('',(#7437),#7441);
#7437 = LINE('',#7438,#7439);
#7438 = CARTESIAN_POINT('',(0.,0.));
#7439 = VECTOR('',#7440,1.);
#7440 = DIRECTION('',(1.,0.));
#7441 = ( GEOMETRIC_REPRESENTATION_CONTEXT(2) 
PARAMETRIC_REPRESENTATION_CONTEXT() REPRESENTATION_CONTEXT('2D SPACE',''
  ) );
#7442 = PCURVE('',#7443,#7448);
#7443 = CYLINDRICAL_SURFACE('',#7444,1.15);
#7444 = AXIS2_PLACEMENT_3D('',#7445,#7446,#7447);
#7445 = CARTESIAN_POINT('',(3.3,32.8,7.4));
#7446 = DIRECTION('',(0.,0.,1.));
#7447 = DIRECTION('',(1.,0.,-0.));
#7448 = DEFINITIONAL_REPRESENTATION('',(#7449),#7453);
#7449 = LINE('',#7450,#7451);
#7450 = CARTESIAN_POINT('',(0.,3.2));
#7451 = VECTOR('',#7452,1.);
#7452 = DIRECTION('',(1.,0.));
#7453 = ( GEOMETRIC_REPRESENTATION_CONTEXT(2) 
PARAMETRIC_REPRESENTATION_CONTEXT() REPRESENTATION_CONTEXT('2D SPACE',''
  ) );
#7454 = ORIENTED_EDGE('',*,*,#7405,.T.);
#7455 = ADVANCED_FACE('',(#7456),#5379,.F.);
#7456 = FACE_BOUND('',#7457,.F.);
#7457 = EDGE_LOOP('',(#7458,#7459,#7482,#7509));
#7458 = ORIENTED_EDGE('',*,*,#5362,.F.);
#7459 = ORIENTED_EDGE('',*,*,#7460,.F.);
#7460 = EDGE_CURVE('',#7461,#5363,#7463,.T.);
#7461 = VERTEX_POINT('',#7462);
#7462 = CARTESIAN_POINT('',(21.85,32.8,10.6));
#7463 = SEAM_CURVE('',#7464,(#7468,#7475),.PCURVE_S1.);
#7464 = LINE('',#7465,#7466);
#7465 = CARTESIAN_POINT('',(21.85,32.8,10.6));
#7466 = VECTOR('',#7467,1.);
#7467 = DIRECTION('',(0.707106781187,-1.731912112471E-16,0.707106781187)
  );
#7468 = PCURVE('',#5379,#7469);
#7469 = DEFINITIONAL_REPRESENTATION('',(#7470),#7474);
#7470 = LINE('',#7471,#7472);
#7471 = CARTESIAN_POINT('',(6.28318530718,-0.));
#7472 = VECTOR('',#7473,1.);
#7473 = DIRECTION('',(0.,1.));
#7474 = ( GEOMETRIC_REPRESENTATION_CONTEXT(2) 
PARAMETRIC_REPRESENTATION_CONTEXT() REPRESENTATION_CONTEXT('2D SPACE',''
  ) );
#7475 = PCURVE('',#5379,#7476);
#7476 = DEFINITIONAL_REPRESENTATION('',(#7477),#7481);
#7477 = LINE('',#7478,#7479);
#7478 = CARTESIAN_POINT('',(0.,-0.));
#7479 = VECTOR('',#7480,1.);
#7480 = DIRECTION('',(0.,1.));
#7481 = ( GEOMETRIC_REPRESENTATION_CONTEXT(2) 
PARAMETRIC_REPRESENTATION_CONTEXT() REPRESENTATION_CONTEXT('2D SPACE',''
  ) );
#7482 = ORIENTED_EDGE('',*,*,#7483,.T.);
#7483 = EDGE_CURVE('',#7461,#7461,#7484,.T.);
#7484 = SURFACE_CURVE('',#7485,(#7490,#7497),.PCURVE_S1.);
#7485 = CIRCLE('',#7486,1.15);
#7486 = AXIS2_PLACEMENT_3D('',#7487,#7488,#7489);
#7487 = CARTESIAN_POINT('',(20.7,32.8,10.6));
#7488 = DIRECTION('',(0.,0.,1.));
#7489 = DIRECTION('',(1.,0.,-0.));
#7490 = PCURVE('',#5379,#7491);
#7491 = DEFINITIONAL_REPRESENTATION('',(#7492),#7496);
#7492 = LINE('',#7493,#7494);
#7493 = CARTESIAN_POINT('',(0.,0.));
#7494 = VECTOR('',#7495,1.);
#7495 = DIRECTION('',(1.,0.));
#7496 = ( GEOMETRIC_REPRESENTATION_CONTEXT(2) 
PARAMETRIC_REPRESENTATION_CONTEXT() REPRESENTATION_CONTEXT('2D SPACE',''
  ) );
#7497 = PCURVE('',#7498,#7503);
#7498 = CYLINDRICAL_SURFACE('',#7499,1.15);
#7499 = AXIS2_PLACEMENT_3D('',#7500,#7501,#7502);
#7500 = CARTESIAN_POINT('',(20.7,32.8,9.4));
#7501 = DIRECTION('',(0.,0.,1.));
#7502 = DIRECTION('',(1.,0.,-0.));
#7503 = DEFINITIONAL_REPRESENTATION('',(#7504),#7508);
#7504 = LINE('',#7505,#7506);
#7505 = CARTESIAN_POINT('',(0.,1.2));
#7506 = VECTOR('',#7507,1.);
#7507 = DIRECTION('',(1.,0.));
#7508 = ( GEOMETRIC_REPRESENTATION_CONTEXT(2) 
PARAMETRIC_REPRESENTATION_CONTEXT() REPRESENTATION_CONTEXT('2D SPACE',''
  ) );
#7509 = ORIENTED_EDGE('',*,*,#7460,.T.);
#7510 = ADVANCED_FACE('',(#7511,#7605),#5481,.F.);
#7511 = FACE_BOUND('',#7512,.F.);
#7512 = EDGE_LOOP('',(#7513,#7538,#7561,#7584));
#7513 = ORIENTED_EDGE('',*,*,#7514,.T.);
#7514 = EDGE_CURVE('',#7515,#7517,#7519,.T.);
#7515 = VERTEX_POINT('',#7516);
#7516 = CARTESIAN_POINT('',(1.2,-30.5,2.));
#7517 = VERTEX_POINT('',#7518);
#7518 = CARTESIAN_POINT('',(1.2,-30.5,9.5));
#7519 = SURFACE_CURVE('',#7520,(#7524,#7531),.PCURVE_S1.);
#7520 = LINE('',#7521,#7522);
#7521 = CARTESIAN_POINT('',(1.2,-30.5,2.));
#7522 = VECTOR('',#7523,1.);
#7523 = DIRECTION('',(0.,0.,1.));
#7524 = PCURVE('',#5481,#7525);
#7525 = DEFINITIONAL_REPRESENTATION('',(#7526),#7530);
#7526 = LINE('',#7527,#7528);
#7527 = CARTESIAN_POINT('',(0.,0.));
#7528 = VECTOR('',#7529,1.);
#7529 = DIRECTION('',(0.,-1.));
#7530 = ( GEOMETRIC_REPRESENTATION_CONTEXT(2) 
PARAMETRIC_REPRESENTATION_CONTEXT() REPRESENTATION_CONTEXT('2D SPACE',''
  ) );
#7531 = PCURVE('',#6238,#7532);
#7532 = DEFINITIONAL_REPRESENTATION('',(#7533),#7537);
#7533 = LINE('',#7534,#7535);
#7534 = CARTESIAN_POINT('',(6.28318530718,0.));
#7535 = VECTOR('',#7536,1.);
#7536 = DIRECTION('',(0.,-1.));
#7537 = ( GEOMETRIC_REPRESENTATION_CONTEXT(2) 
PARAMETRIC_REPRESENTATION_CONTEXT() REPRESENTATION_CONTEXT('2D SPACE',''
  ) );
#7538 = ORIENTED_EDGE('',*,*,#7539,.T.);
#7539 = EDGE_CURVE('',#7517,#7540,#7542,.T.);
#7540 = VERTEX_POINT('',#7541);
#7541 = CARTESIAN_POINT('',(1.2,30.5,9.5));
#7542 = SURFACE_CURVE('',#7543,(#7547,#7554),.PCURVE_S1.);
#7543 = LINE('',#7544,#7545);
#7544 = CARTESIAN_POINT('',(1.20000000001,-1.7763568394E-15,9.5));
#7545 = VECTOR('',#7546,1.);
#7546 = DIRECTION('',(0.,1.,0.));
#7547 = PCURVE('',#5481,#7548);
#7548 = DEFINITIONAL_REPRESENTATION('',(#7549),#7553);
#7549 = LINE('',#7550,#7551);
#7550 = CARTESIAN_POINT('',(30.5,-7.5));
#7551 = VECTOR('',#7552,1.);
#7552 = DIRECTION('',(1.,0.));
#7553 = ( GEOMETRIC_REPRESENTATION_CONTEXT(2) 
PARAMETRIC_REPRESENTATION_CONTEXT() REPRESENTATION_CONTEXT('2D SPACE',''
  ) );
#7554 = PCURVE('',#6412,#7555);
#7555 = DEFINITIONAL_REPRESENTATION('',(#7556),#7560);
#7556 = LINE('',#7557,#7558);
#7557 = CARTESIAN_POINT('',(-16.79999999999,40.));
#7558 = VECTOR('',#7559,1.);
#7559 = DIRECTION('',(0.,1.));
#7560 = ( GEOMETRIC_REPRESENTATION_CONTEXT(2) 
PARAMETRIC_REPRESENTATION_CONTEXT() REPRESENTATION_CONTEXT('2D SPACE',''
  ) );
#7561 = ORIENTED_EDGE('',*,*,#7562,.F.);
#7562 = EDGE_CURVE('',#7563,#7540,#7565,.T.);
#7563 = VERTEX_POINT('',#7564);
#7564 = CARTESIAN_POINT('',(1.2,30.5,2.));
#7565 = SURFACE_CURVE('',#7566,(#7570,#7577),.PCURVE_S1.);
#7566 = LINE('',#7567,#7568);
#7567 = CARTESIAN_POINT('',(1.2,30.5,2.));
#7568 = VECTOR('',#7569,1.);
#7569 = DIRECTION('',(0.,0.,1.));
#7570 = PCURVE('',#5481,#7571);
#7571 = DEFINITIONAL_REPRESENTATION('',(#7572),#7576);
#7572 = LINE('',#7573,#7574);
#7573 = CARTESIAN_POINT('',(61.,0.));
#7574 = VECTOR('',#7575,1.);
#7575 = DIRECTION('',(0.,-1.));
#7576 = ( GEOMETRIC_REPRESENTATION_CONTEXT(2) 
PARAMETRIC_REPRESENTATION_CONTEXT() REPRESENTATION_CONTEXT('2D SPACE',''
  ) );
#7577 = PCURVE('',#6067,#7578);
#7578 = DEFINITIONAL_REPRESENTATION('',(#7579),#7583);
#7579 = LINE('',#7580,#7581);
#7580 = CARTESIAN_POINT('',(0.,0.));
#7581 = VECTOR('',#7582,1.);
#7582 = DIRECTION('',(0.,-1.));
#7583 = ( GEOMETRIC_REPRESENTATION_CONTEXT(2) 
PARAMETRIC_REPRESENTATION_CONTEXT() REPRESENTATION_CONTEXT('2D SPACE',''
  ) );
#7584 = ORIENTED_EDGE('',*,*,#7585,.F.);
#7585 = EDGE_CURVE('',#7515,#7563,#7586,.T.);
#7586 = SURFACE_CURVE('',#7587,(#7591,#7598),.PCURVE_S1.);
#7587 = LINE('',#7588,#7589);
#7588 = CARTESIAN_POINT('',(1.20000000001,-1.7763568394E-15,2.));
#7589 = VECTOR('',#7590,1.);
#7590 = DIRECTION('',(0.,1.,0.));
#7591 = PCURVE('',#5481,#7592);
#7592 = DEFINITIONAL_REPRESENTATION('',(#7593),#7597);
#7593 = LINE('',#7594,#7595);
#7594 = CARTESIAN_POINT('',(30.5,0.));
#7595 = VECTOR('',#7596,1.);
#7596 = DIRECTION('',(1.,0.));
#7597 = ( GEOMETRIC_REPRESENTATION_CONTEXT(2) 
PARAMETRIC_REPRESENTATION_CONTEXT() REPRESENTATION_CONTEXT('2D SPACE',''
  ) );
#7598 = PCURVE('',#6093,#7599);
#7599 = DEFINITIONAL_REPRESENTATION('',(#7600),#7604);
#7600 = LINE('',#7601,#7602);
#7601 = CARTESIAN_POINT('',(-10.79999999918,-1.528817028695E-15));
#7602 = VECTOR('',#7603,1.);
#7603 = DIRECTION('',(0.,1.));
#7604 = ( GEOMETRIC_REPRESENTATION_CONTEXT(2) 
PARAMETRIC_REPRESENTATION_CONTEXT() REPRESENTATION_CONTEXT('2D SPACE',''
  ) );
#7605 = FACE_BOUND('',#7606,.F.);
#7606 = EDGE_LOOP('',(#7607,#7608,#7609,#7610,#7611,#7612,#7613,#7614));
#7607 = ORIENTED_EDGE('',*,*,#5468,.F.);
#7608 = ORIENTED_EDGE('',*,*,#5520,.T.);
#7609 = ORIENTED_EDGE('',*,*,#5612,.T.);
#7610 = ORIENTED_EDGE('',*,*,#5704,.T.);
#7611 = ORIENTED_EDGE('',*,*,#5776,.T.);
#7612 = ORIENTED_EDGE('',*,*,#5751,.F.);
#7613 = ORIENTED_EDGE('',*,*,#5657,.T.);
#7614 = ORIENTED_EDGE('',*,*,#5567,.F.);
#7615 = ADVANCED_FACE('',(#7616),#5944,.F.);
#7616 = FACE_BOUND('',#7617,.F.);
#7617 = EDGE_LOOP('',(#7618,#7619,#7640,#7659));
#7618 = ORIENTED_EDGE('',*,*,#5928,.F.);
#7619 = ORIENTED_EDGE('',*,*,#7620,.T.);
#7620 = EDGE_CURVE('',#5903,#7621,#7623,.T.);
#7621 = VERTEX_POINT('',#7622);
#7622 = CARTESIAN_POINT('',(16.8,30.8,7.7));
#7623 = SURFACE_CURVE('',#7624,(#7628,#7634),.PCURVE_S1.);
#7624 = LINE('',#7625,#7626);
#7625 = CARTESIAN_POINT('',(16.8,30.695,7.7));
#7626 = VECTOR('',#7627,1.);
#7627 = DIRECTION('',(0.,-1.,0.));
#7628 = PCURVE('',#5944,#7629);
#7629 = DEFINITIONAL_REPRESENTATION('',(#7630),#7633);
#7630 = B_SPLINE_CURVE_WITH_KNOTS('',1,(#7631,#7632),.UNSPECIFIED.,.F.,
  .F.,(2,2),(-4.305,-0.105),.PIECEWISE_BEZIER_KNOTS.);
#7631 = CARTESIAN_POINT('',(15.6,4.4));
#7632 = CARTESIAN_POINT('',(15.6,0.2));
#7633 = ( GEOMETRIC_REPRESENTATION_CONTEXT(2) 
PARAMETRIC_REPRESENTATION_CONTEXT() REPRESENTATION_CONTEXT('2D SPACE',''
  ) );
#7634 = PCURVE('',#5917,#7635);
#7635 = DEFINITIONAL_REPRESENTATION('',(#7636),#7639);
#7636 = B_SPLINE_CURVE_WITH_KNOTS('',1,(#7637,#7638),.UNSPECIFIED.,.F.,
  .F.,(2,2),(-4.305,-0.105),.PIECEWISE_BEZIER_KNOTS.);
#7637 = CARTESIAN_POINT('',(5.1,-4.21));
#7638 = CARTESIAN_POINT('',(5.1,-9.999999999998E-03));
#7639 = ( GEOMETRIC_REPRESENTATION_CONTEXT(2) 
PARAMETRIC_REPRESENTATION_CONTEXT() REPRESENTATION_CONTEXT('2D SPACE',''
  ) );
#7640 = ORIENTED_EDGE('',*,*,#7641,.T.);
#7641 = EDGE_CURVE('',#7621,#6703,#7642,.T.);
#7642 = SURFACE_CURVE('',#7643,(#7647,#7653),.PCURVE_S1.);
#7643 = LINE('',#7644,#7645);
#7644 = CARTESIAN_POINT('',(1.349999999995,30.8,7.7));
#7645 = VECTOR('',#7646,1.);
#7646 = DIRECTION('',(1.,0.,0.));
#7647 = PCURVE('',#5944,#7648);
#7648 = DEFINITIONAL_REPRESENTATION('',(#7649),#7652);
#7649 = B_SPLINE_CURVE_WITH_KNOTS('',1,(#7650,#7651),.UNSPECIFIED.,.F.,
  .F.,(2,2),(0.149999999995,16.650000000005),.PIECEWISE_BEZIER_KNOTS.);
#7650 = CARTESIAN_POINT('',(0.29999999999,0.2));
#7651 = CARTESIAN_POINT('',(16.8,0.2));
#7652 = ( GEOMETRIC_REPRESENTATION_CONTEXT(2) 
PARAMETRIC_REPRESENTATION_CONTEXT() REPRESENTATION_CONTEXT('2D SPACE',''
  ) );
#7653 = PCURVE('',#6717,#7654);
#7654 = DEFINITIONAL_REPRESENTATION('',(#7655),#7658);
#7655 = B_SPLINE_CURVE_WITH_KNOTS('',1,(#7656,#7657),.UNSPECIFIED.,.F.,
  .F.,(2,2),(0.149999999995,16.650000000005),.PIECEWISE_BEZIER_KNOTS.);
#7656 = CARTESIAN_POINT('',(0.,-5.7));
#7657 = CARTESIAN_POINT('',(16.50000000001,-5.7));
#7658 = ( GEOMETRIC_REPRESENTATION_CONTEXT(2) 
PARAMETRIC_REPRESENTATION_CONTEXT() REPRESENTATION_CONTEXT('2D SPACE',''
  ) );
#7659 = ORIENTED_EDGE('',*,*,#6728,.F.);
#7660 = ADVANCED_FACE('',(#7661),#5917,.F.);
#7661 = FACE_BOUND('',#7662,.F.);
#7662 = EDGE_LOOP('',(#7663,#7686,#7705,#7706,#7707,#7728));
#7663 = ORIENTED_EDGE('',*,*,#7664,.F.);
#7664 = EDGE_CURVE('',#7665,#6589,#7667,.T.);
#7665 = VERTEX_POINT('',#7666);
#7666 = CARTESIAN_POINT('',(16.8,30.8,8.));
#7667 = SURFACE_CURVE('',#7668,(#7672,#7679),.PCURVE_S1.);
#7668 = LINE('',#7669,#7670);
#7669 = CARTESIAN_POINT('',(16.8,30.79,8.));
#7670 = VECTOR('',#7671,1.);
#7671 = DIRECTION('',(-0.,1.,0.));
#7672 = PCURVE('',#5917,#7673);
#7673 = DEFINITIONAL_REPRESENTATION('',(#7674),#7678);
#7674 = LINE('',#7675,#7676);
#7675 = CARTESIAN_POINT('',(5.4,0.));
#7676 = VECTOR('',#7677,1.);
#7677 = DIRECTION('',(0.,-1.));
#7678 = ( GEOMETRIC_REPRESENTATION_CONTEXT(2) 
PARAMETRIC_REPRESENTATION_CONTEXT() REPRESENTATION_CONTEXT('2D SPACE',''
  ) );
#7679 = PCURVE('',#6603,#7680);
#7680 = DEFINITIONAL_REPRESENTATION('',(#7681),#7685);
#7681 = LINE('',#7682,#7683);
#7682 = CARTESIAN_POINT('',(9.6,0.));
#7683 = VECTOR('',#7684,1.);
#7684 = DIRECTION('',(0.,1.));
#7685 = ( GEOMETRIC_REPRESENTATION_CONTEXT(2) 
PARAMETRIC_REPRESENTATION_CONTEXT() REPRESENTATION_CONTEXT('2D SPACE',''
  ) );
#7686 = ORIENTED_EDGE('',*,*,#7687,.T.);
#7687 = EDGE_CURVE('',#7665,#7621,#7688,.T.);
#7688 = SURFACE_CURVE('',#7689,(#7693,#7699),.PCURVE_S1.);
#7689 = LINE('',#7690,#7691);
#7690 = CARTESIAN_POINT('',(16.8,30.8,2.3));
#7691 = VECTOR('',#7692,1.);
#7692 = DIRECTION('',(-0.,0.,-1.));
#7693 = PCURVE('',#5917,#7694);
#7694 = DEFINITIONAL_REPRESENTATION('',(#7695),#7698);
#7695 = B_SPLINE_CURVE_WITH_KNOTS('',1,(#7696,#7697),.UNSPECIFIED.,.F.,
  .F.,(2,2),(-5.7,-0.3),.PIECEWISE_BEZIER_KNOTS.);
#7696 = CARTESIAN_POINT('',(5.4,-9.999999999998E-03));
#7697 = CARTESIAN_POINT('',(0.,-9.999999999998E-03));
#7698 = ( GEOMETRIC_REPRESENTATION_CONTEXT(2) 
PARAMETRIC_REPRESENTATION_CONTEXT() REPRESENTATION_CONTEXT('2D SPACE',''
  ) );
#7699 = PCURVE('',#6717,#7700);
#7700 = DEFINITIONAL_REPRESENTATION('',(#7701),#7704);
#7701 = B_SPLINE_CURVE_WITH_KNOTS('',1,(#7702,#7703),.UNSPECIFIED.,.F.,
  .F.,(2,2),(-5.7,-0.3),.PIECEWISE_BEZIER_KNOTS.);
#7702 = CARTESIAN_POINT('',(15.30000000001,-6.));
#7703 = CARTESIAN_POINT('',(15.30000000001,-0.6));
#7704 = ( GEOMETRIC_REPRESENTATION_CONTEXT(2) 
PARAMETRIC_REPRESENTATION_CONTEXT() REPRESENTATION_CONTEXT('2D SPACE',''
  ) );
#7705 = ORIENTED_EDGE('',*,*,#7620,.F.);
#7706 = ORIENTED_EDGE('',*,*,#5902,.F.);
#7707 = ORIENTED_EDGE('',*,*,#7708,.T.);
#7708 = EDGE_CURVE('',#5877,#6636,#7709,.T.);
#7709 = SURFACE_CURVE('',#7710,(#7714,#7721),.PCURVE_S1.);
#7710 = LINE('',#7711,#7712);
#7711 = CARTESIAN_POINT('',(16.8,30.79,2.6));
#7712 = VECTOR('',#7713,1.);
#7713 = DIRECTION('',(-0.,1.,0.));
#7714 = PCURVE('',#5917,#7715);
#7715 = DEFINITIONAL_REPRESENTATION('',(#7716),#7720);
#7716 = LINE('',#7717,#7718);
#7717 = CARTESIAN_POINT('',(0.,0.));
#7718 = VECTOR('',#7719,1.);
#7719 = DIRECTION('',(0.,-1.));
#7720 = ( GEOMETRIC_REPRESENTATION_CONTEXT(2) 
PARAMETRIC_REPRESENTATION_CONTEXT() REPRESENTATION_CONTEXT('2D SPACE',''
  ) );
#7721 = PCURVE('',#5891,#7722);
#7722 = DEFINITIONAL_REPRESENTATION('',(#7723),#7727);
#7723 = LINE('',#7724,#7725);
#7724 = CARTESIAN_POINT('',(9.6,0.));
#7725 = VECTOR('',#7726,1.);
#7726 = DIRECTION('',(0.,1.));
#7727 = ( GEOMETRIC_REPRESENTATION_CONTEXT(2) 
PARAMETRIC_REPRESENTATION_CONTEXT() REPRESENTATION_CONTEXT('2D SPACE',''
  ) );
#7728 = ORIENTED_EDGE('',*,*,#6656,.F.);
#7729 = ADVANCED_FACE('',(#7730),#5891,.T.);
#7730 = FACE_BOUND('',#7731,.T.);
#7731 = EDGE_LOOP('',(#7732,#7753,#7754,#7755));
#7732 = ORIENTED_EDGE('',*,*,#7733,.F.);
#7733 = EDGE_CURVE('',#5851,#6615,#7734,.T.);
#7734 = SURFACE_CURVE('',#7735,(#7739,#7746),.PCURVE_S1.);
#7735 = LINE('',#7736,#7737);
#7736 = CARTESIAN_POINT('',(7.2,30.79,2.6));
#7737 = VECTOR('',#7738,1.);
#7738 = DIRECTION('',(-0.,1.,0.));
#7739 = PCURVE('',#5891,#7740);
#7740 = DEFINITIONAL_REPRESENTATION('',(#7741),#7745);
#7741 = LINE('',#7742,#7743);
#7742 = CARTESIAN_POINT('',(0.,0.));
#7743 = VECTOR('',#7744,1.);
#7744 = DIRECTION('',(0.,1.));
#7745 = ( GEOMETRIC_REPRESENTATION_CONTEXT(2) 
PARAMETRIC_REPRESENTATION_CONTEXT() REPRESENTATION_CONTEXT('2D SPACE',''
  ) );
#7746 = PCURVE('',#5865,#7747);
#7747 = DEFINITIONAL_REPRESENTATION('',(#7748),#7752);
#7748 = LINE('',#7749,#7750);
#7749 = CARTESIAN_POINT('',(0.,0.));
#7750 = VECTOR('',#7751,1.);
#7751 = DIRECTION('',(0.,-1.));
#7752 = ( GEOMETRIC_REPRESENTATION_CONTEXT(2) 
PARAMETRIC_REPRESENTATION_CONTEXT() REPRESENTATION_CONTEXT('2D SPACE',''
  ) );
#7753 = ORIENTED_EDGE('',*,*,#5876,.F.);
#7754 = ORIENTED_EDGE('',*,*,#7708,.T.);
#7755 = ORIENTED_EDGE('',*,*,#6635,.F.);
#7756 = ADVANCED_FACE('',(#7757),#5865,.T.);
#7757 = FACE_BOUND('',#7758,.T.);
#7758 = EDGE_LOOP('',(#7759,#7782,#7803,#7822,#7823,#7824));
#7759 = ORIENTED_EDGE('',*,*,#7760,.F.);
#7760 = EDGE_CURVE('',#7761,#6587,#7763,.T.);
#7761 = VERTEX_POINT('',#7762);
#7762 = CARTESIAN_POINT('',(7.2,30.8,8.));
#7763 = SURFACE_CURVE('',#7764,(#7768,#7775),.PCURVE_S1.);
#7764 = LINE('',#7765,#7766);
#7765 = CARTESIAN_POINT('',(7.2,30.79,8.));
#7766 = VECTOR('',#7767,1.);
#7767 = DIRECTION('',(-0.,1.,0.));
#7768 = PCURVE('',#5865,#7769);
#7769 = DEFINITIONAL_REPRESENTATION('',(#7770),#7774);
#7770 = LINE('',#7771,#7772);
#7771 = CARTESIAN_POINT('',(5.4,0.));
#7772 = VECTOR('',#7773,1.);
#7773 = DIRECTION('',(0.,-1.));
#7774 = ( GEOMETRIC_REPRESENTATION_CONTEXT(2) 
PARAMETRIC_REPRESENTATION_CONTEXT() REPRESENTATION_CONTEXT('2D SPACE',''
  ) );
#7775 = PCURVE('',#6603,#7776);
#7776 = DEFINITIONAL_REPRESENTATION('',(#7777),#7781);
#7777 = LINE('',#7778,#7779);
#7778 = CARTESIAN_POINT('',(0.,0.));
#7779 = VECTOR('',#7780,1.);
#7780 = DIRECTION('',(0.,1.));
#7781 = ( GEOMETRIC_REPRESENTATION_CONTEXT(2) 
PARAMETRIC_REPRESENTATION_CONTEXT() REPRESENTATION_CONTEXT('2D SPACE',''
  ) );
#7782 = ORIENTED_EDGE('',*,*,#7783,.T.);
#7783 = EDGE_CURVE('',#7761,#7784,#7786,.T.);
#7784 = VERTEX_POINT('',#7785);
#7785 = CARTESIAN_POINT('',(7.2,30.8,7.7));
#7786 = SURFACE_CURVE('',#7787,(#7791,#7797),.PCURVE_S1.);
#7787 = LINE('',#7788,#7789);
#7788 = CARTESIAN_POINT('',(7.2,30.8,2.3));
#7789 = VECTOR('',#7790,1.);
#7790 = DIRECTION('',(-0.,0.,-1.));
#7791 = PCURVE('',#5865,#7792);
#7792 = DEFINITIONAL_REPRESENTATION('',(#7793),#7796);
#7793 = B_SPLINE_CURVE_WITH_KNOTS('',1,(#7794,#7795),.UNSPECIFIED.,.F.,
  .F.,(2,2),(-5.7,-0.3),.PIECEWISE_BEZIER_KNOTS.);
#7794 = CARTESIAN_POINT('',(5.4,-9.999999999998E-03));
#7795 = CARTESIAN_POINT('',(0.,-9.999999999998E-03));
#7796 = ( GEOMETRIC_REPRESENTATION_CONTEXT(2) 
PARAMETRIC_REPRESENTATION_CONTEXT() REPRESENTATION_CONTEXT('2D SPACE',''
  ) );
#7797 = PCURVE('',#6717,#7798);
#7798 = DEFINITIONAL_REPRESENTATION('',(#7799),#7802);
#7799 = B_SPLINE_CURVE_WITH_KNOTS('',1,(#7800,#7801),.UNSPECIFIED.,.F.,
  .F.,(2,2),(-5.7,-0.3),.PIECEWISE_BEZIER_KNOTS.);
#7800 = CARTESIAN_POINT('',(5.70000000001,-6.));
#7801 = CARTESIAN_POINT('',(5.70000000001,-0.6));
#7802 = ( GEOMETRIC_REPRESENTATION_CONTEXT(2) 
PARAMETRIC_REPRESENTATION_CONTEXT() REPRESENTATION_CONTEXT('2D SPACE',''
  ) );
#7803 = ORIENTED_EDGE('',*,*,#7804,.F.);
#7804 = EDGE_CURVE('',#5823,#7784,#7805,.T.);
#7805 = SURFACE_CURVE('',#7806,(#7810,#7816),.PCURVE_S1.);
#7806 = LINE('',#7807,#7808);
#7807 = CARTESIAN_POINT('',(7.2,30.695,7.7));
#7808 = VECTOR('',#7809,1.);
#7809 = DIRECTION('',(0.,-1.,0.));
#7810 = PCURVE('',#5865,#7811);
#7811 = DEFINITIONAL_REPRESENTATION('',(#7812),#7815);
#7812 = B_SPLINE_CURVE_WITH_KNOTS('',1,(#7813,#7814),.UNSPECIFIED.,.F.,
  .F.,(2,2),(-4.305,-0.105),.PIECEWISE_BEZIER_KNOTS.);
#7813 = CARTESIAN_POINT('',(5.1,-4.21));
#7814 = CARTESIAN_POINT('',(5.1,-9.999999999998E-03));
#7815 = ( GEOMETRIC_REPRESENTATION_CONTEXT(2) 
PARAMETRIC_REPRESENTATION_CONTEXT() REPRESENTATION_CONTEXT('2D SPACE',''
  ) );
#7816 = PCURVE('',#5838,#7817);
#7817 = DEFINITIONAL_REPRESENTATION('',(#7818),#7821);
#7818 = B_SPLINE_CURVE_WITH_KNOTS('',1,(#7819,#7820),.UNSPECIFIED.,.F.,
  .F.,(2,2),(-4.305,-0.105),.PIECEWISE_BEZIER_KNOTS.);
#7819 = CARTESIAN_POINT('',(6.,4.4));
#7820 = CARTESIAN_POINT('',(6.,0.2));
#7821 = ( GEOMETRIC_REPRESENTATION_CONTEXT(2) 
PARAMETRIC_REPRESENTATION_CONTEXT() REPRESENTATION_CONTEXT('2D SPACE',''
  ) );
#7822 = ORIENTED_EDGE('',*,*,#5850,.F.);
#7823 = ORIENTED_EDGE('',*,*,#7733,.T.);
#7824 = ORIENTED_EDGE('',*,*,#6614,.F.);
#7825 = ADVANCED_FACE('',(#7826,#7879),#5838,.F.);
#7826 = FACE_BOUND('',#7827,.F.);
#7827 = EDGE_LOOP('',(#7828,#7829,#7830,#7831,#7859,#7878));
#7828 = ORIENTED_EDGE('',*,*,#5822,.F.);
#7829 = ORIENTED_EDGE('',*,*,#6003,.F.);
#7830 = ORIENTED_EDGE('',*,*,#6029,.T.);
#7831 = ORIENTED_EDGE('',*,*,#7832,.T.);
#7832 = EDGE_CURVE('',#6030,#7833,#7835,.T.);
#7833 = VERTEX_POINT('',#7834);
#7834 = CARTESIAN_POINT('',(1.49999999999,30.8,7.7));
#7835 = SURFACE_CURVE('',#7836,(#7841,#7852),.PCURVE_S1.);
#7836 = CIRCLE('',#7837,0.3);
#7837 = AXIS2_PLACEMENT_3D('',#7838,#7839,#7840);
#7838 = CARTESIAN_POINT('',(1.49999999999,30.5,7.7));
#7839 = DIRECTION('',(0.,0.,-1.));
#7840 = DIRECTION('',(-1.,0.,0.));
#7841 = PCURVE('',#5838,#7842);
#7842 = DEFINITIONAL_REPRESENTATION('',(#7843),#7851);
#7843 = ( BOUNDED_CURVE() B_SPLINE_CURVE(2,(#7844,#7845,#7846,#7847,
#7848,#7849,#7850),.UNSPECIFIED.,.T.,.F.) B_SPLINE_CURVE_WITH_KNOTS((1,2
    ,2,2,2,1),(-2.094395102393,0.,2.094395102393,4.188790204786,
6.28318530718,8.377580409573),.UNSPECIFIED.) CURVE() 
GEOMETRIC_REPRESENTATION_ITEM() RATIONAL_B_SPLINE_CURVE((1.,0.5,1.,0.5,
1.,0.5,1.)) REPRESENTATION_ITEM('') );
#7844 = CARTESIAN_POINT('',(-1.018557460597E-11,-0.1));
#7845 = CARTESIAN_POINT('',(-1.018557460597E-11,0.419615242271));
#7846 = CARTESIAN_POINT('',(0.44999999999,0.159807621135));
#7847 = CARTESIAN_POINT('',(0.89999999999,-0.1));
#7848 = CARTESIAN_POINT('',(0.44999999999,-0.359807621135));
#7849 = CARTESIAN_POINT('',(-1.018513051676E-11,-0.619615242271));
#7850 = CARTESIAN_POINT('',(-1.018557460597E-11,-0.1));
#7851 = ( GEOMETRIC_REPRESENTATION_CONTEXT(2) 
PARAMETRIC_REPRESENTATION_CONTEXT() REPRESENTATION_CONTEXT('2D SPACE',''
  ) );
#7852 = PCURVE('',#6067,#7853);
#7853 = DEFINITIONAL_REPRESENTATION('',(#7854),#7858);
#7854 = LINE('',#7855,#7856);
#7855 = CARTESIAN_POINT('',(0.,-5.7));
#7856 = VECTOR('',#7857,1.);
#7857 = DIRECTION('',(1.,0.));
#7858 = ( GEOMETRIC_REPRESENTATION_CONTEXT(2) 
PARAMETRIC_REPRESENTATION_CONTEXT() REPRESENTATION_CONTEXT('2D SPACE',''
  ) );
#7859 = ORIENTED_EDGE('',*,*,#7860,.T.);
#7860 = EDGE_CURVE('',#7833,#7784,#7861,.T.);
#7861 = SURFACE_CURVE('',#7862,(#7866,#7872),.PCURVE_S1.);
#7862 = LINE('',#7863,#7864);
#7863 = CARTESIAN_POINT('',(1.349999999995,30.8,7.7));
#7864 = VECTOR('',#7865,1.);
#7865 = DIRECTION('',(1.,0.,0.));
#7866 = PCURVE('',#5838,#7867);
#7867 = DEFINITIONAL_REPRESENTATION('',(#7868),#7871);
#7868 = B_SPLINE_CURVE_WITH_KNOTS('',1,(#7869,#7870),.UNSPECIFIED.,.F.,
  .F.,(2,2),(0.149999999995,16.650000000005),.PIECEWISE_BEZIER_KNOTS.);
#7869 = CARTESIAN_POINT('',(0.29999999999,0.2));
#7870 = CARTESIAN_POINT('',(16.8,0.2));
#7871 = ( GEOMETRIC_REPRESENTATION_CONTEXT(2) 
PARAMETRIC_REPRESENTATION_CONTEXT() REPRESENTATION_CONTEXT('2D SPACE',''
  ) );
#7872 = PCURVE('',#6717,#7873);
#7873 = DEFINITIONAL_REPRESENTATION('',(#7874),#7877);
#7874 = B_SPLINE_CURVE_WITH_KNOTS('',1,(#7875,#7876),.UNSPECIFIED.,.F.,
  .F.,(2,2),(0.149999999995,16.650000000005),.PIECEWISE_BEZIER_KNOTS.);
#7875 = CARTESIAN_POINT('',(0.,-5.7));
#7876 = CARTESIAN_POINT('',(16.50000000001,-5.7));
#7877 = ( GEOMETRIC_REPRESENTATION_CONTEXT(2) 
PARAMETRIC_REPRESENTATION_CONTEXT() REPRESENTATION_CONTEXT('2D SPACE',''
  ) );
#7878 = ORIENTED_EDGE('',*,*,#7804,.F.);
#7879 = FACE_BOUND('',#7880,.F.);
#7880 = EDGE_LOOP('',(#7881));
#7881 = ORIENTED_EDGE('',*,*,#7882,.F.);
#7882 = EDGE_CURVE('',#7883,#7883,#7885,.T.);
#7883 = VERTEX_POINT('',#7884);
#7884 = CARTESIAN_POINT('',(4.45,32.8,7.7));
#7885 = SURFACE_CURVE('',#7886,(#7891,#7898),.PCURVE_S1.);
#7886 = CIRCLE('',#7887,1.15);
#7887 = AXIS2_PLACEMENT_3D('',#7888,#7889,#7890);
#7888 = CARTESIAN_POINT('',(3.3,32.8,7.7));
#7889 = DIRECTION('',(0.,0.,1.));
#7890 = DIRECTION('',(1.,0.,-0.));
#7891 = PCURVE('',#5838,#7892);
#7892 = DEFINITIONAL_REPRESENTATION('',(#7893),#7897);
#7893 = CIRCLE('',#7894,1.15);
#7894 = AXIS2_PLACEMENT_2D('',#7895,#7896);
#7895 = CARTESIAN_POINT('',(2.1,2.2));
#7896 = DIRECTION('',(1.,0.));
#7897 = ( GEOMETRIC_REPRESENTATION_CONTEXT(2) 
PARAMETRIC_REPRESENTATION_CONTEXT() REPRESENTATION_CONTEXT('2D SPACE',''
  ) );
#7898 = PCURVE('',#7443,#7899);
#7899 = DEFINITIONAL_REPRESENTATION('',(#7900),#7904);
#7900 = LINE('',#7901,#7902);
#7901 = CARTESIAN_POINT('',(0.,0.3));
#7902 = VECTOR('',#7903,1.);
#7903 = DIRECTION('',(1.,0.));
#7904 = ( GEOMETRIC_REPRESENTATION_CONTEXT(2) 
PARAMETRIC_REPRESENTATION_CONTEXT() REPRESENTATION_CONTEXT('2D SPACE',''
  ) );
#7905 = ADVANCED_FACE('',(#7906),#6093,.T.);
#7906 = FACE_BOUND('',#7907,.T.);
#7907 = EDGE_LOOP('',(#7908,#7909,#7935,#7936,#7937,#7938));
#7908 = ORIENTED_EDGE('',*,*,#7585,.F.);
#7909 = ORIENTED_EDGE('',*,*,#7910,.F.);
#7910 = EDGE_CURVE('',#6224,#7515,#7911,.T.);
#7911 = SURFACE_CURVE('',#7912,(#7917,#7928),.PCURVE_S1.);
#7912 = CIRCLE('',#7913,0.3);
#7913 = AXIS2_PLACEMENT_3D('',#7914,#7915,#7916);
#7914 = CARTESIAN_POINT('',(1.49999999999,-30.5,2.));
#7915 = DIRECTION('',(0.,0.,-1.));
#7916 = DIRECTION('',(-1.,0.,0.));
#7917 = PCURVE('',#6093,#7918);
#7918 = DEFINITIONAL_REPRESENTATION('',(#7919),#7927);
#7919 = ( BOUNDED_CURVE() B_SPLINE_CURVE(2,(#7920,#7921,#7922,#7923,
#7924,#7925,#7926),.UNSPECIFIED.,.T.,.F.) B_SPLINE_CURVE_WITH_KNOTS((1,2
    ,2,2,2,1),(-2.094395102393,0.,2.094395102393,4.188790204786,
6.28318530718,8.377580409573),.UNSPECIFIED.) CURVE() 
GEOMETRIC_REPRESENTATION_ITEM() RATIONAL_B_SPLINE_CURVE((1.,0.5,1.,0.5,
1.,0.5,1.)) REPRESENTATION_ITEM('') );
#7920 = CARTESIAN_POINT('',(-10.7999999992,-30.5));
#7921 = CARTESIAN_POINT('',(-10.7999999992,-29.98038475772));
#7922 = CARTESIAN_POINT('',(-10.3499999992,-30.24019237886));
#7923 = CARTESIAN_POINT('',(-9.8999999992,-30.5));
#7924 = CARTESIAN_POINT('',(-10.3499999992,-30.75980762113));
#7925 = CARTESIAN_POINT('',(-10.7999999992,-31.01961524227));
#7926 = CARTESIAN_POINT('',(-10.7999999992,-30.5));
#7927 = ( GEOMETRIC_REPRESENTATION_CONTEXT(2) 
PARAMETRIC_REPRESENTATION_CONTEXT() REPRESENTATION_CONTEXT('2D SPACE',''
  ) );
#7928 = PCURVE('',#6238,#7929);
#7929 = DEFINITIONAL_REPRESENTATION('',(#7930),#7934);
#7930 = LINE('',#7931,#7932);
#7931 = CARTESIAN_POINT('',(0.,0.));
#7932 = VECTOR('',#7933,1.);
#7933 = DIRECTION('',(1.,0.));
#7934 = ( GEOMETRIC_REPRESENTATION_CONTEXT(2) 
PARAMETRIC_REPRESENTATION_CONTEXT() REPRESENTATION_CONTEXT('2D SPACE',''
  ) );
#7935 = ORIENTED_EDGE('',*,*,#6249,.F.);
#7936 = ORIENTED_EDGE('',*,*,#6149,.T.);
#7937 = ORIENTED_EDGE('',*,*,#6078,.T.);
#7938 = ORIENTED_EDGE('',*,*,#7939,.F.);
#7939 = EDGE_CURVE('',#7563,#6053,#7940,.T.);
#7940 = SURFACE_CURVE('',#7941,(#7946,#7957),.PCURVE_S1.);
#7941 = CIRCLE('',#7942,0.3);
#7942 = AXIS2_PLACEMENT_3D('',#7943,#7944,#7945);
#7943 = CARTESIAN_POINT('',(1.49999999999,30.5,2.));
#7944 = DIRECTION('',(0.,0.,-1.));
#7945 = DIRECTION('',(-1.,0.,0.));
#7946 = PCURVE('',#6093,#7947);
#7947 = DEFINITIONAL_REPRESENTATION('',(#7948),#7956);
#7948 = ( BOUNDED_CURVE() B_SPLINE_CURVE(2,(#7949,#7950,#7951,#7952,
#7953,#7954,#7955),.UNSPECIFIED.,.T.,.F.) B_SPLINE_CURVE_WITH_KNOTS((1,2
    ,2,2,2,1),(-2.094395102393,0.,2.094395102393,4.188790204786,
6.28318530718,8.377580409573),.UNSPECIFIED.) CURVE() 
GEOMETRIC_REPRESENTATION_ITEM() RATIONAL_B_SPLINE_CURVE((1.,0.5,1.,0.5,
1.,0.5,1.)) REPRESENTATION_ITEM('') );
#7949 = CARTESIAN_POINT('',(-10.7999999992,30.5));
#7950 = CARTESIAN_POINT('',(-10.7999999992,31.019615242271));
#7951 = CARTESIAN_POINT('',(-10.3499999992,30.759807621135));
#7952 = CARTESIAN_POINT('',(-9.8999999992,30.5));
#7953 = CARTESIAN_POINT('',(-10.3499999992,30.240192378865));
#7954 = CARTESIAN_POINT('',(-10.7999999992,29.980384757729));
#7955 = CARTESIAN_POINT('',(-10.7999999992,30.5));
#7956 = ( GEOMETRIC_REPRESENTATION_CONTEXT(2) 
PARAMETRIC_REPRESENTATION_CONTEXT() REPRESENTATION_CONTEXT('2D SPACE',''
  ) );
#7957 = PCURVE('',#6067,#7958);
#7958 = DEFINITIONAL_REPRESENTATION('',(#7959),#7963);
#7959 = LINE('',#7960,#7961);
#7960 = CARTESIAN_POINT('',(0.,0.));
#7961 = VECTOR('',#7962,1.);
#7962 = DIRECTION('',(1.,0.));
#7963 = ( GEOMETRIC_REPRESENTATION_CONTEXT(2) 
PARAMETRIC_REPRESENTATION_CONTEXT() REPRESENTATION_CONTEXT('2D SPACE',''
  ) );
#7964 = ADVANCED_FACE('',(#7965),#6067,.F.);
#7965 = FACE_BOUND('',#7966,.F.);
#7966 = EDGE_LOOP('',(#7967,#7968,#7969,#7997,#8018,#8019));
#7967 = ORIENTED_EDGE('',*,*,#7939,.F.);
#7968 = ORIENTED_EDGE('',*,*,#7562,.T.);
#7969 = ORIENTED_EDGE('',*,*,#7970,.T.);
#7970 = EDGE_CURVE('',#7540,#7971,#7973,.T.);
#7971 = VERTEX_POINT('',#7972);
#7972 = CARTESIAN_POINT('',(1.49999999999,30.8,9.5));
#7973 = SURFACE_CURVE('',#7974,(#7979,#7986),.PCURVE_S1.);
#7974 = CIRCLE('',#7975,0.3);
#7975 = AXIS2_PLACEMENT_3D('',#7976,#7977,#7978);
#7976 = CARTESIAN_POINT('',(1.49999999999,30.5,9.5));
#7977 = DIRECTION('',(0.,0.,-1.));
#7978 = DIRECTION('',(-1.,0.,0.));
#7979 = PCURVE('',#6067,#7980);
#7980 = DEFINITIONAL_REPRESENTATION('',(#7981),#7985);
#7981 = LINE('',#7982,#7983);
#7982 = CARTESIAN_POINT('',(0.,-7.5));
#7983 = VECTOR('',#7984,1.);
#7984 = DIRECTION('',(1.,0.));
#7985 = ( GEOMETRIC_REPRESENTATION_CONTEXT(2) 
PARAMETRIC_REPRESENTATION_CONTEXT() REPRESENTATION_CONTEXT('2D SPACE',''
  ) );
#7986 = PCURVE('',#6412,#7987);
#7987 = DEFINITIONAL_REPRESENTATION('',(#7988),#7996);
#7988 = ( BOUNDED_CURVE() B_SPLINE_CURVE(2,(#7989,#7990,#7991,#7992,
#7993,#7994,#7995),.UNSPECIFIED.,.T.,.F.) B_SPLINE_CURVE_WITH_KNOTS((1,2
    ,2,2,2,1),(-2.094395102393,0.,2.094395102393,4.188790204786,
6.28318530718,8.377580409573),.UNSPECIFIED.) CURVE() 
GEOMETRIC_REPRESENTATION_ITEM() RATIONAL_B_SPLINE_CURVE((1.,0.5,1.,0.5,
1.,0.5,1.)) REPRESENTATION_ITEM('') );
#7989 = CARTESIAN_POINT('',(-16.80000000001,70.5));
#7990 = CARTESIAN_POINT('',(-16.80000000001,71.019615242271));
#7991 = CARTESIAN_POINT('',(-16.35000000001,70.759807621135));
#7992 = CARTESIAN_POINT('',(-15.90000000001,70.5));
#7993 = CARTESIAN_POINT('',(-16.35000000001,70.240192378865));
#7994 = CARTESIAN_POINT('',(-16.80000000001,69.980384757729));
#7995 = CARTESIAN_POINT('',(-16.80000000001,70.5));
#7996 = ( GEOMETRIC_REPRESENTATION_CONTEXT(2) 
PARAMETRIC_REPRESENTATION_CONTEXT() REPRESENTATION_CONTEXT('2D SPACE',''
  ) );
#7997 = ORIENTED_EDGE('',*,*,#7998,.F.);
#7998 = EDGE_CURVE('',#7833,#7971,#7999,.T.);
#7999 = SURFACE_CURVE('',#8000,(#8004,#8011),.PCURVE_S1.);
#8000 = LINE('',#8001,#8002);
#8001 = CARTESIAN_POINT('',(1.49999999999,30.8,2.));
#8002 = VECTOR('',#8003,1.);
#8003 = DIRECTION('',(0.,0.,1.));
#8004 = PCURVE('',#6067,#8005);
#8005 = DEFINITIONAL_REPRESENTATION('',(#8006),#8010);
#8006 = LINE('',#8007,#8008);
#8007 = CARTESIAN_POINT('',(1.570796326795,0.));
#8008 = VECTOR('',#8009,1.);
#8009 = DIRECTION('',(0.,-1.));
#8010 = ( GEOMETRIC_REPRESENTATION_CONTEXT(2) 
PARAMETRIC_REPRESENTATION_CONTEXT() REPRESENTATION_CONTEXT('2D SPACE',''
  ) );
#8011 = PCURVE('',#6717,#8012);
#8012 = DEFINITIONAL_REPRESENTATION('',(#8013),#8017);
#8013 = LINE('',#8014,#8015);
#8014 = CARTESIAN_POINT('',(0.,0.));
#8015 = VECTOR('',#8016,1.);
#8016 = DIRECTION('',(0.,-1.));
#8017 = ( GEOMETRIC_REPRESENTATION_CONTEXT(2) 
PARAMETRIC_REPRESENTATION_CONTEXT() REPRESENTATION_CONTEXT('2D SPACE',''
  ) );
#8018 = ORIENTED_EDGE('',*,*,#7832,.F.);
#8019 = ORIENTED_EDGE('',*,*,#6052,.T.);
#8020 = ADVANCED_FACE('',(#8021),#6238,.F.);
#8021 = FACE_BOUND('',#8022,.F.);
#8022 = EDGE_LOOP('',(#8023,#8024,#8025,#8053,#8076,#8102));
#8023 = ORIENTED_EDGE('',*,*,#7910,.F.);
#8024 = ORIENTED_EDGE('',*,*,#6223,.F.);
#8025 = ORIENTED_EDGE('',*,*,#8026,.F.);
#8026 = EDGE_CURVE('',#8027,#6196,#8029,.T.);
#8027 = VERTEX_POINT('',#8028);
#8028 = CARTESIAN_POINT('',(1.49999999999,-30.8,7.7));
#8029 = SURFACE_CURVE('',#8030,(#8035,#8042),.PCURVE_S1.);
#8030 = CIRCLE('',#8031,0.3);
#8031 = AXIS2_PLACEMENT_3D('',#8032,#8033,#8034);
#8032 = CARTESIAN_POINT('',(1.49999999999,-30.5,7.7));
#8033 = DIRECTION('',(0.,0.,-1.));
#8034 = DIRECTION('',(-1.,0.,0.));
#8035 = PCURVE('',#6238,#8036);
#8036 = DEFINITIONAL_REPRESENTATION('',(#8037),#8041);
#8037 = LINE('',#8038,#8039);
#8038 = CARTESIAN_POINT('',(0.,-5.7));
#8039 = VECTOR('',#8040,1.);
#8040 = DIRECTION('',(1.,0.));
#8041 = ( GEOMETRIC_REPRESENTATION_CONTEXT(2) 
PARAMETRIC_REPRESENTATION_CONTEXT() REPRESENTATION_CONTEXT('2D SPACE',''
  ) );
#8042 = PCURVE('',#6211,#8043);
#8043 = DEFINITIONAL_REPRESENTATION('',(#8044),#8052);
#8044 = ( BOUNDED_CURVE() B_SPLINE_CURVE(2,(#8045,#8046,#8047,#8048,
#8049,#8050,#8051),.UNSPECIFIED.,.T.,.F.) B_SPLINE_CURVE_WITH_KNOTS((1,2
    ,2,2,2,1),(-2.094395102393,0.,2.094395102393,4.188790204786,
6.28318530718,8.377580409573),.UNSPECIFIED.) CURVE() 
GEOMETRIC_REPRESENTATION_ITEM() RATIONAL_B_SPLINE_CURVE((1.,0.5,1.,0.5,
1.,0.5,1.)) REPRESENTATION_ITEM('') );
#8045 = CARTESIAN_POINT('',(-1.018557460597E-11,4.5));
#8046 = CARTESIAN_POINT('',(-1.018557460597E-11,5.019615242271));
#8047 = CARTESIAN_POINT('',(0.44999999999,4.759807621135));
#8048 = CARTESIAN_POINT('',(0.89999999999,4.5));
#8049 = CARTESIAN_POINT('',(0.44999999999,4.240192378865));
#8050 = CARTESIAN_POINT('',(-1.018513051676E-11,3.980384757729));
#8051 = CARTESIAN_POINT('',(-1.018557460597E-11,4.5));
#8052 = ( GEOMETRIC_REPRESENTATION_CONTEXT(2) 
PARAMETRIC_REPRESENTATION_CONTEXT() REPRESENTATION_CONTEXT('2D SPACE',''
  ) );
#8053 = ORIENTED_EDGE('',*,*,#8054,.T.);
#8054 = EDGE_CURVE('',#8027,#8055,#8057,.T.);
#8055 = VERTEX_POINT('',#8056);
#8056 = CARTESIAN_POINT('',(1.49999999999,-30.8,9.5));
#8057 = SURFACE_CURVE('',#8058,(#8062,#8069),.PCURVE_S1.);
#8058 = LINE('',#8059,#8060);
#8059 = CARTESIAN_POINT('',(1.49999999999,-30.8,2.));
#8060 = VECTOR('',#8061,1.);
#8061 = DIRECTION('',(0.,0.,1.));
#8062 = PCURVE('',#6238,#8063);
#8063 = DEFINITIONAL_REPRESENTATION('',(#8064),#8068);
#8064 = LINE('',#8065,#8066);
#8065 = CARTESIAN_POINT('',(4.712388980385,0.));
#8066 = VECTOR('',#8067,1.);
#8067 = DIRECTION('',(0.,-1.));
#8068 = ( GEOMETRIC_REPRESENTATION_CONTEXT(2) 
PARAMETRIC_REPRESENTATION_CONTEXT() REPRESENTATION_CONTEXT('2D SPACE',''
  ) );
#8069 = PCURVE('',#6385,#8070);
#8070 = DEFINITIONAL_REPRESENTATION('',(#8071),#8075);
#8071 = LINE('',#8072,#8073);
#8072 = CARTESIAN_POINT('',(0.,0.));
#8073 = VECTOR('',#8074,1.);
#8074 = DIRECTION('',(0.,-1.));
#8075 = ( GEOMETRIC_REPRESENTATION_CONTEXT(2) 
PARAMETRIC_REPRESENTATION_CONTEXT() REPRESENTATION_CONTEXT('2D SPACE',''
  ) );
#8076 = ORIENTED_EDGE('',*,*,#8077,.T.);
#8077 = EDGE_CURVE('',#8055,#7517,#8078,.T.);
#8078 = SURFACE_CURVE('',#8079,(#8084,#8091),.PCURVE_S1.);
#8079 = CIRCLE('',#8080,0.3);
#8080 = AXIS2_PLACEMENT_3D('',#8081,#8082,#8083);
#8081 = CARTESIAN_POINT('',(1.49999999999,-30.5,9.5));
#8082 = DIRECTION('',(0.,0.,-1.));
#8083 = DIRECTION('',(-1.,0.,0.));
#8084 = PCURVE('',#6238,#8085);
#8085 = DEFINITIONAL_REPRESENTATION('',(#8086),#8090);
#8086 = LINE('',#8087,#8088);
#8087 = CARTESIAN_POINT('',(0.,-7.5));
#8088 = VECTOR('',#8089,1.);
#8089 = DIRECTION('',(1.,0.));
#8090 = ( GEOMETRIC_REPRESENTATION_CONTEXT(2) 
PARAMETRIC_REPRESENTATION_CONTEXT() REPRESENTATION_CONTEXT('2D SPACE',''
  ) );
#8091 = PCURVE('',#6412,#8092);
#8092 = DEFINITIONAL_REPRESENTATION('',(#8093),#8101);
#8093 = ( BOUNDED_CURVE() B_SPLINE_CURVE(2,(#8094,#8095,#8096,#8097,
#8098,#8099,#8100),.UNSPECIFIED.,.T.,.F.) B_SPLINE_CURVE_WITH_KNOTS((1,2
    ,2,2,2,1),(-2.094395102393,0.,2.094395102393,4.188790204786,
6.28318530718,8.377580409573),.UNSPECIFIED.) CURVE() 
GEOMETRIC_REPRESENTATION_ITEM() RATIONAL_B_SPLINE_CURVE((1.,0.5,1.,0.5,
1.,0.5,1.)) REPRESENTATION_ITEM('') );
#8094 = CARTESIAN_POINT('',(-16.80000000001,9.5));
#8095 = CARTESIAN_POINT('',(-16.80000000001,10.019615242271));
#8096 = CARTESIAN_POINT('',(-16.35000000001,9.759807621135));
#8097 = CARTESIAN_POINT('',(-15.90000000001,9.5));
#8098 = CARTESIAN_POINT('',(-16.35000000001,9.240192378865));
#8099 = CARTESIAN_POINT('',(-16.80000000001,8.980384757729));
#8100 = CARTESIAN_POINT('',(-16.80000000001,9.5));
#8101 = ( GEOMETRIC_REPRESENTATION_CONTEXT(2) 
PARAMETRIC_REPRESENTATION_CONTEXT() REPRESENTATION_CONTEXT('2D SPACE',''
  ) );
#8102 = ORIENTED_EDGE('',*,*,#7514,.F.);
#8103 = ADVANCED_FACE('',(#8104,#8130),#6211,.F.);
#8104 = FACE_BOUND('',#8105,.F.);
#8105 = EDGE_LOOP('',(#8106,#8107,#8108,#8109,#8110,#8129));
#8106 = ORIENTED_EDGE('',*,*,#6195,.F.);
#8107 = ORIENTED_EDGE('',*,*,#6297,.F.);
#8108 = ORIENTED_EDGE('',*,*,#6323,.T.);
#8109 = ORIENTED_EDGE('',*,*,#6445,.F.);
#8110 = ORIENTED_EDGE('',*,*,#8111,.F.);
#8111 = EDGE_CURVE('',#8027,#6371,#8112,.T.);
#8112 = SURFACE_CURVE('',#8113,(#8117,#8123),.PCURVE_S1.);
#8113 = LINE('',#8114,#8115);
#8114 = CARTESIAN_POINT('',(1.349999999995,-30.8,7.7));
#8115 = VECTOR('',#8116,1.);
#8116 = DIRECTION('',(1.,0.,0.));
#8117 = PCURVE('',#6211,#8118);
#8118 = DEFINITIONAL_REPRESENTATION('',(#8119),#8122);
#8119 = B_SPLINE_CURVE_WITH_KNOTS('',1,(#8120,#8121),.UNSPECIFIED.,.F.,
  .F.,(2,2),(0.149999999995,16.650000000005),.PIECEWISE_BEZIER_KNOTS.);
#8120 = CARTESIAN_POINT('',(0.29999999999,4.2));
#8121 = CARTESIAN_POINT('',(16.8,4.2));
#8122 = ( GEOMETRIC_REPRESENTATION_CONTEXT(2) 
PARAMETRIC_REPRESENTATION_CONTEXT() REPRESENTATION_CONTEXT('2D SPACE',''
  ) );
#8123 = PCURVE('',#6385,#8124);
#8124 = DEFINITIONAL_REPRESENTATION('',(#8125),#8128);
#8125 = B_SPLINE_CURVE_WITH_KNOTS('',1,(#8126,#8127),.UNSPECIFIED.,.F.,
  .F.,(2,2),(0.149999999995,16.650000000005),.PIECEWISE_BEZIER_KNOTS.);
#8126 = CARTESIAN_POINT('',(0.,-5.7));
#8127 = CARTESIAN_POINT('',(16.50000000001,-5.7));
#8128 = ( GEOMETRIC_REPRESENTATION_CONTEXT(2) 
PARAMETRIC_REPRESENTATION_CONTEXT() REPRESENTATION_CONTEXT('2D SPACE',''
  ) );
#8129 = ORIENTED_EDGE('',*,*,#8026,.T.);
#8130 = FACE_BOUND('',#8131,.F.);
#8131 = EDGE_LOOP('',(#8132));
#8132 = ORIENTED_EDGE('',*,*,#8133,.F.);
#8133 = EDGE_CURVE('',#8134,#8134,#8136,.T.);
#8134 = VERTEX_POINT('',#8135);
#8135 = CARTESIAN_POINT('',(4.45,-32.8,7.7));
#8136 = SURFACE_CURVE('',#8137,(#8142,#8149),.PCURVE_S1.);
#8137 = CIRCLE('',#8138,1.15);
#8138 = AXIS2_PLACEMENT_3D('',#8139,#8140,#8141);
#8139 = CARTESIAN_POINT('',(3.3,-32.8,7.7));
#8140 = DIRECTION('',(0.,0.,1.));
#8141 = DIRECTION('',(1.,0.,-0.));
#8142 = PCURVE('',#6211,#8143);
#8143 = DEFINITIONAL_REPRESENTATION('',(#8144),#8148);
#8144 = CIRCLE('',#8145,1.15);
#8145 = AXIS2_PLACEMENT_2D('',#8146,#8147);
#8146 = CARTESIAN_POINT('',(2.1,2.2));
#8147 = DIRECTION('',(1.,0.));
#8148 = ( GEOMETRIC_REPRESENTATION_CONTEXT(2) 
PARAMETRIC_REPRESENTATION_CONTEXT() REPRESENTATION_CONTEXT('2D SPACE',''
  ) );
#8149 = PCURVE('',#6925,#8150);
#8150 = DEFINITIONAL_REPRESENTATION('',(#8151),#8155);
#8151 = LINE('',#8152,#8153);
#8152 = CARTESIAN_POINT('',(0.,0.3));
#8153 = VECTOR('',#8154,1.);
#8154 = DIRECTION('',(1.,0.));
#8155 = ( GEOMETRIC_REPRESENTATION_CONTEXT(2) 
PARAMETRIC_REPRESENTATION_CONTEXT() REPRESENTATION_CONTEXT('2D SPACE',''
  ) );
#8156 = ADVANCED_FACE('',(#8157),#6385,.T.);
#8157 = FACE_BOUND('',#8158,.T.);
#8158 = EDGE_LOOP('',(#8159,#8160,#8161,#8182));
#8159 = ORIENTED_EDGE('',*,*,#8111,.F.);
#8160 = ORIENTED_EDGE('',*,*,#8054,.T.);
#8161 = ORIENTED_EDGE('',*,*,#8162,.T.);
#8162 = EDGE_CURVE('',#8055,#6369,#8163,.T.);
#8163 = SURFACE_CURVE('',#8164,(#8168,#8175),.PCURVE_S1.);
#8164 = LINE('',#8165,#8166);
#8165 = CARTESIAN_POINT('',(12.00000000001,-30.8,9.5));
#8166 = VECTOR('',#8167,1.);
#8167 = DIRECTION('',(1.,0.,0.));
#8168 = PCURVE('',#6385,#8169);
#8169 = DEFINITIONAL_REPRESENTATION('',(#8170),#8174);
#8170 = LINE('',#8171,#8172);
#8171 = CARTESIAN_POINT('',(10.50000000002,-7.5));
#8172 = VECTOR('',#8173,1.);
#8173 = DIRECTION('',(1.,0.));
#8174 = ( GEOMETRIC_REPRESENTATION_CONTEXT(2) 
PARAMETRIC_REPRESENTATION_CONTEXT() REPRESENTATION_CONTEXT('2D SPACE',''
  ) );
#8175 = PCURVE('',#6412,#8176);
#8176 = DEFINITIONAL_REPRESENTATION('',(#8177),#8181);
#8177 = LINE('',#8178,#8179);
#8178 = CARTESIAN_POINT('',(-5.99999999999,9.2));
#8179 = VECTOR('',#8180,1.);
#8180 = DIRECTION('',(1.,0.));
#8181 = ( GEOMETRIC_REPRESENTATION_CONTEXT(2) 
PARAMETRIC_REPRESENTATION_CONTEXT() REPRESENTATION_CONTEXT('2D SPACE',''
  ) );
#8182 = ORIENTED_EDGE('',*,*,#6368,.T.);
#8183 = ADVANCED_FACE('',(#8184,#8218,#8228,#8254),#6412,.F.);
#8184 = FACE_BOUND('',#8185,.F.);
#8185 = EDGE_LOOP('',(#8186,#8187,#8208,#8209,#8210,#8211,#8212,#8213,
    #8214,#8215,#8216,#8217));
#8186 = ORIENTED_EDGE('',*,*,#6679,.F.);
#8187 = ORIENTED_EDGE('',*,*,#8188,.F.);
#8188 = EDGE_CURVE('',#7971,#6680,#8189,.T.);
#8189 = SURFACE_CURVE('',#8190,(#8194,#8201),.PCURVE_S1.);
#8190 = LINE('',#8191,#8192);
#8191 = CARTESIAN_POINT('',(12.00000000001,30.8,9.5));
#8192 = VECTOR('',#8193,1.);
#8193 = DIRECTION('',(1.,0.,0.));
#8194 = PCURVE('',#6412,#8195);
#8195 = DEFINITIONAL_REPRESENTATION('',(#8196),#8200);
#8196 = LINE('',#8197,#8198);
#8197 = CARTESIAN_POINT('',(-5.99999999999,70.8));
#8198 = VECTOR('',#8199,1.);
#8199 = DIRECTION('',(1.,0.));
#8200 = ( GEOMETRIC_REPRESENTATION_CONTEXT(2) 
PARAMETRIC_REPRESENTATION_CONTEXT() REPRESENTATION_CONTEXT('2D SPACE',''
  ) );
#8201 = PCURVE('',#6717,#8202);
#8202 = DEFINITIONAL_REPRESENTATION('',(#8203),#8207);
#8203 = LINE('',#8204,#8205);
#8204 = CARTESIAN_POINT('',(10.50000000002,-7.5));
#8205 = VECTOR('',#8206,1.);
#8206 = DIRECTION('',(1.,0.));
#8207 = ( GEOMETRIC_REPRESENTATION_CONTEXT(2) 
PARAMETRIC_REPRESENTATION_CONTEXT() REPRESENTATION_CONTEXT('2D SPACE',''
  ) );
#8208 = ORIENTED_EDGE('',*,*,#7970,.F.);
#8209 = ORIENTED_EDGE('',*,*,#7539,.F.);
#8210 = ORIENTED_EDGE('',*,*,#8077,.F.);
#8211 = ORIENTED_EDGE('',*,*,#8162,.T.);
#8212 = ORIENTED_EDGE('',*,*,#6396,.F.);
#8213 = ORIENTED_EDGE('',*,*,#6493,.T.);
#8214 = ORIENTED_EDGE('',*,*,#6752,.F.);
#8215 = ORIENTED_EDGE('',*,*,#6860,.T.);
#8216 = ORIENTED_EDGE('',*,*,#6806,.F.);
#8217 = ORIENTED_EDGE('',*,*,#6543,.F.);
#8218 = FACE_BOUND('',#8219,.F.);
#8219 = EDGE_LOOP('',(#8220,#8221,#8222,#8223,#8224,#8225,#8226,#8227));
#8220 = ORIENTED_EDGE('',*,*,#7011,.T.);
#8221 = ORIENTED_EDGE('',*,*,#7119,.F.);
#8222 = ORIENTED_EDGE('',*,*,#7215,.T.);
#8223 = ORIENTED_EDGE('',*,*,#7323,.T.);
#8224 = ORIENTED_EDGE('',*,*,#7269,.T.);
#8225 = ORIENTED_EDGE('',*,*,#7167,.T.);
#8226 = ORIENTED_EDGE('',*,*,#7065,.T.);
#8227 = ORIENTED_EDGE('',*,*,#6941,.F.);
#8228 = FACE_BOUND('',#8229,.F.);
#8229 = EDGE_LOOP('',(#8230));
#8230 = ORIENTED_EDGE('',*,*,#8231,.F.);
#8231 = EDGE_CURVE('',#8232,#8232,#8234,.T.);
#8232 = VERTEX_POINT('',#8233);
#8233 = CARTESIAN_POINT('',(21.85,-32.8,9.5));
#8234 = SURFACE_CURVE('',#8235,(#8240,#8247),.PCURVE_S1.);
#8235 = CIRCLE('',#8236,1.15);
#8236 = AXIS2_PLACEMENT_3D('',#8237,#8238,#8239);
#8237 = CARTESIAN_POINT('',(20.7,-32.8,9.5));
#8238 = DIRECTION('',(0.,0.,1.));
#8239 = DIRECTION('',(1.,0.,-0.));
#8240 = PCURVE('',#6412,#8241);
#8241 = DEFINITIONAL_REPRESENTATION('',(#8242),#8246);
#8242 = CIRCLE('',#8243,1.15);
#8243 = AXIS2_PLACEMENT_2D('',#8244,#8245);
#8244 = CARTESIAN_POINT('',(2.7,7.2));
#8245 = DIRECTION('',(1.,0.));
#8246 = ( GEOMETRIC_REPRESENTATION_CONTEXT(2) 
PARAMETRIC_REPRESENTATION_CONTEXT() REPRESENTATION_CONTEXT('2D SPACE',''
  ) );
#8247 = PCURVE('',#7388,#8248);
#8248 = DEFINITIONAL_REPRESENTATION('',(#8249),#8253);
#8249 = LINE('',#8250,#8251);
#8250 = CARTESIAN_POINT('',(0.,1.E-01));
#8251 = VECTOR('',#8252,1.);
#8252 = DIRECTION('',(1.,0.));
#8253 = ( GEOMETRIC_REPRESENTATION_CONTEXT(2) 
PARAMETRIC_REPRESENTATION_CONTEXT() REPRESENTATION_CONTEXT('2D SPACE',''
  ) );
#8254 = FACE_BOUND('',#8255,.F.);
#8255 = EDGE_LOOP('',(#8256));
#8256 = ORIENTED_EDGE('',*,*,#8257,.F.);
#8257 = EDGE_CURVE('',#8258,#8258,#8260,.T.);
#8258 = VERTEX_POINT('',#8259);
#8259 = CARTESIAN_POINT('',(21.85,32.8,9.5));
#8260 = SURFACE_CURVE('',#8261,(#8266,#8273),.PCURVE_S1.);
#8261 = CIRCLE('',#8262,1.15);
#8262 = AXIS2_PLACEMENT_3D('',#8263,#8264,#8265);
#8263 = CARTESIAN_POINT('',(20.7,32.8,9.5));
#8264 = DIRECTION('',(0.,0.,1.));
#8265 = DIRECTION('',(1.,0.,-0.));
#8266 = PCURVE('',#6412,#8267);
#8267 = DEFINITIONAL_REPRESENTATION('',(#8268),#8272);
#8268 = CIRCLE('',#8269,1.15);
#8269 = AXIS2_PLACEMENT_2D('',#8270,#8271);
#8270 = CARTESIAN_POINT('',(2.7,72.8));
#8271 = DIRECTION('',(1.,0.));
#8272 = ( GEOMETRIC_REPRESENTATION_CONTEXT(2) 
PARAMETRIC_REPRESENTATION_CONTEXT() REPRESENTATION_CONTEXT('2D SPACE',''
  ) );
#8273 = PCURVE('',#7498,#8274);
#8274 = DEFINITIONAL_REPRESENTATION('',(#8275),#8279);
#8275 = LINE('',#8276,#8277);
#8276 = CARTESIAN_POINT('',(0.,1.E-01));
#8277 = VECTOR('',#8278,1.);
#8278 = DIRECTION('',(1.,0.));
#8279 = ( GEOMETRIC_REPRESENTATION_CONTEXT(2) 
PARAMETRIC_REPRESENTATION_CONTEXT() REPRESENTATION_CONTEXT('2D SPACE',''
  ) );
#8280 = ADVANCED_FACE('',(#8281),#6603,.F.);
#8281 = FACE_BOUND('',#8282,.F.);
#8282 = EDGE_LOOP('',(#8283,#8284,#8303,#8304));
#8283 = ORIENTED_EDGE('',*,*,#7760,.F.);
#8284 = ORIENTED_EDGE('',*,*,#8285,.T.);
#8285 = EDGE_CURVE('',#7761,#7665,#8286,.T.);
#8286 = SURFACE_CURVE('',#8287,(#8291,#8297),.PCURVE_S1.);
#8287 = LINE('',#8288,#8289);
#8288 = CARTESIAN_POINT('',(4.349999999995,30.8,8.));
#8289 = VECTOR('',#8290,1.);
#8290 = DIRECTION('',(1.,0.,0.));
#8291 = PCURVE('',#6603,#8292);
#8292 = DEFINITIONAL_REPRESENTATION('',(#8293),#8296);
#8293 = B_SPLINE_CURVE_WITH_KNOTS('',1,(#8294,#8295),.UNSPECIFIED.,.F.,
  .F.,(2,2),(2.850000000005,12.450000000005),.PIECEWISE_BEZIER_KNOTS.);
#8294 = CARTESIAN_POINT('',(0.,9.999999999998E-03));
#8295 = CARTESIAN_POINT('',(9.6,9.999999999998E-03));
#8296 = ( GEOMETRIC_REPRESENTATION_CONTEXT(2) 
PARAMETRIC_REPRESENTATION_CONTEXT() REPRESENTATION_CONTEXT('2D SPACE',''
  ) );
#8297 = PCURVE('',#6717,#8298);
#8298 = DEFINITIONAL_REPRESENTATION('',(#8299),#8302);
#8299 = B_SPLINE_CURVE_WITH_KNOTS('',1,(#8300,#8301),.UNSPECIFIED.,.F.,
  .F.,(2,2),(2.850000000005,12.450000000005),.PIECEWISE_BEZIER_KNOTS.);
#8300 = CARTESIAN_POINT('',(5.70000000001,-6.));
#8301 = CARTESIAN_POINT('',(15.30000000001,-6.));
#8302 = ( GEOMETRIC_REPRESENTATION_CONTEXT(2) 
PARAMETRIC_REPRESENTATION_CONTEXT() REPRESENTATION_CONTEXT('2D SPACE',''
  ) );
#8303 = ORIENTED_EDGE('',*,*,#7664,.T.);
#8304 = ORIENTED_EDGE('',*,*,#6586,.F.);
#8305 = ADVANCED_FACE('',(#8306),#6717,.F.);
#8306 = FACE_BOUND('',#8307,.F.);
#8307 = EDGE_LOOP('',(#8308,#8309,#8310,#8311,#8312,#8313,#8314,#8315));
#8308 = ORIENTED_EDGE('',*,*,#7783,.T.);
#8309 = ORIENTED_EDGE('',*,*,#7860,.F.);
#8310 = ORIENTED_EDGE('',*,*,#7998,.T.);
#8311 = ORIENTED_EDGE('',*,*,#8188,.T.);
#8312 = ORIENTED_EDGE('',*,*,#6702,.T.);
#8313 = ORIENTED_EDGE('',*,*,#7641,.F.);
#8314 = ORIENTED_EDGE('',*,*,#7687,.F.);
#8315 = ORIENTED_EDGE('',*,*,#8285,.F.);
#8316 = ADVANCED_FACE('',(#8317),#6925,.F.);
#8317 = FACE_BOUND('',#8318,.F.);
#8318 = EDGE_LOOP('',(#8319,#8320,#8341,#8342));
#8319 = ORIENTED_EDGE('',*,*,#6910,.F.);
#8320 = ORIENTED_EDGE('',*,*,#8321,.F.);
#8321 = EDGE_CURVE('',#8134,#6888,#8322,.T.);
#8322 = SEAM_CURVE('',#8323,(#8327,#8334),.PCURVE_S1.);
#8323 = LINE('',#8324,#8325);
#8324 = CARTESIAN_POINT('',(4.45,-32.8,7.4));
#8325 = VECTOR('',#8326,1.);
#8326 = DIRECTION('',(0.,0.,1.));
#8327 = PCURVE('',#6925,#8328);
#8328 = DEFINITIONAL_REPRESENTATION('',(#8329),#8333);
#8329 = LINE('',#8330,#8331);
#8330 = CARTESIAN_POINT('',(6.28318530718,-0.));
#8331 = VECTOR('',#8332,1.);
#8332 = DIRECTION('',(0.,1.));
#8333 = ( GEOMETRIC_REPRESENTATION_CONTEXT(2) 
PARAMETRIC_REPRESENTATION_CONTEXT() REPRESENTATION_CONTEXT('2D SPACE',''
  ) );
#8334 = PCURVE('',#6925,#8335);
#8335 = DEFINITIONAL_REPRESENTATION('',(#8336),#8340);
#8336 = LINE('',#8337,#8338);
#8337 = CARTESIAN_POINT('',(0.,-0.));
#8338 = VECTOR('',#8339,1.);
#8339 = DIRECTION('',(0.,1.));
#8340 = ( GEOMETRIC_REPRESENTATION_CONTEXT(2) 
PARAMETRIC_REPRESENTATION_CONTEXT() REPRESENTATION_CONTEXT('2D SPACE',''
  ) );
#8341 = ORIENTED_EDGE('',*,*,#8133,.T.);
#8342 = ORIENTED_EDGE('',*,*,#8321,.T.);
#8343 = ADVANCED_FACE('',(#8344),#7388,.F.);
#8344 = FACE_BOUND('',#8345,.F.);
#8345 = EDGE_LOOP('',(#8346,#8347,#8368,#8369));
#8346 = ORIENTED_EDGE('',*,*,#7373,.F.);
#8347 = ORIENTED_EDGE('',*,*,#8348,.F.);
#8348 = EDGE_CURVE('',#8232,#7351,#8349,.T.);
#8349 = SEAM_CURVE('',#8350,(#8354,#8361),.PCURVE_S1.);
#8350 = LINE('',#8351,#8352);
#8351 = CARTESIAN_POINT('',(21.85,-32.8,9.4));
#8352 = VECTOR('',#8353,1.);
#8353 = DIRECTION('',(0.,0.,1.));
#8354 = PCURVE('',#7388,#8355);
#8355 = DEFINITIONAL_REPRESENTATION('',(#8356),#8360);
#8356 = LINE('',#8357,#8358);
#8357 = CARTESIAN_POINT('',(6.28318530718,-0.));
#8358 = VECTOR('',#8359,1.);
#8359 = DIRECTION('',(0.,1.));
#8360 = ( GEOMETRIC_REPRESENTATION_CONTEXT(2) 
PARAMETRIC_REPRESENTATION_CONTEXT() REPRESENTATION_CONTEXT('2D SPACE',''
  ) );
#8361 = PCURVE('',#7388,#8362);
#8362 = DEFINITIONAL_REPRESENTATION('',(#8363),#8367);
#8363 = LINE('',#8364,#8365);
#8364 = CARTESIAN_POINT('',(0.,-0.));
#8365 = VECTOR('',#8366,1.);
#8366 = DIRECTION('',(0.,1.));
#8367 = ( GEOMETRIC_REPRESENTATION_CONTEXT(2) 
PARAMETRIC_REPRESENTATION_CONTEXT() REPRESENTATION_CONTEXT('2D SPACE',''
  ) );
#8368 = ORIENTED_EDGE('',*,*,#8231,.T.);
#8369 = ORIENTED_EDGE('',*,*,#8348,.T.);
#8370 = ADVANCED_FACE('',(#8371),#7443,.F.);
#8371 = FACE_BOUND('',#8372,.F.);
#8372 = EDGE_LOOP('',(#8373,#8374,#8395,#8396));
#8373 = ORIENTED_EDGE('',*,*,#7428,.F.);
#8374 = ORIENTED_EDGE('',*,*,#8375,.F.);
#8375 = EDGE_CURVE('',#7883,#7406,#8376,.T.);
#8376 = SEAM_CURVE('',#8377,(#8381,#8388),.PCURVE_S1.);
#8377 = LINE('',#8378,#8379);
#8378 = CARTESIAN_POINT('',(4.45,32.8,7.4));
#8379 = VECTOR('',#8380,1.);
#8380 = DIRECTION('',(0.,0.,1.));
#8381 = PCURVE('',#7443,#8382);
#8382 = DEFINITIONAL_REPRESENTATION('',(#8383),#8387);
#8383 = LINE('',#8384,#8385);
#8384 = CARTESIAN_POINT('',(6.28318530718,-0.));
#8385 = VECTOR('',#8386,1.);
#8386 = DIRECTION('',(0.,1.));
#8387 = ( GEOMETRIC_REPRESENTATION_CONTEXT(2) 
PARAMETRIC_REPRESENTATION_CONTEXT() REPRESENTATION_CONTEXT('2D SPACE',''
  ) );
#8388 = PCURVE('',#7443,#8389);
#8389 = DEFINITIONAL_REPRESENTATION('',(#8390),#8394);
#8390 = LINE('',#8391,#8392);
#8391 = CARTESIAN_POINT('',(0.,-0.));
#8392 = VECTOR('',#8393,1.);
#8393 = DIRECTION('',(0.,1.));
#8394 = ( GEOMETRIC_REPRESENTATION_CONTEXT(2) 
PARAMETRIC_REPRESENTATION_CONTEXT() REPRESENTATION_CONTEXT('2D SPACE',''
  ) );
#8395 = ORIENTED_EDGE('',*,*,#7882,.T.);
#8396 = ORIENTED_EDGE('',*,*,#8375,.T.);
#8397 = ADVANCED_FACE('',(#8398),#7498,.F.);
#8398 = FACE_BOUND('',#8399,.F.);
#8399 = EDGE_LOOP('',(#8400,#8401,#8422,#8423));
#8400 = ORIENTED_EDGE('',*,*,#7483,.F.);
#8401 = ORIENTED_EDGE('',*,*,#8402,.F.);
#8402 = EDGE_CURVE('',#8258,#7461,#8403,.T.);
#8403 = SEAM_CURVE('',#8404,(#8408,#8415),.PCURVE_S1.);
#8404 = LINE('',#8405,#8406);
#8405 = CARTESIAN_POINT('',(21.85,32.8,9.4));
#8406 = VECTOR('',#8407,1.);
#8407 = DIRECTION('',(0.,0.,1.));
#8408 = PCURVE('',#7498,#8409);
#8409 = DEFINITIONAL_REPRESENTATION('',(#8410),#8414);
#8410 = LINE('',#8411,#8412);
#8411 = CARTESIAN_POINT('',(6.28318530718,-0.));
#8412 = VECTOR('',#8413,1.);
#8413 = DIRECTION('',(0.,1.));
#8414 = ( GEOMETRIC_REPRESENTATION_CONTEXT(2) 
PARAMETRIC_REPRESENTATION_CONTEXT() REPRESENTATION_CONTEXT('2D SPACE',''
  ) );
#8415 = PCURVE('',#7498,#8416);
#8416 = DEFINITIONAL_REPRESENTATION('',(#8417),#8421);
#8417 = LINE('',#8418,#8419);
#8418 = CARTESIAN_POINT('',(0.,-0.));
#8419 = VECTOR('',#8420,1.);
#8420 = DIRECTION('',(0.,1.));
#8421 = ( GEOMETRIC_REPRESENTATION_CONTEXT(2) 
PARAMETRIC_REPRESENTATION_CONTEXT() REPRESENTATION_CONTEXT('2D SPACE',''
  ) );
#8422 = ORIENTED_EDGE('',*,*,#8257,.T.);
#8423 = ORIENTED_EDGE('',*,*,#8402,.T.);
#8424 = ( GEOMETRIC_REPRESENTATION_CONTEXT(3) 
GLOBAL_UNCERTAINTY_ASSIGNED_CONTEXT((#8428)) 
GLOBAL_UNIT_ASSIGNED_CONTEXT((#8425,#8426,#8427)) REPRESENTATION_CONTEXT
('Context #1','3D Context with UNIT and UNCERTAINTY') );
#8425 = ( LENGTH_UNIT() NAMED_UNIT(*) SI_UNIT(.MILLI.,.METRE.) );
#8426 = ( NAMED_UNIT(*) PLANE_ANGLE_UNIT() SI_UNIT($,.RADIAN.) );
#8427 = ( NAMED_UNIT(*) SI_UNIT($,.STERADIAN.) SOLID_ANGLE_UNIT() );
#8428 = UNCERTAINTY_MEASURE_WITH_UNIT(LENGTH_MEASURE(2.E-06),#8425,
  'distance_accuracy_value','confusion accuracy');
#8429 = PRODUCT_RELATED_PRODUCT_CATEGORY('part',$,(#7));
ENDSEC;
END-ISO-10303-21;
